norm,adjusted r,adjusted r-squared,r-squared,r,dataset,eval_type,normalized,var,language,dim,window,alg,family
aoa_mean_hebrew,0.0,-0.04490705079679751,-0.5594670078434356,0.0,Luniewska2016.csv,norms,False,,he,50,1,cbow,fasttext
,0.043556089838857566,0.0018971329620506316,0.006051574375247393,0.0777918657395964,he.subs.2018.tsv,counts,False,unigram_freq,he,50,1,cbow,fasttext
,0.07383174592384636,0.005451126706163405,0.01544886400858897,0.12429345923494514,he.wiki.2018.tsv,counts,False,unigram_freq,he,50,1,cbow,fasttext
aoa_mean_hebrew,0.0,-0.01738408212325323,-0.2165766897855298,0.0,Luniewska2016.csv,norms,True,,he,50,1,cbow,fasttext
,0.03210401444512208,0.0010306677434926072,0.0032876781072698757,0.05733827785406426,he.subs.2018.tsv,counts,True,unigram_freq,he,50,1,cbow,fasttext
,0.04877305398477122,0.002378810795001408,0.006741711659827732,0.082107926900073,he.wiki.2018.tsv,counts,True,unigram_freq,he,50,1,cbow,fasttext
aoa_mean_hebrew,0.0,-0.07738691278889336,-0.9641119551616297,0.0,Luniewska2016.csv,norms,False,,he,50,1,cbow,word2vec
,0.047389216923993484,0.0022457378806693103,0.0071635726562311874,0.08463789137396552,he.subs.2018.tsv,counts,False,unigram_freq,he,50,1,cbow,word2vec
,0.09545022800965482,0.009110746027095093,0.025820474183849418,0.16068750475332366,he.wiki.2018.tsv,counts,False,unigram_freq,he,50,1,cbow,word2vec
aoa_mean_hebrew,0.0,-0.03216855264268961,-0.40076655167350805,0.0,Luniewska2016.csv,norms,True,,he,50,1,cbow,word2vec
,0.03153689549534925,0.00099457577748458,0.0031725500582530097,0.05632539443495278,he.subs.2018.tsv,counts,True,unigram_freq,he,50,1,cbow,word2vec
,0.04972218666044982,0.002472295846296614,0.0070066546564127585,0.08370576238475316,he.wiki.2018.tsv,counts,True,unigram_freq,he,50,1,cbow,word2vec
aoa_mean_hebrew,0.0,-0.09854502787741136,-1.2277068056394165,0.0,Luniewska2016.csv,norms,False,,he,50,1,sg,fasttext
,0.024751811278532068,0.0006126521615680672,0.001954270046458817,0.04420712664784737,he.subs.2018.tsv,counts,False,unigram_freq,he,50,1,sg,fasttext
,0.04154407453133899,0.0017259101286654487,0.004891346744637481,0.0699381637208004,he.wiki.2018.tsv,counts,False,unigram_freq,he,50,1,sg,fasttext
aoa_mean_hebrew,0.0,-0.026352998711007814,-0.328314442274639,0.0,Luniewska2016.csv,norms,True,,he,50,1,sg,fasttext
,0.028969004927365587,0.0008392032464817316,0.002676934597427405,0.05173910124294202,he.subs.2018.tsv,counts,True,unigram_freq,he,50,1,sg,fasttext
,0.04428613801512369,0.0019612620202945834,0.005558350020094582,0.07455434273128952,he.wiki.2018.tsv,counts,True,unigram_freq,he,50,1,sg,fasttext
aoa_mean_hebrew,0.0,-0.08928818751242754,-1.112382002758993,0.0,Luniewska2016.csv,norms,False,,he,50,1,sg,word2vec
,0.018146053143572642,0.00032927924468936255,0.0010503522311420266,0.0324091380808257,he.subs.2018.tsv,counts,False,unigram_freq,he,50,1,sg,word2vec
,0.040593061333218015,0.0016477966284023995,0.004669967769638739,0.06833716243478902,he.wiki.2018.tsv,counts,False,unigram_freq,he,50,1,sg,word2vec
aoa_mean_hebrew,0.0,-0.02310454012892578,-0.28784406243953364,0.0,Luniewska2016.csv,norms,True,,he,50,1,sg,word2vec
,0.020854443302352754,0.00043490780545104565,0.0013872917627332781,0.03724636576544453,he.subs.2018.tsv,counts,True,unigram_freq,he,50,1,sg,word2vec
,0.046795459817740616,0.0021898150595537767,0.006206084885305607,0.07877870832468381,he.wiki.2018.tsv,counts,True,unigram_freq,he,50,1,sg,word2vec
aoa_mean_hebrew,0.0,-0.04826574383995564,-0.6013107253394473,0.0,Luniewska2016.csv,norms,False,,he,100,2,cbow,fasttext
,0.04819920132896322,0.00232316300874993,0.007410547396782041,0.08608453633947297,he.subs.2018.tsv,counts,False,unigram_freq,he,100,2,cbow,fasttext
,0.06504090600951029,0.004230319454537951,0.011989013187338304,0.10949435230795379,he.wiki.2018.tsv,counts,False,unigram_freq,he,100,2,cbow,fasttext
aoa_mean_hebrew,0.0,-0.013725106601216484,-0.1709919530734887,0.0,Luniewska2016.csv,norms,True,,he,100,2,cbow,fasttext
,0.03363566987675471,0.0011313582880580243,0.0036088660954133878,0.060073838693839,he.subs.2018.tsv,counts,True,unigram_freq,he,100,2,cbow,fasttext
,0.04525200718971548,0.002047744154698062,0.005803446273693169,0.07618035359391008,he.wiki.2018.tsv,counts,True,unigram_freq,he,100,2,cbow,fasttext
aoa_mean_hebrew,0.0,-0.17522124014925697,-2.182964616859493,0.0,Luniewska2016.csv,norms,False,,he,100,2,cbow,word2vec
,0.06435368389461041,0.00414139663080744,0.013210444512882447,0.11493669785095814,he.subs.2018.tsv,counts,False,unigram_freq,he,100,2,cbow,word2vec
,0.09978587957079267,0.009957221761716737,0.02821944401442672,0.167986439971882,he.wiki.2018.tsv,counts,False,unigram_freq,he,100,2,cbow,word2vec
aoa_mean_hebrew,0.0,-0.0342110026394532,-0.42621207454985444,0.0,Luniewska2016.csv,norms,True,,he,100,2,cbow,word2vec
,0.03867112146190012,0.001495455635121032,0.00477028293843762,0.06906723491234915,he.subs.2018.tsv,counts,True,unigram_freq,he,100,2,cbow,word2vec
,0.05444900117564805,0.0029646937290257226,0.00840214376140791,0.09166320833032143,he.wiki.2018.tsv,counts,True,unigram_freq,he,100,2,cbow,word2vec
aoa_mean_hebrew,0.0,-0.07148614025032109,-0.8905981639519168,0.0,Luniewska2016.csv,norms,False,,he,100,2,sg,fasttext
,0.0335203458930743,0.001123613588791343,0.003584161646877748,0.059867868233951245,he.subs.2018.tsv,counts,False,unigram_freq,he,100,2,sg,fasttext
,0.05228301027659203,0.002733513163582228,0.007746962308199878,0.08801682968728128,he.wiki.2018.tsv,counts,False,unigram_freq,he,100,2,sg,fasttext
aoa_mean_hebrew,0.0,-0.017936468662395944,-0.22345850541901613,0.0,Luniewska2016.csv,norms,True,,he,100,2,sg,fasttext
,0.03856636248314129,0.0014873643151810478,0.004744472821070933,0.06888013371844551,he.subs.2018.tsv,counts,True,unigram_freq,he,100,2,sg,fasttext
,0.05118711507998173,0.0026201207502112925,0.007425600492890649,0.08617192404078401,he.wiki.2018.tsv,counts,True,unigram_freq,he,100,2,sg,fasttext
aoa_mean_hebrew,0.0,-0.07233162656211715,-0.9011315142530428,0.0,Luniewska2016.csv,norms,False,,he,100,2,sg,word2vec
,0.021135476976827973,0.00044670838703802525,0.0014249338777422293,0.03774829635549437,he.subs.2018.tsv,counts,False,unigram_freq,he,100,2,sg,word2vec
,0.051143669337951995,0.0026156749133497714,0.007413000688706983,0.08609878447868462,he.wiki.2018.tsv,counts,False,unigram_freq,he,100,2,sg,word2vec
aoa_mean_hebrew,0.0,-0.024884558592459832,-0.31002012579772875,0.0,Luniewska2016.csv,norms,True,,he,100,2,sg,word2vec
,0.024676653034494306,0.0006089372049848171,0.0019424198828097428,0.04407289283459554,he.subs.2018.tsv,counts,True,unigram_freq,he,100,2,sg,word2vec
,0.046425813181846055,0.002155356129595671,0.0061084259330375645,0.07815641965339484,he.wiki.2018.tsv,counts,True,unigram_freq,he,100,2,sg,word2vec
aoa_mean_hebrew,0.0,-0.059407535471459695,-0.7401188794152687,0.0,Luniewska2016.csv,norms,False,,he,200,3,cbow,fasttext
,0.053083862125553403,0.002817896418164763,0.008988674013567732,0.09480861782331673,he.subs.2018.tsv,counts,False,unigram_freq,he,200,3,cbow,fasttext
,0.05116850383871929,0.0026182157850930306,0.007420201692121653,0.08614059259212031,he.wiki.2018.tsv,counts,False,unigram_freq,he,200,3,cbow,fasttext
aoa_mean_hebrew,0.0,-0.020218496385494913,-0.2518887674692908,0.0,Luniewska2016.csv,norms,True,,he,200,3,cbow,fasttext
,0.037015469308120184,0.0013701449681003872,0.004370560390436762,0.06611021396453623,he.subs.2018.tsv,counts,True,unigram_freq,he,200,3,cbow,fasttext
,0.05289585878798492,0.002797971876918441,0.00792964268790447,0.0890485411890867,he.wiki.2018.tsv,counts,True,unigram_freq,he,200,3,cbow,fasttext
aoa_mean_hebrew,0.0,-0.10528258019844523,-1.3116454783056302,0.0,Luniewska2016.csv,norms,False,,he,200,3,cbow,word2vec
,0.06895700129531714,0.00475506802764237,0.015167965769534053,0.12315829557741555,he.subs.2018.tsv,counts,False,unigram_freq,he,200,3,cbow,word2vec
,0.07820986630431638,0.0061167831873390425,0.017335379771007575,0.1316638893964764,he.wiki.2018.tsv,counts,False,unigram_freq,he,200,3,cbow,word2vec
aoa_mean_hebrew,0.0,-0.026776772451916515,-0.33359395679679327,0.0,Luniewska2016.csv,norms,True,,he,200,3,cbow,word2vec
,0.04194229796445313,0.0017591563585389696,0.005611449357709186,0.07490960791319887,he.subs.2018.tsv,counts,True,unigram_freq,he,200,3,cbow,word2vec
,0.0487839734286404,0.0023798760634862926,0.006744730703200363,0.08212630944587954,he.wiki.2018.tsv,counts,True,unigram_freq,he,200,3,cbow,word2vec
aoa_mean_hebrew,0.0,-0.052825612701062986,-0.6581190915674097,0.0,Luniewska2016.csv,norms,False,,he,200,3,sg,fasttext
,0.03671312064874395,0.0013478532277692295,0.004299453026184397,0.06557021447413755,he.subs.2018.tsv,counts,False,unigram_freq,he,200,3,sg,fasttext
,0.05683476445183861,0.0032301904502959776,0.00915457953528065,0.09567956696850509,he.wiki.2018.tsv,counts,False,unigram_freq,he,200,3,sg,fasttext
aoa_mean_hebrew,0.0,-0.028442262971670275,-0.3543431928553922,0.0,Luniewska2016.csv,norms,True,,he,200,3,sg,fasttext
,0.041534645168612556,0.0017251267492825503,0.0055028999225903985,0.07418153356860721,he.subs.2018.tsv,counts,True,unigram_freq,he,200,3,sg,fasttext
,0.06549703937218386,0.004289862166521402,0.012157761284698587,0.11026223870708679,he.wiki.2018.tsv,counts,True,unigram_freq,he,200,3,sg,fasttext
aoa_mean_hebrew,0.0,-0.07849254314335012,-0.9778862666609035,0.0,Luniewska2016.csv,norms,False,,he,200,3,sg,word2vec
,0.025911819639608067,0.0006714223970355783,0.002141738430645246,0.046278919938188334,he.subs.2018.tsv,counts,False,unigram_freq,he,200,3,sg,word2vec
,0.0631297683135926,0.003985367647327881,0.0112948030978961,0.10627701114491366,he.wiki.2018.tsv,counts,False,unigram_freq,he,200,3,sg,word2vec
aoa_mean_hebrew,0.0,-0.026991959287657057,-0.33627482612539417,0.0,Luniewska2016.csv,norms,True,,he,200,3,sg,word2vec
,0.031121912714310685,0.000968573450997173,0.0030896064713691884,0.05558422862079844,he.subs.2018.tsv,counts,True,unigram_freq,he,200,3,sg,word2vec
,0.06214446350684832,0.003861934344554002,0.010944984718784023,0.10461828099708016,he.wiki.2018.tsv,counts,True,unigram_freq,he,200,3,sg,word2vec
aoa_mean_hebrew,0.0,-0.04472108005329666,-0.5571501223306542,0.0,Luniewska2016.csv,norms,False,,he,300,4,cbow,fasttext
,0.049837801364889744,0.0024838064448862063,0.007922976267673187,0.0890111019349451,he.subs.2018.tsv,counts,False,unigram_freq,he,300,4,cbow,fasttext
,0.04240581556805252,0.0017982531939916854,0.0050963719143745645,0.07138887808597755,he.wiki.2018.tsv,counts,False,unigram_freq,he,300,4,cbow,fasttext
aoa_mean_hebrew,0.0,-0.024527806106785358,-0.3055755844137009,0.0,Luniewska2016.csv,norms,True,,he,300,4,cbow,fasttext
,0.034870119304122295,0.0012159252202837221,0.003878622137972021,0.06227858490662758,he.subs.2018.tsv,counts,True,unigram_freq,he,300,4,cbow,fasttext
,0.04441226208327807,0.0019724490233537792,0.00559005474798685,0.07476666869659802,he.wiki.2018.tsv,counts,True,unigram_freq,he,300,4,cbow,fasttext
aoa_mean_hebrew,0.0,-0.10973629606915297,-1.367131355194864,0.0,Luniewska2016.csv,norms,False,,he,300,4,cbow,word2vec
,0.08256632493201242,0.006817198012778656,0.021745856316009615,0.14746476296393526,he.subs.2018.tsv,counts,False,unigram_freq,he,300,4,cbow,word2vec
,0.06998575464581443,0.004898005853344135,0.013881281874448148,0.11781885194843883,he.wiki.2018.tsv,counts,False,unigram_freq,he,300,4,cbow,word2vec
aoa_mean_hebrew,0.0,-0.03132241939374121,-0.3902251416136926,0.0,Luniewska2016.csv,norms,True,,he,300,4,cbow,word2vec
,0.04694992343975637,0.002204295310998984,0.007031376970594971,0.08385330625917485,he.subs.2018.tsv,counts,True,unigram_freq,he,300,4,cbow,word2vec
,0.04394502568294936,0.0019311652822750788,0.00547305381660701,0.07398009067720186,he.wiki.2018.tsv,counts,True,unigram_freq,he,300,4,cbow,word2vec
aoa_mean_hebrew,0.0,-0.0279127646638327,-0.3477465264369157,0.0,Luniewska2016.csv,norms,False,,he,300,4,sg,fasttext
,0.0365576432471451,0.0013364612797855334,0.0042631143921079695,0.06529252937440828,he.subs.2018.tsv,counts,False,unigram_freq,he,300,4,sg,fasttext
,0.059426070591406296,0.0035314578659348043,0.010008391891020041,0.10004195065581259,he.wiki.2018.tsv,counts,False,unigram_freq,he,300,4,sg,fasttext
aoa_mean_hebrew,0.0,-0.014077388073578353,-0.17538079308333032,0.0,Luniewska2016.csv,norms,True,,he,300,4,sg,fasttext
,0.04572173135269863,0.002090476717888345,0.006668312443609714,0.08165973575520383,he.subs.2018.tsv,counts,True,unigram_freq,he,300,4,sg,fasttext
,0.05783730846114196,0.0033451542500292837,0.009480394766466227,0.09736731878030855,he.wiki.2018.tsv,counts,True,unigram_freq,he,300,4,sg,fasttext
aoa_mean_hebrew,0.0,-0.06396609149595112,-0.7969108898870577,0.0,Luniewska2016.csv,norms,False,,he,300,4,sg,word2vec
,0.030094753916062558,0.0009056942132683626,0.0028890309759313504,0.053749706752049826,he.subs.2018.tsv,counts,False,unigram_freq,he,300,4,sg,word2vec
,0.0554960015914175,0.0030798061926346136,0.008728380316132767,0.09342580112652375,he.wiki.2018.tsv,counts,False,unigram_freq,he,300,4,sg,word2vec
aoa_mean_hebrew,0.0,-0.02927857215577622,-0.3647622114407121,0.0,Luniewska2016.csv,norms,True,,he,300,4,sg,word2vec
,0.039187348617610474,0.0015356482916781375,0.004898491585569653,0.06998922478188806,he.subs.2018.tsv,counts,True,unigram_freq,he,300,4,sg,word2vec
,0.06899201107782581,0.004759897592562839,0.013489873665781749,0.11614591540722277,he.wiki.2018.tsv,counts,True,unigram_freq,he,300,4,sg,word2vec
aoa_mean_hebrew,0.0,-0.0461828483088728,-0.575361318514707,0.0,Luniewska2016.csv,norms,False,,he,500,6,cbow,fasttext
,0.04759261831022935,0.002265057317623178,0.007225198811041056,0.08500116946866705,he.subs.2018.tsv,counts,False,unigram_freq,he,500,6,cbow,fasttext
,0.0,-0.0004920423792499715,-0.001394481583944951,0.0,he.wiki.2018.tsv,counts,False,unigram_freq,he,500,6,cbow,fasttext
aoa_mean_hebrew,0.0,-0.015194205960504002,-0.189294482591279,0.0,Luniewska2016.csv,norms,True,,he,500,6,cbow,fasttext
,0.035070223380472984,0.001229920567956274,0.0039232652331277484,0.06263597395369333,he.subs.2018.tsv,counts,True,unigram_freq,he,500,6,cbow,fasttext
,0.03922498893643449,0.0015385997570634077,0.004360496405934777,0.06603405489544602,he.wiki.2018.tsv,counts,True,unigram_freq,he,500,6,cbow,fasttext
aoa_mean_hebrew,0.0,-0.10991278920591292,-1.3693301655236652,0.0,Luniewska2016.csv,norms,False,,he,500,6,cbow,word2vec
,0.07173954100387214,0.005146561743446252,0.016416772988648687,0.12812795553136982,he.subs.2018.tsv,counts,False,unigram_freq,he,500,6,cbow,word2vec
,0.08666123211023859,0.007510169150864647,0.021284330404946206,0.14589150216837923,he.wiki.2018.tsv,counts,False,unigram_freq,he,500,6,cbow,word2vec
aoa_mean_hebrew,0.0,-0.02351943753928523,-0.2930129926769285,0.0,Luniewska2016.csv,norms,True,,he,500,6,cbow,word2vec
,0.038988501352554515,0.0015201032377181454,0.004848905155895034,0.06963408041968411,he.subs.2018.tsv,counts,True,unigram_freq,he,500,6,cbow,word2vec
,0.031506479561912645,0.000992658254385219,0.002813261038614512,0.053040183244541225,he.wiki.2018.tsv,counts,True,unigram_freq,he,500,6,cbow,word2vec
aoa_mean_hebrew,0.0,-0.008427548931839076,-0.10499321377582849,0.0,Luniewska2016.csv,norms,False,,he,500,6,sg,fasttext
,0.03491608923143482,0.0012191332872175185,0.003888855398391289,0.06236068792429481,he.subs.2018.tsv,counts,False,unigram_freq,he,500,6,sg,fasttext
,0.06271349461481235,0.003932982406802098,0.011146339761678836,0.10557622725632336,he.wiki.2018.tsv,counts,False,unigram_freq,he,500,6,sg,fasttext
aoa_mean_hebrew,0.0,-0.012922777301981919,-0.16099626722052474,0.0,Luniewska2016.csv,norms,True,,he,500,6,sg,fasttext
,0.04885451840638567,0.002386763968719876,0.007613425079735392,0.08725494301032688,he.subs.2018.tsv,counts,True,unigram_freq,he,500,6,sg,fasttext
,0.06820107933012023,0.0046513872217933535,0.013182347891404878,0.11481440628860508,he.wiki.2018.tsv,counts,True,unigram_freq,he,500,6,sg,fasttext
aoa_mean_hebrew,0.0,-0.037767457785184734,-0.47051957824042645,0.0,Luniewska2016.csv,norms,False,,he,500,6,sg,word2vec
,0.03446666013633078,0.0011879506609533336,0.0037893874191679,0.061558000448096915,he.subs.2018.tsv,counts,False,unigram_freq,he,500,6,sg,word2vec
,0.07949978395255983,0.006320215648503689,0.017911921208562442,0.13383542583547317,he.wiki.2018.tsv,counts,False,unigram_freq,he,500,6,sg,word2vec
aoa_mean_hebrew,0.0,-0.022612109189500372,-0.28170919365252545,0.0,Luniewska2016.csv,norms,True,,he,500,6,sg,word2vec
,0.051369156730383496,0.002638790263190704,0.00841735179231523,0.09174612685184716,he.subs.2018.tsv,counts,True,unigram_freq,he,500,6,sg,word2vec
,0.08006292872361001,0.006410072555801856,0.01816658179818187,0.1347834626286989,he.wiki.2018.tsv,counts,True,unigram_freq,he,500,6,sg,word2vec
