<?xml version="1.0" encoding="utf-8"?>
<document id="6518089">
  <s id="1">
    <time id="T1S" value="00:00:10,000" />
BLOUBAARD
    <time id="T1E" value="00:00:14,000" />
  </s>
  <s id="2">
    <time id="T2S" value="00:00:53,535" />
Anne de Rocligon Ja, kom!
    <time id="T2E" value="00:00:58,936" />
  </s>
  <s id="3">
    <time id="T3S" value="00:01:06,397" />
Waarom gaan ons na die moederowerste?
    <time id="T3E" value="00:01:09,597" />
  </s>
  <s id="4">
    <time id="T4S" value="00:01:09,837" />
Ek weet nie.
    <time id="T4E" value="00:01:11,737" />
  </s>
  <s id="5">
    <time id="T5S" value="00:01:11,737" />
Suster Barbie, jy hoor alles.
    <time id="T5E" value="00:01:14,618" />
  </s>
  <s id="6">
    <time id="T6S" value="00:01:14,878" />
Jy weet alles.
    <time id="T6E" value="00:01:16,358" />
  </s>
  <s id="7">
    <time id="T7S" value="00:01:16,358" />
Ek verseker jou, ek weet niks.
    <time id="T7E" value="00:01:19,038" />
  </s>
  <s id="8">
    <time id="T8S" value="00:01:19,218" />
Deur nie te praat nie, is ook lieg.
    <time id="T8E" value="00:01:23,199" />
  </s>
  <s id="9">
    <time id="T9S" value="00:01:23,199" />
Ek sondig nie, want ek weet nie.
    <time id="T9E" value="00:01:28,259" />
  </s>
  <s id="10">
    <time id="T10S" value="00:01:53,762" />
Waar is Marie-Catherine?
  </s>
  <s id="11">
Is sy nie hier nie?
    <time id="T10E" value="00:01:58,783" />
  </s>
  <s id="12">
    <time id="T11S" value="00:01:58,783" />
Suster Barbie, jy antwoord tog altyd.
    <time id="T11E" value="00:02:03,544" />
  </s>
  <s id="13">
    <time id="T12S" value="00:02:03,544" />
Jammer, Moeder Ek het haar geroep.
    <time id="T12E" value="00:02:07,004" />
  </s>
  <s id="14">
    <time id="T13S" value="00:02:07,004" />
Gaan soek haar, en maak gou!
    <time id="T14E" value="00:02:11,925" />
  </s>
  <s id="15">
    <time id="T15S" value="00:02:11,925" />
Goed, Moeder.
    <time id="T15E" value="00:02:14,245" />
  </s>
  <s id="16">
    <time id="T16S" value="00:02:20,486" />
Mademoiselle Anne, jy is getuie.
    <time id="T16E" value="00:02:24,246" />
  </s>
  <s id="17">
    <time id="T17S" value="00:02:24,246" />
Ons het probeer om julle te leer.
    <time id="T17E" value="00:02:29,307" />
  </s>
  <s id="18">
    <time id="T18S" value="00:02:29,527" />
Jou klein sussie wou nie gebruikmaak van die voorreg van konings nie.
    <time id="T19E" value="00:02:37,988" />
  </s>
  <s id="19">
    <time id="T20S" value="00:02:37,988" />
Dis net swak maniere.
    <time id="T20E" value="00:02:41,708" />
  </s>
  <s id="20">
    <time id="T21S" value="00:02:41,708" />
Mag ons hiernatoe kom?
    <time id="T21E" value="00:02:44,408" />
  </s>
  <s id="21">
    <time id="T22S" value="00:02:44,408" />
Ma het dit nie verbied nie.
    <time id="T22E" value="00:02:47,049" />
  </s>
  <s id="22">
    <time id="T23S" value="00:02:47,049" />
Maar dis ek wat jou moet oppas.
    <time id="T23E" value="00:02:50,629" />
  </s>
  <s id="23">
    <time id="T24S" value="00:02:50,629" />
Jy sȇ ...
    <time id="T24E" value="00:02:54,410" />
  </s>
  <s id="24">
    <time id="T25S" value="00:02:59,050" />
Stadiger, Catherine.
    <time id="T25E" value="00:03:02,151" />
  </s>
  <s id="25">
    <time id="T26S" value="00:03:02,151" />
Ek hou daarvan om rond snuffel.
    <time id="T26E" value="00:03:04,491" />
  </s>
  <s id="26">
    <time id="T27S" value="00:03:17,124" />
Mag ons regtig hier kom?
    <time id="T27E" value="00:03:19,544" />
  </s>
  <s id="27">
    <time id="T28S" value="00:03:20,244" />
Dis 'n wonderlike plek vir my.
    <time id="T28E" value="00:03:24,525" />
  </s>
  <s id="28">
    <time id="T29S" value="00:03:37,126" />
Kyk na hierdie ou boek.
    <time id="T29E" value="00:03:39,447" />
  </s>
  <s id="29">
    <time id="T30S" value="00:03:39,447" />
Dis myne!
    <time id="T30E" value="00:03:41,047" />
  </s>
  <s id="30">
    <time id="T31S" value="00:03:41,047" />
Goed.
    <time id="T31E" value="00:03:44,627" />
  </s>
  <s id="31">
    <time id="T32S" value="00:03:50,228" />
Goed, ons gaan nie langer vir haar wag nie.
    <time id="T32E" value="00:03:54,689" />
  </s>
  <s id="32">
    <time id="T33S" value="00:03:55,809" />
En ek gaan jou vra om baie dapper te wees.
    <time id="T33E" value="00:04:00,189" />
  </s>
  <s id="33">
    <time id="T34S" value="00:04:00,189" />
en laat jou geloof nou sterk wees.
    <time id="T34E" value="00:04:04,750" />
  </s>
  <s id="34">
    <time id="T35S" value="00:04:09,210" />
Mademoiselle,
    <time id="T35E" value="00:04:11,771" />
  </s>
  <s id="35">
    <time id="T36S" value="00:04:11,771" />
Jou Here, in sy groot goedheid, het besluit om te neem... ek het gesȇ...
    <time id="T38E" value="00:04:24,672" />
  </s>
  <s id="36">
    <time id="T39S" value="00:04:24,672" />
Julle Here , in sy groot goedheid, het besluit om julle pa na Hom toe te roep.
    <time id="T40E" value="00:04:32,813" />
  </s>
  <s id="37">
    <time id="T41S" value="00:04:32,813" />
Hy het voor 'n wa ingespring om te probeer om 'n kind se lewe te red.
    <time id="T42E" value="00:04:38,194" />
  </s>
  <s id="38">
    <time id="T43S" value="00:04:38,194" />
Moenie huil oor die verlies nie, maar juig oor die groot offer -
    <time id="T44E" value="00:04:44,814" />
  </s>
  <s id="39">
    <time id="T45S" value="00:04:44,814" />
Hy het die hemelse koninkryk ingegaan.
    <time id="T45E" value="00:04:49,915" />
  </s>
  <s id="40">
    <time id="T46S" value="00:04:50,115" />
Kom nou, het julle nie hier sterk geword nie?
    <time id="T46E" value="00:04:54,956" />
  </s>
  <s id="41">
    <time id="T47S" value="00:04:55,216" />
Moenie nuttelose trane stort nie.
    <time id="T47E" value="00:04:59,956" />
  </s>
  <s id="42">
    <time id="T48S" value="00:05:01,597" />
Gaan terug na julle kamers, en gaan pak julle goed op.
    <time id="T49E" value="00:05:10,658" />
  </s>
  <s id="43">
    <time id="T50S" value="00:05:11,978" />
Julle posisie laat nie toe om langer hier te bly nie, ons is nie 'n welsynswerk nie.
    <time id="T51E" value="00:05:25,059" />
  </s>
  <s id="44">
    <time id="T52S" value="00:05:37,761" />
Ja!
    <time id="T52E" value="00:05:39,501" />
  </s>
  <s id="45">
    <time id="T53S" value="00:05:39,501" />
Ek wen, ek wen, na na na.
    <time id="T53E" value="00:05:44,162" />
  </s>
  <s id="46">
    <time id="T54S" value="00:05:44,162" />
Ja.
    <time id="T54E" value="00:05:45,762" />
  </s>
  <s id="47">
    <time id="T55S" value="00:05:46,522" />
Daar is dit, jy het verloor!
    <time id="T55E" value="00:05:48,402" />
  </s>
  <s id="48">
    <time id="T56S" value="00:05:48,402" />
Nee, dis agter die rusbank Daar!
    <time id="T56E" value="00:05:54,963" />
  </s>
  <s id="49">
    <time id="T57S" value="00:05:54,963" />
Wat dink jy?
  </s>
  <s id="50">
As dit nie daar is nie, speel ons weer.
    <time id="T58E" value="00:06:00,844" />
  </s>
  <s id="51">
    <time id="T59S" value="00:06:03,704" />
Jy is alreeds weer besmeerd.
    <time id="T59E" value="00:06:06,184" />
  </s>
  <s id="52">
    <time id="T60S" value="00:06:06,184" />
Dis of jy graag vuil wil wees.
    <time id="T60E" value="00:06:10,245" />
  </s>
  <s id="53">
    <time id="T61S" value="00:06:10,325" />
Jy's 'n kekkelbek.
    <time id="T61E" value="00:06:13,025" />
  </s>
  <s id="54">
    <time id="T62S" value="00:06:13,025" />
Ek is die ousus.
    <time id="T62E" value="00:06:15,885" />
  </s>
  <s id="55">
    <time id="T63S" value="00:06:15,985" />
Ooh la la! 
  </s>
  <s id="56">
Ooh la la!
    <time id="T63E" value="00:06:19,426" />
  </s>
  <s id="57">
    <time id="T64S" value="00:06:19,426" />
Jy is nooit gelukkig nie
    <time id="T64E" value="00:06:23,886" />
  </s>
  <s id="58">
    <time id="T65S" value="00:06:52,610" />
Klim nou in.
    <time id="T65E" value="00:06:55,270" />
  </s>
  <s id="59">
    <time id="T66S" value="00:06:55,270" />
Julle pa sal altyd na julle kyk uit die hemel.
    <time id="T66E" value="00:07:00,491" />
  </s>
  <s id="60">
    <time id="T67S" value="00:07:00,951" />
Groet ons nie?
  </s>
  <s id="61">
Dis waardeloos.
    <time id="T67E" value="00:07:05,511" />
  </s>
  <s id="62">
    <time id="T68S" value="00:07:06,632" />
Mag God julle bewaar.
    <time id="T68E" value="00:07:10,492" />
  </s>
  <s id="63">
    <time id="T69S" value="00:08:16,520" />
Anne, kyk.
    <time id="T69E" value="00:08:19,280" />
  </s>
  <s id="64">
    <time id="T70S" value="00:08:19,280" />
Dis so mooi.
    <time id="T70E" value="00:08:21,400" />
  </s>
  <s id="65">
    <time id="T71S" value="00:08:22,761" />
Ongelooflik dat so iets aan iemand kan behoort.
    <time id="T71E" value="00:08:25,821" />
  </s>
  <s id="66">
    <time id="T72S" value="00:08:27,181" />
Hoe is dit gebou?
    <time id="T72E" value="00:08:30,262" />
  </s>
  <s id="67">
    <time id="T73S" value="00:08:30,262" />
Al die klippe opgedra...
    <time id="T73E" value="00:08:33,282" />
  </s>
  <s id="68">
    <time id="T74S" value="00:08:33,282" />
Daar is armes wat sweet, en dan die rykes.
    <time id="T74E" value="00:08:37,962" />
  </s>
  <s id="69">
    <time id="T75S" value="00:08:37,962" />
Ek sal eendag 'n groot kasteel hȇ.
    <time id="T75E" value="00:08:40,923" />
  </s>
  <s id="70">
    <time id="T76S" value="00:08:41,163" />
Om altyd te droom, is die pad na oorlog.
    <time id="T76E" value="00:08:45,223" />
  </s>
  <s id="71">
    <time id="T77S" value="00:08:45,223" />
'n Sterk burg teen aanvalle.
    <time id="T77E" value="00:08:48,204" />
  </s>
  <s id="72">
    <time id="T78S" value="00:08:48,204" />
Watse aanvalle?
    <time id="T78E" value="00:08:50,064" />
  </s>
  <s id="73">
    <time id="T79S" value="00:08:50,064" />
Daar is altyd, want daar's altyd barbare.
    <time id="T79E" value="00:08:55,104" />
  </s>
  <s id="74">
    <time id="T80S" value="00:08:55,104" />
Jeannot, wie se kasteel is dit?
    <time id="T80E" value="00:08:57,925" />
  </s>
  <s id="75">
    <time id="T81S" value="00:08:57,925" />
Bloubaard, 'n baie ryk heer, maar baie wreed teenoor vroue.
    <time id="T82E" value="00:09:04,946" />
  </s>
  <s id="76">
    <time id="T83S" value="00:09:04,946" />
Hoekom?
    <time id="T83E" value="00:09:06,466" />
  </s>
  <s id="77">
    <time id="T84S" value="00:09:06,466" />
Al sy vorige vroue het net verdwyn.
    <time id="T84E" value="00:09:10,946" />
  </s>
  <s id="78">
    <time id="T85S" value="00:09:10,946" />
Hy het hulle seker vermoor.
    <time id="T85E" value="00:09:13,147" />
  </s>
  <s id="79">
    <time id="T86S" value="00:09:13,147" />
Moenie luister nie Ek stel belang.
    <time id="T86E" value="00:09:16,487" />
  </s>
  <s id="80">
    <time id="T87S" value="00:09:16,487" />
Daar is ook meisies wat verdwyn het.
    <time id="T87E" value="00:09:21,048" />
  </s>
  <s id="81">
    <time id="T88S" value="00:09:22,488" />
Waarom word hy dan nie gevang nie?
    <time id="T88E" value="00:09:25,628" />
  </s>
  <s id="82">
    <time id="T89S" value="00:09:25,628" />
Daar is die reg vir armes en die reg vir rykes.
    <time id="T89E" value="00:09:28,048" />
  </s>
  <s id="83">
    <time id="T90S" value="00:09:28,048" />
Dis tog nie reg nie Ja.
    <time id="T90E" value="00:09:31,689" />
  </s>
  <s id="84">
    <time id="T91S" value="00:09:31,849" />
Jy verstaan nooit enigiets nie.
    <time id="T91E" value="00:09:34,009" />
  </s>
  <s id="85">
    <time id="T92S" value="00:09:34,009" />
Ja, ek gaan nog ryk word.
    <time id="T92E" value="00:09:37,890" />
  </s>
  <s id="86">
    <time id="T93S" value="00:09:37,890" />
Ja, en hoe?
    <time id="T93E" value="00:09:39,970" />
  </s>
  <s id="87">
    <time id="T94S" value="00:09:39,970" />
Dis my saak.
  </s>
  <s id="88">
Jy droom.
    <time id="T94E" value="00:09:42,970" />
  </s>
  <s id="89">
    <time id="T95S" value="00:09:42,970" />
Ja, ek sal die Moederowerste laat verwurg,
    <time id="T95E" value="00:09:48,771" />
  </s>
  <s id="90">
    <time id="T96S" value="00:09:48,771" />
Ek gaan haar aan die hare laat ophang en kyk, hoe sy na die hemelse koninkryk gaan.
    <time id="T97E" value="00:09:56,132" />
  </s>
  <s id="91">
    <time id="T98S" value="00:10:03,653" />
Stop. 
  </s>
  <s id="92">
Papa is pas oorlede.
    <time id="T98E" value="00:10:06,873" />
  </s>
  <s id="93">
    <time id="T99S" value="00:10:07,673" />
Dis grillerig.
    <time id="T99E" value="00:10:11,273" />
  </s>
  <s id="94">
    <time id="T100S" value="00:11:36,204" />
Ek kan nie glo hy's dood nie.
    <time id="T100E" value="00:11:40,404" />
  </s>
  <s id="95">
    <time id="T101S" value="00:11:40,404" />
Ons gaan almal so eindig.
    <time id="T101E" value="00:11:46,865" />
  </s>
  <s id="96">
    <time id="T102S" value="00:12:03,247" />
Moenie inkom nie, Jy's nog te klein.
    <time id="T102E" value="00:12:06,967" />
  </s>
  <s id="97">
    <time id="T103S" value="00:12:24,109" />
Anne! 
  </s>
  <s id="98">
Anne!
    <time id="T103E" value="00:12:27,030" />
  </s>
  <s id="99">
    <time id="T104S" value="00:12:27,230" />
Anne, kom hier!
    <time id="T104E" value="00:12:29,590" />
  </s>
  <s id="100">
    <time id="T105S" value="00:12:29,590" />
Anne...
    <time id="T105E" value="00:12:32,050" />
  </s>
  <s id="101">
    <time id="T106S" value="00:12:32,330" />
Waarom het jy daardie rok aan?
    <time id="T106E" value="00:12:35,811" />
  </s>
  <s id="102">
    <time id="T107S" value="00:12:35,811" />
Jy kan nie so 'n rok dra nie.
    <time id="T107E" value="00:12:40,311" />
  </s>
  <s id="103">
    <time id="T108S" value="00:12:40,311" />
Gou, gou!
    <time id="T108E" value="00:12:42,151" />
  </s>
  <s id="104">
    <time id="T109S" value="00:12:52,393" />
Kom aan!
  </s>
  <s id="105">
, Kom help my.
    <time id="T109E" value="00:12:57,193" />
  </s>
  <s id="106">
    <time id="T110S" value="00:13:30,157" />
Wat gaan van julle word?
  </s>
  <s id="107">
Twee dogters...
    <time id="T110E" value="00:13:35,498" />
  </s>
  <s id="108">
    <time id="T111S" value="00:13:35,498" />
Hoe kan ek julle laat trou?
    <time id="T111E" value="00:13:38,358" />
  </s>
  <s id="109">
    <time id="T112S" value="00:13:38,358" />
Julle pa het ons net met skuld gelos.
    <time id="T112E" value="00:13:42,379" />
  </s>
  <s id="110">
    <time id="T113S" value="00:13:45,539" />
Julle sal klooster toe moet gaan.
    <time id="T113E" value="00:13:50,220" />
  </s>
  <s id="111">
    <time id="T114S" value="00:13:50,220" />
Dis die enigste antwoord.
    <time id="T114E" value="00:13:52,280" />
  </s>
  <s id="112">
    <time id="T115S" value="00:13:52,280" />
Nee dankie, liewer lewendig begrawe.
    <time id="T115E" value="00:13:55,840" />
  </s>
  <s id="113">
    <time id="T116S" value="00:13:55,840" />
Hy hoor ons.
    <time id="T116E" value="00:13:57,301" />
  </s>
  <s id="114">
    <time id="T117S" value="00:13:57,301" />
Hy hoor ons! 
  </s>
  <s id="115">
Hy kon liewer vir ons gesorg het.
    <time id="T117E" value="00:14:01,341" />
  </s>
  <s id="116">
    <time id="T118S" value="00:14:01,341" />
Jy praat asof hy nie jou pa was nie.
    <time id="T118E" value="00:14:04,081" />
  </s>
  <s id="117">
    <time id="T119S" value="00:14:04,081" />
Ek sal liewer doodgaan.
    <time id="T119E" value="00:14:07,502" />
  </s>
  <s id="118">
    <time id="T120S" value="00:14:08,062" />
Waarom het ma al ons klere swart gekleur?
    <time id="T120E" value="00:14:11,922" />
  </s>
  <s id="119">
    <time id="T121S" value="00:14:11,922" />
Wil ma ons begrawe saam met pa?
    <time id="T121E" value="00:14:16,623" />
  </s>
  <s id="120">
    <time id="T122S" value="00:14:16,623" />
Hy's ten minste dood!
    <time id="T122E" value="00:14:20,163" />
  </s>
  <s id="121">
    <time id="T123S" value="00:14:20,163" />
Hy het dit gekies, ek wou nie ook dood wees nie.
    <time id="T123E" value="00:14:27,584" />
  </s>
  <s id="122">
    <time id="T124S" value="00:14:28,004" />
Ek weet nie hoe ma jou opmaak nie, jy lyk lelik.
    <time id="T124E" value="00:14:32,685" />
  </s>
  <s id="123">
    <time id="T125S" value="00:14:32,685" />
Wat doen jy?
  </s>
  <s id="124">
Ek maak jou bietjie mooi.
    <time id="T125E" value="00:14:37,665" />
  </s>
  <s id="125">
    <time id="T126S" value="00:14:42,166" />
Eina! 
  </s>
  <s id="126">
Wees versigtig!
    <time id="T126E" value="00:14:43,766" />
  </s>
  <s id="127">
    <time id="T127S" value="00:14:43,766" />
Ek maak jou mooier, ma het geen smaak nie.
    <time id="T127E" value="00:14:51,847" />
  </s>
  <s id="128">
    <time id="T128S" value="00:14:51,847" />
Daar, jy's baie mooier.
    <time id="T128E" value="00:14:56,248" />
  </s>
  <s id="129">
    <time id="T129S" value="00:14:56,248" />
Ooh la la...
    <time id="T129E" value="00:14:58,348" />
  </s>
  <s id="130">
    <time id="T130S" value="00:14:58,508" />
Ek sal lees.
  </s>
  <s id="131">
Alweer?
    <time id="T130E" value="00:15:01,448" />
  </s>
  <s id="132">
    <time id="T131S" value="00:15:01,448" />
Ek huil as hy haar wil doodmaak.
    <time id="T131E" value="00:15:04,249" />
  </s>
  <s id="133">
    <time id="T132S" value="00:15:04,249" />
Hy moet haar nie doodmaak nie.
    <time id="T132E" value="00:15:08,409" />
  </s>
  <s id="134">
    <time id="T133S" value="00:15:08,549" />
Dit laat my huil.
    <time id="T133E" value="00:15:11,089" />
  </s>
  <s id="135">
    <time id="T134S" value="00:15:11,089" />
"Die Klein Sirene" jy sal ook huil
    <time id="T134E" value="00:15:14,990" />
  </s>
  <s id="136">
    <time id="T135S" value="00:15:14,990" />
Die einde is beter
    <time id="T135E" value="00:15:16,770" />
  </s>
  <s id="137">
    <time id="T136S" value="00:15:16,770" />
Begin jy?
    <time id="T136E" value="00:15:19,790" />
  </s>
  <s id="138">
    <time id="T137S" value="00:15:19,790" />
- "Die Klein Sirene" of "Bloubaard"?
  </s>
  <s id="139">
- "Bloubaard"
    <time id="T137E" value="00:15:27,871" />
  </s>
  <s id="140">
    <time id="T138S" value="00:15:30,092" />
"Daar was eenmaal 'n man met mooi huise"
    <time id="T138E" value="00:15:34,852" />
  </s>
  <s id="141">
    <time id="T139S" value="00:15:34,852" />
"in die stad en op die platteland, pragtige erdeware,"
    <time id="T139E" value="00:15:38,873" />
  </s>
  <s id="142">
    <time id="T140S" value="00:15:38,873" />
"met mooi vergulde etswerk,"
    <time id="T140E" value="00:15:42,653" />
  </s>
  <s id="143">
    <time id="T141S" value="00:15:42,653" />
"Maar hy had 'n blou baard"
    <time id="T141E" value="00:15:45,353" />
  </s>
  <s id="144">
    <time id="T142S" value="00:15:45,353" />
In die paleis se mark
    <time id="T142E" value="00:15:50,054" />
  </s>
  <s id="145">
    <time id="T143S" value="00:15:50,054" />
In die paleis se mark
    <time id="T143E" value="00:15:54,034" />
  </s>
  <s id="146">
    <time id="T144S" value="00:15:54,254" />
Daars 'n beeldskone meisie, Lonla
    <time id="T144E" value="00:15:58,455" />
  </s>
  <s id="147">
    <time id="T145S" value="00:15:58,455" />
Daars 'n beeldskone meisie
    <time id="T145E" value="00:16:02,955" />
  </s>
  <s id="148">
    <time id="T146S" value="00:16:03,075" />
Sy het so baie bewonderaars
    <time id="T146E" value="00:16:07,076" />
  </s>
  <s id="149">
    <time id="T147S" value="00:16:07,076" />
Sy het so baie bewonderaars
    <time id="T147E" value="00:16:11,036" />
  </s>
  <s id="150">
    <time id="T148S" value="00:16:11,316" />
Sy weet nie wie om te kies, Lonla
    <time id="T148E" value="00:16:15,817" />
  </s>
  <s id="151">
    <time id="T149S" value="00:16:15,817" />
Sy weet nie wie om te kies
    <time id="T149E" value="00:16:20,178" />
  </s>
  <s id="152">
    <time id="T150S" value="00:16:20,178" />
Daar is 'n klein skoenmaker
    <time id="T150E" value="00:16:24,558" />
  </s>
  <s id="153">
    <time id="T151S" value="00:16:24,558" />
Daar is 'n klein skoenmaker
    <time id="T151E" value="00:16:28,719" />
  </s>
  <s id="154">
    <time id="T152S" value="00:16:28,919" />
Wat die gunsteling is, Lonla
    <time id="T152E" value="00:16:33,519" />
  </s>
  <s id="155">
    <time id="T153S" value="00:16:33,519" />
Wat die gunsteling is
    <time id="T153E" value="00:16:37,500" />
  </s>
  <s id="156">
    <time id="T154S" value="00:16:41,060" />
Arme pappa...
    <time id="T154E" value="00:16:43,160" />
  </s>
  <s id="157">
    <time id="T155S" value="00:16:43,760" />
Pappa lyk mooi so...
    <time id="T155E" value="00:16:47,541" />
  </s>
  <s id="158">
    <time id="T156S" value="00:16:48,241" />
Pa lyk jonger...
    <time id="T156E" value="00:16:52,561" />
  </s>
  <s id="159">
    <time id="T157S" value="00:16:53,822" />
Soos 'n standbeeld 'n Baie koue standbeeld
    <time id="T158E" value="00:17:02,623" />
  </s>
  <s id="160">
    <time id="T159S" value="00:17:03,963" />
Baie intimiderend
    <time id="T159E" value="00:17:07,603" />
  </s>
  <s id="161">
    <time id="T160S" value="00:17:08,103" />
Ek is lief vir Pa
    <time id="T160E" value="00:17:12,644" />
  </s>
  <s id="162">
    <time id="T161S" value="00:17:32,846" />
Ek sê totsiens
    <time id="T161E" value="00:17:35,807" />
  </s>
  <s id="163">
    <time id="T162S" value="00:17:35,807" />
Dit maak my nie bang om hom dood te sien nie
    <time id="T162E" value="00:17:40,047" />
  </s>
  <s id="164">
    <time id="T163S" value="00:17:40,047" />
Hy's baie mooier nou
    <time id="T163E" value="00:17:42,747" />
  </s>
  <s id="165">
    <time id="T164S" value="00:17:43,187" />
Gaan jy hom nie soen nie?
    <time id="T164E" value="00:17:47,808" />
  </s>
  <s id="166">
    <time id="T165S" value="00:17:48,808" />
Ek wou hom dood hê
    <time id="T165E" value="00:17:52,709" />
  </s>
  <s id="167">
    <time id="T166S" value="00:17:52,709" />
Ek wou hom dood hê
    <time id="T166E" value="00:17:54,629" />
  </s>
  <s id="168">
    <time id="T167S" value="00:17:54,629" />
- Hy het dit nie doelbewus gedoen nie 
  </s>
  <s id="169">
- Ja
    <time id="T167E" value="00:17:57,849" />
  </s>
  <s id="170">
    <time id="T168S" value="00:17:58,529" />
Hy wou 'n kind red
    <time id="T168E" value="00:18:01,270" />
  </s>
  <s id="171">
    <time id="T169S" value="00:18:01,270" />
Hy het nie aan ons gedink nie, dat ons weeskinders kon word
    <time id="T170E" value="00:18:07,870" />
  </s>
  <s id="172">
    <time id="T171S" value="00:18:08,070" />
Ons het nie saak gemaak nie
    <time id="T171E" value="00:18:11,311" />
  </s>
  <s id="173">
    <time id="T172S" value="00:18:11,311" />
Hy het nie 'n sekonde aan ons gedink nie
    <time id="T172E" value="00:18:16,591" />
  </s>
  <s id="174">
    <time id="T173S" value="00:18:16,591" />
Ek haat hom met my hele siel
    <time id="T174E" value="00:18:22,152" />
  </s>
  <s id="175">
    <time id="T175S" value="00:18:22,152" />
Jy wil altyd bemin word, en jy is vir niemand lief nie
    <time id="T176E" value="00:18:27,473" />
  </s>
  <s id="176">
    <time id="T177S" value="00:18:27,473" />
Moet hom nie blameer dat hy na sy hart geluister het nie
    <time id="T177E" value="00:18:31,053" />
  </s>
  <s id="177">
    <time id="T178S" value="00:18:31,053" />
Sot! 
  </s>
  <s id="178">
ek blameer wie ek wil!
    <time id="T178E" value="00:18:34,974" />
  </s>
  <s id="179">
    <time id="T179S" value="00:18:34,974" />
Dis sy fout dat hy dood is, nie myne nie
    <time id="T179E" value="00:18:38,634" />
  </s>
  <s id="180">
    <time id="T180S" value="00:18:48,015" />
Sy's die sot.
  </s>
  <s id="181">
Sy weet nie wat sy praat nie
    <time id="T180E" value="00:18:53,036" />
  </s>
  <s id="182">
    <time id="T181S" value="00:19:59,544" />
Wanneer God kans kry, neem Hy hom hemel toe
    <time id="T181E" value="00:20:03,344" />
  </s>
  <s id="183">
    <time id="T182S" value="00:20:03,464" />
Ons begrawe die dooies in die aarde, Want God is besig
    <time id="T182E" value="00:20:08,345" />
  </s>
  <s id="184">
    <time id="T183S" value="00:20:08,865" />
- Het jy geglo dat Pa kon doodgaan?
  </s>
  <s id="185">
- Ja
    <time id="T183E" value="00:20:12,085" />
  </s>
  <s id="186">
    <time id="T184S" value="00:20:12,085" />
Sal ons nou nog 'n huis hê?
    <time id="T184E" value="00:20:14,045" />
  </s>
  <s id="187">
    <time id="T185S" value="00:20:14,225" />
Ja, dit word vir ons gehou Hy sal dit nie meer nodig hê nie
    <time id="T185E" value="00:20:18,386" />
  </s>
  <s id="188">
    <time id="T186S" value="00:20:18,746" />
In die paleis se mark
    <time id="T186E" value="00:20:22,867" />
  </s>
  <s id="189">
    <time id="T187S" value="00:20:22,867" />
In die paleis se mark
    <time id="T187E" value="00:20:27,427" />
  </s>
  <s id="190">
    <time id="T188S" value="00:20:27,427" />
Daar's 'n beeldskone meisie,
    <time id="T188E" value="00:20:31,407" />
  </s>
  <s id="191">
    <time id="T189S" value="00:20:31,407" />
Daar's 'n beeldskone meisie
    <time id="T189E" value="00:20:35,788" />
  </s>
  <s id="192">
    <time id="T190S" value="00:20:35,788" />
Sy het soveel bewonderaars
    <time id="T190E" value="00:20:39,148" />
  </s>
  <s id="193">
    <time id="T191S" value="00:20:42,529" />
Aasvoëls!
    <time id="T191E" value="00:20:44,169" />
  </s>
  <s id="194">
    <time id="T192S" value="00:20:57,211" />
En daar sal ons slaap
    <time id="T192E" value="00:21:01,571" />
  </s>
  <s id="195">
    <time id="T193S" value="00:21:01,791" />
Tot die einde van die wêreld, Lonla
    <time id="T193E" value="00:21:06,252" />
  </s>
  <s id="196">
    <time id="T194S" value="00:21:06,252" />
Tot die einde van die wêreld
    <time id="T194E" value="00:21:14,273" />
  </s>
  <s id="197">
    <time id="T195S" value="00:21:29,854" />
Jakkalse!
    <time id="T195E" value="00:21:34,595" />
  </s>
  <s id="198">
    <time id="T196S" value="00:21:39,156" />
Mishope!
    <time id="T196E" value="00:21:43,756" />
  </s>
  <s id="199">
    <time id="T197S" value="00:21:43,756" />
Wat gaan van ons word?
    <time id="T197E" value="00:21:46,997" />
  </s>
  <s id="200">
    <time id="T198S" value="00:21:46,997" />
Jy het net jou oë om mee te huil
    <time id="T198E" value="00:21:50,117" />
  </s>
  <s id="201">
    <time id="T199S" value="00:21:50,357" />
Hierdie familie walg my!
    <time id="T199E" value="00:21:54,697" />
  </s>
  <s id="202">
    <time id="T200S" value="00:21:56,638" />
Sy sê nie wat sy regtig dink nie, Sy's te misrabel
    <time id="T200E" value="00:22:04,719" />
  </s>
  <s id="203">
    <time id="T201S" value="00:22:15,840" />
"Een van hulle bure, 'n goeie vrou het 2 meisies gehad
    <time id="T201E" value="00:22:20,520" />
  </s>
  <s id="204">
    <time id="T202S" value="00:22:20,520" />
"Hy het gevra om met een te trou
    <time id="T202E" value="00:22:23,361" />
  </s>
  <s id="205">
    <time id="T203S" value="00:22:23,361" />
"Sy moes self besluit watter een
    <time id="T203E" value="00:22:27,701" />
  </s>
  <s id="206">
    <time id="T204S" value="00:22:27,701" />
"Nie een van die meisies wou hom hê nie,
    <time id="T204E" value="00:22:31,002" />
  </s>
  <s id="207">
    <time id="T205S" value="00:22:31,002" />
"nie een wou 'n man hê met 'n blou baard nie"
    <time id="T205E" value="00:22:36,982" />
  </s>
  <s id="208">
    <time id="T206S" value="00:22:36,982" />
Verstaan jy?
    <time id="T206E" value="00:22:38,683" />
  </s>
  <s id="209">
    <time id="T207S" value="00:22:38,683" />
Bloubaard, baie lelik maar baie ryk
    <time id="T207E" value="00:22:42,123" />
  </s>
  <s id="210">
    <time id="T208S" value="00:22:42,123" />
- Jy moes arm wees om hom te neem 
  </s>
  <s id="211">
- Nee 'n Goeie vrou kan nie te arm wees nie
    <time id="T209E" value="00:22:49,084" />
  </s>
  <s id="212">
    <time id="T210S" value="00:22:49,084" />
Lees aan
    <time id="T210E" value="00:22:51,304" />
  </s>
  <s id="213">
    <time id="T211S" value="00:22:51,304" />
Goed
    <time id="T211E" value="00:22:53,624" />
  </s>
  <s id="214">
    <time id="T212S" value="00:23:34,449" />
Neem hierdie, ma!
  </s>
  <s id="215">
Ma gaan energieloos word
    <time id="T212E" value="00:23:40,110" />
  </s>
  <s id="216">
    <time id="T213S" value="00:23:41,530" />
In watter toestand is jou arms!
    <time id="T213E" value="00:23:45,131" />
  </s>
  <s id="217">
    <time id="T214S" value="00:24:38,477" />
Is hier 2 meisies sonder 'n bruidskat van hubare ouderdom?
    <time id="T214E" value="00:24:42,138" />
  </s>
  <s id="218">
    <time id="T215S" value="00:24:42,138" />
Dis wreed om 'n gesin wat smart verduur so te spot
    <time id="T215E" value="00:24:47,418" />
  </s>
  <s id="219">
    <time id="T216S" value="00:24:47,418" />
My meisies het geen bruidskat nie, Wie sal hulle wil hê?
    <time id="T216E" value="00:24:51,339" />
  </s>
  <s id="220">
    <time id="T217S" value="00:24:51,339" />
Bloubaard.
    <time id="T217E" value="00:24:54,419" />
  </s>
  <s id="221">
    <time id="T218S" value="00:24:54,419" />
Ek sal nooit een van my meisies aan hom gee nie!
    <time id="T218E" value="00:24:58,200" />
  </s>
  <s id="222">
    <time id="T219S" value="00:24:58,200" />
As jy gesê het jy kom van hom, sou ek jou nie ingelaat het nie!
    <time id="T219E" value="00:25:02,960" />
  </s>
  <s id="223">
    <time id="T220S" value="00:25:02,960" />
Kom nou...
    <time id="T220E" value="00:25:04,820" />
  </s>
  <s id="224">
    <time id="T221S" value="00:25:04,820" />
Jy is nie meer in 'n posisie om teen te stribbel nie
    <time id="T221E" value="00:25:10,501" />
  </s>
  <s id="225">
    <time id="T222S" value="00:25:13,541" />
Dit is nie so erg nie,
    <time id="T222E" value="00:25:17,902" />
  </s>
  <s id="226">
    <time id="T223S" value="00:25:17,902" />
Heer Bloubaard is ryk
    <time id="T223E" value="00:25:20,522" />
  </s>
  <s id="227">
    <time id="T224S" value="00:25:20,702" />
Hy sal goed sorg vir die familie
    <time id="T224E" value="00:25:25,543" />
  </s>
  <s id="228">
    <time id="T225S" value="00:25:25,843" />
As julle jul aan hom toewy, is julle toekoms verseker
    <time id="T225E" value="00:25:30,563" />
  </s>
  <s id="229">
    <time id="T226S" value="00:25:32,463" />
Dink daaroor, Ek het julle vertel wat julle moet weet
    <time id="T226E" value="00:25:36,704" />
  </s>
  <s id="230">
    <time id="T227S" value="00:25:36,704" />
Moenie nee sê nie
    <time id="T227E" value="00:25:39,764" />
  </s>
  <s id="231">
    <time id="T228S" value="00:25:39,764" />
Ek ken hom
    <time id="T228E" value="00:25:41,084" />
  </s>
  <s id="232">
    <time id="T229S" value="00:25:41,084" />
Heer Bloubaard weet hoe om homself .....aanvaarbaar te maak
    <time id="T229E" value="00:25:45,625" />
  </s>
  <s id="233">
    <time id="T230S" value="00:25:46,945" />
Hy nooi julle uit om hom te ontmoet en hom te laat kies tussen die jong meisies
    <time id="T232E" value="00:25:56,086" />
  </s>
  <s id="234">
    <time id="T233S" value="00:25:57,886" />
Sien julle, daar is geen verpligting as julle wel kom nie
    <time id="T234E" value="00:26:04,707" />
  </s>
  <s id="235">
    <time id="T235S" value="00:26:04,707" />
Mamma, kom ons besoek die groot kasteel
    <time id="T235E" value="00:26:10,748" />
  </s>
  <s id="236">
    <time id="T236S" value="00:26:13,708" />
Ek kry seer!
    <time id="T236E" value="00:26:15,789" />
  </s>
  <s id="237">
    <time id="T237S" value="00:26:16,169" />
Jy is selfs bang al is dit net 'n storie
    <time id="T237E" value="00:26:19,849" />
  </s>
  <s id="238">
    <time id="T238S" value="00:26:19,849" />
Nee! 
  </s>
  <s id="239">
Ek is nie bang nie, ek is siek!
  </s>
  <s id="240">
Dit maak my ore seer!
    <time id="T238E" value="00:26:25,690" />
  </s>
  <s id="241">
    <time id="T239S" value="00:26:25,690" />
- Jy sê dit maak nie saak nie 
  </s>
  <s id="242">
- Dis nie my skuld nie!
    <time id="T239E" value="00:26:29,210" />
  </s>
  <s id="243">
    <time id="T240S" value="00:26:29,210" />
Dis my brein wat reageer
    <time id="T240E" value="00:26:32,351" />
  </s>
  <s id="244">
    <time id="T241S" value="00:26:32,351" />
- Jou brein is tog joune 
  </s>
  <s id="245">
- Nee, ek het dit gekry!
    <time id="T241E" value="00:26:35,851" />
  </s>
  <s id="246">
    <time id="T242S" value="00:26:36,931" />
Goed, kan ek aangaan?
    <time id="T242E" value="00:26:40,912" />
  </s>
  <s id="247">
    <time id="T243S" value="00:26:40,912" />
"Hy was al verskeie kere getroud
    <time id="T243E" value="00:26:46,312" />
  </s>
  <s id="248">
    <time id="T244S" value="00:26:46,512" />
"Niemand weet wat van hulle geword het nie
    <time id="T244E" value="00:26:50,893" />
  </s>
  <s id="249">
    <time id="T245S" value="00:26:51,273" />
"Bloubaard, het toe, om homself bekend te stel
    <time id="T245E" value="00:26:54,913" />
  </s>
  <s id="250">
    <time id="T246S" value="00:26:54,913" />
"die 2 meisies, hulle ma en 3 beste vriende en
    <time id="T246E" value="00:26:59,714" />
  </s>
  <s id="251">
    <time id="T247S" value="00:26:59,714" />
"kinders van die buurt gelei na een van sy plaashuise,
    <time id="T247E" value="00:27:05,534" />
  </s>
  <s id="252">
    <time id="T248S" value="00:27:05,534" />
"waar hulle 8 dae oorgebly het"
    <time id="T248E" value="00:27:07,715" />
  </s>
  <s id="253">
    <time id="T249S" value="00:27:22,436" />
As Ma nie my rok gekleur het nie, sou ek beter gevoel het
    <time id="T250E" value="00:27:28,797" />
  </s>
  <s id="254">
    <time id="T251S" value="00:27:28,797" />
Hulle gaan met ons spot
    <time id="T251E" value="00:27:31,058" />
  </s>
  <s id="255">
    <time id="T252S" value="00:27:31,478" />
Ek is skaam,
    <time id="T252E" value="00:27:34,258" />
  </s>
  <s id="256">
    <time id="T253S" value="00:27:34,258" />
Ek wil huistoe gaan!
    <time id="T253E" value="00:27:36,038" />
  </s>
  <s id="257">
    <time id="T254S" value="00:27:36,038" />
Om rouklere te dra is nie 'n skande nie
    <time id="T254E" value="00:27:38,718" />
  </s>
  <s id="258">
    <time id="T255S" value="00:27:38,718" />
Ek gee nie om vir die ander nie
    <time id="T255E" value="00:27:41,099" />
  </s>
  <s id="259">
    <time id="T256S" value="00:30:22,038" />
Hierdie beeldskone jong dame...
    <time id="T256E" value="00:30:25,018" />
  </s>
  <s id="260">
    <time id="T257S" value="00:30:25,018" />
- Hulle is volwasse 
  </s>
  <s id="261">
- Hulle lyk nie sleg nie
    <time id="T257E" value="00:30:28,999" />
  </s>
  <s id="262">
    <time id="T258S" value="00:30:28,999" />
Ons gasheer kan goed vermaak
    <time id="T258E" value="00:30:31,739" />
  </s>
  <s id="263">
    <time id="T259S" value="00:30:31,739" />
Dis beter as niks.
  </s>
  <s id="264">
Hyself is nie aantreklik nie.
    <time id="T259E" value="00:30:35,360" />
  </s>
  <s id="265">
    <time id="T260S" value="00:30:35,360" />
As hy iemand jonk wil trou...
    <time id="T260E" value="00:30:37,980" />
  </s>
  <s id="266">
    <time id="T261S" value="00:30:37,980" />
Die keuse is syne
    <time id="T261E" value="00:30:39,520" />
  </s>
  <s id="267">
    <time id="T262S" value="00:30:39,520" />
En ons sou hom nie kies nie
    <time id="T262E" value="00:30:42,260" />
  </s>
  <s id="268">
    <time id="T263S" value="00:31:13,484" />
Dans u nooit nie?
    <time id="T263E" value="00:31:16,985" />
  </s>
  <s id="269">
    <time id="T264S" value="00:31:17,765" />
Waarna sou ek lyk?
    <time id="T264E" value="00:31:20,025" />
  </s>
  <s id="270">
    <time id="T265S" value="00:31:20,025" />
Mens moet bewus wees van wie jy is
    <time id="T265E" value="00:31:24,526" />
  </s>
  <s id="271">
    <time id="T266S" value="00:31:24,526" />
Hou u daarvan om te kyk hoe hulle dans sonder u?
    <time id="T266E" value="00:31:27,446" />
  </s>
  <s id="272">
    <time id="T267S" value="00:31:28,286" />
Hulle geniet dit
    <time id="T267E" value="00:31:30,126" />
  </s>
  <s id="273">
    <time id="T268S" value="00:31:30,126" />
Ek wil graag omring wees van jong mense wat dit geniet
    <time id="T268E" value="00:31:34,607" />
  </s>
  <s id="274">
    <time id="T269S" value="00:31:34,607" />
Gaan, dans, jy ook
    <time id="T269E" value="00:31:37,087" />
  </s>
  <s id="275">
    <time id="T270S" value="00:31:38,187" />
Niemand vra my nie
    <time id="T270E" value="00:31:40,988" />
  </s>
  <s id="276">
    <time id="T271S" value="00:31:40,988" />
Dis of ek nie bestaan nie
    <time id="T271E" value="00:31:43,588" />
  </s>
  <s id="277">
    <time id="T272S" value="00:31:43,588" />
Hulle sal wel
    <time id="T272E" value="00:31:45,228" />
  </s>
  <s id="278">
    <time id="T273S" value="00:31:45,228" />
My suster is mooier
    <time id="T273E" value="00:31:47,548" />
  </s>
  <s id="279">
    <time id="T274S" value="00:31:48,809" />
Julle rolle sal omgeruil word, Wag maar net
    <time id="T274E" value="00:31:55,389" />
  </s>
  <s id="280">
    <time id="T275S" value="00:31:55,389" />
Maar ek, ek sal nie verander nie
    <time id="T275E" value="00:31:57,610" />
  </s>
  <s id="281">
    <time id="T276S" value="00:31:57,730" />
- Ek is 'n monster 
  </s>
  <s id="282">
- Verseker nie!
    <time id="T276E" value="00:32:02,410" />
  </s>
  <s id="283">
    <time id="T277S" value="00:32:02,410" />
Hulle kyk na my of ek een is
    <time id="T277E" value="00:32:05,271" />
  </s>
  <s id="284">
    <time id="T278S" value="00:32:05,271" />
Ek verstaan dit. 
  </s>
  <s id="285">
In effek word ek 'n monster 'n Soort bullebak, verstaan jy?
    <time id="T279E" value="00:32:13,471" />
  </s>
  <s id="286">
    <time id="T280S" value="00:32:13,471" />
Ja
    <time id="T280E" value="00:32:15,512" />
  </s>
  <s id="287">
    <time id="T281S" value="00:32:15,512" />
Maak ek jou nie bang nie?
    <time id="T281E" value="00:32:17,912" />
  </s>
  <s id="288">
    <time id="T282S" value="00:32:19,252" />
Nee
    <time id="T282E" value="00:32:21,692" />
  </s>
  <s id="289">
    <time id="T283S" value="00:32:21,692" />
Ek is bang vir onsigbare boosheid
    <time id="T283E" value="00:32:27,513" />
  </s>
  <s id="290">
    <time id="T284S" value="00:33:43,402" />
"Die jonger dogter het ontdek dat die meester 'n eerbare man was
    <time id="T284E" value="00:33:48,263" />
  </s>
  <s id="291">
    <time id="T285S" value="00:33:48,423" />
"Toe hulle terugkeer na die stad, is hulle getroud
    <time id="T285E" value="00:33:52,043" />
  </s>
  <s id="292">
    <time id="T286S" value="00:33:52,043" />
Nee
    <time id="T286E" value="00:33:53,303" />
  </s>
  <s id="293">
    <time id="T287S" value="00:33:53,423" />
Sy is te jonk
    <time id="T287E" value="00:33:54,903" />
  </s>
  <s id="294">
    <time id="T288S" value="00:33:54,903" />
Nee, sy's oud. 
  </s>
  <s id="295">
Voorheen het hulle nog vroeër getrou!
    <time id="T288E" value="00:34:00,084" />
  </s>
  <s id="296">
    <time id="T289S" value="00:34:00,084" />
Jy's verspot!
    <time id="T289E" value="00:34:01,704" />
  </s>
  <s id="297">
    <time id="T290S" value="00:34:01,704" />
Ja, selfs op 5 jaar!
    <time id="T290E" value="00:34:04,265" />
  </s>
  <s id="298">
    <time id="T291S" value="00:34:04,265" />
Maar dit was anders toe hulle later begin trou het
    <time id="T291E" value="00:34:08,805" />
  </s>
  <s id="299">
    <time id="T292S" value="00:34:08,805" />
Ek weet nie hoe nie
    <time id="T292E" value="00:34:11,365" />
  </s>
  <s id="300">
    <time id="T293S" value="00:34:11,365" />
Wag, ek dink...
    <time id="T293E" value="00:34:13,926" />
  </s>
  <s id="301">
    <time id="T294S" value="00:34:13,926" />
- Jy speel 
  </s>
  <s id="302">
- Nee, ek dink!
    <time id="T294E" value="00:34:17,966" />
  </s>
  <s id="303">
    <time id="T295S" value="00:34:58,031" />
Is dit reg, Mademoiselle?
    <time id="T295E" value="00:35:02,011" />
  </s>
  <s id="304">
    <time id="T296S" value="00:35:02,011" />
Dit lyk perfek vir my
    <time id="T296E" value="00:35:05,552" />
  </s>
  <s id="305">
    <time id="T297S" value="00:35:05,552" />
- Daar sal nie 'n mooier bruid wees nie 
  </s>
  <s id="306">
- Nee
    <time id="T297E" value="00:35:09,932" />
  </s>
  <s id="307">
    <time id="T298S" value="00:35:09,932" />
Ek wil my suster gaan wys Sy gaan nie weer kom nie
    <time id="T298E" value="00:35:15,733" />
  </s>
  <s id="308">
    <time id="T299S" value="00:35:15,733" />
Versigtig!
    <time id="T299E" value="00:35:17,773" />
  </s>
  <s id="309">
    <time id="T300S" value="00:35:17,773" />
- Moenie my werk verniel nie!
  </s>
  <s id="310">
- Nee!
    <time id="T300E" value="00:35:21,334" />
  </s>
  <s id="311">
    <time id="T301S" value="00:35:21,334" />
Anne, Ida, kyk!
    <time id="T301E" value="00:35:23,234" />
  </s>
  <s id="312">
    <time id="T302S" value="00:35:26,434" />
Dis die eerste rok wat net vir my gemaak is
    <time id="T302E" value="00:35:29,895" />
  </s>
  <s id="313">
    <time id="T303S" value="00:35:29,895" />
Wat niemand voorheen gedra het nie
    <time id="T303E" value="00:35:32,595" />
  </s>
  <s id="314">
    <time id="T304S" value="00:35:32,595" />
Dis 'n verandering, nê?
    <time id="T304E" value="00:35:38,396" />
  </s>
  <s id="315">
    <time id="T305S" value="00:35:39,876" />
- Sy is skielik beeldskoon 
  </s>
  <s id="316">
- Ek kan dit nie glo nie
    <time id="T305E" value="00:35:43,356" />
  </s>
  <s id="317">
    <time id="T306S" value="00:35:43,356" />
- Sy dink dat sy gelukkig gaan wees 
  </s>
  <s id="318">
- Bloubaard is tog so lelik
    <time id="T306E" value="00:35:47,897" />
  </s>
  <s id="319">
    <time id="T307S" value="00:35:47,897" />
- Ek kry haar jammer 
  </s>
  <s id="320">
- Nie ek nie!
    <time id="T307E" value="00:35:49,917" />
  </s>
  <s id="321">
    <time id="T308S" value="00:35:49,917" />
Sy is jaloers. 
  </s>
  <s id="322">
Sy wil jou troef!
    <time id="T308E" value="00:35:53,478" />
  </s>
  <s id="323">
    <time id="T309S" value="00:35:53,718" />
Sy sal haar les leer
    <time id="T309E" value="00:35:55,138" />
  </s>
  <s id="324">
    <time id="T310S" value="00:35:55,138" />
Maar sy's nog so jonk!
    <time id="T310E" value="00:35:58,418" />
  </s>
  <s id="325">
    <time id="T311S" value="00:35:58,418" />
Dit breek my hart
    <time id="T311E" value="00:36:00,479" />
  </s>
  <s id="326">
    <time id="T312S" value="00:36:00,479" />
Wat wil jy hê moet met hom gebeur?
    <time id="T312E" value="00:36:03,499" />
  </s>
  <s id="327">
    <time id="T313S" value="00:36:04,259" />
Wat beplan julle?
    <time id="T313E" value="00:36:06,219" />
  </s>
  <s id="328">
    <time id="T314S" value="00:36:06,219" />
Niks - jy is totaal herskep!
    <time id="T314E" value="00:36:08,519" />
  </s>
  <s id="329">
    <time id="T315S" value="00:36:16,841" />
Mademoiselle, kom terug!
    <time id="T315E" value="00:36:20,321" />
  </s>
  <s id="330">
    <time id="T316S" value="00:36:20,321" />
Marie-Catherine, kom dadelik terug!
    <time id="T316E" value="00:36:24,001" />
  </s>
  <s id="331">
    <time id="T317S" value="00:36:24,121" />
Jy is nie in staat om jou klere te versorg nie!
    <time id="T317E" value="00:36:28,602" />
  </s>
  <s id="332">
    <time id="T318S" value="00:36:33,382" />
Ek's 'n vark Ek word altyd vuil!
    <time id="T318E" value="00:36:37,823" />
  </s>
  <s id="333">
    <time id="T319S" value="00:36:37,823" />
Van môre af doen ek wat ek wil
    <time id="T319E" value="00:36:43,664" />
  </s>
  <s id="334">
    <time id="T320S" value="00:36:46,644" />
Ek kan nie wag nie
    <time id="T320E" value="00:36:47,924" />
  </s>
  <s id="335">
    <time id="T321S" value="00:36:47,924" />
Mademoiselle, Ek moet die verstellings afhandel!
    <time id="T321E" value="00:36:51,685" />
  </s>
  <s id="336">
    <time id="T322S" value="00:36:51,685" />
Ek kom
    <time id="T322E" value="00:36:53,685" />
  </s>
  <s id="337">
    <time id="T323S" value="00:38:08,874" />
Jy moet my kom besoek
    <time id="T323E" value="00:38:11,094" />
  </s>
  <s id="338">
    <time id="T324S" value="00:38:11,094" />
Jy moet my nie verlaat nie
    <time id="T324E" value="00:38:14,034" />
  </s>
  <s id="339">
    <time id="T325S" value="00:38:14,835" />
Daar is goeie rede om jou te verlaat
    <time id="T325E" value="00:38:17,975" />
  </s>
  <s id="340">
    <time id="T326S" value="00:38:17,975" />
Baie, maar ek is lief vir jou
    <time id="T326E" value="00:38:21,575" />
  </s>
  <s id="341">
    <time id="T327S" value="00:38:21,575" />
- Jy is oulik as jy die slagoffer speel 
  </s>
  <s id="342">
- Jy ook
    <time id="T327E" value="00:38:26,116" />
  </s>
  <s id="343">
    <time id="T328S" value="00:38:26,116" />
Ek het sleg met jou gewerk
    <time id="T328E" value="00:38:27,876" />
  </s>
  <s id="344">
    <time id="T329S" value="00:38:27,876" />
Ek gee nie om nie. 
  </s>
  <s id="345">
Ek het jou kamer omgekrap en jy kry die raas
    <time id="T329E" value="00:38:32,697" />
  </s>
  <s id="346">
    <time id="T330S" value="00:39:04,540" />
Die huwelik met Bloubaard is moeilik want hy maak kinders dood
    <time id="T331E" value="00:39:10,881" />
  </s>
  <s id="347">
    <time id="T332S" value="00:39:10,881" />
Hy het 'n groot pot waarin hy hulle kook, 'n klein valdeur waardeur hy gaan, en 'n groot lepel om die meisie mee uit te skep, en dan eet hy haar!
    <time id="T335E" value="00:39:25,603" />
  </s>
  <s id="348">
    <time id="T336S" value="00:39:25,603" />
Dis hoe hy so vet word
    <time id="T336E" value="00:39:28,443" />
  </s>
  <s id="349">
    <time id="T337S" value="00:39:28,443" />
En hy ontmoet 'n groen heks met groot tande ....
    <time id="T337E" value="00:39:33,544" />
  </s>
  <s id="350">
    <time id="T338S" value="00:39:33,544" />
Jy meng alles deurmekaar!
  </s>
  <s id="351">
Jy's onnosel!
    <time id="T338E" value="00:39:37,084" />
  </s>
  <s id="352">
    <time id="T339S" value="00:39:37,084" />
O ja? 
  </s>
  <s id="353">
Wat is 'n huwelik dan?
    <time id="T339E" value="00:39:40,505" />
  </s>
  <s id="354">
    <time id="T340S" value="00:39:40,505" />
Dis twee mense wat mekaar liefhet, en voor almal sit hulle pragtige ringe vir mekaar aan.
    <time id="T341E" value="00:39:49,446" />
  </s>
  <s id="355">
    <time id="T342S" value="00:39:49,686" />
En 'n heks kom en eet hulle
    <time id="T342E" value="00:39:52,446" />
  </s>
  <s id="356">
    <time id="T343S" value="00:39:52,446" />
Stop met jou heks!
    <time id="T343E" value="00:39:54,867" />
  </s>
  <s id="357">
    <time id="T344S" value="00:39:54,987" />
Die bruid het 'n pragtige trourok aan
    <time id="T344E" value="00:39:58,407" />
  </s>
  <s id="358">
    <time id="T345S" value="00:39:58,407" />
- En sy word 'n heks!
  </s>
  <s id="359">
- Stop dit!
    <time id="T345E" value="00:40:03,308" />
  </s>
  <s id="360">
    <time id="T346S" value="00:40:03,308" />
- Sy's beeldskoon 
  </s>
  <s id="361">
- Bloubaard eet almal op
    <time id="T346E" value="00:40:06,708" />
  </s>
  <s id="362">
    <time id="T347S" value="00:41:50,504" />
Is jou baard regtig blou?
    <time id="T347E" value="00:41:53,225" />
  </s>
  <s id="363">
    <time id="T348S" value="00:41:53,225" />
Jy sal nie skrik nie?
    <time id="T348E" value="00:41:58,485" />
  </s>
  <s id="364">
    <time id="T349S" value="00:41:58,485" />
Nee
    <time id="T349E" value="00:42:00,046" />
  </s>
  <s id="365">
    <time id="T350S" value="00:42:00,886" />
Ek het so gedink
    <time id="T350E" value="00:42:04,666" />
  </s>
  <s id="366">
    <time id="T351S" value="00:42:05,506" />
Ek hou meer daarvan so
    <time id="T351E" value="00:42:09,687" />
  </s>
  <s id="367">
    <time id="T352S" value="00:42:12,907" />
- Jy is 'n vreemde klein mensie 
  </s>
  <s id="368">
- Hoe so?
    <time id="T352E" value="00:42:19,308" />
  </s>
  <s id="369">
    <time id="T353S" value="00:42:19,308" />
Jy het die onskuld van 'n duif en die trots van 'n arend
    <time id="T353E" value="00:42:24,529" />
  </s>
  <s id="370">
    <time id="T354S" value="00:42:24,529" />
Ek hou van wat jy sê
    <time id="T354E" value="00:42:28,549" />
  </s>
  <s id="371">
    <time id="T355S" value="00:42:28,549" />
Ja, maar die trots moet nie ydelheid word nie
    <time id="T355E" value="00:42:34,810" />
  </s>
  <s id="372">
    <time id="T356S" value="00:42:36,530" />
Dan sal jy verlore wees
    <time id="T356E" value="00:42:39,830" />
  </s>
  <s id="373">
    <time id="T357S" value="00:42:40,050" />
Bangmaakstories laat my lag!
    <time id="T357E" value="00:42:43,611" />
  </s>
  <s id="374">
    <time id="T358S" value="00:42:43,611" />
Jy het nooit gelag toe jy gelees het nie
    <time id="T358E" value="00:42:47,191" />
  </s>
  <s id="375">
    <time id="T359S" value="00:42:47,191" />
- Ek lag in my kop!
  </s>
  <s id="376">
- Dit tel nie
    <time id="T359E" value="00:42:51,292" />
  </s>
  <s id="377">
    <time id="T360S" value="00:43:22,575" />
Ag nee
    <time id="T360E" value="00:43:25,016" />
  </s>
  <s id="378">
    <time id="T361S" value="00:43:25,956" />
As my ma dit sou sien, sou sy woedend wees
    <time id="T361E" value="00:43:30,036" />
  </s>
  <s id="379">
    <time id="T362S" value="00:43:34,717" />
Ek slaap nie by jou voordat jy eers oud geword het nie
    <time id="T362E" value="00:43:40,058" />
  </s>
  <s id="380">
    <time id="T363S" value="00:43:44,138" />
Wat is verkeerd?
    <time id="T363E" value="00:43:46,898" />
  </s>
  <s id="381">
    <time id="T364S" value="00:43:46,898" />
Ek het vir jou hierdie bedjie gekoop
    <time id="T364E" value="00:43:49,839" />
  </s>
  <s id="382">
    <time id="T365S" value="00:43:49,839" />
Ek is nie 'n hondjie nie
    <time id="T365E" value="00:43:54,579" />
  </s>
  <s id="383">
    <time id="T366S" value="00:43:54,579" />
Jy snork seker soos 'n beer
    <time id="T366E" value="00:44:00,160" />
  </s>
  <s id="384">
    <time id="T367S" value="00:44:00,360" />
As ek nie my eie kamer in so 'n kasteel het nie, sal ek na my ma teruggaan totdat ek 20 geword het
    <time id="T368E" value="00:44:10,221" />
  </s>
  <s id="385">
    <time id="T369S" value="00:44:10,221" />
Ek het gedink dis die regte ding om te doen
    <time id="T369E" value="00:44:12,621" />
  </s>
  <s id="386">
    <time id="T370S" value="00:44:12,621" />
Ek wil vir my 'n eie kamer hê!
    <time id="T370E" value="00:44:15,202" />
  </s>
  <s id="387">
    <time id="T371S" value="00:44:16,862" />
Jy mag nie daar ingaan nie
    <time id="T371E" value="00:44:20,222" />
  </s>
  <s id="388">
    <time id="T372S" value="00:44:20,642" />
Dit moet my eie plek wees
    <time id="T372E" value="00:44:23,623" />
  </s>
  <s id="389">
    <time id="T373S" value="00:44:23,623" />
Tuis moes ek in my suster se bed slaap,
    <time id="T373E" value="00:44:29,843" />
  </s>
  <s id="390">
    <time id="T374S" value="00:44:29,843" />
Alles was vir haar gemaak, ek was die laaste een
    <time id="T374E" value="00:44:35,284" />
  </s>
  <s id="391">
    <time id="T375S" value="00:44:36,884" />
Hier
    <time id="T375E" value="00:44:40,325" />
  </s>
  <s id="392">
    <time id="T376S" value="00:44:45,285" />
Nee, dis te groot
    <time id="T376E" value="00:44:49,766" />
  </s>
  <s id="393">
    <time id="T377S" value="00:45:04,228" />
Daar!
    <time id="T377E" value="00:45:05,828" />
  </s>
  <s id="394">
    <time id="T378S" value="00:45:09,688" />
Hierdie hokkie is nie goed genoeg vir jou nie, madamme
    <time id="T378E" value="00:45:13,569" />
  </s>
  <s id="395">
    <time id="T379S" value="00:45:13,569" />
Ek wil eers sien
    <time id="T379E" value="00:45:15,469" />
  </s>
  <s id="396">
    <time id="T380S" value="00:45:16,049" />
Seker dis reg vir jou?
    <time id="T380E" value="00:45:20,490" />
  </s>
  <s id="397">
    <time id="T381S" value="00:45:26,910" />
Dit sal my kamer wees!
    <time id="T381E" value="00:45:28,710" />
  </s>
  <s id="398">
    <time id="T382S" value="00:45:28,710" />
Ek wil niks anders hê nie
    <time id="T382E" value="00:45:30,571" />
  </s>
  <s id="399">
    <time id="T383S" value="00:45:31,311" />
Daar is meer weelderige vertrekke
    <time id="T383E" value="00:45:35,651" />
  </s>
  <s id="400">
    <time id="T384S" value="00:45:35,831" />
Wanneer ek groot is
    <time id="T384E" value="00:45:40,652" />
  </s>
  <s id="401">
    <time id="T385S" value="00:45:47,813" />
Hierdie sal my plek wees
    <time id="T385E" value="00:45:50,693" />
  </s>
  <s id="402">
    <time id="T386S" value="00:45:51,313" />
Niemand sal hier inkom nie
    <time id="T386E" value="00:45:54,494" />
  </s>
  <s id="403">
    <time id="T387S" value="00:45:54,494" />
Nooit
    <time id="T387E" value="00:45:56,154" />
  </s>
  <s id="404">
    <time id="T388S" value="00:45:56,474" />
Ek is te groot om hier in te kom
    <time id="T388E" value="00:46:00,734" />
  </s>
  <s id="405">
    <time id="T389S" value="00:46:02,015" />
My man sal altyd te groot wees vir my.
    <time id="T389E" value="00:46:10,396" />
  </s>
  <s id="406">
    <time id="T390S" value="00:46:10,396" />
Het ek jou ontstel?
    <time id="T390E" value="00:46:12,996" />
  </s>
  <s id="407">
    <time id="T391S" value="00:46:12,996" />
Nee
    <time id="T391E" value="00:46:14,696" />
  </s>
  <s id="408">
    <time id="T392S" value="00:46:14,696" />
So lank jy die waarheid praat, sal dit my nie ontstel nie
    <time id="T392E" value="00:46:20,217" />
  </s>
  <s id="409">
    <time id="T393S" value="00:46:20,217" />
Goeinag
    <time id="T393E" value="00:46:22,057" />
  </s>
  <s id="410">
    <time id="T394S" value="00:46:22,057" />
Mooi drome
    <time id="T394E" value="00:46:25,337" />
  </s>
  <s id="411">
    <time id="T395S" value="00:48:18,011" />
Ek wil aanhou lees
    <time id="T395E" value="00:48:21,311" />
  </s>
  <s id="412">
    <time id="T396S" value="00:48:21,851" />
Na die troue, is sy adelik, en sy's ryk...
    <time id="T397E" value="00:48:27,812" />
  </s>
  <s id="413">
    <time id="T398S" value="00:48:27,812" />
Jy is nuuskierig!
    <time id="T398E" value="00:48:30,392" />
  </s>
  <s id="414">
    <time id="T399S" value="00:48:30,392" />
Jy is jaloers!
    <time id="T399E" value="00:48:32,533" />
  </s>
  <s id="415">
    <time id="T400S" value="00:48:32,533" />
- Op wie nogal?
  </s>
  <s id="416">
- Op my
    <time id="T400E" value="00:48:34,913" />
  </s>
  <s id="417">
    <time id="T401S" value="00:48:34,913" />
Ek is meer intelligent, ek is in jou klas
    <time id="T401E" value="00:48:39,093" />
  </s>
  <s id="418">
    <time id="T402S" value="00:48:39,093" />
Omdat ek siek was
    <time id="T402E" value="00:48:41,374" />
  </s>
  <s id="419">
    <time id="T403S" value="00:48:41,374" />
- Ek het 'n standerd gespring 
  </s>
  <s id="420">
- Jy sal dit herhaal
    <time id="T403E" value="00:48:46,394" />
  </s>
  <s id="421">
    <time id="T404S" value="00:48:47,154" />
Volgende jaar, terwyl jy wag, sal ek 'n jaar voor wees
    <time id="T404E" value="00:48:51,415" />
  </s>
  <s id="422">
    <time id="T405S" value="00:48:54,055" />
Eina!
    <time id="T405E" value="00:48:56,435" />
  </s>
  <s id="423">
    <time id="T406S" value="00:49:36,720" />
Dit is Fomitopsis pinicola.
    <time id="T406E" value="00:49:41,621" />
  </s>
  <s id="424">
    <time id="T407S" value="00:49:54,242" />
Dit? 
  </s>
  <s id="425">
dis 'n Boletus piperatus.
    <time id="T407E" value="00:49:57,983" />
  </s>
  <s id="426">
    <time id="T408S" value="00:49:57,983" />
Herhaal
    <time id="T408E" value="00:49:59,363" />
  </s>
  <s id="427">
    <time id="T409S" value="00:49:59,363" />
- Boletus piperatus.
  </s>
  <s id="428">
- Boletus piperatus.
    <time id="T409E" value="00:50:06,764" />
  </s>
  <s id="429">
    <time id="T410S" value="00:50:09,204" />
Nog 'n Boletus piperatus.
    <time id="T410E" value="00:50:12,185" />
  </s>
  <s id="430">
    <time id="T411S" value="00:50:12,465" />
In die paleis se mark
    <time id="T411E" value="00:50:16,305" />
  </s>
  <s id="431">
    <time id="T412S" value="00:50:16,305" />
In die paleis se mark
    <time id="T412E" value="00:50:20,405" />
  </s>
  <s id="432">
    <time id="T413S" value="00:50:20,546" />
Is daar 'n beeldskone meisie, Lonla
    <time id="T413E" value="00:50:24,646" />
  </s>
  <s id="433">
    <time id="T414S" value="00:50:24,646" />
Is daar 'n beeldskone meisie
    <time id="T414E" value="00:50:28,726" />
  </s>
  <s id="434">
    <time id="T415S" value="00:50:28,726" />
Sy het soveel bewonderaars
    <time id="T415E" value="00:50:32,727" />
  </s>
  <s id="435">
    <time id="T416S" value="00:50:32,727" />
Sy het soveel bewonderaars
    <time id="T416E" value="00:50:36,687" />
  </s>
  <s id="436">
    <time id="T417S" value="00:50:36,687" />
Sy weet nie wie om te kies, Lonla
    <time id="T417E" value="00:50:40,508" />
  </s>
  <s id="437">
    <time id="T418S" value="00:50:40,508" />
Sy weet nie wie om te kies
    <time id="T418E" value="00:50:44,569" />
  </s>
  <s id="438">
    <time id="T419S" value="00:50:44,569" />
Daar is 'n klein skoenmaker
    <time id="T419E" value="00:50:48,429" />
  </s>
  <s id="439">
    <time id="T420S" value="00:50:48,429" />
Daar is 'n klein skoenmaker
    <time id="T420E" value="00:50:51,909" />
  </s>
  <s id="440">
    <time id="T421S" value="00:50:51,969" />
Wat die gunsteling is, Lonla
    <time id="T421E" value="00:50:55,810" />
  </s>
  <s id="441">
    <time id="T422S" value="00:50:55,810" />
Wat die gunsteling is
    <time id="T422E" value="00:51:00,250" />
  </s>
  <s id="442">
    <time id="T423S" value="00:51:00,250" />
En dis in die straat
    <time id="T423E" value="00:51:04,111" />
  </s>
  <s id="443">
    <time id="T424S" value="00:51:04,111" />
En dis in die straat
    <time id="T424E" value="00:51:06,911" />
  </s>
  <s id="444">
    <time id="T425S" value="00:51:18,733" />
Dis my suster, Anne wat dit gesing het
    <time id="T425E" value="00:51:21,673" />
  </s>
  <s id="445">
    <time id="T426S" value="00:51:23,933" />
Ek hou baie van jou stem, dis so eenvoudig
    <time id="T427E" value="00:51:29,974" />
  </s>
  <s id="446">
    <time id="T428S" value="00:51:29,974" />
Ek sing vals
    <time id="T428E" value="00:51:31,674" />
  </s>
  <s id="447">
    <time id="T429S" value="00:51:32,854" />
Nie vir my nie
    <time id="T429E" value="00:51:36,695" />
  </s>
  <s id="448">
    <time id="T430S" value="00:51:38,535" />
As jy Anne gehoor het...
    <time id="T430E" value="00:51:41,735" />
  </s>
  <s id="449">
    <time id="T431S" value="00:51:45,276" />
Jy is bedruk, sonder jou suster
    <time id="T431E" value="00:51:49,636" />
  </s>
  <s id="450">
    <time id="T432S" value="00:51:49,636" />
Nee, maar sy mis my, maar ek is bly om van haar ontslae te wees
    <time id="T433E" value="00:52:01,818" />
  </s>
  <s id="451">
    <time id="T434S" value="00:52:05,198" />
"Bloubaard vertel sy vrou
    <time id="T434E" value="00:52:08,798" />
  </s>
  <s id="452">
    <time id="T435S" value="00:52:08,798" />
"dat hy op reis moet gaan vir ten minste 10 weke
    <time id="T435E" value="00:52:13,139" />
  </s>
  <s id="453">
    <time id="T436S" value="00:52:13,139" />
"vir iets baie belangrik"
    <time id="T436E" value="00:52:16,039" />
  </s>
  <s id="454">
    <time id="T437S" value="00:52:16,039" />
Die sleutels vir 2 groot meubelstore, en van die goue skottels en ons geld
    <time id="T438E" value="00:52:25,201" />
  </s>
  <s id="455">
    <time id="T439S" value="00:52:25,201" />
Die een vir my juwelekluis
    <time id="T439E" value="00:52:30,461" />
  </s>
  <s id="456">
    <time id="T440S" value="00:52:30,461" />
Die meester wat al die kamers oopsluit
    <time id="T440E" value="00:52:34,782" />
  </s>
  <s id="457">
    <time id="T441S" value="00:52:34,782" />
Sluit enige plek oop, gaan orals
    <time id="T442E" value="00:52:38,882" />
  </s>
  <s id="458">
    <time id="T443S" value="00:52:38,882" />
Dis alles vir jou
    <time id="T443E" value="00:52:42,142" />
  </s>
  <s id="459">
    <time id="T444S" value="00:52:42,342" />
Glimlag, wees nie so stroef nie
    <time id="T444E" value="00:52:45,603" />
  </s>
  <s id="460">
    <time id="T445S" value="00:52:45,603" />
- Ek is treurig om jou te sien gaan 
  </s>
  <s id="461">
- Kom nou,
    <time id="T445E" value="00:52:50,023" />
  </s>
  <s id="462">
    <time id="T446S" value="00:52:50,023" />
Ek los jou met genoeg om my terug te wil hê
    <time id="T446E" value="00:52:56,324" />
  </s>
  <s id="463">
    <time id="T447S" value="00:52:56,324" />
Terwyl jy wag, maak gebruik van my afwesigheid
    <time id="T448E" value="00:53:01,965" />
  </s>
  <s id="464">
    <time id="T449S" value="00:53:01,965" />
Plesier jouself
    <time id="T449E" value="00:53:04,645" />
  </s>
  <s id="465">
    <time id="T450S" value="00:53:04,645" />
Kuier vir jou suster en vriende
    <time id="T450E" value="00:53:07,265" />
  </s>
  <s id="466">
    <time id="T451S" value="00:53:07,466" />
Ek het nie vriende nie
    <time id="T451E" value="00:53:09,926" />
  </s>
  <s id="467">
    <time id="T452S" value="00:53:09,926" />
Geniet jou jong lewe
    <time id="T452E" value="00:53:12,586" />
  </s>
  <s id="468">
    <time id="T453S" value="00:53:14,346" />
Ek wil nie meer mense sien nie
    <time id="T453E" value="00:53:17,267" />
  </s>
  <s id="469">
    <time id="T454S" value="00:53:18,667" />
Ek is 'n ou bles wolf, wat nie meer opgewonde kan word nie
    <time id="T455E" value="00:53:27,328" />
  </s>
  <s id="470">
    <time id="T456S" value="00:53:52,191" />
Jou baard is nie meer blou nie
    <time id="T456E" value="00:53:54,931" />
  </s>
  <s id="471">
    <time id="T457S" value="00:53:54,931" />
Hou jy nie meer daarvan nie?
    <time id="T457E" value="00:53:57,431" />
  </s>
  <s id="472">
    <time id="T458S" value="00:53:57,631" />
Nee, minder
    <time id="T458E" value="00:53:59,332" />
  </s>
  <s id="473">
    <time id="T459S" value="00:53:59,332" />
Ek was gewoond daaraan
    <time id="T459E" value="00:54:02,452" />
  </s>
  <s id="474">
    <time id="T460S" value="00:54:24,075" />
Vertrou my,
    <time id="T460E" value="00:54:26,655" />
  </s>
  <s id="475">
    <time id="T461S" value="00:54:26,655" />
Ek kan vir myself sorg
    <time id="T461E" value="00:54:29,295" />
  </s>
  <s id="476">
    <time id="T462S" value="00:54:29,295" />
Kyk my in die oë
    <time id="T462E" value="00:54:31,616" />
  </s>
  <s id="477">
    <time id="T463S" value="00:54:31,616" />
- Hoekom?
  </s>
  <s id="478">
- Kyk my in die oë
    <time id="T463E" value="00:54:37,596" />
  </s>
  <s id="479">
    <time id="T464S" value="00:55:09,400" />
Waar is my vrou?
    <time id="T464E" value="00:55:12,761" />
  </s>
  <s id="480">
    <time id="T465S" value="00:55:26,942" />
Word jy nie moeg van luukshede elke dag nie, sonder iemand om dit mee te deel nie?
    <time id="T466E" value="00:55:33,163" />
  </s>
  <s id="481">
    <time id="T467S" value="00:55:33,463" />
Nee, ek's nou al daaraan gewoond
    <time id="T467E" value="00:55:36,583" />
  </s>
  <s id="482">
    <time id="T468S" value="00:55:36,583" />
Ek merk dit nie meer op nie
    <time id="T468E" value="00:55:42,304" />
  </s>
  <s id="483">
    <time id="T469S" value="00:55:42,304" />
Dis of ek nog altyd so leef
    <time id="T469E" value="00:55:46,765" />
  </s>
  <s id="484">
    <time id="T470S" value="00:55:46,765" />
Ek kan nie meer anders nie
    <time id="T470E" value="00:55:52,925" />
  </s>
  <s id="485">
    <time id="T471S" value="00:55:53,105" />
Dit lyk my jy het my terugkeer vergeet
    <time id="T471E" value="00:55:57,566" />
  </s>
  <s id="486">
    <time id="T472S" value="00:55:57,566" />
Maar dit was so lank, so eindeloos...
    <time id="T473E" value="00:56:02,907" />
  </s>
  <s id="487">
    <time id="T474S" value="00:56:02,907" />
Ek was so treurig
    <time id="T474E" value="00:56:08,027" />
  </s>
  <s id="488">
    <time id="T475S" value="00:56:08,247" />
Jy het aan my opgedra om pret te hê
    <time id="T475E" value="00:56:11,708" />
  </s>
  <s id="489">
    <time id="T476S" value="00:56:11,708" />
Toe het ek opgehou om die dae te tel
    <time id="T476E" value="00:56:16,248" />
  </s>
  <s id="490">
    <time id="T477S" value="00:56:16,248" />
Jy is hier en ek het nie vir jou gewag nie
    <time id="T477E" value="00:56:20,829" />
  </s>
  <s id="491">
    <time id="T478S" value="00:56:20,829" />
Wat 'n heerlike verrassing!
    <time id="T478E" value="00:56:23,149" />
  </s>
  <s id="492">
    <time id="T479S" value="00:56:23,969" />
O, ek is so gelukkig!
    <time id="T479E" value="00:56:28,210" />
  </s>
  <s id="493">
    <time id="T480S" value="00:56:32,450" />
Onthou jy my eerste keer hier?
    <time id="T480E" value="00:56:37,491" />
  </s>
  <s id="494">
    <time id="T481S" value="00:56:37,491" />
Ek was oorweldig
    <time id="T481E" value="00:56:41,591" />
  </s>
  <s id="495">
    <time id="T482S" value="00:56:41,591" />
Vandag is dit nog mooier
    <time id="T482E" value="00:56:48,272" />
  </s>
  <s id="496">
    <time id="T483S" value="00:56:55,973" />
Dis of ek in die nes van 'n arend is, gemaak om my te beskerm
    <time id="T484E" value="00:57:02,714" />
  </s>
  <s id="497">
    <time id="T485S" value="00:57:02,714" />
My
    <time id="T485E" value="00:57:04,674" />
  </s>
  <s id="498">
    <time id="T486S" value="00:57:04,674" />
My aleen
    <time id="T486E" value="00:57:08,354" />
  </s>
  <s id="499">
    <time id="T487S" value="00:57:08,534" />
En ons oorwin die ydelheid van die wêreld
    <time id="T487E" value="00:57:13,375" />
  </s>
  <s id="500">
    <time id="T488S" value="00:57:18,295" />
Sê my... gaan ons ons lewe voortsit soos voorheen, net ons twee?
    <time id="T490E" value="00:57:27,256" />
  </s>
  <s id="501">
    <time id="T491S" value="00:57:27,256" />
Ek voel treurig oor jou
    <time id="T491E" value="00:57:32,017" />
  </s>
  <s id="502">
    <time id="T492S" value="00:57:32,017" />
Is jy ontevrede met my?
    <time id="T492E" value="00:57:37,678" />
  </s>
  <s id="503">
    <time id="T493S" value="00:58:56,047" />
Ek het die eetlus van 'n voël, en ek eet die eiers van voëls
    <time id="T493E" value="00:59:03,808" />
  </s>
  <s id="504">
    <time id="T494S" value="00:59:11,289" />
Ek eet nooit genoeg nie
    <time id="T494E" value="00:59:13,509" />
  </s>
  <s id="505">
    <time id="T495S" value="00:59:48,173" />
Ek is daar
    <time id="T495E" value="00:59:49,953" />
  </s>
  <s id="506">
    <time id="T496S" value="00:59:49,953" />
"Die Sjinese het een verduistering aangeteken
    <time id="T496E" value="00:59:53,534" />
  </s>
  <s id="507">
    <time id="T497S" value="00:59:53,534" />
"wat voorgekom het onder Koning Chung Kang se ryk
    <time id="T497E" value="00:59:56,394" />
  </s>
  <s id="508">
    <time id="T498S" value="00:59:56,394" />
"gedurende die herfs-dagewening,
    <time id="T498E" value="00:59:59,055" />
  </s>
  <s id="509">
    <time id="T499S" value="00:59:59,275" />
"in die jaar 2155 VC
    <time id="T499E" value="01:00:03,075" />
  </s>
  <s id="510">
    <time id="T500S" value="01:00:03,075" />
"Volgens hulle is, in ongeveer 2500 VC,
    <time id="T500E" value="01:00:07,936" />
  </s>
  <s id="511">
    <time id="T501S" value="01:00:07,936" />
"5 planete saamgebring in dieselfde konstellasie,
    <time id="T501E" value="01:00:12,276" />
  </s>
  <s id="512">
    <time id="T502S" value="01:00:12,276" />
"en op dieselfde dag het hulle die nuwemaan waargeneem.
    <time id="T502E" value="01:00:17,217" />
  </s>
  <s id="513">
    <time id="T503S" value="01:00:17,217" />
"Hulle het gewonder of dit aangekom het"
    <time id="T503E" value="01:00:21,857" />
  </s>
  <s id="514">
    <time id="T504S" value="01:00:21,857" />
Maar, sien jy, die berekenings wat ooreenstem met Professor Kirsch se bevindings bevestig dit sonder twyfel
    <time id="T506E" value="01:00:32,699" />
  </s>
  <s id="515">
    <time id="T507S" value="01:00:32,699" />
Hulle het die sameloop geplaas in 2443 VC
    <time id="T507E" value="01:00:38,679" />
  </s>
  <s id="516">
    <time id="T508S" value="01:00:38,679" />
Jy sal my alles leer, ek is so onontwikkeld
    <time id="T509E" value="01:00:44,260" />
  </s>
  <s id="517">
    <time id="T510S" value="01:00:44,260" />
Ek sal jou alles leer wat ek kan
    <time id="T510E" value="01:00:47,500" />
  </s>
  <s id="518">
    <time id="T511S" value="01:00:47,500" />
Maar jy moet ook self leer deur te lees
    <time id="T511E" value="01:00:54,261" />
  </s>
  <s id="519">
    <time id="T512S" value="01:00:54,481" />
Dit sal jou besig hou as ek weer weg is
    <time id="T512E" value="01:00:58,942" />
  </s>
  <s id="520">
    <time id="T513S" value="01:00:58,942" />
Jy weet, ek moet weer eersdaags weggaan
    <time id="T513E" value="01:01:03,542" />
  </s>
  <s id="521">
    <time id="T514S" value="01:01:03,542" />
Weer vir so lank?
    <time id="T514E" value="01:01:07,343" />
  </s>
  <s id="522">
    <time id="T515S" value="01:01:07,343" />
Ja, vir lank, my kind
    <time id="T515E" value="01:01:09,323" />
  </s>
  <s id="523">
    <time id="T516S" value="01:01:10,403" />
Dit doen my leed aan om jou te moet verlaat
    <time id="T516E" value="01:01:14,224" />
  </s>
  <s id="524">
    <time id="T517S" value="01:01:14,224" />
Neem my saam
    <time id="T517E" value="01:01:18,644" />
  </s>
  <s id="525">
    <time id="T518S" value="01:01:18,644" />
Ek kan nie
    <time id="T518E" value="01:01:24,385" />
  </s>
  <s id="526">
    <time id="T519S" value="01:01:24,565" />
Dit help niks, ek gaan nie weer partytjies hou nie
    <time id="T519E" value="01:01:28,885" />
  </s>
  <s id="527">
    <time id="T520S" value="01:01:28,885" />
Jy moet doen wat jou hart jou voorskryf
    <time id="T520E" value="01:01:31,786" />
  </s>
  <s id="528">
    <time id="T521S" value="01:01:31,786" />
Het ek jou vorige keer berispe?
    <time id="T521E" value="01:01:34,786" />
  </s>
  <s id="529">
    <time id="T522S" value="01:01:36,406" />
Ek sal my suter nooi, niemand anders
    <time id="T522E" value="01:01:39,487" />
  </s>
  <s id="530">
    <time id="T523S" value="01:01:40,267" />
Ek gee jou hierdie sleutels vir wat ookal jy wil doen
    <time id="T523E" value="01:01:44,467" />
  </s>
  <s id="531">
    <time id="T524S" value="01:01:45,147" />
Maar hierdie klein sleuteltjie, is van die kamer aan die end van die gallery
    <time id="T525E" value="01:01:54,888" />
  </s>
  <s id="532">
    <time id="T526S" value="01:01:56,329" />
Ek vertrou dit aan jou toe, Madame
    <time id="T526E" value="01:01:59,569" />
  </s>
  <s id="533">
    <time id="T527S" value="01:02:00,369" />
Maar jy mag daar sekerlik nie ingaan nie
    <time id="T527E" value="01:02:04,570" />
  </s>
  <s id="534">
    <time id="T528S" value="01:02:05,790" />
"Sy het belowe om alles aan haar opgedra te doen
    <time id="T528E" value="01:02:10,550" />
  </s>
  <s id="535">
    <time id="T529S" value="01:02:10,550" />
"Hy het, nadat hy haar gesoen het,
    <time id="T529E" value="01:02:13,071" />
  </s>
  <s id="536">
    <time id="T530S" value="01:02:13,071" />
"op sy perd geklim en weggery
    <time id="T530E" value="01:02:16,871" />
  </s>
  <s id="537">
    <time id="T531S" value="01:02:16,871" />
"Asof deur nuuskierigheid aangevuur,
    <time id="T531E" value="01:02:19,611" />
  </s>
  <s id="538">
    <time id="T532S" value="01:02:19,711" />
"het sy die trappe so vinnig afgegaan
    <time id="T532E" value="01:02:23,072" />
  </s>
  <s id="539">
    <time id="T533S" value="01:02:23,072" />
"dat sy gedink het sy gaan haar nek breek
    <time id="T533E" value="01:02:29,673" />
  </s>
  <s id="540">
    <time id="T534S" value="01:02:38,714" />
"Toe sy by die deur kom het sy,
    <time id="T534E" value="01:02:41,534" />
  </s>
  <s id="541">
    <time id="T535S" value="01:02:41,534" />
"daar geaarsel vir 'n tyd lank, terwyl sy aan haar man se opdrag gedink het,
    <time id="T535E" value="01:02:46,855" />
  </s>
  <s id="542">
    <time id="T536S" value="01:02:46,855" />
"en dat sy in ongeluk kon beland as sy ongehoorsaam sou word
    <time id="T536E" value="01:02:52,055" />
  </s>
  <s id="543">
    <time id="T537S" value="01:02:52,055" />
"Maar sy kon die verleiding nie weerstaan nie
    <time id="T537E" value="01:02:56,316" />
  </s>
  <s id="544">
    <time id="T538S" value="01:02:56,316" />
"Sy het die deur oopgemaak
    <time id="T538E" value="01:03:01,716" />
  </s>
  <s id="545">
    <time id="T539S" value="01:03:01,716" />
Sy kon niks sien nie, want die vensters was toe"
    <time id="T539E" value="01:03:07,397" />
  </s>
  <s id="546">
    <time id="T540S" value="01:03:28,320" />
Ek is nie bang nie. 
  </s>
  <s id="547">
Ek is nie bang nie...
    <time id="T540E" value="01:03:31,820" />
  </s>
  <s id="548">
    <time id="T541S" value="01:03:31,820" />
Ek is nie bang nie
    <time id="T541E" value="01:03:35,241" />
  </s>
  <s id="549">
    <time id="T542S" value="01:03:37,501" />
Ek is nie bang nie. 
  </s>
  <s id="550">
Ek is nie bang nie...
    <time id="T542E" value="01:03:40,261" />
  </s>
  <s id="551">
    <time id="T543S" value="01:03:40,941" />
Ek is nie bang nie. 
  </s>
  <s id="552">
Ek is nie bang nie...
  </s>
  <s id="553">
Ek is nie bang nie
    <time id="T543E" value="01:03:45,282" />
  </s>
  <s id="554">
    <time id="T544S" value="01:03:56,923" />
"Na 'n tydjie,
    <time id="T544E" value="01:03:58,624" />
  </s>
  <s id="555">
    <time id="T545S" value="01:03:58,624" />
"kon sy sien dat die hele vloer nat was van bloed,
    <time id="T545E" value="01:04:03,484" />
  </s>
  <s id="556">
    <time id="T546S" value="01:04:03,484" />
"waarin verskeie vroue na hulleself staar,
    <time id="T546E" value="01:04:07,785" />
  </s>
  <s id="557">
    <time id="T547S" value="01:04:07,785" />
"dood en hangend aan ysterhakke
    <time id="T547E" value="01:04:10,405" />
  </s>
  <s id="558">
    <time id="T548S" value="01:04:10,625" />
"Dit was die vorige vroue van Bloubaard,
    <time id="T548E" value="01:04:14,185" />
  </s>
  <s id="559">
    <time id="T549S" value="01:04:14,185" />
"wie se kele hy afgesny het, die een na die ander
    <time id="T549E" value="01:04:17,786" />
  </s>
  <s id="560">
    <time id="T550S" value="01:04:17,786" />
"Sy het die sleutel opgetel, uitgegaan,
    <time id="T550E" value="01:04:21,386" />
  </s>
  <s id="561">
    <time id="T551S" value="01:04:21,386" />
"die deur gesluit en teruggegaan na haar kamer
    <time id="T551E" value="01:04:25,407" />
  </s>
  <s id="562">
    <time id="T552S" value="01:04:25,407" />
"Maar sy kon byna nie asemhaal nie, so geskok was sy..."
    <time id="T552E" value="01:04:30,247" />
  </s>
  <s id="563">
    <time id="T553S" value="01:05:44,196" />
Jy, Monsieur?
    <time id="T553E" value="01:05:45,796" />
  </s>
  <s id="564">
    <time id="T554S" value="01:05:48,896" />
Jy het dan net gister gegaan
    <time id="T554E" value="01:05:51,117" />
  </s>
  <s id="565">
    <time id="T555S" value="01:05:51,277" />
My terugkeer ontstel jou nie, hoop ek?
    <time id="T555E" value="01:05:55,857" />
  </s>
  <s id="566">
    <time id="T556S" value="01:06:00,078" />
Ek het nie verwag om jou so gou te sien nie
    <time id="T556E" value="01:06:05,478" />
  </s>
  <s id="567">
    <time id="T557S" value="01:06:05,478" />
Ek is self verras om jou so gou weer te sien
    <time id="T557E" value="01:06:10,899" />
  </s>
  <s id="568">
    <time id="T558S" value="01:06:11,139" />
Ek kon dit nie regkry om jou vir so lank te verlaat nie
    <time id="T558E" value="01:06:15,900" />
  </s>
  <s id="569">
    <time id="T559S" value="01:06:19,700" />
Wat is verkeerd, Madame?
    <time id="T559E" value="01:06:22,060" />
  </s>
  <s id="570">
    <time id="T560S" value="01:06:22,060" />
Jy is bleek
    <time id="T560E" value="01:06:25,961" />
  </s>
  <s id="571">
    <time id="T561S" value="01:06:26,521" />
Ek was so treurig oor jou weggaan
    <time id="T561E" value="01:06:30,381" />
  </s>
  <s id="572">
    <time id="T562S" value="01:06:30,381" />
Ek kon nie eet nie
    <time id="T562E" value="01:06:34,882" />
  </s>
  <s id="573">
    <time id="T563S" value="01:06:34,882" />
Dan sal ons iets eet
    <time id="T563E" value="01:06:37,862" />
  </s>
  <s id="574">
    <time id="T564S" value="01:06:37,862" />
Ek is ook honger
    <time id="T564E" value="01:06:41,083" />
  </s>
  <s id="575">
    <time id="T565S" value="01:07:12,066" />
Madame, jy moet my nie kwalik neem nie, maar jy moet die sleutels nou aan my teruggee
    <time id="T566E" value="01:07:21,347" />
  </s>
  <s id="576">
    <time id="T567S" value="01:07:21,407" />
Ons moet nie die reëls self oortree nie
    <time id="T567E" value="01:07:26,348" />
  </s>
  <s id="577">
    <time id="T568S" value="01:07:27,328" />
Natuurlik
    <time id="T568E" value="01:07:31,409" />
  </s>
  <s id="578">
    <time id="T569S" value="01:07:58,712" />
Ek sien nie die goue sleutel nie
    <time id="T569E" value="01:08:01,492" />
  </s>
  <s id="579">
    <time id="T570S" value="01:08:03,052" />
Het ek dit vergeet?
    <time id="T570E" value="01:08:06,513" />
  </s>
  <s id="580">
    <time id="T571S" value="01:08:06,973" />
Jy weet ek moet dit ook hê
    <time id="T571E" value="01:08:11,534" />
  </s>
  <s id="581">
    <time id="T572S" value="01:08:12,734" />
Ek het dit êrens neergesit
    <time id="T572E" value="01:08:14,194" />
  </s>
  <s id="582">
    <time id="T573S" value="01:08:14,194" />
Ek het nou vergeet waar dit is
    <time id="T573E" value="01:08:16,574" />
  </s>
  <s id="583">
    <time id="T574S" value="01:09:13,281" />
Jy het gedoen wat verbode was
    <time id="T574E" value="01:09:16,841" />
  </s>
  <s id="584">
    <time id="T575S" value="01:09:17,341" />
Nee, ek was nie binne nie
    <time id="T575E" value="01:09:21,842" />
  </s>
  <s id="585">
    <time id="T576S" value="01:09:26,662" />
Waarom is daar bloed aan hierdie sleutel?
    <time id="T576E" value="01:09:31,863" />
  </s>
  <s id="586">
    <time id="T577S" value="01:09:34,443" />
Ek weet niks nie
    <time id="T577E" value="01:09:36,884" />
  </s>
  <s id="587">
    <time id="T578S" value="01:09:37,324" />
Jy weet niks nie?
    <time id="T578E" value="01:09:41,344" />
  </s>
  <s id="588">
    <time id="T579S" value="01:09:41,344" />
Maar ek weet
    <time id="T579E" value="01:09:46,225" />
  </s>
  <s id="589">
    <time id="T580S" value="01:09:46,225" />
Jy was daar binne
    <time id="T580E" value="01:09:50,105" />
  </s>
  <s id="590">
    <time id="T581S" value="01:09:50,105" />
En Madame, Jy gaan daar binne wees
    <time id="T581E" value="01:09:54,046" />
  </s>
  <s id="591">
    <time id="T582S" value="01:09:54,046" />
Jy gaan jou plek inneem by daardie dames
    <time id="T582E" value="01:09:58,306" />
  </s>
  <s id="592">
    <time id="T583S" value="01:09:58,306" />
Vergewe my!
    <time id="T583E" value="01:10:00,606" />
  </s>
  <s id="593">
    <time id="T584S" value="01:10:00,606" />
Ek is regtig jammer ek was ongehoorsaam
    <time id="T584E" value="01:10:05,227" />
  </s>
  <s id="594">
    <time id="T585S" value="01:10:05,227" />
Ek weet dit was onvergeeflik
    <time id="T585E" value="01:10:09,247" />
  </s>
  <s id="595">
    <time id="T586S" value="01:10:09,247" />
Ek kon myself nie help nie
    <time id="T586E" value="01:10:12,068" />
  </s>
  <s id="596">
    <time id="T587S" value="01:10:13,908" />
Jy moet sterf, Madame.
  </s>
  <s id="597">
Nou dadelik
    <time id="T587E" value="01:10:17,388" />
  </s>
  <s id="598">
    <time id="T588S" value="01:10:17,788" />
Asseblief
    <time id="T588E" value="01:10:20,169" />
  </s>
  <s id="599">
    <time id="T589S" value="01:10:20,169" />
Asseblief, Monsieur.
    <time id="T589E" value="01:10:22,089" />
  </s>
  <s id="600">
    <time id="T590S" value="01:10:24,909" />
Laat my na die toring opklim om te bid vir my siel
    <time id="T590E" value="01:10:32,130" />
  </s>
  <s id="601">
    <time id="T591S" value="01:10:32,370" />
Ek kan jou net 15 minute toestaan
    <time id="T591E" value="01:10:36,811" />
  </s>
  <s id="602">
    <time id="T592S" value="01:10:36,811" />
Madame, jy gaan die dood nie ontwyk nie
    <time id="T592E" value="01:10:40,911" />
  </s>
  <s id="603">
    <time id="T593S" value="01:11:19,256" />
Anne!
    <time id="T593E" value="01:11:20,956" />
  </s>
  <s id="604">
    <time id="T594S" value="01:11:20,956" />
My suster Anne, sien jy niemand aankom nie?
    <time id="T594E" value="01:11:24,737" />
  </s>
  <s id="605">
    <time id="T595S" value="01:11:50,600" />
Kom nou, Madame jy moet sterf
    <time id="T595E" value="01:11:54,280" />
  </s>
  <s id="606">
    <time id="T596S" value="01:11:54,280" />
Asseblief - net een minuut
    <time id="T596E" value="01:11:57,501" />
  </s>
  <s id="607">
    <time id="T597S" value="01:11:58,381" />
Dit sal niks bereik nie, jy moet sterf, Madame
    <time id="T598E" value="01:12:03,661" />
  </s>
  <s id="608">
    <time id="T599S" value="01:12:03,661" />
Net 'n oomblik om te kan kalmeer,
    <time id="T599E" value="01:12:06,982" />
  </s>
  <s id="609">
    <time id="T600S" value="01:12:06,982" />
Net vir my om te konsentreer
    <time id="T600E" value="01:12:12,182" />
  </s>
  <s id="610">
    <time id="T601S" value="01:12:12,182" />
Ek verdien nie hierdie swaard nie, Die ander se kele is daarmee afgesny
    <time id="T601E" value="01:12:17,563" />
  </s>
  <s id="611">
    <time id="T602S" value="01:12:18,203" />
Steek met jou dolk na die skat in my hart
    <time id="T602E" value="01:12:22,883" />
  </s>
  <s id="612">
    <time id="T603S" value="01:12:23,023" />
Ek sal gelukkig sterf met jou hand op jou dolk
    <time id="T603E" value="01:12:27,584" />
  </s>
  <s id="613">
    <time id="T604S" value="01:12:27,964" />
Asseblief
    <time id="T604E" value="01:12:32,265" />
  </s>
  <s id="614">
    <time id="T605S" value="01:13:10,529" />
Dis tyd om te sterf
    <time id="T605E" value="01:13:12,789" />
  </s>
  <s id="615">
    <time id="T606S" value="01:13:13,770" />
Ek betwis dit nie
    <time id="T606E" value="01:13:17,790" />
  </s>
  <s id="616">
    <time id="T607S" value="01:13:18,210" />
Ek wil net sterf terwyl ek aan my huwelik vashou
    <time id="T607E" value="01:13:22,851" />
  </s>
  <s id="617">
    <time id="T608S" value="01:13:23,771" />
Jy was tog so goed vir my
    <time id="T608E" value="01:13:31,032" />
  </s>
  <s id="618">
    <time id="T609S" value="01:13:31,032" />
Goed, maar dis die laaste versoek
    <time id="T609E" value="01:13:37,552" />
  </s>
  <s id="619">
    <time id="T610S" value="01:13:37,552" />
Ek belowe
    <time id="T610E" value="01:13:42,073" />
  </s>
  <s id="620">
    <time id="T611S" value="01:13:42,073" />
Moenie weghol by die beste deel nie!
    <time id="T611E" value="01:13:45,233" />
  </s>
  <s id="621">
    <time id="T612S" value="01:13:45,233" />
Bly stil! 
  </s>
  <s id="622">
Ek is bang!
    <time id="T612E" value="01:13:47,374" />
  </s>
  <s id="623">
    <time id="T613S" value="01:13:47,374" />
"My suster Anne,sien jy niemand aankom nie?
    <time id="T613E" value="01:13:50,574" />
  </s>
  <s id="624">
    <time id="T614S" value="01:13:50,574" />
"Ek sien, antwoord sy, twee ruiters
    <time id="T614E" value="01:13:54,174" />
  </s>
  <s id="625">
    <time id="T615S" value="01:13:54,174" />
"maar hulle is nog ver
    <time id="T615E" value="01:13:58,275" />
  </s>
  <s id="626">
    <time id="T616S" value="01:13:58,775" />
"Prys die Here!
    <time id="T616E" value="01:14:00,715" />
  </s>
  <s id="627">
    <time id="T617S" value="01:14:00,715" />
"Dis musketiers, ek sal hulle beduie om gou te maak"
    <time id="T617E" value="01:14:06,336" />
  </s>
  <s id="628">
    <time id="T618S" value="01:14:23,938" />
Catherine! 
  </s>
  <s id="629">
Marie-Anne!
    <time id="T618E" value="01:14:26,258" />
  </s>
  <s id="630">
    <time id="T619S" value="01:14:29,339" />
Waar is jou suster? 
  </s>
  <s id="631">
Was sy weer naar met jou?
    <time id="T619E" value="01:14:34,819" />
  </s>
  <s id="632">
    <time id="T620S" value="01:14:41,120" />
Mamma...
    <time id="T620E" value="01:14:43,440" />
  </s>
  <meta>
    <conversion>
      <tokens>4461</tokens>
      <encoding>utf-8</encoding>
      <corrected_words>0</corrected_words>
      <truecased_words>1</truecased_words>
      <unknown_words>0</unknown_words>
      <sentences>632</sentences>
      <ignored_blocks>0</ignored_blocks>
    </conversion>
    <subtitle>
      <machine_translated>0</machine_translated>
      <date>2016-02-22</date>
      <language>Afrikaans</language>
      <confidence>1.0</confidence>
      <duration>01:14:43,440</duration>
      <blocks>620</blocks>
      <version>1</version>
      <rating>7.0</rating>
    </subtitle>
    <source>
      <duration>80</duration>
      <genre>Fantasy</genre>
      <country>France</country>
      <year>2009</year>
      <HD>0</HD>
      <cds>1/1</cds>
      <original>French</original>
    </source>
  </meta>
</document>
