<?xml version="1.0" encoding="utf-8"?>
<document id="6442226">
  <s id="1">
    <time id="T1S" value="00:00:00,099" />
Faraos, Piramides en Stonehenge
    <time id="T1E" value="00:00:07,023" />
  </s>
  <s id="2">
    <time id="T2S" value="00:00:07,391" />
Insigte en teorië oor die oeroue menslike boukuns
    <time id="T2E" value="00:00:15,000" />
  </s>
  <s id="3">
    <time id="T3S" value="00:00:42,194" />
Dames en here, die monumente-boukuns van Egipte, veral die piramide van Giza, wat u voor u sien het nog altyd die verbeelding van die mensdom aangegryp
    <time id="T7E" value="00:00:58,052" />
  </s>
  <s id="4">
    <time id="T8S" value="00:00:58,260" />
Hulle is die getuies van 'n groot beskawing wat vir baie eeue in hierdie land gedy het
    <time id="T10E" value="00:01:08,647" />
  </s>
  <s id="5">
    <time id="T11S" value="00:01:08,747" />
4800 jaar al bestaan die geweldige bouwerk opgerig deur Farao Cheops, die mooiste en grootste piramide in die land aan die Nyl
    <time id="T14E" value="00:01:21,524" />
  </s>
  <s id="6">
    <time id="T15S" value="00:01:21,624" />
Uit ongeveer 2 300 000 noukeurig gekapte kalksteenblokke, wat tot 2,5ton kan weeg, is trapsgewys 'n reusepiramide struktuur gebou
    <time id="T18E" value="00:01:38,785" />
  </s>
  <s id="7">
    <time id="T19S" value="00:01:39,570" />
Byna 140meter hoog is hierdie bouwerk vandag nog
    <time id="T20E" value="00:01:44,938" />
  </s>
  <s id="8">
    <time id="T21S" value="00:01:45,038" />
Die omtrek by die basis is meer as 900 meter
    <time id="T22E" value="00:01:50,023" />
  </s>
  <s id="9">
    <time id="T23S" value="00:01:50,350" />
Maar hierdie rommelhope was eenmaal 'n wonderlike gebou!
    <time id="T24E" value="00:01:56,940" />
  </s>
  <s id="10">
    <time id="T25S" value="00:02:01,479" />
Dit was 'n piramidevorm van matematiese presiesheid die trapvormige kern was noukeurig gesnyde en hoogs gepoleerde klippe wat voegloos op mekaar pas, gepak en bou so 'n gebou op van aangrypende skoonheid
    <time id="T32E" value="00:02:18,958" />
  </s>
  <s id="11">
    <time id="T33S" value="00:02:19,852" />
Rondom die piramide was 'n geplaveide en ommuurde binnehof
    <time id="T35E" value="00:02:25,613" />
  </s>
  <s id="12">
    <time id="T36S" value="00:02:26,442" />
Aan die oostekant van die piramide was daar 'n pragtige tempel met binnehowe en suile-saal
    <time id="T38E" value="00:02:33,971" />
  </s>
  <s id="13">
    <time id="T39S" value="00:02:35,433" />
'n Brëe trapgang loop van die heuwel af na die heilige meer daaronder 'n Kunsmatige kanaal het die water van die Nyl na die meer gelei en vorm die verbinding tussen die
    <time id="T45E" value="00:02:52,213" />
  </s>
  <s id="14">
    <time id="T46S" value="00:02:52,313" />
Nyl se landbougebied en die piramide, wat op die oostelike rand van die Libiese woestyn gebou was, en troon oor die dooie woestyn soos 'n voorpos van die Egiptiese kultuurryk
    <time id="T52E" value="00:03:08,689" />
  </s>
  <s id="15">
    <time id="T53S" value="00:03:10,041" />
Netsoos die woestyn vir die Egiptenaar die ryk van die dode voorstel, so was hulle piramides geweldige simbole van die dooies
    <time id="T56E" value="00:03:20,516" />
  </s>
  <s id="16">
    <time id="T57S" value="00:03:25,469" />
In die middel van hierdie steenwerk, en net toeganklik deur 'n steil gangetjie, wat deur reuse rotse verberg is, is daar 'n kamer
    <time id="T61E" value="00:03:37,318" />
  </s>
  <s id="17">
    <time id="T62S" value="00:03:37,418" />
In hierdie kamer was 'n eenvoudige sarkofaag wat in 'n Noord-Suid rigting staan
    <time id="T63E" value="00:03:43,210" />
  </s>
  <s id="18">
    <time id="T64S" value="00:03:43,624" />
Daarin lê, met die gesig na die ooste, en die sonsopkoms toe gekeer, die Farao wat reeds in sy leeftyd as god vereer was, en toe 'n rusplek gevind het binne die piramide, wat sy lyk teen die wrede natuur
    <time id="T70E" value="00:04:00,885" />
  </s>
  <s id="19">
    <time id="T71S" value="00:04:00,985" />
en die gierige mense moes beskerm tot die dag waarop hy deur hierdie liggaam 'n nuwe lewe sou kry
    <time id="T74E" value="00:04:10,203" />
  </s>
  <s id="20">
    <time id="T75S" value="00:04:10,901" />
Daarom is hierdie reuse bouwerk opgerig 100 000 mense sou 20 jaar lank aan die oprigting werk
    <time id="T77E" value="00:04:20,633" />
  </s>
  <s id="21">
    <time id="T78S" value="00:04:21,134" />
Die totale rykdom van Egipteland
    <time id="T79E" value="00:04:23,526" />
  </s>
  <s id="22">
    <time id="T80S" value="00:04:23,626" />
Sou in hierdie vesting van Farao se liggaam gesluit wees
    <time id="T82E" value="00:04:27,598" />
  </s>
  <s id="23">
    <time id="T83S" value="00:04:27,983" />
Vir duisende jare kon die piramides hulle taak vervul het
    <time id="T85E" value="00:04:32,308" />
  </s>
  <s id="24">
    <time id="T86S" value="00:04:33,156" />
Honderde jare lank het die Egiptiese priesters in hierdie tempel wat oos, na die sonsopkoms gerig is die dodefees gevier
    <time id="T90E" value="00:04:42,284" />
  </s>
  <s id="25">
    <time id="T91S" value="00:04:42,608" />
Honderde jare lank kon geen gewone sterfling die vloer van hierdie dode-tempels betree nie want dit was net deur onderaardse gange waarvan die ingang deur 'n heilige krokodil bewaak is, bereikbaar
    <time id="T99E" value="00:04:58,881" />
  </s>
  <s id="26">
    <time id="T100S" value="00:04:59,871" />
Maar sy "laaste bestemming"
    <time id="T100E" value="00:05:02,609" />
  </s>
  <s id="27">
    <time id="T101S" value="00:05:02,709" />
het die piramide nogtans nie vervul nie
    <time id="T102E" value="00:05:07,295" />
  </s>
  <s id="28">
    <time id="T103S" value="00:05:08,837" />
Volgens oorlewering het in die jaar 900 van ons tydsberekening die Kalif El Mamung, omdat hy die die skatte van die Farao begeer het, die piramide oopgebreek
    <time id="T108E" value="00:05:20,744" />
  </s>
  <s id="29">
    <time id="T109S" value="00:05:21,975" />
en die grafkamer beroof
    <time id="T109E" value="00:05:22,975" />
  </s>
  <s id="30">
    <time id="T110S" value="00:05:24,314" />
Wat die mense gespaar het, het die eeue verwoes woeste storms het die klippe verslyt en die buitelaag as sand weggevoer
    <time id="T113E" value="00:05:33,767" />
  </s>
  <s id="31">
    <time id="T114S" value="00:05:35,166" />
Wat nou nog staan, is net 'n kaal torso, 'n skamele voorbeeld van die verganklikheid van 'n eens geweldige beskawing wat die ganse aarde bevrug het
    <time id="T119E" value="00:05:49,651" />
  </s>
  <s id="32">
    <time id="T120S" value="00:05:49,751" />
Verskoon tog, professor glo u werklik ernstig dat Cheops se piramide
    <time id="T122E" value="00:05:55,634" />
  </s>
  <s id="33">
    <time id="T123S" value="00:05:55,898" />
Net maar 'n graf was?
    <time id="T123E" value="00:05:57,561" />
  </s>
  <s id="34">
    <time id="T124S" value="00:05:57,661" />
Vanselfsprekend, waarom vra u?
    <time id="T124E" value="00:05:59,650" />
  </s>
  <s id="35">
    <time id="T125S" value="00:06:00,827" />
U bewys, professor, dat die piramide 'n grafsteen is grond u op die bestaan van 'n kamer binne die piramide, waarin 'n deksellose krip gevind is, naamlik, wat U 'n sarkofaag wil noem
    <time id="T131E" value="00:06:16,608" />
  </s>
  <s id="36">
    <time id="T132S" value="00:06:16,832" />
Maar hierdie kaal kamer is, sonder enige ornamente, in skrille kontras met ander Faraos se grafte wat volgens die gebruik in ou Egipte, pragtig versierd was
    <time id="T136E" value="00:06:31,312" />
  </s>
  <s id="37">
    <time id="T137S" value="00:06:31,412" />
Hulle wande met reliëfs van die heldedade van die gestorwe vors versierd
    <time id="T140E" value="00:06:38,557" />
  </s>
  <s id="38">
    <time id="T141S" value="00:06:39,165" />
Hiervan is egter niks in die sg. koningskamer van die Cheops-piramide te vind nie
    <time id="T142E" value="00:06:44,845" />
  </s>
  <s id="39">
    <time id="T143S" value="00:06:44,945" />
En...
    <time id="T143E" value="00:06:45,945" />
  </s>
  <s id="40">
    <time id="T144S" value="00:06:46,265" />
Selfs as Bedoïne-rowers reeds hierdie en ander grafte van die dooie Faraos van ornamente en gereedskap beroof het, sou hulle sekerlik nie die reliëfs van die klipmure afgekap het nie
    <time id="T150E" value="00:07:00,343" />
  </s>
  <s id="41">
    <time id="T151S" value="00:07:00,667" />
Die mummie van die dooie Farao sou hulle nie wou wegdra nie, en nog minder sou hulle die swaar klipdeksel van die sarkofaag, wat nie van enige waarde was nie, deur die nou en kronkelende gang met moeite wegdra nie
    <time id="T158E" value="00:07:18,133" />
  </s>
  <s id="42">
    <time id="T159S" value="00:07:18,233" />
Wat u gesê het bevat nie die geringste bewys teen my teorie nie, maar, gaan voort
    <time id="T161E" value="00:07:23,772" />
  </s>
  <s id="43">
    <time id="T162S" value="00:07:23,995" />
Dit intereseer my baie wat die piramides volgens u sou wees
    <time id="T163E" value="00:07:28,295" />
  </s>
  <s id="44">
    <time id="T164S" value="00:07:28,395" />
Ek praat nou uitsluitlik van die Cheops-piramide, professor
    <time id="T165E" value="00:07:32,088" />
  </s>
  <s id="45">
    <time id="T166S" value="00:07:32,372" />
Ek ontken nie dat die ander piramides soos bv. die piramide wat
    <time id="T168E" value="00:07:39,391" />
  </s>
  <s id="46">
    <time id="T169S" value="00:07:41,763" />
verbind word aan Farao Kahfre of die een van Farao Menkaure,
    <time id="T170E" value="00:07:41,510" />
  </s>
  <s id="47">
    <time id="T171S" value="00:07:45,395" />
wel egte grafgelders is
    <time id="T171E" value="00:07:47,830" />
  </s>
  <s id="48">
    <time id="T172S" value="00:07:48,215" />
In hierdie piramides is daar regte sarkofage gevind selfs met die mummies van Faraos
    <time id="T174E" value="00:07:55,294" />
  </s>
  <s id="49">
    <time id="T175S" value="00:07:56,003" />
Die Cheops-piramide, egter is heeltemaal verskillend van die ander piramides
    <time id="T176E" value="00:08:01,502" />
  </s>
  <s id="50">
    <time id="T177S" value="00:08:01,725" />
En ook, hierdie groot piramide is die oudste bouwerk wat op aarde bestaan!
    <time id="T179E" value="00:08:08,358" />
  </s>
  <s id="51">
    <time id="T180S" value="00:08:09,105" />
Sy ouderdom is nie net die belaglike 4 800 jaar wat die Egiptoloë op grond van onseker feite bepaal het nie
    <time id="T182E" value="00:08:16,776" />
  </s>
  <s id="52">
    <time id="T183S" value="00:08:17,020" />
Sy ouderdom moet tienduisende jare wees!
    <time id="T184E" value="00:08:21,969" />
  </s>
  <s id="53">
    <time id="T185S" value="00:08:22,069" />
en reik terug na die oertyd 'n Beskawing lank voor die Faraos!
    <time id="T186E" value="00:08:27,385" />
  </s>
  <s id="54">
    <time id="T187S" value="00:08:27,485" />
Met 'n wetenskap en kennis wat vergelykbaar was met die huidige
    <time id="T188E" value="00:08:31,564" />
  </s>
  <s id="55">
    <time id="T189S" value="00:08:31,664" />
Dis heel interesant
    <time id="T189E" value="00:08:32,963" />
  </s>
  <s id="56">
    <time id="T190S" value="00:08:33,063" />
Historici weet nie van so 'n beskawing nie en daarom verwerp ek sulke fantasië
    <time id="T191E" value="00:08:38,907" />
  </s>
  <s id="57">
    <time id="T192S" value="00:08:39,007" />
Die historici weet daar niks van nie, want hulle erken slegs wat in hiërogliewe op papirusrolle of op klip geskryf is
    <time id="T196E" value="00:08:47,414" />
  </s>
  <s id="58">
    <time id="T197S" value="00:08:47,650" />
Inderdaad speel sulke getuienis 'n groot rol
    <time id="T197E" value="00:08:50,550" />
  </s>
  <s id="59">
    <time id="T198S" value="00:08:50,650" />
Hier in hierdie groteske bouwerk het ons ook 'n boek waarvan die bladsye klip, en die woorde nommers en getalle is
    <time id="T201E" value="00:08:58,218" />
  </s>
  <s id="60">
    <time id="T202S" value="00:08:58,603" />
Dit was Kolonel Howard Vyse wat 100 jaar gelede die taal van die Cheops-piramide begryp het
    <time id="T204E" value="00:09:04,840" />
  </s>
  <s id="61">
    <time id="T205S" value="00:09:05,590" />
Hy het opgemerk dat die gebou presies astronomies noord:suid gebou is
    <time id="T207E" value="00:09:13,087" />
  </s>
  <s id="62">
    <time id="T208S" value="00:09:13,489" />
Die akkuraatheid is so groot dat vandag se landmeters met hulle moderne instrumente dit nie akkurater kan doen nie
    <time id="T211E" value="00:09:22,601" />
  </s>
  <s id="63">
    <time id="T212S" value="00:09:23,554" />
Opmetings het getoon dat die 4 sye op die grond tot op 'n sentimeter ewe lank is
    <time id="T214E" value="00:09:30,775" />
  </s>
  <s id="64">
    <time id="T215S" value="00:09:31,445" />
Is dit vir 'n gebou, van so 'n geweldige afmeting, nie eenvoudig 'n wonder nie?
    <time id="T217E" value="00:09:37,348" />
  </s>
  <s id="65">
    <time id="T218S" value="00:09:38,281" />
Maar die wonder reik nog verder
    <time id="T218E" value="00:09:41,587" />
  </s>
  <s id="66">
    <time id="T219S" value="00:09:42,297" />
Aan onbeskadigde grondlaag-klippe, wat deur sand beskerm was, kon die hoeke van die piramide akkuraat gemeet word
    <time id="T222E" value="00:09:53,271" />
  </s>
  <s id="67">
    <time id="T223S" value="00:09:53,371" />
En met behulp van hierdie hoeke en die mate van die piramidebasis kon toe die voormalige hoogte van die piramide tot 'n sentimeter sekuur bereken word
    <time id="T227E" value="00:10:04,732" />
  </s>
  <s id="68">
    <time id="T228S" value="00:10:05,521" />
Hierdie afmeting ontbloot toe 'n verbasende ontdekking!
    <time id="T229E" value="00:10:10,351" />
  </s>
  <s id="69">
    <time id="T230S" value="00:10:10,838" />
Dit is naamlik presies een miljardste deel van die gemiddelde afstand die aarde van die son!
    <time id="T233E" value="00:10:20,311" />
  </s>
  <s id="70">
    <time id="T234S" value="00:10:20,967" />
Dit beteken nie minder as dat die bouer van die piramide kennis besit het
    <time id="T236E" value="00:10:27,250" />
  </s>
  <s id="71">
    <time id="T237S" value="00:10:29,352" />
wat eers in die moderne wetenskap ge-ewenaar is
    <time id="T237E" value="00:10:30,352" />
  </s>
  <s id="72">
    <time id="T238S" value="00:10:30,981" />
Maar daar's nog meer in steen geskryf
    <time id="T238E" value="00:10:34,673" />
  </s>
  <s id="73">
    <time id="T239S" value="00:10:34,997" />
Elke deeltjie van die gebou het betekenis
    <time id="T239E" value="00:10:37,573" />
  </s>
  <s id="74">
    <time id="T240S" value="00:10:37,673" />
Elke afmeting
    <time id="T240E" value="00:10:38,907" />
  </s>
  <s id="75">
    <time id="T241S" value="00:10:39,185" />
Spreek van die wysheid van die bouers
    <time id="T241E" value="00:10:41,401" />
  </s>
  <s id="76">
    <time id="T242S" value="00:10:41,807" />
Om hierdie wysheid egter aan die ewigheid oor te lewer is die enigste doel en die enigste bestemming van hierdie groot piramide
    <time id="T246E" value="00:10:49,683" />
  </s>
  <s id="77">
    <time id="T247S" value="00:10:49,783" />
Hou tog op met hierdie onsin!
    <time id="T247E" value="00:10:52,179" />
  </s>
  <s id="78">
    <time id="T248S" value="00:10:52,279" />
Onsin?
    <time id="T248E" value="00:10:53,279" />
  </s>
  <s id="79">
    <time id="T249S" value="00:10:53,379" />
Ja! 
  </s>
  <s id="80">
Kelner!
    <time id="T249E" value="00:10:54,674" />
  </s>
  <s id="81">
    <time id="T250S" value="00:10:54,774" />
'n Whisky
    <time id="T250E" value="00:10:55,774" />
  </s>
  <s id="82">
    <time id="T251S" value="00:10:55,874" />
Dit is nie meer wetenskap nie!
  </s>
  <s id="83">
Goed, meneer
    <time id="T251E" value="00:10:58,448" />
  </s>
  <s id="84">
    <time id="T252S" value="00:10:58,548" />
Dit is wilde spekulasie, wat altyd weer die koppe van dromers verwar
    <time id="T254E" value="00:11:04,349" />
  </s>
  <s id="85">
    <time id="T255S" value="00:11:04,449" />
Dit was altyd die taktiek van sogenaamde wetenskap om elke nuwe insig verbete te beveg
    <time id="T258E" value="00:11:09,380" />
  </s>
  <s id="86">
    <time id="T259S" value="00:11:09,480" />
Hierdie is geen insig nie, maar veronderstellings wat reeds 'n halwe eeu gelede al afgemaak is as valshede
    <time id="T262E" value="00:11:15,628" />
  </s>
  <s id="87">
    <time id="T263S" value="00:11:16,378" />
Die groot piramide van Cheops het dit nie nodig om met sulke mistiek te imponeer nie
    <time id="T265E" value="00:11:21,450" />
  </s>
  <s id="88">
    <time id="T266S" value="00:11:21,550" />
Hierdie grandieuse gebou spreek ook sonder bespiegeling, met duidelike taal, van die grootheid van sy tyd en sy boumeesters
    <time id="T269E" value="00:11:29,401" />
  </s>
  <s id="89">
    <time id="T270S" value="00:11:30,132" />
Dit is 'n duidelike bewys van die woord: "Ex oriente lux"
    <time id="T271E" value="00:11:34,290" />
  </s>
  <s id="90">
    <time id="T272S" value="00:11:34,777" />
Uit die ooste kom die lig van beskawing na die weste
    <time id="T273E" value="00:11:39,199" />
  </s>
  <s id="91">
    <time id="T274S" value="00:11:39,645" />
Dink tog, so 'n tyd toe die Nordiese lande in die diepste on-kultuur was het hier reeds 'n bouwerk tot stand gekom wat toe, soos nou nog as die grootste bou-wonder beskryf word
    <time id="T281E" value="00:11:55,122" />
  </s>
  <s id="92">
    <time id="T282S" value="00:11:55,690" />
Oortuig dit u nie?
    <time id="T282E" value="00:11:56,887" />
  </s>
  <s id="93">
    <time id="T283S" value="00:11:56,987" />
Ek glo nie
    <time id="T283E" value="00:11:57,987" />
  </s>
  <s id="94">
    <time id="T284S" value="00:11:59,037" />
Ekskuus, wat glo u nie?
    <time id="T284E" value="00:12:01,046" />
  </s>
  <s id="95">
    <time id="T285S" value="00:12:01,533" />
Verskoon, professor, ek wou sê
    <time id="T285E" value="00:12:03,358" />
  </s>
  <s id="96">
    <time id="T286S" value="00:12:03,662" />
Ek glo u oorskat die rol van die Ooste en u doen die Noorde onreg aan
    <time id="T288E" value="00:12:08,267" />
  </s>
  <s id="97">
    <time id="T289S" value="00:12:08,551" />
Aha, u is 'n Pan-Germanis
    <time id="T289E" value="00:12:10,478" />
  </s>
  <s id="98">
    <time id="T290S" value="00:12:11,110" />
Hoe wil u die teorie omtrent hierdie geweldige piramide begrond?
    <time id="T291E" value="00:12:15,263" />
  </s>
  <s id="99">
    <time id="T292S" value="00:12:15,363" />
Meneer...
    <time id="T292E" value="00:12:16,180" />
  </s>
  <s id="100">
    <time id="T293S" value="00:12:16,280" />
Meneer kollega
    <time id="T293E" value="00:12:17,862" />
  </s>
  <s id="101">
    <time id="T294S" value="00:12:18,633" />
Praat gerus
    <time id="T294E" value="00:12:20,134" />
  </s>
  <s id="102">
    <time id="T295S" value="00:12:20,560" />
Ek dring daarop aan
    <time id="T295E" value="00:12:21,817" />
  </s>
  <s id="103">
    <time id="T296S" value="00:12:22,122" />
Graag, professor
    <time id="T296E" value="00:12:23,623" />
  </s>
  <s id="104">
    <time id="T297S" value="00:12:26,042" />
So?
    <time id="T297E" value="00:12:27,042" />
  </s>
  <s id="105">
    <time id="T298S" value="00:12:27,734" />
Met watter bewerings wil u die bewyskrag van hierdie klipreus van 'n groot beskawing verkleineer?
    <time id="T301E" value="00:12:34,009" />
  </s>
  <s id="106">
    <time id="T302S" value="00:12:34,109" />
Verkleineer?
  </s>
  <s id="107">
Nee, Professor
    <time id="T302E" value="00:12:36,260" />
  </s>
  <s id="108">
    <time id="T303S" value="00:12:36,382" />
Ek wil net die sogenaamde
    <time id="T303E" value="00:12:38,167" />
  </s>
  <s id="109">
    <time id="T304S" value="00:12:38,267" />
ON-kultuur van die Noorde ontken
    <time id="T304E" value="00:12:40,378" />
  </s>
  <s id="110">
    <time id="T305S" value="00:12:41,169" />
So, dus:
  </s>
  <s id="111">
Germane teen Faraos
    <time id="T305E" value="00:12:43,847" />
  </s>
  <s id="112">
    <time id="T306S" value="00:12:44,348" />
Ja
    <time id="T306E" value="00:12:45,348" />
  </s>
  <s id="113">
    <time id="T307S" value="00:12:45,448" />
Laat dan maar los.
  </s>
  <s id="114">
Ek is oorgehaal
    <time id="T307E" value="00:12:48,188" />
  </s>
  <s id="115">
    <time id="T308S" value="00:12:48,831" />
Goed
    <time id="T308E" value="00:12:49,831" />
  </s>
  <s id="116">
    <time id="T309S" value="00:12:54,131" />
As ons van hier... van Egipte noord-weswaarts tot na Suid-Engeland
    <time id="T311E" value="00:13:02,894" />
  </s>
  <s id="117">
    <time id="T312S" value="00:13:03,949" />
waar duisende jare gelede
    <time id="T312E" value="00:13:06,236" />
  </s>
  <s id="118">
    <time id="T313S" value="00:13:06,336" />
Germaanse stamme geleef het
    <time id="T313E" value="00:13:07,852" />
  </s>
  <s id="119">
    <time id="T314S" value="00:13:08,696" />
Daar
    <time id="T314E" value="00:13:09,696" />
  </s>
  <s id="120">
    <time id="T315S" value="00:13:10,258" />
Naby die stad Salisbury staan die oorblyfsels van 'n groot bouwerk wat met geweldige rotse uitgebou is
    <time id="T317E" value="00:13:19,183" />
  </s>
  <s id="121">
    <time id="T318S" value="00:13:19,974" />
Die "Stonehenge"
    <time id="T318E" value="00:13:23,017" />
  </s>
  <s id="122">
    <time id="T319S" value="00:13:23,707" />
In Duits: "Klipheining"
    <time id="T319E" value="00:13:25,573" />
  </s>
  <s id="123">
    <time id="T320S" value="00:13:27,256" />
Dit is huidig net 'n treurige torso, omdat onwetende mense hierdie bouwerk verniel het, wat die rowwe klimaat van die Noorde vir duisende jare trotseer het
    <time id="T324E" value="00:13:38,372" />
  </s>
  <s id="124">
    <time id="T325S" value="00:13:39,103" />
Eers latere navorsing het, toe daar soortgelyke strukture in Duitsland ook ontdek is, die aandag op Stonehenge gevestig, en rekonstruksiewerk begin het
    <time id="T329E" value="00:13:51,274" />
  </s>
  <s id="125">
    <time id="T330S" value="00:13:59,732" />
Op 'n wye vlak, wat deur 'n grondwal omring is, staan 'n reuse-sirkel, gebou met 30 magtige,
    <time id="T333E" value="00:14:09,652" />
  </s>
  <s id="126">
    <time id="T334S" value="00:14:09,752" />
20 ton rotspilare, wat met swaar rotsblokke oordek is
    <time id="T335E" value="00:14:15,575" />
  </s>
  <s id="127">
    <time id="T336S" value="00:14:17,117" />
In die middel van die geweldige klipsirkel staan 'n ring van 47 gespitste klipsuile
    <time id="T338E" value="00:14:23,486" />
  </s>
  <s id="128">
    <time id="T339S" value="00:14:26,529" />
en in die middel van daardie ring 'n hoefystervormige boog gevorm deur 5 enorme dubbelpilare
    <time id="T341E" value="00:14:35,109" />
  </s>
  <s id="129">
    <time id="T342S" value="00:14:39,775" />
Binne hierdie boë is weer 'n hoefystervorm van
    <time id="T343E" value="00:14:42,960" />
  </s>
  <s id="130">
    <time id="T344S" value="00:14:43,122" />
17 kleiner klippilare
    <time id="T344E" value="00:14:46,388" />
  </s>
  <s id="131">
    <time id="T345S" value="00:14:46,631" />
En in die middel van hierdie suile lê 'n reuse klipplaat wat soos 'n altaar voorkom
    <time id="T347E" value="00:14:55,212" />
  </s>
  <s id="132">
    <time id="T348S" value="00:14:56,307" />
Die hoefystervormige middeldeel wys met die oop end na 'n breë gang, waar twee enkele rotsblokke staan
    <time id="T351E" value="00:15:06,409" />
  </s>
  <s id="133">
    <time id="T352S" value="00:15:08,250" />
Alhoewel hierdie ongetwyfeld grootse bouwerk in afmetings skaars met die geweldige piramides vergelyk kan word, so is hulle argitektoniese duidelikheid nogtans 'n getuienis van die boukultuur van ons Nordiese voorvaders en vir ons 'n glansende bewys van hulle meesterlikheid om
    <time id="T359E" value="00:15:28,898" />
  </s>
  <s id="134">
    <time id="T360S" value="00:15:28,998" />
met enorme rotsblokke te werk 'n Relatief klein aantal manne het hierdie klippilare, wat tot 65ton weeg, uit rotse gekap, gevorm, en opgerig
    <time id="T365E" value="00:15:42,496" />
  </s>
  <s id="135">
    <time id="T366S" value="00:15:42,898" />
Hulle het die klomp klipbalke, wat tot 10ton weeg, tot 'n hoogte van 7 meter opgelig, en met voeë aan die klippilare verbind
    <time id="T369E" value="00:15:54,220" />
  </s>
  <s id="136">
    <time id="T370S" value="00:15:56,471" />
Die sin en doel van die bouwerk, is vir die beskawing van die oer-Nordiese mense van uiterste belang
    <time id="T373E" value="00:16:05,052" />
  </s>
  <s id="137">
    <time id="T374S" value="00:16:06,148" />
Buiten sy bestemming as graf vir 'n Nordiese koning, is dit naamlik ook kultus-area, kalender, en astronomiese observatorium tegelyk
    <time id="T378E" value="00:16:19,353" />
  </s>
  <s id="138">
    <time id="T379S" value="00:16:22,781" />
As, na die lang winternagte van die Noorde, die son, die oorsprong van alle aardse lewe, agter die merk-klip, ver in die suid-ooste opstyg, dan verkondig die priester-astronoom van die Nordiese volk die wedergeboorte van die lig,
    <time id="T386E" value="00:16:41,464" />
  </s>
  <s id="139">
    <time id="T387S" value="00:16:42,275" />
verkondig dat die son nou sal omdraai, en oor die wrede winter seëvier
    <time id="T389E" value="00:16:49,659" />
  </s>
  <s id="140">
    <time id="T390S" value="00:16:50,693" />
Die tyd vir winter-sonstilstand
    <time id="T390E" value="00:16:52,844" />
  </s>
  <s id="141">
    <time id="T391S" value="00:16:57,428" />
As die son in sy jaarlikse baan aan die hemel, agter die groot merkklip in die gang, opstyg, en die lig op die altaar skyn, dan verkondig hy die mid-somer, die hoogtepunt van die jaar,
    <time id="T396E" value="00:17:13,879" />
  </s>
  <s id="142">
    <time id="T397S" value="00:17:13,979" />
met 'n diep betekenis vir alles wat lewe
    <time id="T398E" value="00:17:17,591" />
  </s>
  <s id="143">
    <time id="T399S" value="00:17:20,743" />
U noem dit ordening?
    <time id="T399E" value="00:17:22,054" />
  </s>
  <s id="144">
    <time id="T400S" value="00:17:22,154" />
Elke primitiewe volk besit dié kennis
    <time id="T400E" value="00:17:24,711" />
  </s>
  <s id="145">
    <time id="T401S" value="00:17:25,097" />
Nee, professor
    <time id="T401E" value="00:17:26,719" />
  </s>
  <s id="146">
    <time id="T402S" value="00:17:27,409" />
Dit is die grondslag van kalenders
    <time id="T402E" value="00:17:29,762" />
  </s>
  <s id="147">
    <time id="T403S" value="00:17:30,537" />
Wat navorsing bewys het, beter en noukeuriger was as dié van die ou Egipte en Babelonië
    <time id="T405E" value="00:17:37,653" />
  </s>
  <s id="148">
    <time id="T406S" value="00:17:38,282" />
Maar in Stonehenge is daar nog 'n ander wysheid verberg
    <time id="T407E" value="00:17:42,012" />
  </s>
  <s id="149">
    <time id="T408S" value="00:17:42,420" />
Uit die aantal van die enkele klippilare, hulle groottes, opvolging en posisies, het die navorsing met sekerheid bepaal, dat hierdie bouwerk gedien het om toekomstige maansverduisterings te bereken
    <time id="T412E" value="00:17:55,873" />
  </s>
  <s id="150">
    <time id="T413S" value="00:17:57,390" />
en hierdie bouwerk is 3 800 jaar oud
    <time id="T413E" value="00:18:01,062" />
  </s>
  <s id="151">
    <time id="T414S" value="00:18:01,832" />
En daar is versteek in hierdie bouwerk nog baie meer kennis wat nog wag op ontdekking deur navorsing
    <time id="T416E" value="00:18:10,819" />
  </s>
  <s id="152">
    <time id="T417S" value="00:18:12,563" />
Nou praat u van onbekende geheime met dieselfde spekulasies as die heer wat vroeër gepraat het
    <time id="T419E" value="00:18:20,393" />
  </s>
  <s id="153">
    <time id="T420S" value="00:18:20,758" />
Maar, waar is die bewyse?
    <time id="T420E" value="00:18:21,894" />
  </s>
  <s id="154">
    <time id="T421S" value="00:18:22,198" />
Skriftelike bewyse van die sogenaamde beskawing van die Noorde
    <time id="T422E" value="00:18:26,765" />
  </s>
  <s id="155">
    <time id="T423S" value="00:18:27,655" />
Ag, dat kan u kry
    <time id="T423E" value="00:18:29,156" />
  </s>
  <s id="156">
    <time id="T424S" value="00:18:29,826" />
Daar bestaan 'n handskrif
    <time id="T424E" value="00:18:31,570" />
  </s>
  <s id="157">
    <time id="T425S" value="00:18:31,670" />
Uit die jaar 1250 van ons tydrekening
    <time id="T425E" value="00:18:34,633" />
  </s>
  <s id="158">
    <time id="T426S" value="00:18:34,836" />
Wat in Noorweë gevind is genoem "Die Koning se spieël"
    <time id="T427E" value="00:18:39,136" />
  </s>
  <s id="159">
    <time id="T428S" value="00:18:39,867" />
Luister self na 'n klein stukkie oor die kennis van die Germane in 'n hoofstuk van die dokument wat handel oor 'n probleem, waaroor, in die antieke oudheid, die absurdste menings bestaan het
    <time id="T433E" value="00:18:51,612" />
  </s>
  <s id="160">
    <time id="T434S" value="00:18:52,504" />
Naamlik die probleem van die vorm van die aarde
    <time id="T434E" value="00:18:56,034" />
  </s>
  <s id="161">
    <time id="T435S" value="00:18:57,109" />
Laat my dit met 'n voorbeeld verduidelik
    <time id="T435E" value="00:19:00,618" />
  </s>
  <s id="162">
    <time id="T436S" value="00:19:02,768" />
Kyk na hierdie lig, wat hierdie vertrek geheel verlig
    <time id="T437E" value="00:19:09,868" />
  </s>
  <s id="163">
    <time id="T438S" value="00:19:13,823" />
As u nou 'n appel neem, en dit naby die lig hou,
    <time id="T439E" value="00:19:20,071" />
  </s>
  <s id="164">
    <time id="T440S" value="00:19:21,085" />
so naby dat die appel warm word, dan word byna die helfte van die vertrek verdonker
    <time id="T442E" value="00:19:31,816" />
  </s>
  <s id="165">
    <time id="T443S" value="00:19:37,861" />
Hou u die appel naby die muur, dan word dit nie warm nie, en die lig verlig die hele ruimte, behalwe daar waar die appel is, 'n skadu teen die muur lê omtrent so groot soos die appel is
    <time id="T448E" value="00:19:53,967" />
  </s>
  <s id="166">
    <time id="T449S" value="00:19:57,842" />
Hieruit kan u aflei dat die aarde rond is soos 'n bal
    <time id="T450E" value="00:20:02,710" />
  </s>
  <s id="167">
    <time id="T451S" value="00:20:03,765" />
Daar op sy ronding naaste aan die son, word dit die warmste, en enige land wat direk onder die sonstrale lê, is onbewoonbaar
    <time id="T455E" value="00:20:15,611" />
  </s>
  <s id="168">
    <time id="T456S" value="00:20:16,199" />
Ander lande wat so lê dat die sonstrale hulle skuins tref, kan heel goed bewoon word
    <time id="T458E" value="00:20:22,549" />
  </s>
  <s id="169">
    <time id="T459S" value="00:20:23,886" />
Volgens my voorstelling, lyk dit vir my so te wees dat die koudste streke by die uiterste noorde en suide van die aarde lê
    <time id="T461E" value="00:20:32,569" />
  </s>
  <s id="170">
    <time id="T462S" value="00:20:36,809" />
Is dit nie 'n voorstelling wat elke moderne pedagoog sy eie gemaak het nie?
    <time id="T464E" value="00:20:41,779" />
  </s>
  <s id="171">
    <time id="T465S" value="00:20:42,286" />
As dit so was, geëerde kollega, sou ons hier in Egipte bewyse daarvoor gevind het
    <time id="T468E" value="00:20:47,641" />
  </s>
  <s id="172">
    <time id="T469S" value="00:20:47,741" />
Dit is tog die geval!
    <time id="T469E" value="00:20:48,858" />
  </s>
  <s id="173">
    <time id="T470S" value="00:20:48,938" />
Waar?
    <time id="T470E" value="00:20:49,438" />
  </s>
  <s id="174">
    <time id="T471S" value="00:20:49,518" />
Hier, in Egipte!
    <time id="T471E" value="00:20:50,412" />
  </s>
  <s id="175">
    <time id="T472S" value="00:20:50,492" />
Huh?
    <time id="T472E" value="00:20:50,992" />
  </s>
  <s id="176">
    <time id="T473S" value="00:20:51,072" />
By Thebus
    <time id="T473E" value="00:20:52,124" />
  </s>
  <s id="177">
    <time id="T474S" value="00:20:52,585" />
In daardie dal het baie Faraos van die Farao-ryk hulle laaste rusplek gevind, en dit word nog genoem die vallei van die konings
    <time id="T477E" value="00:21:01,070" />
  </s>
  <s id="178">
    <time id="T478S" value="00:21:01,962" />
Daar het navorsers in 'n 3 400 jaar oue graf 'n 2-wiel renwa gevind
    <time id="T480E" value="00:21:07,845" />
  </s>
  <s id="179">
    <time id="T481S" value="00:21:08,372" />
Die tipiese vorm van 'n oud-Egiptiese renwa, is daar gesê
    <time id="T482E" value="00:21:12,429" />
  </s>
  <s id="180">
    <time id="T483S" value="00:21:12,590" />
Maar die mense wat dit beweer het, was bietjie ongemaklik daaroor
    <time id="T484E" value="00:21:17,011" />
  </s>
  <s id="181">
    <time id="T485S" value="00:21:17,343" />
Want in Swede word daar ook in 'n graf 'n reliëf ontdek waarop 'n primitiewe vorm met verrassende ooreenkoms, ook 'n soortgelyke wa, gevind
    <time id="T489E" value="00:21:28,414" />
  </s>
  <s id="182">
    <time id="T490S" value="00:21:28,819" />
Hierdie voorstelling is egter meer as 3 500 jaar oud
    <time id="T491E" value="00:21:33,586" />
  </s>
  <s id="183">
    <time id="T492S" value="00:21:35,371" />
Meen u dus dat dit so gebeur het:
    <time id="T492E" value="00:21:37,603" />
  </s>
  <s id="184">
    <time id="T493S" value="00:21:37,703" />
Dat die Egiptiese vorm van die wa
    <time id="T493E" value="00:21:40,098" />
  </s>
  <s id="185">
    <time id="T494S" value="00:21:40,198" />
Vir die Nordiese volk 'n model was?
    <time id="T494E" value="00:21:43,059" />
  </s>
  <s id="186">
    <time id="T495S" value="00:21:43,668" />
Dit was juis die omgekeerde!
    <time id="T495E" value="00:21:45,088" />
  </s>
  <s id="187">
    <time id="T496S" value="00:21:45,879" />
Ek glo dat die Nore die renwa uitgevind het, en het die wa gebou wat in 'n Egiptiese graf gevind is
    <time id="T499E" value="00:21:54,155" />
  </s>
  <s id="188">
    <time id="T500S" value="00:21:54,255" />
Hoe wil u nou hierdie onsin bewys?
    <time id="T500E" value="00:21:56,123" />
  </s>
  <s id="189">
    <time id="T501S" value="00:21:56,223" />
Baie eenvoudig
    <time id="T501E" value="00:21:57,462" />
  </s>
  <s id="190">
    <time id="T502S" value="00:21:57,766" />
Die wielvellings van die sg. 
  </s>
  <s id="191">
Egiptiese wa is naamlik uit Eshout gemaak, die speke uit Ulmhout en die juk uit Boekenhout
    <time id="T506E" value="00:22:12,046" />
  </s>
  <s id="192">
    <time id="T507S" value="00:22:13,345" />
Ulm, Es en Boeken is almal
    <time id="T507E" value="00:22:15,718" />
  </s>
  <s id="193">
    <time id="T508S" value="00:22:15,818" />
Oer-Nordiese bome, en en kom nie voor in Egipte nie en was nog nooit daar nie
    <time id="T510E" value="00:22:19,958" />
  </s>
  <s id="194">
    <time id="T511S" value="00:22:21,925" />
As u, professor, wou beweer dat die ou Egiptenare die hout uit die Noorde ingevoer het, om sulke waens te bou, dan moet ek u sê dat dit ook onmoontlik is
    <time id="T516E" value="00:22:32,613" />
  </s>
  <s id="195">
    <time id="T517S" value="00:22:32,776" />
Want die houtdele van die waens, is teenstrydig met die Egiptiese gebruik, met Berke-teer en Berke-bas
    <time id="T519E" value="00:22:41,683" />
  </s>
  <s id="196">
    <time id="T520S" value="00:22:42,169" />
Aanmekaar gevoeg
    <time id="T520E" value="00:22:43,326" />
  </s>
  <s id="197">
    <time id="T521S" value="00:22:43,569" />
En die Berk is ook 'n oer-Nordiese boom wat nog nooit in die Ooste was nie
    <time id="T522E" value="00:22:49,371" />
  </s>
  <s id="198">
    <time id="T523S" value="00:22:49,756" />
Ek protesteer!
    <time id="T523E" value="00:22:51,095" />
  </s>
  <s id="199">
    <time id="T524S" value="00:22:51,440" />
U wil met 'n enkele voorbeeld, wat niks met piramide te doen het, 'n hele omverwerping bewys
    <time id="T526E" value="00:22:57,261" />
  </s>
  <s id="200">
    <time id="T527S" value="00:22:58,215" />
Die piramides... 'n oomblik, professor!
    <time id="T528E" value="00:23:00,491" />
  </s>
  <s id="201">
    <time id="T529S" value="00:23:00,973" />
Ook in hierdie piramides vind ons ook 'n aanduiding van oud-Nordiese kultuur
    <time id="T531E" value="00:23:07,221" />
  </s>
  <s id="202">
    <time id="T532S" value="00:23:07,647" />
In Engeland meet, vandag nog, hulle graan met 'n holmaat wat eeuelang 'n "Quarter" genoem word
    <time id="T534E" value="00:23:15,660" />
  </s>
  <s id="203">
    <time id="T535S" value="00:23:16,268" />
"Quarter" is 'n kwart
    <time id="T535E" value="00:23:18,033" />
  </s>
  <s id="204">
    <time id="T536S" value="00:23:18,763" />
Die viervoud daarvan was die eenheidsmaat, maar dit is bykans onbekend
    <time id="T537E" value="00:23:23,794" />
  </s>
  <s id="205">
    <time id="T538S" value="00:23:25,234" />
en dit is ook al wonderlik
    <time id="T538E" value="00:23:27,344" />
  </s>
  <s id="206">
    <time id="T539S" value="00:23:28,196" />
Gaan ons nou terug na die Cheops-piramide, en rekonstrueer die klip-trog en sy waarskynlikste mate, dan vind ons dat die inhoud net mooi 4 kwarte is wat die volle eenheid was, wat by ons Nordiese voorvaders in gebruik was
    <time id="T545E" value="00:23:51,381" />
  </s>
  <s id="207">
    <time id="T546S" value="00:23:53,613" />
Dit is vermoedens, niks meer!
    <time id="T546E" value="00:23:56,595" />
  </s>
  <s id="208">
    <time id="T547S" value="00:23:57,893" />
Dit is die deurbreek van die trotse erkentenis
    <time id="T547E" value="00:24:00,226" />
  </s>
  <s id="209">
    <time id="T548S" value="00:24:00,854" />
Dat ons Germaanse voorvaders 'n hoë beskawing gehad het
    <time id="T549E" value="00:24:04,993" />
  </s>
  <s id="210">
    <time id="T550S" value="00:24:06,392" />
'n Beskawing, wat eeuelank terugreik en 'n uitwerking gehad het, selfs in die klassieke beskawing van ou Egipte ten goede
    <time id="T554E" value="00:24:17,843" />
  </s>
  <meta>
    <conversion>
      <tokens>2924</tokens>
      <encoding>utf-8</encoding>
      <corrected_words>0</corrected_words>
      <truecased_words>0</truecased_words>
      <unknown_words>0</unknown_words>
      <sentences>210</sentences>
      <ignored_blocks>0</ignored_blocks>
    </conversion>
    <subtitle>
      <machine_translated>0</machine_translated>
      <date>2015-12-30</date>
      <language>Afrikaans</language>
      <confidence>1.0</confidence>
      <duration>00:24:17,843</duration>
      <blocks>554</blocks>
      <version>1</version>
      <rating>7.0</rating>
    </subtitle>
    <source>
      <duration>20</duration>
      <genre>Short</genre>
      <country />
      <year>1939</year>
      <HD>0</HD>
      <cds>1/1</cds>
      <original />
    </source>
  </meta>
</document>
