<?xml version="1.0" encoding="utf-8"?>
<document id="6057936">
  <s id="1">
    <time id="T1S" value="00:01:30,000" />
Is dit sy?
    <time id="T1E" value="00:01:31,286" />
  </s>
  <s id="2">
    <time id="T2S" value="00:01:36,000" />
Ja.
    <time id="T2E" value="00:01:36,922" />
  </s>
  <s id="3">
    <time id="T3S" value="00:01:39,121" />
Sy sal nie eers 'n sekonde vroeg wees nie
    <time id="T3E" value="00:01:41,852" />
  </s>
  <s id="4">
    <time id="T4S" value="00:01:43,521" />
So is sy
    <time id="T4E" value="00:01:44,932" />
  </s>
  <s id="5">
    <time id="T5S" value="00:01:45,121" />
Watter soort is sy?
    <time id="T5E" value="00:01:46,362" />
  </s>
  <s id="6">
    <time id="T6S" value="00:01:46,522" />
As sy ses was sou sy "humeurig" wees
    <time id="T6E" value="00:01:49,924" />
  </s>
  <s id="7">
    <time id="T7S" value="00:01:55,603" />
Is sy alleen?
    <time id="T7E" value="00:01:56,934" />
  </s>
  <s id="8">
    <time id="T8S" value="00:01:57,923" />
Haar gevangeneming het haar vriende laat verdwyn
    <time id="T8E" value="00:02:02,009" />
  </s>
  <s id="9">
    <time id="T9S" value="00:02:12,125" />
Dr Wolff sal saam met ons werk Sy kom van Berlyn... van die Charite Hospital, en sy wou...
    <time id="T10E" value="00:02:18,928" />
  </s>
  <s id="10">
    <time id="T11S" value="00:02:19,126" />
Ons het ontmoet
    <time id="T11E" value="00:02:21,015" />
  </s>
  <s id="11">
    <time id="T12S" value="00:02:21,366" />
Goed, sy sal voortgaan met die enkelfraktuur
    <time id="T12E" value="00:02:24,210" />
  </s>
  <s id="12">
    <time id="T13S" value="00:02:24,446" />
Die swelsel het heetemal gesak Ons sal die dreinering verwyder
    <time id="T13E" value="00:02:27,690" />
  </s>
  <s id="13">
    <time id="T14S" value="00:02:28,847" />
Kom ons kyk na die been.
  </s>
  <s id="14">
Pragtig!
    <time id="T14E" value="00:02:33,012" />
  </s>
  <s id="15">
    <time id="T15S" value="00:02:34,008" />
Jy sal gou kan sokker speel
    <time id="T15E" value="00:02:36,215" />
  </s>
  <s id="16">
    <time id="T16S" value="00:02:37,008" />
Is jy in die middelveld?
    <time id="T16E" value="00:02:38,533" />
  </s>
  <s id="17">
    <time id="T17S" value="00:02:38,768" />
Senter?
  </s>
  <s id="18">
Nee, regs
    <time id="T17E" value="00:02:40,008" />
  </s>
  <s id="19">
    <time id="T18S" value="00:02:40,528" />
So, dis jou skopskoen
    <time id="T18E" value="00:02:42,611" />
  </s>
  <s id="20">
    <time id="T19S" value="00:02:44,049" />
Kan jy skop met die ander een?
    <time id="T19E" value="00:02:45,778" />
  </s>
  <s id="21">
    <time id="T20S" value="00:02:46,009" />
Nie so goed nie Hy kan net keer dat ek omval
    <time id="T20E" value="00:02:48,854" />
  </s>
  <s id="22">
    <time id="T21S" value="00:02:49,010" />
Het jou afrigter jou so geleer?
    <time id="T21E" value="00:02:50,933" />
  </s>
  <s id="23">
    <time id="T22S" value="00:02:51,530" />
Ek sal met hom moet praat 
  </s>
  <s id="24">
- Waarom?
    <time id="T22E" value="00:02:53,612" />
  </s>
  <s id="25">
    <time id="T23S" value="00:02:54,130" />
Jou oponent weet dadelik dat jy regs om hom sal moet kom
    <time id="T23E" value="00:02:58,022" />
  </s>
  <s id="26">
    <time id="T24S" value="00:03:03,131" />
Daar's hy
    <time id="T24E" value="00:03:04,782" />
  </s>
  <s id="27">
    <time id="T25S" value="00:03:05,052" />
Jy was braaf
    <time id="T25E" value="00:03:06,383" />
  </s>
  <s id="28">
    <time id="T26S" value="00:03:07,452" />
Jy het die kleintjie skrikgemaak met daardie gesig
    <time id="T26E" value="00:03:10,774" />
  </s>
  <s id="29">
    <time id="T27S" value="00:03:11,372" />
Hy was gespanne en het die pyn gevoel
    <time id="T27E" value="00:03:14,456" />
  </s>
  <s id="30">
    <time id="T28S" value="00:03:15,213" />
Ek is jammer
    <time id="T28E" value="00:03:16,783" />
  </s>
  <s id="31">
    <time id="T29S" value="00:03:17,693" />
Jammer, maar hy het geweet dat jy net sy aandag probeer aflei
    <time id="T29E" value="00:03:20,698" />
  </s>
  <s id="32">
    <time id="T30S" value="00:03:22,454" />
In elk geval, hy sal nog steeds regs skop
    <time id="T30E" value="00:03:24,855" />
  </s>
  <s id="33">
    <time id="T31S" value="00:03:25,534" />
Bon appetit.
  </s>
  <s id="34">
- Bon appetit
    <time id="T31E" value="00:03:27,298" />
  </s>
  <s id="35">
    <time id="T32S" value="00:03:34,855" />
Bon appetit.
  </s>
  <s id="36">
- Bon appetit
    <time id="T32E" value="00:03:36,938" />
  </s>
  <s id="37">
    <time id="T33S" value="00:03:40,376" />
Dis BeNIN-opleiding 
  </s>
  <s id="38">
- Werklik!
    <time id="T33E" value="00:03:43,539" />
  </s>
  <s id="39">
    <time id="T34S" value="00:04:26,302" />
Ek kan jou oplaai
    <time id="T34E" value="00:04:28,504" />
  </s>
  <s id="40">
    <time id="T35S" value="00:04:28,505" />
Ek het al baie hier gewag Dit kan lank neem
    <time id="T35E" value="00:04:30,705" />
  </s>
  <s id="41">
    <time id="T36S" value="00:04:42,464" />
Dankie
    <time id="T36E" value="00:04:43,704" />
  </s>
  <s id="42">
    <time id="T37S" value="00:04:45,704" />
Wel, hou jy daarvan?
    <time id="T37E" value="00:04:47,628" />
  </s>
  <s id="43">
    <time id="T38S" value="00:04:48,305" />
Die werk in die saal
    <time id="T38E" value="00:04:49,955" />
  </s>
  <s id="44">
    <time id="T39S" value="00:04:53,705" />
Dis maar die eerste dag
    <time id="T39E" value="00:04:55,390" />
  </s>
  <s id="45">
    <time id="T40S" value="00:04:59,946" />
Jy moet jou nie so afsonder nie
    <time id="T40E" value="00:05:02,153" />
  </s>
  <s id="46">
    <time id="T41S" value="00:05:03,787" />
Mense hier is sensitief daarvoor
    <time id="T41E" value="00:05:05,710" />
  </s>
  <s id="47">
    <time id="T42S" value="00:05:05,867" />
BeNIN-opleiding, Charitehospitaal, die hoofstad
    <time id="T42E" value="00:05:08,552" />
  </s>
  <s id="48">
    <time id="T43S" value="00:05:09,547" />
Hulle voel maklik minderwaardig
    <time id="T43E" value="00:05:11,550" />
  </s>
  <s id="49">
    <time id="T44S" value="00:05:14,788" />
Is dit waarom jy sê 'afsonder'?
    <time id="T44E" value="00:05:16,950" />
  </s>
  <s id="50">
    <time id="T45S" value="00:05:17,148" />
Om nie van tweedeklas te praat nie?
    <time id="T45E" value="00:05:19,151" />
  </s>
  <s id="51">
    <time id="T46S" value="00:05:26,870" />
Jy moes my by die kruispad gevra het
    <time id="T46E" value="00:05:28,952" />
  </s>
  <s id="52">
    <time id="T47S" value="00:05:29,150" />
Dis tog die regte pad
    <time id="T47E" value="00:05:31,073" />
  </s>
  <s id="53">
    <time id="T48S" value="00:05:36,711" />
Wat moes ek jou vra?
    <time id="T48E" value="00:05:38,873" />
  </s>
  <s id="54">
    <time id="T49S" value="00:05:41,031" />
Waar ek woon.
  </s>
  <s id="55">
Maar jy weet reeds.
    <time id="T49E" value="00:05:44,718" />
  </s>
  <s id="56">
    <time id="T50S" value="00:05:46,712" />
En waarom ek hierheen gekom het.
  </s>
  <s id="57">
Maar jy weet dit ook.
    <time id="T50E" value="00:05:50,718" />
  </s>
  <s id="58">
    <time id="T51S" value="00:05:53,233" />
Moenie verbaas lyk nie.
  </s>
  <s id="59">
Hulle het jou tog vertel.
    <time id="T51E" value="00:05:56,237" />
  </s>
  <s id="60">
    <time id="T52S" value="00:05:56,713" />
Jy's 'ingelig'.
    <time id="T52E" value="00:05:58,239" />
  </s>
  <s id="61">
    <time id="T53S" value="00:06:01,314" />
En dis waar ek uitklim.
    <time id="T53E" value="00:06:03,635" />
  </s>
  <s id="62">
    <time id="T54S" value="00:06:03,794" />
Stop hier, asseblief!
    <time id="T54E" value="00:06:05,239" />
  </s>
  <s id="63">
    <time id="T55S" value="00:06:12,955" />
Tot môre
    <time id="T55E" value="00:06:14,082" />
  </s>
  <s id="64">
    <time id="T56S" value="00:08:43,255" />
Dag, ek is mej Bungert
    <time id="T56E" value="00:08:45,417" />
  </s>
  <s id="65">
    <time id="T57S" value="00:08:46,055" />
Ek moet jou die kelder wys
    <time id="T57E" value="00:08:48,183" />
  </s>
  <s id="66">
    <time id="T58S" value="00:08:48,975" />
Kan dit maar wag tot môre?
    <time id="T58E" value="00:08:50,819" />
  </s>
  <s id="67">
    <time id="T59S" value="00:08:51,176" />
Ek het môre nie tyd nie
    <time id="T59E" value="00:08:53,258" />
  </s>
  <s id="68">
    <time id="T60S" value="00:08:53,896" />
Nou dadelik?
    <time id="T60E" value="00:08:55,500" />
  </s>
  <s id="69">
    <time id="T61S" value="00:08:57,736" />
'n Oomblik
    <time id="T61E" value="00:08:59,068" />
  </s>
  <s id="70">
    <time id="T62S" value="00:09:26,900" />
Dis tyd om kole te bestel
    <time id="T62E" value="00:09:28,584" />
  </s>
  <s id="71">
    <time id="T63S" value="00:09:28,740" />
Ten minste 'n ton 'n Ton en 'n half.
  </s>
  <s id="72">
Jy bad graag.
    <time id="T64E" value="00:09:34,426" />
  </s>
  <s id="73">
    <time id="T65S" value="00:09:36,981" />
Donderdag is dit jou beurt om die trappe te doen.
  </s>
  <s id="74">
- Jy het so gesê.
    <time id="T65E" value="00:09:40,111" />
  </s>
  <s id="75">
    <time id="T66S" value="00:09:40,262" />
Met water. 
  </s>
  <s id="76">
Maar nie in die winter nie
    <time id="T66E" value="00:09:42,742" />
  </s>
  <s id="77">
    <time id="T67S" value="00:09:54,504" />
'n Afgryslike karakter.
    <time id="T67E" value="00:09:56,427" />
  </s>
  <s id="78">
    <time id="T68S" value="00:09:56,584" />
Magies, demonies, diepsinnig en vreugde... karakteriseer Furtwangler se unieke interpretasie
    <time id="T69E" value="00:10:03,351" />
  </s>
  <s id="79">
    <time id="T70S" value="00:10:03,585" />
Dit het gevoel of ek die overture vir die eerste maal hoor
    <time id="T70E" value="00:10:09,753" />
  </s>
  <s id="80">
    <time id="T71S" value="00:10:34,429" />
Laat my gaan.
  </s>
  <s id="81">
- Kalmeer!
    <time id="T71E" value="00:10:37,080" />
  </s>
  <s id="82">
    <time id="T72S" value="00:10:40,830" />
Bedaar!
    <time id="T72E" value="00:10:42,514" />
  </s>
  <s id="83">
    <time id="T73S" value="00:10:46,750" />
So... 
  </s>
  <s id="84">
los haar!
    <time id="T73E" value="00:10:48,354" />
  </s>
  <s id="85">
    <time id="T74S" value="00:10:52,271" />
Laat haar gaan!
    <time id="T74E" value="00:10:53,841" />
  </s>
  <s id="86">
    <time id="T75S" value="00:10:57,432" />
Hulle sal jou nou los.
    <time id="T75E" value="00:10:59,082" />
  </s>
  <s id="87">
    <time id="T76S" value="00:11:01,112" />
Stella... kan jy regop sit?
    <time id="T77E" value="00:11:04,596" />
  </s>
  <s id="88">
    <time id="T78S" value="00:11:10,593" />
Stella... kan jy dit doen?
    <time id="T79E" value="00:11:15,356" />
  </s>
  <s id="89">
    <time id="T80S" value="00:11:17,194" />
Probeer
    <time id="T80E" value="00:11:18,605" />
  </s>
  <s id="90">
    <time id="T81S" value="00:11:19,674" />
Goed so
    <time id="T81E" value="00:11:20,756" />
  </s>
  <s id="91">
    <time id="T82S" value="00:11:20,915" />
Verdomp
    <time id="T82E" value="00:11:22,076" />
  </s>
  <s id="92">
    <time id="T83S" value="00:11:25,275" />
Ek is nou terug, alles sal regkom
    <time id="T83E" value="00:11:28,758" />
  </s>
  <s id="93">
    <time id="T84S" value="00:11:32,836" />
Meningitis?
    <time id="T84E" value="00:11:34,520" />
  </s>
  <s id="94">
    <time id="T85S" value="00:11:35,116" />
Van bosluise?
    <time id="T85E" value="00:11:36,357" />
  </s>
  <s id="95">
    <time id="T86S" value="00:11:36,597" />
Waarskynlik
    <time id="T86E" value="00:11:37,928" />
  </s>
  <s id="96">
    <time id="T87S" value="00:11:38,437" />
Het jy die merke gesien?
    <time id="T87E" value="00:11:40,201" />
  </s>
  <s id="97">
    <time id="T88S" value="00:11:41,357" />
Sy het 6 dae in die veld geskuil
    <time id="T88E" value="00:11:44,441" />
  </s>
  <s id="98">
    <time id="T89S" value="00:11:44,598" />
In in 'n bosluisgebied Dis in die lêer
    <time id="T89E" value="00:11:47,078" />
  </s>
  <s id="99">
    <time id="T90S" value="00:11:47,358" />
Normaalweg lees ek dit deur Ek het gedink...
    <time id="T90E" value="00:11:49,360" />
  </s>
  <s id="100">
    <time id="T91S" value="00:11:49,518" />
Ons sal 'n lumbalepunksie moet doen
    <time id="T91E" value="00:11:51,088" />
  </s>
  <s id="101">
    <time id="T92S" value="00:11:55,599" />
Krul op, heeltemal OP
    <time id="T92E" value="00:11:57,124" />
  </s>
  <s id="102">
    <time id="T95S" value="00:12:06,840" />
Dit gaan baie seer wees, Maar jy gaan gesond word
    <time id="T95E" value="00:12:09,447" />
  </s>
  <s id="103">
    <time id="T96S" value="00:12:32,844" />
Dis haar vierde keer, en elke keer...
    <time id="T96E" value="00:12:35,131" />
  </s>
  <s id="104">
    <time id="T97S" value="00:12:35,284" />
Stella.
  </s>
  <s id="105">
- Wat?
    <time id="T97E" value="00:12:37,093" />
  </s>
  <s id="106">
    <time id="T98S" value="00:12:37,764" />
Haar naam is Stella.
    <time id="T98E" value="00:12:39,767" />
  </s>
  <s id="107">
    <time id="T99S" value="00:12:41,125" />
Ja, Stella was 4 keer al hier, en elke keer het sy toneel gespeel want sy wil nie werk nie
    <time id="T100E" value="00:12:46,850" />
  </s>
  <s id="108">
    <time id="T101S" value="00:12:47,006" />
Kan ons môre daaroor praat?
  </s>
  <s id="109">
Ek moet nou gaan.
    <time id="T101E" value="00:12:49,691" />
  </s>
  <s id="110">
    <time id="T102S" value="00:12:51,446" />
Jy kan saamry
    <time id="T102E" value="00:12:52,936" />
  </s>
  <s id="111">
    <time id="T103S" value="00:12:53,366" />
Ek het 'n fiets
    <time id="T103E" value="00:12:54,857" />
  </s>
  <s id="112">
    <time id="T104S" value="00:12:55,687" />
Sien jou môre
    <time id="T104E" value="00:12:57,018" />
  </s>
  <s id="113">
    <time id="T105S" value="00:12:57,127" />
Dit behoort nie te gebeur nie
    <time id="T105E" value="00:12:59,209" />
  </s>
  <s id="114">
    <time id="T106S" value="00:12:59,527" />
Nee
    <time id="T106E" value="00:13:01,017" />
  </s>
  <s id="115">
    <time id="T107S" value="00:14:40,780" />
Kan jy lees?
  </s>
  <s id="116">
Jou tafel sal aangewys word
    <time id="T107E" value="00:14:43,226" />
  </s>
  <s id="117">
    <time id="T108S" value="00:14:47,701" />
Kan ek die toilet gebruik?
  </s>
  <s id="118">
- Einde van die gang, links
    <time id="T108E" value="00:14:51,547" />
  </s>
  <s id="119">
    <time id="T109S" value="00:15:03,303" />
Verskoon my, waar is die toilette?
    <time id="T109E" value="00:15:05,954" />
  </s>
  <s id="120">
    <time id="T110S" value="00:15:06,223" />
Voor
    <time id="T110E" value="00:15:07,713" />
  </s>
  <s id="121">
    <time id="T111S" value="00:15:20,225" />
Barbara?
    <time id="T111E" value="00:15:21,636" />
  </s>
  <s id="122">
    <time id="T112S" value="00:15:28,706" />
Deksels, die boot is al daar!
    <time id="T112E" value="00:15:31,152" />
  </s>
  <s id="123">
    <time id="T113S" value="00:15:33,387" />
Hier, ek moet gaan
    <time id="T113E" value="00:15:35,037" />
  </s>
  <s id="124">
    <time id="T114S" value="00:15:36,707" />
Is jy 'n dokter?
    <time id="T114E" value="00:15:38,709" />
  </s>
  <s id="125">
    <time id="T115S" value="00:15:40,228" />
Is dit goed om jou bene in die lug te sit?
    <time id="T115E" value="00:15:42,879" />
  </s>
  <s id="126">
    <time id="T116S" value="00:15:43,028" />
vir spatare?
    <time id="T116E" value="00:15:44,792" />
  </s>
  <s id="127">
    <time id="T117S" value="00:15:45,708" />
Ja, dis goed.
  </s>
  <s id="128">
- Is dit regtig goed?
    <time id="T117E" value="00:15:48,394" />
  </s>
  <s id="129">
    <time id="T118S" value="00:17:28,041" />
Bietjie rondgeloop?
    <time id="T118E" value="00:17:29,486" />
  </s>
  <s id="130">
    <time id="T119S" value="00:17:30,802" />
Dis 'n mooi plek, veral snags
    <time id="T119E" value="00:17:34,329" />
  </s>
  <s id="131">
    <time id="T120S" value="00:18:27,329" />
Hiernatoe asb.
    <time id="T120E" value="00:18:28,979" />
  </s>
  <s id="132">
    <time id="T121S" value="00:18:56,052" />
Môre
    <time id="T121E" value="00:18:57,339" />
  </s>
  <s id="133">
    <time id="T122S" value="00:18:59,653" />
Ek weet, ek's laat
    <time id="T122E" value="00:19:00,814" />
  </s>
  <s id="134">
    <time id="T123S" value="00:19:02,253" />
Ons het die serum
    <time id="T123E" value="00:19:03,823" />
  </s>
  <s id="135">
    <time id="T124S" value="00:19:04,734" />
Kan ek gou inkom?
    <time id="T124E" value="00:19:06,259" />
  </s>
  <s id="136">
    <time id="T125S" value="00:19:07,974" />
Stella weier dat ons die drup aansit behalwe as jy dit doen
    <time id="T126E" value="00:19:12,659" />
  </s>
  <s id="137">
    <time id="T127S" value="00:19:13,975" />
Ek kan jou neem, en weer terug om te kom rus
    <time id="T127E" value="00:19:17,502" />
  </s>
  <s id="138">
    <time id="T128S" value="00:19:20,136" />
Goed. 5 minute
    <time id="T128E" value="00:19:22,821" />
  </s>
  <s id="139">
    <time id="T129S" value="00:19:47,139" />
Hulle het jou 'n vrot woonstel gegee maar hier's 'n klavier
    <time id="T130E" value="00:19:53,504" />
  </s>
  <s id="140">
    <time id="T131S" value="00:19:59,421" />
Sal ons gaan?
    <time id="T131E" value="00:20:00,832" />
  </s>
  <s id="141">
    <time id="T132S" value="00:20:01,421" />
Speel jy?
    <time id="T132E" value="00:20:02,832" />
  </s>
  <s id="142">
    <time id="T133S" value="00:20:02,981" />
Dis vals.
  </s>
  <s id="143">
- So, jy speel.
    <time id="T133E" value="00:20:05,746" />
  </s>
  <s id="144">
    <time id="T134S" value="00:20:21,143" />
Gebeur dit dikwels met jou?
    <time id="T134E" value="00:20:22,987" />
  </s>
  <s id="145">
    <time id="T135S" value="00:20:25,664" />
Ek was 'n paar uur weg
    <time id="T135E" value="00:20:28,349" />
  </s>
  <s id="146">
    <time id="T136S" value="00:20:30,664" />
Waar was jy dan?
    <time id="T136E" value="00:20:32,155" />
  </s>
  <s id="147">
    <time id="T137S" value="00:20:43,506" />
Die meisie is verwagtend - wat?
    <time id="T137E" value="00:20:46,350" />
  </s>
  <s id="148">
    <time id="T138S" value="00:20:47,347" />
Stella is verwagtend
    <time id="T138E" value="00:20:48,837" />
  </s>
  <s id="149">
    <time id="T139S" value="00:20:50,267" />
Het sy jou vertel?
    <time id="T139E" value="00:20:51,757" />
  </s>
  <s id="150">
    <time id="T140S" value="00:20:52,347" />
Ek het opgemerk toe ek die serum vervaardig
    <time id="T140E" value="00:20:54,156" />
  </s>
  <s id="151">
    <time id="T141S" value="00:20:56,068" />
Het jy die serum self gemaak?
    <time id="T141E" value="00:20:58,070" />
  </s>
  <s id="152">
    <time id="T142S" value="00:20:58,268" />
Dit sou 4 dae geneem het om dit van Restock te kry
    <time id="T142E" value="00:21:01,511" />
  </s>
  <s id="153">
    <time id="T143S" value="00:21:01,988" />
Jy het 'n laboratorium?
  </s>
  <s id="154">
- Ja
    <time id="T143E" value="00:21:03,434" />
  </s>
  <s id="155">
    <time id="T144S" value="00:21:06,909" />
by die kliniek?
  </s>
  <s id="156">
- Ja
    <time id="T144E" value="00:21:08,832" />
  </s>
  <s id="157">
    <time id="T145S" value="00:21:21,071" />
Die serum sal gou begin werk
    <time id="T145E" value="00:21:23,073" />
  </s>
  <s id="158">
    <time id="T146S" value="00:21:23,271" />
Jy sal binne 2 dae kan lees en by die venster uitkyk
    <time id="T147E" value="00:21:27,081" />
  </s>
  <s id="159">
    <time id="T148S" value="00:21:28,992" />
Hy moet gaan
    <time id="T148E" value="00:21:30,756" />
  </s>
  <s id="160">
    <time id="T149S" value="00:21:48,274" />
Ek's nou terug
    <time id="T149E" value="00:21:49,765" />
  </s>
  <s id="161">
    <time id="T151S" value="00:22:17,598" />
Hulle sal die spoor van die sak klippe volg tot by die wal en dan die rivier fynkam vir my
    <time id="T152E" value="00:22:24,363" />
  </s>
  <s id="162">
    <time id="T153S" value="00:22:25,439" />
en hulle sal die muilspore volg tot tot by die meer om die rowers te kry wat my vermoor het...
    <time id="T155E" value="00:22:35,083" />
  </s>
  <s id="163">
    <time id="T156S" value="00:22:37,281" />
Hulle sal nie my lyk nie gaan soek rivier-af nie
    <time id="T156E" value="00:22:41,366" />
  </s>
  <s id="164">
    <time id="T157S" value="00:22:42,281" />
Hulle sal gou moeg word en my vergeet
    <time id="T157E" value="00:22:45,172" />
  </s>
  <s id="165">
    <time id="T158S" value="00:22:46,082" />
Goed; ek kan enige plek stop
    <time id="T158E" value="00:22:49,928" />
  </s>
  <s id="166">
    <time id="T159S" value="00:23:04,924" />
As Stella verwagtend is, is dit 'n katastrofe vir haar
    <time id="T159E" value="00:23:08,372" />
  </s>
  <s id="167">
    <time id="T160S" value="00:23:09,085" />
Hulle sal haar baba wegneem
    <time id="T160E" value="00:23:11,008" />
  </s>
  <s id="168">
    <time id="T161S" value="00:23:11,765" />
Wil sy dit behou?
    <time id="T161E" value="00:23:13,176" />
  </s>
  <s id="169">
    <time id="T162S" value="00:23:14,525" />
Ek weet nog nie
    <time id="T162E" value="00:23:16,528" />
  </s>
  <s id="170">
    <time id="T163S" value="00:23:17,206" />
Het jy haar al gevra?
    <time id="T163E" value="00:23:19,208" />
  </s>
  <s id="171">
    <time id="T164S" value="00:23:26,847" />
Is jy baie seker?
    <time id="T164E" value="00:23:28,849" />
  </s>
  <s id="172">
    <time id="T165S" value="00:23:35,368" />
Kan ek jou laboratorium sien?
    <time id="T165E" value="00:23:37,530" />
  </s>
  <s id="173">
    <time id="T166S" value="00:23:58,011" />
Goeie werk
    <time id="T166E" value="00:23:59,775" />
  </s>
  <s id="174">
    <time id="T167S" value="00:24:02,011" />
Jy kan die lab gebruik wanneer jy wil
    <time id="T167E" value="00:24:04,538" />
  </s>
  <s id="175">
    <time id="T168S" value="00:24:07,372" />
Het jy dit opgebou?
    <time id="T168E" value="00:24:09,613" />
  </s>
  <s id="176">
    <time id="T169S" value="00:24:10,212" />
Dis nog nie soos ek dit wil hê nie
    <time id="T169E" value="00:24:12,454" />
  </s>
  <s id="177">
    <time id="T170S" value="00:24:12,693" />
Ek kry darem 'n sentrafuge van Praag volgende week
    <time id="T170E" value="00:24:16,300" />
  </s>
  <s id="178">
    <time id="T171S" value="00:24:17,213" />
Hoekom is jy op die platteland?
    <time id="T171E" value="00:24:19,455" />
  </s>
  <s id="179">
    <time id="T172S" value="00:24:21,294" />
Moet jy verseker niemand is te 'afgesonder' nie?
    <time id="T172E" value="00:24:23,695" />
  </s>
  <s id="180">
    <time id="T173S" value="00:24:26,775" />
Ek wil graag hier wees
    <time id="T173E" value="00:24:28,300" />
  </s>
  <s id="181">
    <time id="T174S" value="00:24:28,935" />
Moet jy my oorreed?
    <time id="T174E" value="00:24:30,937" />
  </s>
  <s id="182">
    <time id="T175S" value="00:24:31,935" />
Waarvan?
    <time id="T175E" value="00:24:33,300" />
  </s>
  <s id="183">
    <time id="T176S" value="00:24:33,775" />
Om my aansoek om weg te gaan terug te trek
    <time id="T176E" value="00:24:35,619" />
  </s>
  <s id="184">
    <time id="T177S" value="00:24:38,296" />
Die werkers en boere het jou studies gefinansier
    <time id="T177E" value="00:24:40,378" />
  </s>
  <s id="185">
    <time id="T178S" value="00:24:40,856" />
Nou is die tyd om terug te gee dis natuurlik nie verkeerd nie
    <time id="T179E" value="00:24:46,939" />
  </s>
  <s id="186">
    <time id="T180S" value="00:25:03,779" />
Ek sou graag Den Haag toe wou gaan
    <time id="T180E" value="00:25:05,622" />
  </s>
  <s id="187">
    <time id="T181S" value="00:25:07,860" />
Dis waar die Rembrandt is.
    <time id="T181E" value="00:25:09,464" />
  </s>
  <s id="188">
    <time id="T182S" value="00:25:16,621" />
Doen aansoek
    <time id="T182E" value="00:25:18,623" />
  </s>
  <s id="189">
    <time id="T183S" value="00:25:23,022" />
Ek moet gaan
    <time id="T183E" value="00:25:24,626" />
  </s>
  <s id="190">
    <time id="T184S" value="00:25:24,942" />
Jy het gesê ek mag gaan?
  </s>
  <s id="191">
- Ja
    <time id="T184E" value="00:25:27,866" />
  </s>
  <s id="192">
    <time id="T185S" value="00:25:39,464" />
Het jy iets opgemerk?
    <time id="T185E" value="00:25:41,546" />
  </s>
  <s id="193">
    <time id="T186S" value="00:25:42,464" />
Die skildery
    <time id="T186E" value="00:25:43,875" />
  </s>
  <s id="194">
    <time id="T187S" value="00:25:47,305" />
Die wat daar lê, is Aris Kindt.
    <time id="T187E" value="00:25:49,307" />
  </s>
  <s id="195">
    <time id="T188S" value="00:25:49,465" />
Hy is pas opgehang vir diefstal
    <time id="T188E" value="00:25:52,116" />
  </s>
  <s id="196">
    <time id="T189S" value="00:25:53,025" />
Dit is dr Tulp besig met 'n anatomieles
    <time id="T189E" value="00:25:55,711" />
  </s>
  <s id="197">
    <time id="T190S" value="00:25:57,626" />
Hulle moes die buik eers oopgesny het
    <time id="T190E" value="00:26:00,197" />
  </s>
  <s id="198">
    <time id="T191S" value="00:26:00,706" />
Maar hulle het die linkerhand oopgemaak
    <time id="T191E" value="00:26:03,108" />
  </s>
  <s id="199">
    <time id="T192S" value="00:26:05,387" />
Daar is 'n fout
    <time id="T192E" value="00:26:06,957" />
  </s>
  <s id="200">
    <time id="T193S" value="00:26:08,948" />
Die hand is verkeerd
    <time id="T193E" value="00:26:10,791" />
  </s>
  <s id="201">
    <time id="T194S" value="00:26:13,548" />
Dis die anderkant s'n
    <time id="T194E" value="00:26:15,198" />
  </s>
  <s id="202">
    <time id="T195S" value="00:26:16,308" />
Dis die regterhand en ook te groot
    <time id="T195E" value="00:26:18,198" />
  </s>
  <s id="203">
    <time id="T196S" value="00:26:18,949" />
Ek dink nie Rembrandt sou so 'n fout maak nie
    <time id="T196E" value="00:26:21,475" />
  </s>
  <s id="204">
    <time id="T197S" value="00:26:25,190" />
Sien jy die boek?
    <time id="T197E" value="00:26:27,033" />
  </s>
  <s id="205">
    <time id="T198S" value="00:26:28,470" />
Dis 'n anatomie-boek.
    <time id="T198E" value="00:26:30,040" />
  </s>
  <s id="206">
    <time id="T199S" value="00:26:31,390" />
Hulle staar almal daarna
    <time id="T199E" value="00:26:33,200" />
  </s>
  <s id="207">
    <time id="T200S" value="00:26:33,711" />
Hy, hy, hulle almal
    <time id="T200E" value="00:26:36,635" />
  </s>
  <s id="208">
    <time id="T201S" value="00:26:37,791" />
En die hand is geskilder soos iets in die boek.
    <time id="T201E" value="00:26:40,716" />
  </s>
  <s id="209">
    <time id="T202S" value="00:26:41,552" />
Rembrandt voeg iets in wat ons nie kan sien nie, net hulle kan:
    <time id="T203E" value="00:26:46,963" />
  </s>
  <s id="210">
    <time id="T204S" value="00:26:47,712" />
Die uitbeelding van 'n hand.
    <time id="T204E" value="00:26:49,636" />
  </s>
  <s id="211">
    <time id="T205S" value="00:26:51,113" />
Weens die fout, kyk ons nie meer deur die geneeshere se oë nie
    <time id="T205E" value="00:26:54,242" />
  </s>
  <s id="212">
    <time id="T206S" value="00:26:55,113" />
Ons sien hom, Aris Kindt.
    <time id="T206E" value="00:26:57,958" />
  </s>
  <s id="213">
    <time id="T207S" value="00:26:59,714" />
Die slagoffer.
    <time id="T207E" value="00:27:01,204" />
  </s>
  <s id="214">
    <time id="T208S" value="00:27:02,554" />
Ons is met hom, nie met hulle nie
    <time id="T208E" value="00:27:05,399" />
  </s>
  <s id="215">
    <time id="T209S" value="00:27:09,875" />
Ek is moeg, ek wil huistoe gaan
    <time id="T209E" value="00:27:12,641" />
  </s>
  <s id="216">
    <time id="T210S" value="00:27:15,556" />
Ek ook, sal ek jou wegneem?
    <time id="T210E" value="00:27:18,036" />
  </s>
  <s id="217">
    <time id="T211S" value="00:27:19,877" />
Ek het vars lug nodig
    <time id="T211E" value="00:27:21,117" />
  </s>
  <s id="218">
    <time id="T212S" value="00:27:22,397" />
Goed...
    <time id="T212E" value="00:27:23,478" />
  </s>
  <s id="219">
    <time id="T213S" value="00:27:26,197" />
Ek was bietjie voor op die wa met die lab en die skildery-ontleding
    <time id="T214E" value="00:27:32,040" />
  </s>
  <s id="220">
    <time id="T215S" value="00:27:35,318" />
Sien jou môre
    <time id="T215E" value="00:27:36,650" />
  </s>
  <s id="221">
    <time id="T216S" value="00:30:02,497" />
Het jy die geld gekry?
  </s>
  <s id="222">
- Ja
    <time id="T216E" value="00:30:04,420" />
  </s>
  <s id="223">
    <time id="T217S" value="00:30:06,138" />
Jy moet dit waterdig verpak 
  </s>
  <s id="224">
- Oor die water?
    <time id="T217E" value="00:30:09,984" />
  </s>
  <s id="225">
    <time id="T218S" value="00:30:13,339" />
Wanneer?
  </s>
  <s id="226">
- Eersdaags
    <time id="T218E" value="00:30:15,148" />
  </s>
  <s id="227">
    <time id="T219S" value="00:30:16,339" />
Baie gou
    <time id="T219E" value="00:30:17,500" />
  </s>
  <s id="228">
    <time id="T220S" value="00:30:17,899" />
Hello.
    <time id="T220E" value="00:30:19,060" />
  </s>
  <s id="229">
    <time id="T221S" value="00:30:19,899" />
Het jy probleme?
    <time id="T221E" value="00:30:21,504" />
  </s>
  <s id="230">
    <time id="T222S" value="00:30:22,220" />
Nee
    <time id="T222E" value="00:30:23,426" />
  </s>
  <s id="231">
    <time id="T223S" value="00:30:24,140" />
Het jy verdwaal?
    <time id="T223E" value="00:30:25,665" />
  </s>
  <s id="232">
    <time id="T224S" value="00:30:27,580" />
My kollega het gaan loop... draai gaan loop?
    <time id="T225E" value="00:30:31,142" />
  </s>
  <s id="233">
    <time id="T226S" value="00:30:32,421" />
Benodig julle iets?
    <time id="T226E" value="00:30:34,264" />
  </s>
  <s id="234">
    <time id="T227S" value="00:30:35,141" />
Nie waaraan ek kan dink nie
    <time id="T227E" value="00:30:36,826" />
  </s>
  <s id="235">
    <time id="T228S" value="00:30:37,742" />
Praat met my, ek sal kan help
    <time id="T228E" value="00:30:39,665" />
  </s>
  <s id="236">
    <time id="T229S" value="00:30:40,822" />
Ek weet nie
    <time id="T229E" value="00:30:42,506" />
  </s>
  <s id="237">
    <time id="T230S" value="00:30:47,223" />
Dis oorgetrek
    <time id="T230E" value="00:30:48,748" />
  </s>
  <s id="238">
    <time id="T231S" value="00:30:51,743" />
Ek hoor hulle is selfs verhit in die winter
    <time id="T231E" value="00:30:55,749" />
  </s>
  <s id="239">
    <time id="T232S" value="00:30:57,144" />
Nee, ons moet ook maar handskoene aantrek
    <time id="T232E" value="00:31:00,149" />
  </s>
  <s id="240">
    <time id="T233S" value="00:31:02,905" />
Hoeveel ry hy?
    <time id="T233E" value="00:31:04,748" />
  </s>
  <s id="241">
    <time id="T234S" value="00:31:06,265" />
so 200
    <time id="T234E" value="00:31:07,596" />
  </s>
  <s id="242">
    <time id="T235S" value="00:31:09,266" />
Maar nie hier op ons paaie nie
    <time id="T235E" value="00:31:12,156" />
  </s>
  <s id="243">
    <time id="T236S" value="00:31:14,506" />
Hello.
  </s>
  <s id="244">
- Hello.
    <time id="T236E" value="00:31:16,509" />
  </s>
  <s id="245">
    <time id="T237S" value="00:32:02,512" />
Is dit 'n Mercedes?
    <time id="T237E" value="00:32:04,242" />
  </s>
  <s id="246">
    <time id="T238S" value="00:32:05,353" />
Hoeveel kos hulle?
    <time id="T238E" value="00:32:07,082" />
  </s>
  <s id="247">
    <time id="T239S" value="00:32:07,833" />
Hoe lank moes julle wag?
    <time id="T239E" value="00:32:09,517" />
  </s>
  <s id="248">
    <time id="T240S" value="00:32:09,673" />
Ons moes 8 jaar wag
    <time id="T240E" value="00:32:12,837" />
  </s>
  <s id="249">
    <time id="T241S" value="00:32:21,515" />
Was dit minstens die moeite werd?
    <time id="T241E" value="00:32:23,358" />
  </s>
  <s id="250">
    <time id="T242S" value="00:32:50,359" />
Verdomp!
    <time id="T242E" value="00:32:51,849" />
  </s>
  <s id="251">
    <time id="T243S" value="00:34:15,369" />
Ek kry koffie.
  </s>
  <s id="252">
Jy ook?
    <time id="T243E" value="00:34:17,850" />
  </s>
  <s id="253">
    <time id="T244S" value="00:34:18,610" />
Ja
    <time id="T244E" value="00:34:19,452" />
  </s>
  <s id="254">
    <time id="T245S" value="00:34:19,690" />
Stella vra na jou
    <time id="T245E" value="00:34:21,613" />
  </s>
  <s id="255">
    <time id="T246S" value="00:34:22,690" />
Goed
    <time id="T246E" value="00:34:23,771" />
  </s>
  <s id="256">
    <time id="T247S" value="00:34:34,292" />
Ons was nog nooit so ryk nie...
    <time id="T247E" value="00:34:36,613" />
  </s>
  <s id="257">
    <time id="T248S" value="00:34:37,612" />
Die sigare was voortreflik
    <time id="T248E" value="00:34:39,774" />
  </s>
  <s id="258">
    <time id="T249S" value="00:34:40,373" />
Ons het die hele middag in die woud gebly, geselsend en ek het die boeke gelees, en net sommer alles geniet
    <time id="T251E" value="00:34:48,457" />
  </s>
  <s id="259">
    <time id="T252S" value="00:34:48,614" />
Ek het Jim alles vertel wat binne gebeur het... die wrak en op die veerboot...
    <time id="T253E" value="00:34:56,016" />
  </s>
  <s id="260">
    <time id="T254S" value="00:34:56,455" />
Wat is verkeerd, Dokter?
    <time id="T254E" value="00:34:58,537" />
  </s>
  <s id="261">
    <time id="T255S" value="00:35:01,255" />
Ek's moeg.
  </s>
  <s id="262">
- Slaap bietjie
    <time id="T255E" value="00:35:03,781" />
  </s>
  <s id="263">
    <time id="T256S" value="00:35:06,016" />
Ek kan nie
    <time id="T256E" value="00:35:07,097" />
  </s>
  <s id="264">
    <time id="T257S" value="00:35:10,256" />
Kyk hoe die maan opkom, en die goue sterre skyn in die hemelboog
    <time id="T259E" value="00:35:24,781" />
  </s>
  <s id="265">
    <time id="T260S" value="00:35:28,539" />
Koffie?
    <time id="T260E" value="00:35:29,540" />
  </s>
  <s id="266">
    <time id="T261S" value="00:35:29,859" />
Die woud is stil en donker en van die weiveld styg 'n wonderlike wit miswolk
    <time id="T263E" value="00:35:46,106" />
  </s>
  <s id="267">
    <time id="T264S" value="00:35:50,621" />
Kom hier 
  </s>
  <s id="268">
- Ek kom terug later... dan lees ons verder
    <time id="T265E" value="00:35:57,264" />
  </s>
  <s id="269">
    <time id="T266S" value="00:35:58,862" />
Hulle sê ek kan nou self lees
    <time id="T266E" value="00:36:01,264" />
  </s>
  <s id="270">
    <time id="T267S" value="00:36:02,263" />
Hulle sal my nou kom haal
    <time id="T267E" value="00:36:04,311" />
  </s>
  <s id="271">
    <time id="T268S" value="00:36:08,464" />
Kan u vir my iets doen, Dokter?
    <time id="T268E" value="00:36:11,547" />
  </s>
  <s id="272">
    <time id="T269S" value="00:36:15,305" />
Ek sal probeer
    <time id="T269E" value="00:36:16,875" />
  </s>
  <s id="273">
    <time id="T270S" value="00:36:20,705" />
Ek kan nie teruggaan na Torgau,
    <time id="T270E" value="00:36:22,947" />
  </s>
  <s id="274">
    <time id="T271S" value="00:36:23,946" />
Ek kan dit nie verdra nie
    <time id="T271E" value="00:36:25,789" />
  </s>
  <s id="275">
    <time id="T272S" value="00:36:28,106" />
Dokter, ek verwag 'n baba
    <time id="T272E" value="00:36:31,190" />
  </s>
  <s id="276">
    <time id="T273S" value="00:36:34,187" />
Dit moet weg
    <time id="T273E" value="00:36:36,030" />
  </s>
  <s id="277">
    <time id="T274S" value="00:36:41,028" />
Wil jy dit verwyder?
  </s>
  <s id="278">
- Nee...
    <time id="T274E" value="00:36:43,713" />
  </s>
  <s id="279">
    <time id="T275S" value="00:36:44,628" />
Ek wil hom wegkry van hier af
    <time id="T275E" value="00:36:47,394" />
  </s>
  <s id="280">
    <time id="T276S" value="00:36:48,029" />
Van Torgau, van hierdie gemorsland
    <time id="T276E" value="00:36:51,715" />
  </s>
  <s id="281">
    <time id="T277S" value="00:37:01,270" />
Dankie
    <time id="T277E" value="00:37:02,397" />
  </s>
  <s id="282">
    <time id="T278S" value="00:37:03,631" />
Shit
    <time id="T278E" value="00:37:04,962" />
  </s>
  <s id="283">
    <time id="T279S" value="00:37:06,471" />
Jammer
    <time id="T279E" value="00:37:07,711" />
  </s>
  <s id="284">
    <time id="T280S" value="00:37:10,632" />
Kom saam Lê so 'n rukkie
    <time id="T280E" value="00:37:13,283" />
  </s>
  <s id="285">
    <time id="T281S" value="00:37:13,712" />
Nee, ek is gaaf 
  </s>
  <s id="286">
- Ek sal jou wakkermaak, dan kan ons omruil
    <time id="T282E" value="00:37:17,556" />
  </s>
  <s id="287">
    <time id="T283S" value="00:37:18,473" />
Ek sal dit kry
    <time id="T283E" value="00:37:20,043" />
  </s>
  <s id="288">
    <time id="T284S" value="00:37:38,555" />
Dankie
    <time id="T284E" value="00:37:39,795" />
  </s>
  <s id="289">
    <time id="T285S" value="00:39:31,049" />
Ja
    <time id="T285E" value="00:39:32,131" />
  </s>
  <s id="290">
    <time id="T286S" value="00:39:35,050" />
Môre 
  </s>
  <s id="291">
- Môre
    <time id="T286E" value="00:39:37,212" />
  </s>
  <s id="292">
    <time id="T287S" value="00:39:38,290" />
Geslaap?
  </s>
  <s id="293">
- Ja
    <time id="T287E" value="00:39:40,498" />
  </s>
  <s id="294">
    <time id="T288S" value="00:39:40,651" />
Ek het koffie gebring
    <time id="T288E" value="00:39:42,494" />
  </s>
  <s id="295">
    <time id="T289S" value="00:39:43,131" />
Dankie
    <time id="T289E" value="00:39:44,212" />
  </s>
  <s id="296">
    <time id="T290S" value="00:39:54,212" />
Kom dit in jou verslag oor my?
    <time id="T290E" value="00:39:56,580" />
  </s>
  <s id="297">
    <time id="T291S" value="00:39:57,573" />
"W. begin my vertrou"
    <time id="T291E" value="00:40:00,144" />
  </s>
  <s id="298">
    <time id="T292S" value="00:40:01,573" />
So-iets
    <time id="T292E" value="00:40:03,064" />
  </s>
  <s id="299">
    <time id="T293S" value="00:40:07,134" />
Ek het by Eberswalde-hospitaal gewerk
    <time id="T293E" value="00:40:09,501" />
  </s>
  <s id="300">
    <time id="T294S" value="00:40:11,335" />
Daar was nuwe masjiene van New Zealand waarmee premarure gehelp kon word, wat nie deur 'n normale broeikas gehelp kan word nie
    <time id="T296E" value="00:40:22,661" />
  </s>
  <s id="301">
    <time id="T297S" value="00:40:23,496" />
Die gebruikshandboek was in Engels
    <time id="T297E" value="00:40:27,058" />
  </s>
  <s id="302">
    <time id="T298S" value="00:40:27,657" />
Ek het daardeur gewerk
    <time id="T298E" value="00:40:29,500" />
  </s>
  <s id="303">
    <time id="T299S" value="00:40:31,897" />
Daar was 'n assistent wat bietjie Engels kon praat wat gehelp het
    <time id="T299E" value="00:40:36,984" />
  </s>
  <s id="304">
    <time id="T300S" value="00:40:38,738" />
Sy wou my beïndruk en een nag, toe ek so uitgeput was soos nou het sy vir my 'n kombers gebring, en my laat slaap.
  </s>
  <s id="305">
Sy sou verder sorg
    <time id="T302E" value="00:40:47,299" />
  </s>
  <s id="306">
    <time id="T303S" value="00:40:50,300" />
Sy het die masjiene daardie aand begin gebruik. 
  </s>
  <s id="307">
Net een fout:
    <time id="T303E" value="00:40:54,589" />
  </s>
  <s id="308">
    <time id="T304S" value="00:40:55,300" />
Sy het celsius en fahrenheit verwar 'n Geweldige druk het opgebou,
    <time id="T305E" value="00:41:01,507" />
  </s>
  <s id="309">
    <time id="T306S" value="00:41:03,981" />
Die prematuurtjies se retinas is geskeur
    <time id="T306E" value="00:41:06,588" />
  </s>
  <s id="310">
    <time id="T307S" value="00:41:08,062" />
Daar was tweetjies, Maik and Jennifer.
    <time id="T307E" value="00:41:10,429" />
  </s>
  <s id="311">
    <time id="T308S" value="00:41:11,822" />
Ons kon hulle red, maar albei was permanent blind
    <time id="T309E" value="00:41:17,431" />
  </s>
  <s id="312">
    <time id="T310S" value="00:41:19,063" />
Dit was my verantwoordelikheid
    <time id="T310E" value="00:41:20,747" />
  </s>
  <s id="313">
    <time id="T311S" value="00:41:23,144" />
Navorsing is gestaak daar
    <time id="T311E" value="00:41:24,828" />
  </s>
  <s id="314">
    <time id="T312S" value="00:41:26,144" />
Geen Berlyn of Charite-hospitaal vir my nie
    <time id="T312E" value="00:41:28,511" />
  </s>
  <s id="315">
    <time id="T313S" value="00:41:30,345" />
Hierdie here het aangebied om die flater te verberg
    <time id="T313E" value="00:41:34,066" />
  </s>
  <s id="316">
    <time id="T314S" value="00:41:34,585" />
Ek sou verplaas word na 'n provinsiale hospitaal in ruil vir die beskerming moes ek gereeld raporteer oor aangewese persone
    <time id="T316E" value="00:41:43,348" />
  </s>
  <s id="317">
    <time id="T317S" value="00:41:45,427" />
Ekself het geen ambisie in daardie verband nie
    <time id="T317E" value="00:41:47,998" />
  </s>
  <s id="318">
    <time id="T318S" value="00:41:58,428" />
Hoe lank gelede was dit?
    <time id="T318E" value="00:41:59,918" />
  </s>
  <s id="319">
    <time id="T319S" value="00:42:00,829" />
Drie jaar
    <time id="T319E" value="00:42:01,990" />
  </s>
  <s id="320">
    <time id="T320S" value="00:42:02,349" />
Watter soort masjiene was dit?
    <time id="T320E" value="00:42:04,750" />
  </s>
  <s id="321">
    <time id="T321S" value="00:42:06,069" />
Daardie van New Zeeland
    <time id="T321E" value="00:42:07,673" />
  </s>
  <s id="322">
    <time id="T322S" value="00:42:09,830" />
Was my storie te lank?
    <time id="T322E" value="00:42:11,514" />
  </s>
  <s id="323">
    <time id="T323S" value="00:42:12,990" />
Te netjies?
    <time id="T323E" value="00:42:14,435" />
  </s>
  <s id="324">
    <time id="T324S" value="00:42:15,430" />
Kan jy iets doen vir Stella?
    <time id="T324E" value="00:42:17,354" />
  </s>
  <s id="325">
    <time id="T325S" value="00:42:19,831" />
Haar vir langer hier hou?
    <time id="T325E" value="00:42:21,674" />
  </s>
  <s id="326">
    <time id="T326S" value="00:42:21,991" />
Ja
    <time id="T326E" value="00:42:22,992" />
  </s>
  <s id="327">
    <time id="T327S" value="00:42:23,751" />
Twee dae, moontlik drie. 
  </s>
  <s id="328">
En dan wat?
    <time id="T327E" value="00:42:26,835" />
  </s>
  <s id="329">
    <time id="T328S" value="00:42:27,832" />
Weet jy wat Torgau is?
  </s>
  <s id="330">
Die Torgau werk-huis?
    <time id="T328E" value="00:42:31,234" />
  </s>
  <s id="331">
    <time id="T329S" value="00:42:32,152" />
Julle lot is goed met eufemismes.
    <time id="T329E" value="00:42:34,315" />
  </s>
  <s id="332">
    <time id="T330S" value="00:42:34,673" />
Torgau is 'n Sosialistiese ekstirminasiekamp
    <time id="T330E" value="00:42:37,153" />
  </s>
  <s id="333">
    <time id="T331S" value="00:42:37,313" />
Ek het jou 'n vraag gevra!
    <time id="T331E" value="00:42:38,997" />
  </s>
  <s id="334">
    <time id="T332S" value="00:42:40,754" />
Wat?
    <time id="T332E" value="00:42:41,915" />
  </s>
  <s id="335">
    <time id="T333S" value="00:42:42,354" />
Wat dan?
    <time id="T333E" value="00:42:43,685" />
  </s>
  <s id="336">
    <time id="T334S" value="00:42:44,234" />
Geen idee.
    <time id="T334E" value="00:42:45,838" />
  </s>
  <s id="337">
    <time id="T335S" value="00:42:51,755" />
Ek het hulle gekontak
    <time id="T335E" value="00:42:53,166" />
  </s>
  <s id="338">
    <time id="T336S" value="00:42:54,755" />
Twee dae, niks meer
    <time id="T336E" value="00:42:55,836" />
  </s>
  <s id="339">
    <time id="T337S" value="00:43:12,598" />
Is die storie waar?
    <time id="T337E" value="00:43:14,009" />
  </s>
  <s id="340">
    <time id="T338S" value="00:43:15,238" />
Maik en Jennifer.
    <time id="T338E" value="00:43:16,603" />
  </s>
  <s id="341">
    <time id="T339S" value="00:43:21,759" />
Ek moet nou slaap
    <time id="T339E" value="00:43:23,249" />
  </s>
  <s id="342">
    <time id="T340S" value="00:43:35,521" />
Los my!
    <time id="T340E" value="00:43:37,330" />
  </s>
  <s id="343">
    <time id="T341S" value="00:43:37,761" />
Barbara!
    <time id="T341E" value="00:43:39,604" />
  </s>
  <s id="344">
    <time id="T342S" value="00:43:39,761" />
Los my. 
  </s>
  <s id="345">
Nou.
    <time id="T342E" value="00:43:41,684" />
  </s>
  <s id="346">
    <time id="T343S" value="00:43:50,842" />
Barbara!
    <time id="T343E" value="00:43:52,254" />
  </s>
  <s id="347">
    <time id="T344S" value="00:45:40,016" />
Ek kom dadelik
    <time id="T344E" value="00:45:41,257" />
  </s>
  <s id="348">
    <time id="T345S" value="00:45:49,458" />
Dokter Wolff?
  </s>
  <s id="349">
- Ja
    <time id="T345E" value="00:45:51,620" />
  </s>
  <s id="350">
    <time id="T346S" value="00:45:51,938" />
Andre het my gestuur
    <time id="T346E" value="00:45:53,542" />
  </s>
  <s id="351">
    <time id="T347S" value="00:45:54,538" />
Dokter Reiser
    <time id="T347E" value="00:45:55,869" />
  </s>
  <s id="352">
    <time id="T348S" value="00:45:56,939" />
Om die klavier te stem
    <time id="T348E" value="00:45:58,464" />
  </s>
  <s id="353">
    <time id="T349S" value="00:46:01,019" />
Dankie, maar nee dankie.
  </s>
  <s id="354">
Ek bad nou
    <time id="T349E" value="00:46:03,260" />
  </s>
  <s id="355">
    <time id="T350S" value="00:46:03,619" />
Gaan asseblief
    <time id="T350E" value="00:46:05,463" />
  </s>
  <s id="356">
    <time id="T351S" value="00:46:06,340" />
Totsiens
    <time id="T351E" value="00:46:07,466" />
  </s>
  <s id="357">
    <time id="T352S" value="00:46:10,780" />
Andre het dit gestuur, vir u
    <time id="T353E" value="00:46:15,262" />
  </s>
  <s id="358">
    <time id="T354S" value="00:46:17,621" />
Hoe lank sal dit neem?
    <time id="T354E" value="00:46:19,703" />
  </s>
  <s id="359">
    <time id="T355S" value="00:46:20,622" />
'n Uur
    <time id="T355E" value="00:46:21,862" />
  </s>
  <s id="360">
    <time id="T356S" value="00:46:35,783" />
Sy is entoesiasties, Tatjana Kasankina.
  </s>
  <s id="361">
Dis haar derde olimpiese medalje
    <time id="T356E" value="00:46:40,711" />
  </s>
  <s id="362">
    <time id="T357S" value="00:46:41,024" />
Sy het geboorte gegee twee jaar gelede, en is in perfekte vorm
    <time id="T357E" value="00:46:46,191" />
  </s>
  <s id="363">
    <time id="T358S" value="00:46:46,345" />
Tatjana Kasankina, dit lyk of dit goed gaan
    <time id="T358E" value="00:46:49,030" />
  </s>
  <s id="364">
    <time id="T359S" value="00:46:49,185" />
Maar die DDR se Christiane Warlenberg hou by, en dan, Ulrike...
    <time id="T359E" value="00:46:55,387" />
  </s>
  <s id="365">
    <time id="T360S" value="00:46:55,866" />
Geval van die derde vloer, het al 20 minute gelê
    <time id="T360E" value="00:46:58,107" />
  </s>
  <s id="366">
    <time id="T361S" value="00:46:58,266" />
Die skoonmaker het hom ontdek...
    <time id="T361E" value="00:46:59,871" />
  </s>
  <s id="367">
    <time id="T362S" value="00:47:00,187" />
Knie uit lid uit en 'n kopbesering
    <time id="T362E" value="00:47:03,350" />
  </s>
  <s id="368">
    <time id="T363S" value="00:47:15,949" />
Pomp sy maag eers
    <time id="T363E" value="00:47:18,350" />
  </s>
  <s id="369">
    <time id="T364S" value="00:47:36,631" />
Hy is gestuur vir X-strale Die gif was nie te gevaarlik nie
    <time id="T364E" value="00:47:41,115" />
  </s>
  <s id="370">
    <time id="T365S" value="00:47:41,872" />
Goed
    <time id="T365E" value="00:47:43,397" />
  </s>
  <s id="371">
    <time id="T366S" value="00:47:44,472" />
Selfmoordpoging.
  </s>
  <s id="372">
Die owerhede moet in kennis gestel word
    <time id="T366E" value="00:47:47,955" />
  </s>
  <s id="373">
    <time id="T367S" value="00:47:48,633" />
Laat hom eers bykom 
  </s>
  <s id="374">
- Ja
    <time id="T367E" value="00:47:51,477" />
  </s>
  <s id="375">
    <time id="T368S" value="00:47:56,034" />
Kry die X-strale asseblief
    <time id="T368E" value="00:47:58,196" />
  </s>
  <s id="376">
    <time id="T369S" value="00:48:15,276" />
Moet ek jou nou bedank?
    <time id="T369E" value="00:48:17,358" />
  </s>
  <s id="377">
    <time id="T370S" value="00:48:18,276" />
Ek hou nie van sulke verrassings nie
    <time id="T370E" value="00:48:20,359" />
  </s>
  <s id="378">
    <time id="T371S" value="00:48:22,637" />
Die klavierstemmer?
  </s>
  <s id="379">
- Ja
    <time id="T371E" value="00:48:24,560" />
  </s>
  <s id="380">
    <time id="T372S" value="00:48:27,038" />
Hy het gesê hy sal dit vir jou doen
    <time id="T372E" value="00:48:28,802" />
  </s>
  <s id="381">
    <time id="T373S" value="00:48:28,958" />
As ek 'n klavierstemmer benodig, sal ek self een kry
    <time id="T373E" value="00:48:31,882" />
  </s>
  <s id="382">
    <time id="T374S" value="00:48:33,358" />
Dis reg.
  </s>
  <s id="383">
As jy iemand nodig het, soek self
    <time id="T374E" value="00:48:36,363" />
  </s>
  <s id="384">
    <time id="T375S" value="00:48:36,559" />
Presies
    <time id="T375E" value="00:48:37,640" />
  </s>
  <s id="385">
    <time id="T376S" value="00:48:37,799" />
Ek sal nie help nie.
  </s>
  <s id="386">
- Ek benodig nie hulp nie
    <time id="T376E" value="00:48:40,040" />
  </s>
  <s id="387">
    <time id="T377S" value="00:48:42,360" />
En die stukkende muurprop?
    <time id="T377E" value="00:48:44,488" />
  </s>
  <s id="388">
    <time id="T378S" value="00:48:46,640" />
Wat?
    <time id="T378E" value="00:48:48,130" />
  </s>
  <s id="389">
    <time id="T379S" value="00:48:48,280" />
Al iemand gekry daarvoor?
    <time id="T379E" value="00:48:49,965" />
  </s>
  <s id="390">
    <time id="T380S" value="00:48:51,041" />
Elektrisiëns is skaars.
  </s>
  <s id="391">
- Wat het dit met jou te doen?
    <time id="T380E" value="00:48:53,362" />
  </s>
  <s id="392">
    <time id="T381S" value="00:48:53,481" />
Niks
    <time id="T381E" value="00:48:54,721" />
  </s>
  <s id="393">
    <time id="T382S" value="00:48:55,721" />
Jy kan betaal met die Wes-Duitse sigarette in jou rooi tassie
    <time id="T382E" value="00:48:59,044" />
  </s>
  <s id="394">
    <time id="T383S" value="00:49:08,043" />
Ons is gereed.
  </s>
  <s id="395">
- Dankie
    <time id="T383E" value="00:49:09,647" />
  </s>
  <s id="396">
    <time id="T384S" value="00:49:16,644" />
Daar's niks sigbaar nie, maar 'n klont kon gevorm het
    <time id="T384E" value="00:49:20,285" />
  </s>
  <s id="397">
    <time id="T385S" value="00:49:24,965" />
Om seker te maak, sal ons moet oopmaak
    <time id="T385E" value="00:49:27,889" />
  </s>
  <s id="398">
    <time id="T386S" value="00:49:29,886" />
Die risiko is te groot noudat hy stabiliseer
    <time id="T386E" value="00:49:33,732" />
  </s>
  <s id="399">
    <time id="T387S" value="00:49:36,206" />
Ons sal hom dophou
    <time id="T387E" value="00:49:37,732" />
  </s>
  <s id="400">
    <time id="T388S" value="00:49:38,287" />
As hy nie verbeter nie, sal ons moet opereer
    <time id="T388E" value="00:49:41,416" />
  </s>
  <s id="401">
    <time id="T389S" value="00:50:39,734" />
Sy reflekse is normaal
    <time id="T389E" value="00:50:41,578" />
  </s>
  <s id="402">
    <time id="T390S" value="00:50:41,735" />
Ligaamstemperatuur?
  </s>
  <s id="403">
- ook.
    <time id="T390E" value="00:50:44,420" />
  </s>
  <s id="404">
    <time id="T391S" value="00:50:46,135" />
Ons sal moet wag
    <time id="T391E" value="00:50:47,500" />
  </s>
  <s id="405">
    <time id="T392S" value="00:50:53,376" />
Ek het ook met die fiets gekom
    <time id="T392E" value="00:50:55,378" />
  </s>
  <s id="406">
    <time id="T393S" value="00:51:35,582" />
Daar is 'n ou houtkruis by die begin van die pad 'n paar meter verder is jy skielik op 'n heuwel en daar onder is die see.
    <time id="T395E" value="00:51:45,987" />
  </s>
  <s id="407">
    <time id="T396S" value="00:51:47,983" />
Dis die mooiste plek wat ek ken
    <time id="T396E" value="00:51:49,985" />
  </s>
  <s id="408">
    <time id="T397S" value="00:51:50,143" />
Het jy dit al gesien?
    <time id="T397E" value="00:51:51,748" />
  </s>
  <s id="409">
    <time id="T398S" value="00:51:57,144" />
Dit is saans nog mooier
    <time id="T398E" value="00:51:59,591" />
  </s>
  <s id="410">
    <time id="T399S" value="00:52:17,427" />
Kom ons vat kortpad deur die woud, hier
    <time id="T399E" value="00:52:20,510" />
  </s>
  <s id="411">
    <time id="T400S" value="00:52:22,388" />
Sal ons?
    <time id="T400E" value="00:52:23,913" />
  </s>
  <s id="412">
    <time id="T401S" value="00:52:27,388" />
Jammer, maar ek haat die see - dis maar soos dit is
    <time id="T401E" value="00:52:30,996" />
  </s>
  <s id="413">
    <time id="T402S" value="00:52:32,749" />
Sien jou môre
    <time id="T402E" value="00:52:34,080" />
  </s>
  <s id="414">
    <time id="T403S" value="00:52:36,509" />
Tot môre
    <time id="T403E" value="00:52:37,510" />
  </s>
  <s id="415">
    <time id="T404S" value="00:56:30,539" />
Gerard het 'n meisie ontmoet
    <time id="T404E" value="00:56:32,940" />
  </s>
  <s id="416">
    <time id="T405S" value="00:56:35,420" />
Sy wil seker weste toe gaan
    <time id="T405E" value="00:56:38,026" />
  </s>
  <s id="417">
    <time id="T406S" value="00:56:42,701" />
Hy sê sy het hom lief
    <time id="T406E" value="00:56:45,022" />
  </s>
  <s id="418">
    <time id="T407S" value="00:56:45,541" />
Omdat sy hom nie kan volg nie
    <time id="T407E" value="00:56:47,862" />
  </s>
  <s id="419">
    <time id="T408S" value="00:56:55,862" />
Barbara!
    <time id="T408E" value="00:56:57,432" />
  </s>
  <s id="420">
    <time id="T409S" value="00:56:59,263" />
Ek kan na jou toe kom, en hier by jou bly.
    <time id="T410E" value="00:57:04,027" />
  </s>
  <s id="421">
    <time id="T411S" value="00:57:04,183" />
Wat bedoel jy; hier?
  </s>
  <s id="422">
- Hier
    <time id="T411E" value="00:57:06,551" />
  </s>
  <s id="423">
    <time id="T412S" value="00:57:07,464" />
Dis moontlik - dis al gedoen
    <time id="T412E" value="00:57:10,035" />
  </s>
  <s id="424">
    <time id="T413S" value="00:57:10,464" />
Soos wie?
    <time id="T413E" value="00:57:11,954" />
  </s>
  <s id="425">
    <time id="T414S" value="00:57:12,784" />
Wat maak dit saak?
    <time id="T414E" value="00:57:14,549" />
  </s>
  <s id="426">
    <time id="T415S" value="00:57:15,465" />
Ek kan enige plek gelukkig wees met jou
    <time id="T415E" value="00:57:18,036" />
  </s>
  <s id="427">
    <time id="T416S" value="00:57:18,865" />
Hulle sal my hier verwelkom
    <time id="T416E" value="00:57:20,355" />
  </s>
  <s id="428">
    <time id="T417S" value="00:57:20,545" />
Jy's gek!
    <time id="T417E" value="00:57:21,786" />
  </s>
  <s id="429">
    <time id="T418S" value="00:57:23,626" />
Mens kan nie hier gelukkig wees nie
    <time id="T418E" value="00:57:25,867" />
  </s>
  <s id="430">
    <time id="T419S" value="00:57:51,109" />
Daar is twee rotse, 'n grote en 'n kleiner ene
    <time id="T419E" value="00:57:54,432" />
  </s>
  <s id="431">
    <time id="T420S" value="00:57:54,790" />
Jy moet hier wag
    <time id="T420E" value="00:57:56,440" />
  </s>
  <s id="432">
    <time id="T421S" value="00:57:56,790" />
Hy het 'n infrarooi vêrkyker, hy kan jou sien in die donker
    <time id="T421E" value="00:57:59,634" />
  </s>
  <s id="433">
    <time id="T422S" value="00:58:01,191" />
Dit sal baie vinnig gebeur
    <time id="T422E" value="00:58:03,273" />
  </s>
  <s id="434">
    <time id="T423S" value="00:58:03,551" />
Sal jy daar wees?
    <time id="T423E" value="00:58:05,360" />
  </s>
  <s id="435">
    <time id="T424S" value="00:58:06,871" />
Ek sal in Denemarke wag 
  </s>
  <s id="436">
- Denemarke?
    <time id="T424E" value="00:58:09,716" />
  </s>
  <s id="437">
    <time id="T425S" value="00:58:10,032" />
Dis nie ver nie
    <time id="T425E" value="00:58:12,034" />
  </s>
  <s id="438">
    <time id="T426S" value="00:58:15,352" />
Wanneer?
    <time id="T426E" value="00:58:16,957" />
  </s>
  <s id="439">
    <time id="T427S" value="00:58:17,713" />
Saterdagnag
    <time id="T427E" value="00:58:19,363" />
  </s>
  <s id="440">
    <time id="T428S" value="00:58:19,553" />
Hierdie naweek?
    <time id="T428E" value="00:58:21,203" />
  </s>
  <s id="441">
    <time id="T429S" value="00:58:23,713" />
Ek is op diens,
    <time id="T429E" value="00:58:25,443" />
  </s>
  <s id="442">
    <time id="T430S" value="00:58:26,354" />
Ek sal moet uitruil
    <time id="T430E" value="00:58:28,197" />
  </s>
  <s id="443">
    <time id="T431S" value="00:58:29,354" />
Het jy 'n goeie verskoning nodig?
    <time id="T431E" value="00:58:31,356" />
  </s>
  <s id="444">
    <time id="T432S" value="00:58:34,035" />
Daar moet 'n dom parade of iets wees!
    <time id="T432E" value="00:58:36,481" />
  </s>
  <s id="445">
    <time id="T433S" value="00:58:36,875" />
Niemand sal my glo nie
    <time id="T433E" value="00:58:38,877" />
  </s>
  <s id="446">
    <time id="T434S" value="00:58:45,796" />
Ja...
    <time id="T434E" value="00:58:47,127" />
  </s>
  <s id="447">
    <time id="T435S" value="00:58:48,357" />
Ek kom
    <time id="T435E" value="00:58:49,722" />
  </s>
  <s id="448">
    <time id="T436S" value="00:58:51,197" />
Daar's 'n vergadering in die restaurant
    <time id="T436E" value="00:58:53,040" />
  </s>
  <s id="449">
    <time id="T437S" value="00:58:53,197" />
Dit sal 'n uur wees, nie langer nie
    <time id="T437E" value="00:58:55,359" />
  </s>
  <s id="450">
    <time id="T438S" value="00:58:55,718" />
Moet ek iets saambring?
    <time id="T438E" value="00:58:57,208" />
  </s>
  <s id="451">
    <time id="T439S" value="00:58:57,358" />
Ek dink ek sal al slaap
    <time id="T439E" value="00:58:59,645" />
  </s>
  <s id="452">
    <time id="T440S" value="00:59:10,359" />
Wanneer jy oorgekom het, kan jy slaap wanneer jy wil
    <time id="T440E" value="00:59:13,045" />
  </s>
  <s id="453">
    <time id="T441S" value="00:59:13,640" />
Hoekom?
    <time id="T441E" value="00:59:14,721" />
  </s>
  <s id="454">
    <time id="T442S" value="00:59:15,280" />
Ek verdien genoeg, jy hoef nie te werk nie
    <time id="T442E" value="00:59:18,363" />
  </s>
  <s id="455">
    <time id="T443S" value="00:59:22,481" />
Memoriseer dit, en verbrand
    <time id="T443E" value="00:59:25,212" />
  </s>
  <s id="456">
    <time id="T444S" value="01:00:33,570" />
Verdomp!
    <time id="T444E" value="01:00:34,810" />
  </s>
  <s id="457">
    <time id="T445S" value="01:00:53,372" />
Weet jy hoe lank hulle weg sal wees?
    <time id="T445E" value="01:00:55,375" />
  </s>
  <s id="458">
    <time id="T446S" value="01:00:55,893" />
'n Uur op die meeste.
  </s>
  <s id="459">
- Dan sal dit twee ure wees
    <time id="T446E" value="01:00:59,136" />
  </s>
  <s id="460">
    <time id="T447S" value="01:01:01,213" />
Ek is Steffi.
    <time id="T447E" value="01:01:02,215" />
  </s>
  <s id="461">
    <time id="T448S" value="01:01:04,294" />
Op jou gesondheid
    <time id="T448E" value="01:01:05,455" />
  </s>
  <s id="462">
    <time id="T449S" value="01:01:09,054" />
Barbara.
    <time id="T449E" value="01:01:10,500" />
  </s>
  <s id="463">
    <time id="T450S" value="01:01:11,815" />
Bly om jou te ontmoet
    <time id="T450E" value="01:01:13,226" />
  </s>
  <s id="464">
    <time id="T451S" value="01:01:14,655" />
Wat het jy as geskenk gekry?
    <time id="T451E" value="01:01:16,464" />
  </s>
  <s id="465">
    <time id="T452S" value="01:01:18,456" />
Geskenk?
    <time id="T452E" value="01:01:19,821" />
  </s>
  <s id="466">
    <time id="T453S" value="01:01:20,816" />
Niks
    <time id="T453E" value="01:01:22,227" />
  </s>
  <s id="467">
    <time id="T454S" value="01:01:23,576" />
Ek vra myne vooruit, dis die beste vir albei partye
    <time id="T455E" value="01:01:28,583" />
  </s>
  <s id="468">
    <time id="T456S" value="01:01:29,977" />
Kyk!
    <time id="T456E" value="01:01:31,467" />
  </s>
  <s id="469">
    <time id="T457S" value="01:01:33,898" />
Hy sê hy's lief vir my
    <time id="T457E" value="01:01:35,900" />
  </s>
  <s id="470">
    <time id="T458S" value="01:01:36,818" />
Wag
    <time id="T458E" value="01:01:38,149" />
  </s>
  <s id="471">
    <time id="T459S" value="01:01:49,820" />
Wil jy hê?
    <time id="T459E" value="01:01:51,231" />
  </s>
  <s id="472">
    <time id="T460S" value="01:01:53,660" />
Kyk!
    <time id="T460E" value="01:01:55,389" />
  </s>
  <s id="473">
    <time id="T461S" value="01:01:55,740" />
Hy wil met my trou
    <time id="T461E" value="01:01:57,903" />
  </s>
  <s id="474">
    <time id="T462S" value="01:01:58,381" />
Hy wil hê dat ek 'n ring kies
    <time id="T462E" value="01:02:00,224" />
  </s>
  <s id="475">
    <time id="T463S" value="01:02:03,221" />
Gek, hê?
    <time id="T463E" value="01:02:04,986" />
  </s>
  <s id="476">
    <time id="T464S" value="01:02:08,982" />
Mooi, of hoe?
    <time id="T464E" value="01:02:11,462" />
  </s>
  <s id="477">
    <time id="T465S" value="01:02:14,143" />
Dis nie die duurste ene nie
    <time id="T465E" value="01:02:15,986" />
  </s>
  <s id="478">
    <time id="T466S" value="01:02:19,383" />
Dis baie mooi 
  </s>
  <s id="479">
- Ja, dit is.
    <time id="T466E" value="01:02:21,466" />
  </s>
  <s id="480">
    <time id="T467S" value="01:02:22,744" />
Wys my jou hande
    <time id="T467E" value="01:02:24,394" />
  </s>
  <s id="481">
    <time id="T468S" value="01:02:26,984" />
Wag
    <time id="T468E" value="01:02:28,146" />
  </s>
  <s id="482">
    <time id="T469S" value="01:02:29,305" />
Dis te groot vir jou
    <time id="T469E" value="01:02:30,830" />
  </s>
  <s id="483">
    <time id="T470S" value="01:02:32,905" />
Joe, jy is 'n 17!
    <time id="T470E" value="01:02:34,828" />
  </s>
  <s id="484">
    <time id="T471S" value="01:02:36,746" />
Jy het pragtige hande
    <time id="T471E" value="01:02:38,236" />
  </s>
  <s id="485">
    <time id="T472S" value="01:02:38,586" />
Dankie 
  </s>
  <s id="486">
- Pas jy hulle mooi op?
    <time id="T472E" value="01:02:40,588" />
  </s>
  <s id="487">
    <time id="T473S" value="01:02:43,586" />
Watter een sal jy neem?
    <time id="T473E" value="01:02:45,157" />
  </s>
  <s id="488">
    <time id="T474S" value="01:02:50,667" />
Miskien daardie een
    <time id="T474E" value="01:02:51,999" />
  </s>
  <s id="489">
    <time id="T475S" value="01:02:52,748" />
Ja, dis baie mooi
    <time id="T475E" value="01:02:54,750" />
  </s>
  <s id="490">
    <time id="T476S" value="01:02:58,908" />
As hy met my trou, dink jy hulle sal my laat gaan?
    <time id="T477E" value="01:03:05,231" />
  </s>
  <s id="491">
    <time id="T478S" value="01:03:07,069" />
Ek dink nie so nie
    <time id="T478E" value="01:03:08,401" />
  </s>
  <s id="492">
    <time id="T479S" value="01:03:19,151" />
Ken jy die rëels?
    <time id="T479E" value="01:03:21,074" />
  </s>
  <s id="493">
    <time id="T480S" value="01:03:27,072" />
Totsiens
    <time id="T480E" value="01:03:28,312" />
  </s>
  <s id="494">
    <time id="T481S" value="01:06:10,173" />
Maak oop, dis vir jou
    <time id="T481E" value="01:06:13,256" />
  </s>
  <s id="495">
    <time id="T482S" value="01:06:17,014" />
Nee 
  </s>
  <s id="496">
- Dit is.
    <time id="T482E" value="01:06:18,095" />
  </s>
  <s id="497">
    <time id="T483S" value="01:06:23,174" />
Asseblief, nee!
    <time id="T483E" value="01:06:24,620" />
  </s>
  <s id="498">
    <time id="T484S" value="01:06:44,097" />
Maak jou hare los.
    <time id="T484E" value="01:06:45,701" />
  </s>
  <s id="499">
    <time id="T485S" value="01:06:50,258" />
Buig vooroor
    <time id="T485E" value="01:06:51,498" />
  </s>
  <s id="500">
    <time id="T486S" value="01:06:54,338" />
Bene oop
    <time id="T486E" value="01:06:55,704" />
  </s>
  <s id="501">
    <time id="T487S" value="01:07:03,620" />
Baie vrugtekonfyt, brood en kaas
    <time id="T487E" value="01:07:07,341" />
  </s>
  <s id="502">
    <time id="T488S" value="01:07:08,340" />
Watter soort kaas?
    <time id="T488E" value="01:07:09,626" />
  </s>
  <s id="503">
    <time id="T489S" value="01:07:10,540" />
Sagte kaas
    <time id="T489E" value="01:07:12,270" />
  </s>
  <s id="504">
    <time id="T490S" value="01:07:13,021" />
Hou jy daarvan?
    <time id="T490E" value="01:07:14,625" />
  </s>
  <s id="505">
    <time id="T491S" value="01:07:16,861" />
Nee
    <time id="T491E" value="01:07:17,703" />
  </s>
  <s id="506">
    <time id="T492S" value="01:07:18,341" />
En gister?
    <time id="T492E" value="01:07:19,423" />
  </s>
  <s id="507">
    <time id="T493S" value="01:07:19,542" />
Vir ontbyt?
  </s>
  <s id="508">
- Middagete
    <time id="T493E" value="01:07:21,624" />
  </s>
  <s id="509">
    <time id="T494S" value="01:07:30,703" />
Fricassee.
    <time id="T494E" value="01:07:32,273" />
  </s>
  <s id="510">
    <time id="T495S" value="01:07:32,423" />
Reg, ons ook
    <time id="T495E" value="01:07:34,027" />
  </s>
  <s id="511">
    <time id="T496S" value="01:07:34,503" />
Die ingelegde rhubarb was lekker
    <time id="T496E" value="01:07:36,711" />
  </s>
  <s id="512">
    <time id="T497S" value="01:07:37,624" />
Ek het jellie gehad
    <time id="T497E" value="01:07:39,114" />
  </s>
  <s id="513">
    <time id="T498S" value="01:07:39,544" />
Was daar jellie gister?
    <time id="T498E" value="01:07:41,433" />
  </s>
  <s id="514">
    <time id="T499S" value="01:07:52,106" />
Bon appetit.
  </s>
  <s id="515">
- Bon appetit
    <time id="T499E" value="01:07:54,188" />
  </s>
  <s id="516">
    <time id="T500S" value="01:08:01,947" />
Alweer jellie
    <time id="T500E" value="01:08:03,517" />
  </s>
  <s id="517">
    <time id="T501S" value="01:08:09,188" />
Sien julle later
    <time id="T501E" value="01:08:10,633" />
  </s>
  <s id="518">
    <time id="T502S" value="01:08:14,349" />
Die antwoorde was goed
    <time id="T502E" value="01:08:16,113" />
  </s>
  <s id="519">
    <time id="T503S" value="01:08:18,109" />
Hy het nie geheueverlies nie
    <time id="T503E" value="01:08:20,032" />
  </s>
  <s id="520">
    <time id="T504S" value="01:08:24,030" />
Jy is steeds bekommerd
    <time id="T504E" value="01:08:25,953" />
  </s>
  <s id="521">
    <time id="T505S" value="01:08:27,270" />
Ek weet nie, alles lyk normaal:
  </s>
  <s id="522">
sy geheue en reaksies...
    <time id="T505E" value="01:08:32,516" />
  </s>
  <s id="523">
    <time id="T506S" value="01:08:35,871" />
Wat sê sy ouers?
  </s>
  <s id="524">
- Hulle is net verlig
    <time id="T506E" value="01:08:39,035" />
  </s>
  <s id="525">
    <time id="T507S" value="01:08:40,112" />
Vind hulle iets vreemd?
    <time id="T507E" value="01:08:42,353" />
  </s>
  <s id="526">
    <time id="T508S" value="01:08:45,793" />
Ek sal jou later sien Bon appetit.
    <time id="T508E" value="01:08:48,444" />
  </s>
  <s id="527">
    <time id="T509S" value="01:08:49,353" />
Jammer ek was so kortaf gister
    <time id="T509E" value="01:08:53,723" />
  </s>
  <s id="528">
    <time id="T510S" value="01:08:54,114" />
Jy's mos altyd 
  </s>
  <s id="529">
- Nee
    <time id="T510E" value="01:08:55,525" />
  </s>
  <s id="530">
    <time id="T511S" value="01:08:55,874" />
Jy is
    <time id="T511E" value="01:08:56,955" />
  </s>
  <s id="531">
    <time id="T512S" value="01:08:58,714" />
Ek wil jou 'n guns vra 
  </s>
  <s id="532">
- O! 
  </s>
  <s id="533">
ek sien!
    <time id="T512E" value="01:09:01,115" />
  </s>
  <s id="534">
    <time id="T513S" value="01:09:02,195" />
Wat sien jy?
    <time id="T513E" value="01:09:03,435" />
  </s>
  <s id="535">
    <time id="T514S" value="01:09:04,515" />
Maklik
    <time id="T514E" value="01:09:05,516" />
  </s>
  <s id="536">
    <time id="T515S" value="01:09:06,635" />
Kan ek die naweek afkry, ek sal nagskof doen later
    <time id="T515E" value="01:09:10,118" />
  </s>
  <s id="537">
    <time id="T516S" value="01:09:11,116" />
Wil jy die parade bywoon in Berlyn?
    <time id="T516E" value="01:09:12,641" />
  </s>
  <s id="538">
    <time id="T517S" value="01:09:14,196" />
Nee, ek wil werk aan my woonstel
    <time id="T517E" value="01:09:16,278" />
  </s>
  <s id="539">
    <time id="T518S" value="01:09:17,877" />
Doen dit dan
    <time id="T518E" value="01:09:19,447" />
  </s>
  <s id="540">
    <time id="T519S" value="01:10:39,287" />
Verskoon - dit moet in die was kom Dankie
    <time id="T519E" value="01:10:43,133" />
  </s>
  <s id="541">
    <time id="T520S" value="01:10:44,728" />
Hoe is hy?
    <time id="T520E" value="01:10:46,139" />
  </s>
  <s id="542">
    <time id="T521S" value="01:10:47,648" />
Verstommend goed
    <time id="T521E" value="01:10:49,457" />
  </s>
  <s id="543">
    <time id="T522S" value="01:10:51,889" />
Kyk asseblief self na Mario
    <time id="T522E" value="01:10:54,051" />
  </s>
  <s id="544">
    <time id="T523S" value="01:10:56,449" />
Dit is serebrale kneusing
    <time id="T523E" value="01:10:58,213" />
  </s>
  <s id="545">
    <time id="T524S" value="01:10:58,569" />
Ek is besorgd oor hom
    <time id="T524E" value="01:11:01,050" />
  </s>
  <s id="546">
    <time id="T525S" value="01:11:05,450" />
Ek wil hom nog toets môre, sal jy help?
    <time id="T526E" value="01:11:10,372" />
  </s>
  <s id="547">
    <time id="T527S" value="01:11:10,811" />
Ek is môre af 
  </s>
  <s id="548">
- Ek ook
    <time id="T527E" value="01:11:12,654" />
  </s>
  <s id="549">
    <time id="T528S" value="01:11:17,812" />
Kan jy nie twee ure afstaan nie?
    <time id="T528E" value="01:11:19,541" />
  </s>
  <s id="550">
    <time id="T529S" value="01:11:23,053" />
Sondag kan ek
    <time id="T529E" value="01:11:24,578" />
  </s>
  <s id="551">
    <time id="T530S" value="01:11:25,053" />
Watter tyd?
    <time id="T530E" value="01:11:26,293" />
  </s>
  <s id="552">
    <time id="T531S" value="01:11:28,733" />
Elf uur
    <time id="T531E" value="01:11:30,144" />
  </s>
  <s id="553">
    <time id="T532S" value="01:11:33,654" />
Goeie nag
    <time id="T532E" value="01:11:35,065" />
  </s>
  <s id="554">
    <time id="T533S" value="01:11:36,294" />
Jy ook
    <time id="T533E" value="01:11:37,898" />
  </s>
  <s id="555">
    <time id="T534S" value="01:12:34,982" />
Nee!
    <time id="T534E" value="01:12:36,143" />
  </s>
  <s id="556">
    <time id="T535S" value="01:12:39,902" />
Nee!
    <time id="T535E" value="01:12:41,233" />
  </s>
  <s id="557">
    <time id="T536S" value="01:12:41,903" />
Nee, nee, nee...
    <time id="T536E" value="01:12:45,066" />
  </s>
  <s id="558">
    <time id="T537S" value="01:12:56,304" />
Jy kan môre huistoe gaan
    <time id="T537E" value="01:12:58,387" />
  </s>
  <s id="559">
    <time id="T538S" value="01:13:29,469" />
Wag
    <time id="T538E" value="01:13:30,994" />
  </s>
  <s id="560">
    <time id="T539S" value="01:13:36,149" />
Kan ek met jou praat?
    <time id="T539E" value="01:13:37,834" />
  </s>
  <s id="561">
    <time id="T540S" value="01:13:40,150" />
Was jy by Mario?
  </s>
  <s id="562">
- Ja
    <time id="T540E" value="01:13:42,551" />
  </s>
  <s id="563">
    <time id="T541S" value="01:13:45,231" />
Sal jy saam met my kom?
  </s>
  <s id="564">
- Waarvoor?
    <time id="T541E" value="01:13:47,837" />
  </s>
  <s id="565">
    <time id="T542S" value="01:13:49,471" />
Ek is Dr Wolff, hy is my pasiënt, asseblief
    <time id="T542E" value="01:13:51,997" />
  </s>
  <s id="566">
    <time id="T543S" value="01:13:58,392" />
Jy het gehuil
    <time id="T543E" value="01:13:59,996" />
  </s>
  <s id="567">
    <time id="T544S" value="01:14:00,993" />
Ek het nie
    <time id="T544E" value="01:14:02,404" />
  </s>
  <s id="568">
    <time id="T545S" value="01:14:03,593" />
Toe jy by Mario was
    <time id="T545E" value="01:14:05,561" />
  </s>
  <s id="569">
    <time id="T546S" value="01:14:09,474" />
Is jy betrokke by Mario?
    <time id="T546E" value="01:14:11,317" />
  </s>
  <s id="570">
    <time id="T547S" value="01:14:18,475" />
Dit het vandag in die pos gekom
    <time id="T547E" value="01:14:20,603" />
  </s>
  <s id="571">
    <time id="T548S" value="01:14:23,155" />
"Ek kan nie sonder jou lewe nie. 
  </s>
  <s id="572">
Mario"
    <time id="T548E" value="01:14:24,567" />
  </s>
  <s id="573">
    <time id="T549S" value="01:14:24,676" />
Ons het teruggekom van 'n partytjie in Stralsund.
    <time id="T549E" value="01:14:27,759" />
  </s>
  <s id="574">
    <time id="T550S" value="01:14:29,236" />
Ek het gedans met 2 Kubane - Net gedans
    <time id="T550E" value="01:14:32,320" />
  </s>
  <s id="575">
    <time id="T551S" value="01:14:33,677" />
Werner het hom gekontak, en wie weet wat alles vertel
    <time id="T551E" value="01:14:36,920" />
  </s>
  <s id="576">
    <time id="T552S" value="01:14:39,237" />
Het jy gehuil omdat jy skuldig voel?
    <time id="T552E" value="01:14:42,162" />
  </s>
  <s id="577">
    <time id="T553S" value="01:14:43,838" />
Nee, omdat hy so koud is
    <time id="T554E" value="01:14:47,681" />
  </s>
  <s id="578">
    <time id="T555S" value="01:14:51,919" />
Mense is dikwels teruggetrokke na 'n mislukte selfmoord
    <time id="T555E" value="01:14:55,561" />
  </s>
  <s id="579">
    <time id="T556S" value="01:14:57,000" />
Iets is verkeerd
    <time id="T556E" value="01:14:59,002" />
  </s>
  <s id="580">
    <time id="T557S" value="01:15:00,400" />
Ek het hom gesoen, en hy het my vertel wat hy te ete kry hier
    <time id="T557E" value="01:15:04,486" />
  </s>
  <s id="581">
    <time id="T558S" value="01:15:05,481" />
Dis nie normaal nie
    <time id="T558E" value="01:15:07,006" />
  </s>
  <s id="582">
    <time id="T559S" value="01:15:08,321" />
As hy kwaad was, dan was dit goed, maar hy is so koud!
    <time id="T560E" value="01:15:13,572" />
  </s>
  <s id="583">
    <time id="T561S" value="01:15:21,483" />
Mario?
    <time id="T561E" value="01:15:22,928" />
  </s>
  <s id="584">
    <time id="T562S" value="01:15:24,843" />
Ja?
    <time id="T562E" value="01:15:26,004" />
  </s>
  <s id="585">
    <time id="T563S" value="01:15:29,084" />
Angie het vir jou kom kuier
    <time id="T563E" value="01:15:30,768" />
  </s>
  <s id="586">
    <time id="T564S" value="01:15:31,484" />
Ja
    <time id="T564E" value="01:15:32,485" />
  </s>
  <s id="587">
    <time id="T565S" value="01:15:33,844" />
Jy het vir haar 'n brief geskryf
    <time id="T565E" value="01:15:35,768" />
  </s>
  <s id="588">
    <time id="T566S" value="01:15:37,685" />
Wanneer?
    <time id="T566E" value="01:15:39,175" />
  </s>
  <s id="589">
    <time id="T567S" value="01:15:39,685" />
'n Afskeidsbrief
    <time id="T567E" value="01:15:41,494" />
  </s>
  <s id="590">
    <time id="T568S" value="01:15:43,846" />
Wat het jy vir haar geskryf?
    <time id="T568E" value="01:15:45,928" />
  </s>
  <s id="591">
    <time id="T569S" value="01:15:47,766" />
Kan jy die venster toemaak?
    <time id="T569E" value="01:15:49,689" />
  </s>
  <s id="592">
    <time id="T570S" value="01:15:53,247" />
Die venster is toe
    <time id="T570E" value="01:15:55,249" />
  </s>
  <s id="593">
    <time id="T571S" value="01:15:57,567" />
Dankie
    <time id="T571E" value="01:15:58,854" />
  </s>
  <s id="594">
    <time id="T572S" value="01:16:03,568" />
Moet Angie môre weer kom kuier?
    <time id="T572E" value="01:16:05,775" />
  </s>
  <s id="595">
    <time id="T573S" value="01:16:07,009" />
Wat eet ons môre?
    <time id="T573E" value="01:16:09,091" />
  </s>
  <s id="596">
    <time id="T574S" value="01:16:12,009" />
Weet jy?
    <time id="T574E" value="01:16:13,579" />
  </s>
  <s id="597">
    <time id="T575S" value="01:16:36,172" />
Verdomp!
    <time id="T575E" value="01:16:37,583" />
  </s>
  <s id="598">
    <time id="T576S" value="01:16:58,015" />
Dis Dr Wolff, ek moet dringend praat met dr Reiser.
    <time id="T576E" value="01:17:01,019" />
  </s>
  <s id="599">
    <time id="T577S" value="01:17:03,616" />
Ag, ek sien...
    <time id="T577E" value="01:17:04,856" />
  </s>
  <s id="600">
    <time id="T578S" value="01:17:06,696" />
Waar is dit?
    <time id="T578E" value="01:17:08,027" />
  </s>
  <s id="601">
    <time id="T579S" value="01:17:37,580" />
Weet u waar ek dr Reiser kan vind?
    <time id="T579E" value="01:17:40,186" />
  </s>
  <s id="602">
    <time id="T580S" value="01:17:40,581" />
Die dr is nie hier nie 
  </s>
  <s id="603">
- Ek weet, maar waar is hy?
    <time id="T580E" value="01:17:44,028" />
  </s>
  <s id="604">
    <time id="T581S" value="01:17:44,341" />
Hy is by die Schaaz.
  </s>
  <s id="605">
- En waar is dit?
    <time id="T581E" value="01:17:46,708" />
  </s>
  <s id="606">
    <time id="T582S" value="01:17:46,861" />
Dis die kafee op die markplein 
  </s>
  <s id="607">
- Reg, dankie
    <time id="T582E" value="01:17:49,433" />
  </s>
  <s id="608">
    <time id="T583S" value="01:18:20,106" />
Kan ek u help?
    <time id="T583E" value="01:18:21,710" />
  </s>
  <s id="609">
    <time id="T584S" value="01:18:22,426" />
Ek soek na dr Reiser.
  </s>
  <s id="610">
- Hy is boontoe
    <time id="T584E" value="01:18:25,635" />
  </s>
  <s id="611">
    <time id="T585S" value="01:18:28,587" />
Trap op en dan links
    <time id="T585E" value="01:18:31,033" />
  </s>
  <s id="612">
    <time id="T586S" value="01:18:52,270" />
Ek soek na dr Reiser
    <time id="T586E" value="01:18:54,432" />
  </s>
  <s id="613">
    <time id="T587S" value="01:18:55,870" />
Ek is dr Wolff, Ek is van die kliniek
    <time id="T587E" value="01:18:57,872" />
  </s>
  <s id="614">
    <time id="T588S" value="01:18:58,190" />
Hy is in Friedl se kamer
    <time id="T588E" value="01:19:00,273" />
  </s>
  <s id="615">
    <time id="T589S" value="01:19:00,631" />
Kan ek vlugtig met hom praat?
    <time id="T589E" value="01:19:02,201" />
  </s>
  <s id="616">
    <time id="T590S" value="01:19:07,432" />
Dr Reiser, daar is iemand vir u
    <time id="T590E" value="01:19:10,197" />
  </s>
  <s id="617">
    <time id="T591S" value="01:19:16,273" />
Verskoon my
    <time id="T591E" value="01:19:18,037" />
  </s>
  <s id="618">
    <time id="T592S" value="01:19:27,354" />
Sy is pragtig, jou meisie
    <time id="T592E" value="01:19:29,721" />
  </s>
  <s id="619">
    <time id="T593S" value="01:19:31,035" />
Ek het u motor gesien, dr Ek moet met u praat
    <time id="T593E" value="01:19:33,606" />
  </s>
  <s id="620">
    <time id="T594S" value="01:19:34,875" />
Is u so formeel met mekaar?
    <time id="T594E" value="01:19:36,639" />
  </s>
  <s id="621">
    <time id="T595S" value="01:19:38,035" />
Is alle dokters so?
    <time id="T595E" value="01:19:40,607" />
  </s>
  <s id="622">
    <time id="T596S" value="01:19:41,196" />
Net partymaal
    <time id="T596E" value="01:19:43,039" />
  </s>
  <s id="623">
    <time id="T597S" value="01:19:44,596" />
Barbara, ek kom
    <time id="T597E" value="01:19:45,518" />
  </s>
  <s id="624">
    <time id="T598S" value="01:19:54,438" />
Dis vir julle twee
    <time id="T598E" value="01:19:55,803" />
  </s>
  <s id="625">
    <time id="T599S" value="01:19:57,038" />
Dankie
    <time id="T599E" value="01:19:58,119" />
  </s>
  <s id="626">
    <time id="T600S" value="01:19:59,598" />
Klaus, ek moet gaan
    <time id="T600E" value="01:20:00,963" />
  </s>
  <s id="627">
    <time id="T601S" value="01:20:05,439" />
Ek sal later weer kom kyk
    <time id="T601E" value="01:20:07,441" />
  </s>
  <s id="628">
    <time id="T602S" value="01:20:23,601" />
Wag vir my asseblief
    <time id="T602E" value="01:20:25,285" />
  </s>
  <s id="629">
    <time id="T603S" value="01:20:35,043" />
Hoe is sy?
  </s>
  <s id="630">
- Ek het haar morfien gegee
    <time id="T603E" value="01:20:37,523" />
  </s>
  <s id="631">
    <time id="T604S" value="01:20:37,723" />
Dis goed, sy sal nie ly nie
    <time id="T604E" value="01:20:40,294" />
  </s>
  <s id="632">
    <time id="T605S" value="01:20:41,443" />
Jy sal my laat weet...
    <time id="T605E" value="01:20:42,969" />
  </s>
  <s id="633">
    <time id="T606S" value="01:20:56,445" />
Jy was reg, Mario moet ge-opereer word
    <time id="T606E" value="01:20:58,733" />
  </s>
  <s id="634">
    <time id="T607S" value="01:20:59,446" />
Sy meisie was gisteraand daar Hy het aan haar 'n afskeidsbrief geskryf, en hy kan dit nie onthou nie 'n Groot slag kan amnesia veroorsaak, dis normaal
    <time id="T609E" value="01:21:08,371" />
  </s>
  <s id="635">
    <time id="T610S" value="01:21:08,527" />
Hy onthou alles, maar sy emosies is weg
    <time id="T610E" value="01:21:12,134" />
  </s>
  <s id="636">
    <time id="T611S" value="01:21:15,368" />
Bedoel jy ek het 'n operasie nodig, want my emosies...
    <time id="T611E" value="01:21:19,737" />
  </s>
  <s id="637">
    <time id="T612S" value="01:21:21,289" />
Ons gaan kliniek toe, ek sal jou fiets laai
    <time id="T612E" value="01:21:23,291" />
  </s>
  <s id="638">
    <time id="T613S" value="01:21:37,531" />
Dit was morfien 
  </s>
  <s id="639">
- Ja
    <time id="T613E" value="01:21:40,057" />
  </s>
  <s id="640">
    <time id="T614S" value="01:21:47,452" />
Wat is haar siekte?
    <time id="T614E" value="01:21:49,136" />
  </s>
  <s id="641">
    <time id="T615S" value="01:21:49,532" />
Friedl is sterwend aan kanker
    <time id="T615E" value="01:21:51,057" />
  </s>
  <s id="642">
    <time id="T616S" value="01:21:52,613" />
Is julle familie?
  </s>
  <s id="643">
- Nee
    <time id="T616E" value="01:21:54,900" />
  </s>
  <s id="644">
    <time id="T617S" value="01:22:00,053" />
En die offisier?
  </s>
  <s id="645">
- Hy is haar man
    <time id="T617E" value="01:22:02,978" />
  </s>
  <s id="646">
    <time id="T618S" value="01:22:07,294" />
Ken jy hulle al lank?
  </s>
  <s id="647">
- Vandat Friedl siek geword het
    <time id="T618E" value="01:22:10,617" />
  </s>
  <s id="648">
    <time id="T619S" value="01:22:17,136" />
Is dit normaal vir jou?
  </s>
  <s id="649">
- Om die sterwendes te help?
    <time id="T619E" value="01:22:20,618" />
  </s>
  <s id="650">
    <time id="T620S" value="01:22:22,816" />
Om uitvaagsels te help
    <time id="T620E" value="01:22:24,740" />
  </s>
  <s id="651">
    <time id="T621S" value="01:22:27,537" />
As hulle siek is, ja
    <time id="T621E" value="01:22:29,380" />
  </s>
  <s id="652">
    <time id="T622S" value="01:23:13,663" />
Barbara.
    <time id="T622E" value="01:23:14,903" />
  </s>
  <s id="653">
    <time id="T623S" value="01:23:16,063" />
Barbara.
    <time id="T623E" value="01:23:17,667" />
  </s>
  <s id="654">
    <time id="T624S" value="01:23:20,384" />
Hoe laat is dit?
    <time id="T624E" value="01:23:22,148" />
  </s>
  <s id="655">
    <time id="T625S" value="01:23:23,824" />
Amper tweeuur
    <time id="T625E" value="01:23:25,553" />
  </s>
  <s id="656">
    <time id="T626S" value="01:23:32,385" />
Ek het prof Fabricius gebel
    <time id="T626E" value="01:23:34,149" />
  </s>
  <s id="657">
    <time id="T627S" value="01:23:34,826" />
Ken jy hom?
    <time id="T627E" value="01:23:36,237" />
  </s>
  <s id="658">
    <time id="T628S" value="01:23:36,626" />
Hy was my professor - hy sal vanaand kom opereer
    <time id="T628E" value="01:23:40,392" />
  </s>
  <s id="659">
    <time id="T629S" value="01:23:41,546" />
Jy sal die verdowing doen 
  </s>
  <s id="660">
- Wat?
    <time id="T629E" value="01:23:43,470" />
  </s>
  <s id="661">
    <time id="T630S" value="01:23:43,987" />
Jy kan, dis in jou lêer
    <time id="T630E" value="01:23:46,558" />
  </s>
  <s id="662">
    <time id="T631S" value="01:23:48,547" />
Schulze kan dit doen
    <time id="T631E" value="01:23:50,391" />
  </s>
  <s id="663">
    <time id="T632S" value="01:23:50,908" />
Wil jy nie daar wees nie?
    <time id="T632E" value="01:23:53,229" />
  </s>
  <s id="664">
    <time id="T633S" value="01:23:57,228" />
Ek wil
    <time id="T633E" value="01:23:58,310" />
  </s>
  <s id="665">
    <time id="T634S" value="01:23:59,989" />
Goed
    <time id="T634E" value="01:24:01,559" />
  </s>
  <s id="666">
    <time id="T635S" value="01:24:11,750" />
Wat het sy jou gegee?
    <time id="T635E" value="01:24:13,320" />
  </s>
  <s id="667">
    <time id="T636S" value="01:24:15,911" />
Tomaties, murgpampoentjies, eiervrug, uie
    <time id="T637E" value="01:24:20,633" />
  </s>
  <s id="668">
    <time id="T638S" value="01:24:22,632" />
Hou jou van ratatouille?
    <time id="T638E" value="01:24:24,236" />
  </s>
  <s id="669">
    <time id="T639S" value="01:24:27,472" />
Dit neem net 'n halfuur
    <time id="T639E" value="01:24:29,156" />
  </s>
  <s id="670">
    <time id="T640S" value="01:24:30,313" />
40 minute op die meeste
    <time id="T640E" value="01:24:32,236" />
  </s>
  <s id="671">
    <time id="T641S" value="01:24:35,073" />
Kom aan, dis baie lekker!
    <time id="T641E" value="01:24:37,839" />
  </s>
  <s id="672">
    <time id="T642S" value="01:25:00,476" />
Dit sal nie meer lank wees nie
    <time id="T642E" value="01:25:01,763" />
  </s>
  <s id="673">
    <time id="T643S" value="01:25:10,918" />
Is dit alles stories oor dokters?
    <time id="T643E" value="01:25:12,841" />
  </s>
  <s id="674">
    <time id="T644S" value="01:25:14,478" />
Ja
    <time id="T644E" value="01:25:15,559" />
  </s>
  <s id="675">
    <time id="T645S" value="01:25:39,401" />
Daardie een bevat een van die bestes 'Die Distriksdokter':
    <time id="T645E" value="01:25:42,690" />
  </s>
  <s id="676">
    <time id="T646S" value="01:25:43,482" />
'n Lelike ou dokter behandel 'n meisie in die binneland
    <time id="T646E" value="01:25:48,010" />
  </s>
  <s id="677">
    <time id="T647S" value="01:25:48,162" />
Sy het tering Sy is 17 en het baie hoë koors 'n storm verplig hom om oor te slaap
    <time id="T648E" value="01:25:58,487" />
  </s>
  <s id="678">
    <time id="T649S" value="01:25:59,244" />
Hy behandel haar, maar sy word erger
    <time id="T649E" value="01:26:01,246" />
  </s>
  <s id="679">
    <time id="T650S" value="01:26:01,404" />
Sy was nog nooit verlief nie en sou sterwe sonder liefde, daarom neem sy die ou dokter as haar minnaar
    <time id="T652E" value="01:26:09,326" />
  </s>
  <s id="680">
    <time id="T653S" value="01:26:10,765" />
Hy slaap met haar?
  </s>
  <s id="681">
- Nee, hy verteenwoordig maar net... die beminde wat sy nooit sou hê nie
    <time id="T654E" value="01:26:18,489" />
  </s>
  <s id="682">
    <time id="T655S" value="01:26:19,006" />
Sy verbeel stories met hom, beskryf sy passie, sy teerheid,
    <time id="T656E" value="01:26:24,418" />
  </s>
  <s id="683">
    <time id="T657S" value="01:26:25,567" />
en dan sterf sy.
    <time id="T657E" value="01:26:26,932" />
  </s>
  <s id="684">
    <time id="T658S" value="01:26:27,567" />
Hy keer terug na sy vrou en kinders
    <time id="T658E" value="01:26:30,412" />
  </s>
  <s id="685">
    <time id="T659S" value="01:26:32,408" />
Neem dit vir jou
    <time id="T659E" value="01:26:33,773" />
  </s>
  <s id="686">
    <time id="T660S" value="01:26:59,412" />
Kan ek help?
    <time id="T660E" value="01:27:00,857" />
  </s>
  <s id="687">
    <time id="T661S" value="01:27:01,932" />
Hou jy van kook?
    <time id="T661E" value="01:27:03,775" />
  </s>
  <s id="688">
    <time id="T662S" value="01:27:13,653" />
Ek is so bly jy is hier by my
    <time id="T662E" value="01:27:15,577" />
  </s>
  <s id="689">
    <time id="T663S" value="01:27:33,416" />
Ek kan nie
    <time id="T663E" value="01:27:35,783" />
  </s>
  <s id="690">
    <time id="T664S" value="01:29:05,268" />
Professor Fabricius is in die teater, ek sal nou daar wees
    <time id="T664E" value="01:29:08,590" />
  </s>
  <s id="691">
    <time id="T665S" value="01:29:08,788" />
Is hy al geskeer?
  </s>
  <s id="692">
- Ramona het, als is reg
    <time id="T665E" value="01:29:11,519" />
  </s>
  <s id="693">
    <time id="T666S" value="01:29:11,668" />
Goed so
    <time id="T666E" value="01:29:13,034" />
  </s>
  <s id="694">
    <time id="T667S" value="01:29:47,273" />
Stella!
    <time id="T667E" value="01:29:49,037" />
  </s>
  <s id="695">
    <time id="T668S" value="01:29:49,273" />
Barbara, daar is jy!
    <time id="T668E" value="01:29:51,958" />
  </s>
  <s id="696">
    <time id="T669S" value="01:29:59,274" />
Die honde!
    <time id="T669E" value="01:30:01,357" />
  </s>
  <s id="697">
    <time id="T670S" value="01:30:06,435" />
Wat is dit?
    <time id="T670E" value="01:30:08,359" />
  </s>
  <s id="698">
    <time id="T671S" value="01:30:12,276" />
Pynstillers
    <time id="T671E" value="01:30:13,687" />
  </s>
  <s id="699">
    <time id="T672S" value="01:30:16,877" />
En die ander een?
    <time id="T672E" value="01:30:18,720" />
  </s>
  <s id="700">
    <time id="T673S" value="01:30:22,797" />
Kaffeïne.
    <time id="T673E" value="01:30:24,288" />
  </s>
  <s id="701">
    <time id="T674S" value="01:30:25,358" />
Wat doen dit?
    <time id="T674E" value="01:30:27,042" />
  </s>
  <s id="702">
    <time id="T675S" value="01:30:29,118" />
Dit sal jou wakker hou
    <time id="T675E" value="01:30:30,882" />
  </s>
  <s id="703">
    <time id="T676S" value="01:30:33,519" />
Barbara, moet my nie laat los nie
    <time id="T677E" value="01:30:37,963" />
  </s>
  <s id="704">
    <time id="T678S" value="01:30:38,799" />
Moenie gaan nie
    <time id="T678E" value="01:30:40,131" />
  </s>
  <s id="705">
    <time id="T679S" value="01:33:07,138" />
Barbara?
    <time id="T679E" value="01:33:08,708" />
  </s>
  <s id="706">
    <time id="T680S" value="01:33:44,383" />
Sy gaan nie terugkom nie
    <time id="T680E" value="01:33:45,623" />
  </s>
  <s id="707">
    <time id="T681S" value="01:33:49,384" />
Het julle haar gearresteer?
    <time id="T681E" value="01:33:50,988" />
  </s>
  <s id="708">
    <time id="T682S" value="01:33:53,144" />
Gaan huistoe, Andre.
    <time id="T682E" value="01:33:54,987" />
  </s>
  <s id="709">
    <time id="T683S" value="01:34:57,992" />
Stella, Stella.
    <time id="T683E" value="01:34:59,722" />
  </s>
  <s id="710">
    <time id="T684S" value="01:35:14,634" />
Bly net daar
    <time id="T684E" value="01:35:16,558" />
  </s>
  <s id="711">
    <time id="T685S" value="01:35:21,715" />
Hier is die geld
    <time id="T685E" value="01:35:23,559" />
  </s>
  <s id="712">
    <time id="T686S" value="01:35:32,997" />
Kom
    <time id="T686E" value="01:35:34,408" />
  </s>
  <s id="713">
    <time id="T687S" value="01:35:37,237" />
Lê
    <time id="T687E" value="01:35:38,569" />
  </s>
  <s id="714">
    <time id="T688S" value="01:35:39,478" />
Hou vas 
  </s>
  <s id="715">
- Wat?
    <time id="T688E" value="01:35:41,082" />
  </s>
  <s id="716">
    <time id="T689S" value="01:35:41,398" />
Hou baie vas
    <time id="T689E" value="01:35:42,923" />
  </s>
  <s id="717">
    <time id="T690S" value="01:35:54,000" />
Barbara!
    <time id="T690E" value="01:35:55,570" />
  </s>
  <meta>
    <conversion>
      <tokens>4094</tokens>
      <encoding>utf-8</encoding>
      <corrected_words>0</corrected_words>
      <truecased_words>0</truecased_words>
      <unknown_words>0</unknown_words>
      <sentences>717</sentences>
      <ignored_blocks>0</ignored_blocks>
    </conversion>
    <subtitle>
      <machine_translated>0</machine_translated>
      <date>2015-02-25</date>
      <language>Afrikaans</language>
      <confidence>1.0</confidence>
      <duration>01:35:55,570</duration>
      <blocks>690</blocks>
      <version>1</version>
      <rating>3.0</rating>
    </subtitle>
    <source>
      <duration>105</duration>
      <genre>Drama</genre>
      <country>Germany</country>
      <year>2012</year>
      <HD>0</HD>
      <cds>1/1</cds>
      <original>German</original>
    </source>
  </meta>
</document>
