<?xml version="1.0" encoding="utf-8"?>
<document id="5894704">
  <s id="1">
    <time id="T1S" value="00:00:11,869" />
MIKROKOSMOS
    <time id="T1E" value="00:00:17,265" />
  </s>
  <s id="2">
    <time id="T2S" value="00:03:57,019" />
'n Weiveld in die oggend erens op die wereld
    <time id="T3E" value="00:04:01,680" />
  </s>
  <s id="3">
    <time id="T4S" value="00:04:02,183" />
Hier verborge is 'n wereld soos ons eie waar gras en bossies soos digte woude is klippe is berge die kleinste poeletjie is 'n oseaan
    <time id="T9E" value="00:04:17,003" />
  </s>
  <s id="4">
    <time id="T10S" value="00:04:17,830" />
Tyd is anders hier, 'n uur is soos 'n dag 'n dag is soos 'n seisoen en 'n seisoen is 'n leeftyd.
    <time id="T13E" value="00:04:27,794" />
  </s>
  <s id="5">
    <time id="T14S" value="00:04:27,894" />
Maar om hierdie wereld waar te neem, moet ons nou stil wees en luister na sy geluide.
    <time id="T16E" value="00:04:35,527" />
  </s>
  <meta>
    <conversion>
      <tokens>87</tokens>
      <encoding>utf-8</encoding>
      <corrected_words>0</corrected_words>
      <truecased_words>1</truecased_words>
      <unknown_words>0</unknown_words>
      <sentences>5</sentences>
      <ignored_blocks>0</ignored_blocks>
    </conversion>
    <subtitle>
      <machine_translated>0</machine_translated>
      <date>2014-11-15</date>
      <language>Afrikaans</language>
      <confidence>1.0</confidence>
      <duration>00:04:35,527</duration>
      <blocks>16</blocks>
      <version>1</version>
      <rating>3.0</rating>
    </subtitle>
    <source>
      <duration>80</duration>
      <genre>Documentary</genre>
      <country>France, Switzerland, Italy</country>
      <year>1996</year>
      <HD>0</HD>
      <cds>1/1</cds>
      <original>French</original>
    </source>
  </meta>
</document>
