<?xml version="1.0" encoding="utf-8"?>
<document id="5159848">
  <s id="1">
    <time id="T1S" value="00:03:03,000" />
Baie goed!
    <time id="T1E" value="00:03:04,401" />
  </s>
  <s id="2">
    <time id="T2S" value="00:03:04,501" />
Mooi verwerk. 
  </s>
  <s id="3">
Jy het 'n juweel geskep, my seun.
    <time id="T2E" value="00:03:09,200" />
  </s>
  <s id="4">
    <time id="T3S" value="00:03:09,206" />
Perfek vir 'n edelman of 'n priester om na ete te tokkel   of te poleer Sondag na die mis.
    <time id="T4E" value="00:03:18,208" />
  </s>
  <s id="5">
    <time id="T5S" value="00:03:18,248" />
Met ander woorde   hierdie viool sal nooit my naam dra nie!
    <time id="T6E" value="00:03:24,680" />
  </s>
  <s id="6">
    <time id="T7S" value="00:03:27,124" />
Sit jou emosie in jou werk, my seun.
    <time id="T7E" value="00:03:31,300" />
  </s>
  <s id="7">
    <time id="T8S" value="00:03:31,328" />
Bly by my, en leer.
    <time id="T8E" value="00:03:34,297" />
  </s>
  <s id="8">
    <time id="T9S" value="00:06:40,817" />
Madame?
    <time id="T9E" value="00:06:42,817" />
  </s>
  <s id="9">
    <time id="T10S" value="00:06:46,256" />
Cesca, kan jy nog die toekoms sien?
    <time id="T10E" value="00:06:49,054" />
  </s>
  <s id="10">
    <time id="T11S" value="00:06:49,092" />
Nou watse vraag is dit?
    <time id="T11E" value="00:06:51,322" />
  </s>
  <s id="11">
    <time id="T12S" value="00:06:51,361" />
Sit.
    <time id="T12E" value="00:06:52,596" />
  </s>
  <s id="12">
    <time id="T13S" value="00:06:52,696" />
Het jy my geroep? 
  </s>
  <s id="13">
Ek was in die tuin.
    <time id="T13E" value="00:06:55,631" />
  </s>
  <s id="14">
    <time id="T14S" value="00:06:55,666" />
- Ek kan mos hiernatoe kom?
  </s>
  <s id="15">
- Natuurlik.
    <time id="T14E" value="00:06:58,567" />
  </s>
  <s id="16">
    <time id="T15S" value="00:06:58,602" />
- Dit is mos deel van my huis?
  </s>
  <s id="17">
- Natuurlik, Madame.
    <time id="T15E" value="00:07:04,039" />
  </s>
  <s id="18">
    <time id="T16S" value="00:07:04,500" />
Ek het nuwe   geluksteentjies en bene vir jou.
    <time id="T17E" value="00:07:11,112" />
  </s>
  <s id="19">
    <time id="T18S" value="00:07:11,415" />
As jou man daarop spoeg, sal dit help.
    <time id="T18E" value="00:07:17,015" />
  </s>
  <s id="20">
    <time id="T19S" value="00:07:17,487" />
Is jy honger?
    <time id="T19E" value="00:07:19,056" />
  </s>
  <s id="21">
    <time id="T20S" value="00:07:19,156" />
Moenie daardie eet nie, dis vis.
    <time id="T20E" value="00:07:22,148" />
  </s>
  <s id="22">
    <time id="T21S" value="00:07:22,142" />
So?
    <time id="T21E" value="00:07:22,859" />
  </s>
  <s id="23">
    <time id="T22S" value="00:07:22,859" />
Jou kind sal stadig wees om te leer.
    <time id="T22E" value="00:07:28,592" />
  </s>
  <s id="24">
    <time id="T23S" value="00:07:30,100" />
Ek het ook 'n paar stories vir jou   en 'n sleutel om om jou nek te dra.
    <time id="T24E" value="00:07:36,773" />
  </s>
  <s id="25">
    <time id="T25S" value="00:07:36,773" />
My man is moeg vir die gespoeg.
    <time id="T25E" value="00:07:38,943" />
  </s>
  <s id="26">
    <time id="T26S" value="00:07:38,975" />
Dis waarvoor mans goed is - om te spoeg.
    <time id="T26E" value="00:07:41,466" />
  </s>
  <s id="27">
    <time id="T27S" value="00:07:41,511" />
'n Vader se spuug - die beste wat hy kan gee.
    <time id="T27E" value="00:07:45,777" />
  </s>
  <s id="28">
    <time id="T28S" value="00:07:46,817" />
Cesca   vertel my die kind se toekoms.
    <time id="T29E" value="00:07:51,249" />
  </s>
  <s id="29">
    <time id="T30S" value="00:07:51,249" />
Ek kan dit nie doen nie.
    <time id="T30E" value="00:07:53,223" />
  </s>
  <s id="30">
    <time id="T31S" value="00:07:53,223" />
Moenie bang wees vir my man nie.
    <time id="T31E" value="00:07:55,525" />
  </s>
  <s id="31">
    <time id="T32S" value="00:07:55,525" />
Dis nie jou man nie.
    <time id="T32E" value="00:07:59,062" />
  </s>
  <s id="32">
    <time id="T33S" value="00:07:59,062" />
Ek kan dit bloot net nie doen nie.
    <time id="T33E" value="00:08:04,000" />
  </s>
  <s id="33">
    <time id="T34S" value="00:08:04,101" />
Ek sien.
    <time id="T34E" value="00:08:05,302" />
  </s>
  <s id="34">
    <time id="T35S" value="00:08:05,302" />
Totdat die baba gebore is, is julle een gees.
    <time id="T35E" value="00:08:12,642" />
  </s>
  <s id="35">
    <time id="T36S" value="00:08:12,642" />
Maar ek kan jou toekoms lees.
    <time id="T36E" value="00:08:17,500" />
  </s>
  <s id="36">
    <time id="T37S" value="00:08:17,504" />
Nee, ek het jou gese, ek is bang.
    <time id="T37E" value="00:08:20,311" />
  </s>
  <s id="37">
    <time id="T38S" value="00:08:20,350" />
Kom nou, Madame. 
  </s>
  <s id="38">
Vyf kaarte.
    <time id="T38E" value="00:08:26,000" />
  </s>
  <s id="39">
    <time id="T39S" value="00:08:26,000" />
Dis maar net die toekoms.
    <time id="T39E" value="00:08:30,722" />
  </s>
  <s id="40">
    <time id="T40S" value="00:08:30,722" />
Wat as dit sleg is?
    <time id="T40E" value="00:08:33,590" />
  </s>
  <s id="41">
    <time id="T41S" value="00:08:33,597" />
Ek sal maak of ek dit nie raaksien nie.
    <time id="T41E" value="00:08:38,657" />
  </s>
  <s id="42">
    <time id="T42S" value="00:08:58,189" />
Vertel my alles.
    <time id="T42E" value="00:09:01,189" />
  </s>
  <s id="43">
    <time id="T43S" value="00:09:10,333" />
Die maan.
    <time id="T43E" value="00:09:13,303" />
  </s>
  <s id="44">
    <time id="T44S" value="00:09:13,303" />
Jy sal 'n lang en vol en ryk lewe ly.
    <time id="T44E" value="00:09:20,944" />
  </s>
  <s id="45">
    <time id="T45S" value="00:09:20,944" />
Daar's 'n reis.
    <time id="T45E" value="00:09:26,000" />
  </s>
  <s id="46">
    <time id="T46S" value="00:09:26,000" />
Ek sien 'n lang reis.
    <time id="T46E" value="00:09:31,785" />
  </s>
  <s id="47">
    <time id="T47S" value="00:09:37,694" />
Niccolo
    <time id="T47E" value="00:09:39,694" />
  </s>
  <s id="48">
    <time id="T48S" value="00:09:42,132" />
Los ons alleen.
    <time id="T48E" value="00:09:44,132" />
  </s>
  <s id="49">
    <time id="T49S" value="00:09:48,271" />
Maak die deur toe.
    <time id="T49E" value="00:09:50,364" />
  </s>
  <s id="50">
    <time id="T50S" value="00:09:53,210" />
Wat is dit?
    <time id="T50E" value="00:09:53,677" />
  </s>
  <s id="51">
    <time id="T51S" value="00:09:53,777" />
Waarom kom jy hierheen in jou kondisie?
    <time id="T51E" value="00:09:57,679" />
  </s>
  <s id="52">
    <time id="T52S" value="00:09:57,679" />
- Ek weet ek sal jou hier kry.
  </s>
  <s id="53">
- Wat is dit?
    <time id="T52E" value="00:10:00,650" />
  </s>
  <s id="54">
    <time id="T53S" value="00:10:00,650" />
- Ek was by Cesca.
  </s>
  <s id="55">
- En?
    <time id="T53E" value="00:10:03,312" />
  </s>
  <s id="56">
    <time id="T54S" value="00:10:03,312" />
Sy het my toekoms gelees.
    <time id="T54E" value="00:10:05,055" />
  </s>
  <s id="57">
    <time id="T55S" value="00:10:05,055" />
Cesca, ag nee!
    <time id="T55E" value="00:10:06,323" />
  </s>
  <s id="58">
    <time id="T56S" value="00:10:06,323" />
Die geboorte, se sy, sal moeilik en pynlik wees.
    <time id="T56E" value="00:10:11,561" />
  </s>
  <s id="59">
    <time id="T57S" value="00:10:11,561" />
Dis tog altyd so.
    <time id="T57E" value="00:10:13,096" />
  </s>
  <s id="60">
    <time id="T58S" value="00:10:13,096" />
- Dis geen voorspelling nie!
  </s>
  <s id="61">
- Ons praat oor my!
    <time id="T58E" value="00:10:16,133" />
  </s>
  <s id="62">
    <time id="T59S" value="00:10:16,133" />
Waarom praat jy met Cesca, sy is ons bediende.
    <time id="T59E" value="00:10:20,294" />
  </s>
  <s id="63">
    <time id="T60S" value="00:10:20,337" />
Ek het 'n uitstekende vroedvrou en 'n dokter.
    <time id="T60E" value="00:10:24,300" />
  </s>
  <s id="64">
    <time id="T61S" value="00:10:24,307" />
Hulle sal almal daar wees. 
  </s>
  <s id="65">
Alles sal perfek wees.
    <time id="T61E" value="00:10:27,244" />
  </s>
  <s id="66">
    <time id="T62S" value="00:10:27,244" />
- Ek weet.
  </s>
  <s id="67">
- Hoe kan jy weet?
    <time id="T62E" value="00:10:30,680" />
  </s>
  <s id="68">
    <time id="T63S" value="00:10:30,714" />
Ek weet.
    <time id="T63E" value="00:10:32,714" />
  </s>
  <s id="69">
    <time id="T64S" value="00:10:41,825" />
Ek is te oud om 'n baba te kry.
    <time id="T64E" value="00:10:46,454" />
  </s>
  <s id="70">
    <time id="T65S" value="00:11:08,885" />
Hierdie is 'n viool.
    <time id="T65E" value="00:11:12,183" />
  </s>
  <s id="71">
    <time id="T66S" value="00:11:14,958" />
- Dis anders.
  </s>
  <s id="72">
- Ek moet dit nog vernis.
    <time id="T66E" value="00:11:20,061" />
  </s>
  <s id="73">
    <time id="T67S" value="00:11:20,063" />
Maar daar is iets anders ...
    <time id="T67E" value="00:11:22,532" />
  </s>
  <s id="74">
    <time id="T68S" value="00:11:22,532" />
Dit is perfek.
    <time id="T68E" value="00:11:24,000" />
  </s>
  <s id="75">
    <time id="T69S" value="00:11:24,000" />
Al die ander hier is rommel ...
    <time id="T69E" value="00:11:25,669" />
  </s>
  <s id="76">
    <time id="T70S" value="00:11:25,669" />
Goed vir 'n smous, of die ashoop.
    <time id="T70E" value="00:11:30,140" />
  </s>
  <s id="77">
    <time id="T71S" value="00:11:30,140" />
Maar hier is my meesterstuk.
    <time id="T71E" value="00:11:34,904" />
  </s>
  <s id="78">
    <time id="T72S" value="00:11:34,904" />
Ek het dit vir ons seun gemaak, Anna.
    <time id="T72E" value="00:11:37,814" />
  </s>
  <s id="79">
    <time id="T73S" value="00:11:37,814" />
Hy sal 'n musikant wees.
    <time id="T73E" value="00:11:40,817" />
  </s>
  <s id="80">
    <time id="T74S" value="00:11:40,817" />
Hy sal vir musiek lewe.
    <time id="T74E" value="00:11:43,119" />
  </s>
  <s id="81">
    <time id="T75S" value="00:11:43,119" />
Hy sal skoonheid na die wereld bring, en ons trots maak.
    <time id="T75E" value="00:11:48,600" />
  </s>
  <s id="82">
    <time id="T76S" value="00:11:48,600" />
Ek wou jou verras, maar jy sien ek kan ook voorspel.
    <time id="T76E" value="00:11:56,066" />
  </s>
  <s id="83">
    <time id="T77S" value="00:11:56,066" />
Dis te groot vir 'n kindjie.
    <time id="T77E" value="00:12:00,804" />
  </s>
  <s id="84">
    <time id="T78S" value="00:12:00,804" />
Hy sal groei.
    <time id="T78E" value="00:12:04,331" />
  </s>
  <s id="85">
    <time id="T79S" value="00:12:12,816" />
My baba gaan kom met volmaan.
    <time id="T79E" value="00:12:16,850" />
  </s>
  <s id="86">
    <time id="T80S" value="00:12:16,886" />
Kom ons gaan slaap.
    <time id="T80E" value="00:12:18,188" />
  </s>
  <s id="87">
    <time id="T81S" value="00:12:18,288" />
Jy is jaloers op ons verhouding - ek en die maan.
    <time id="T81E" value="00:12:23,093" />
  </s>
  <s id="88">
    <time id="T82S" value="00:12:23,093" />
Nee, ek is nie jaloers nie.
    <time id="T82E" value="00:12:25,729" />
  </s>
  <s id="89">
    <time id="T83S" value="00:12:25,729" />
Ek weet jy sal terugkom.
    <time id="T83E" value="00:12:29,289" />
  </s>
  <s id="90">
    <time id="T84S" value="00:14:11,468" />
Meneer, hier vra 'n seun na jou.
    <time id="T84E" value="00:14:14,471" />
  </s>
  <s id="91">
    <time id="T85S" value="00:14:14,471" />
Se hom om te gaan.
    <time id="T85E" value="00:14:15,872" />
  </s>
  <s id="92">
    <time id="T86S" value="00:14:15,872" />
Hy weier, meneer. 
  </s>
  <s id="93">
Die dokter het hom gestuur.
    <time id="T86E" value="00:14:19,442" />
  </s>
  <s id="94">
    <time id="T87S" value="00:14:19,442" />
Ek dink u moet liewer kom.
    <time id="T87E" value="00:14:21,442" />
  </s>
  <s id="95">
    <time id="T88S" value="00:14:21,444" />
U vrou, meneer - die dokter ...
    <time id="T88E" value="00:14:23,474" />
  </s>
  <s id="96">
    <time id="T89S" value="00:14:23,474" />
- Wat is dit?
  </s>
  <s id="97">
- Sy is nie wel nie.
    <time id="T89E" value="00:14:26,539" />
  </s>
  <s id="98">
    <time id="T90S" value="00:14:26,583" />
Met die baba.
    <time id="T90E" value="00:14:29,017" />
  </s>
  <s id="99">
    <time id="T91S" value="00:15:29,512" />
Weg is jy.
    <time id="T91E" value="00:15:31,681" />
  </s>
  <s id="100">
    <time id="T92S" value="00:15:31,681" />
Weg is julle! 
  </s>
  <s id="101">
Laat my alleen om Godswil!
    <time id="T92E" value="00:15:37,175" />
  </s>
  <s id="102">
    <time id="T93S" value="00:20:38,187" />
Jy moet die viool elke dag skoonmaak.
    <time id="T93E" value="00:20:42,200" />
  </s>
  <s id="103">
    <time id="T94S" value="00:20:42,258" />
Pas dit goed op.
    <time id="T94E" value="00:20:43,893" />
  </s>
  <s id="104">
    <time id="T95S" value="00:20:43,893" />
Dis jou viool solank jy in die weeshuis is.
    <time id="T95E" value="00:20:50,126" />
  </s>
  <s id="105">
    <time id="T96S" value="00:22:02,639" />
'n Vloek hang oor u, Madame.
    <time id="T96E" value="00:22:06,437" />
  </s>
  <s id="106">
    <time id="T97S" value="00:22:06,437" />
'n Gevaar vir almal wat vir u werk.
    <time id="T97E" value="00:22:11,147" />
  </s>
  <s id="107">
    <time id="T98S" value="00:22:11,147" />
En daar sal baie wees - baie.
    <time id="T98E" value="00:22:15,751" />
  </s>
  <s id="108">
    <time id="T99S" value="00:22:15,751" />
Dit is 'n kragtige kaart, die hangende man.
    <time id="T99E" value="00:22:20,245" />
  </s>
  <s id="109">
    <time id="T100S" value="00:22:20,790" />
Ek sien ... ek sien gevaar.
    <time id="T100E" value="00:22:24,055" />
  </s>
  <s id="110">
    <time id="T101S" value="00:22:24,093" />
Siekte en swakheid.
    <time id="T101E" value="00:22:27,358" />
  </s>
  <s id="111">
    <time id="T102S" value="00:22:28,731" />
Ek is jammer, ek weet nie watter soort nie.
    <time id="T102E" value="00:22:32,565" />
  </s>
  <s id="112">
    <time id="T103S" value="00:22:32,802" />
Daar is soveel siektes.
    <time id="T103E" value="00:22:36,602" />
  </s>
  <s id="113">
    <time id="T104S" value="00:22:58,928" />
Hierdie paaie, broer Christof!
    <time id="T104E" value="00:23:01,726" />
  </s>
  <s id="114">
    <time id="T105S" value="00:23:01,764" />
Jy weet nie wat ek deurmaak nie. 
  </s>
  <s id="115">
En waarom die haas?
    <time id="T105E" value="00:23:06,463" />
  </s>
  <s id="116">
    <time id="T106S" value="00:23:06,502" />
Waarom kan dit nie wag tot my volgende besoek nie?
    <time id="T106E" value="00:23:11,000" />
  </s>
  <s id="117">
    <time id="T107S" value="00:23:11,000" />
Ons het 'n seuntjie, meneer.
    <time id="T107E" value="00:23:13,476" />
  </s>
  <s id="118">
    <time id="T108S" value="00:23:13,476" />
Julle het mos baie seuntjies!
    <time id="T108E" value="00:23:15,277" />
  </s>
  <s id="119">
    <time id="T109S" value="00:23:15,277" />
Hierdie seun is 'n wonderwerk - u sal sien.
    <time id="T109E" value="00:23:18,247" />
  </s>
  <s id="120">
    <time id="T110S" value="00:23:18,247" />
Wenen swerm van wonderwerke.
    <time id="T110E" value="00:23:21,250" />
  </s>
  <s id="121">
    <time id="T111S" value="00:23:21,250" />
Nie soos hy nie.
    <time id="T111E" value="00:23:22,351" />
  </s>
  <s id="122">
    <time id="T112S" value="00:23:22,351" />
Ons het gedink u moet hom dadelik sien.
    <time id="T112E" value="00:23:26,322" />
  </s>
  <s id="123">
    <time id="T113S" value="00:23:26,322" />
Praat hy Frans?
    <time id="T113E" value="00:23:27,757" />
  </s>
  <s id="124">
    <time id="T114S" value="00:23:27,757" />
Nee, meneer, ongelukkig nie.
    <time id="T114E" value="00:23:29,725" />
  </s>
  <s id="125">
    <time id="T115S" value="00:23:29,725" />
Al julle skoliere behoort Frans te leer.
    <time id="T115E" value="00:23:33,529" />
  </s>
  <s id="126">
    <time id="T116S" value="00:23:33,529" />
Dit is die taal van die musiek.
    <time id="T116E" value="00:23:35,831" />
  </s>
  <s id="127">
    <time id="T117S" value="00:23:35,831" />
Dit slyp die ore en verhoog die denke!
    <time id="T117E" value="00:23:40,995" />
  </s>
  <s id="128">
    <time id="T118S" value="00:23:54,884" />
Monseur Poussin dit is Kaspar Weiss.
    <time id="T118E" value="00:24:02,525" />
  </s>
  <s id="129">
    <time id="T119S" value="00:24:02,525" />
Watse viool is dit?
    <time id="T119E" value="00:24:05,460" />
  </s>
  <s id="130">
    <time id="T120S" value="00:24:05,460" />
Ek het so een nog nie gesien nie.
    <time id="T120E" value="00:24:08,264" />
  </s>
  <s id="131">
    <time id="T121S" value="00:24:08,264" />
Ons het dit al 100 jaar.
    <time id="T121E" value="00:24:10,926" />
  </s>
  <s id="132">
    <time id="T122S" value="00:24:10,926" />
Dis ver te groot vir hom.
    <time id="T122E" value="00:24:12,935" />
  </s>
  <s id="133">
    <time id="T123S" value="00:24:12,935" />
Kyk na sy hande.
    <time id="T123E" value="00:24:14,837" />
  </s>
  <s id="134">
    <time id="T124S" value="00:24:14,837" />
Hy moet op 'n kinderviool speel.
    <time id="T124E" value="00:24:17,940" />
  </s>
  <s id="135">
    <time id="T125S" value="00:24:17,940" />
Selfs Mozart het in Versailles gespeel   op 'n kinderviool.
    <time id="T126E" value="00:24:24,480" />
  </s>
  <s id="136">
    <time id="T127S" value="00:24:24,480" />
Dis nie 'n skande nie.
    <time id="T127E" value="00:24:26,812" />
  </s>
  <s id="137">
    <time id="T128S" value="00:24:26,849" />
Wil jy nie 'n kleiner instrument he nie?
    <time id="T128E" value="00:24:30,219" />
  </s>
  <s id="138">
    <time id="T129S" value="00:24:30,219" />
Dit lyk of hy regkom.
    <time id="T129E" value="00:24:32,551" />
  </s>
  <s id="139">
    <time id="T130S" value="00:24:33,923" />
Laat hom probeer.
    <time id="T130E" value="00:24:36,915" />
  </s>
  <s id="140">
    <time id="T131S" value="00:24:37,793" />
Speel, kind.
    <time id="T131E" value="00:24:39,793" />
  </s>
  <s id="141">
    <time id="T132S" value="00:24:40,096" />
Speel.
    <time id="T132E" value="00:24:42,096" />
  </s>
  <s id="142">
    <time id="T133S" value="00:26:14,790" />
Ek sien.
    <time id="T133E" value="00:26:16,790" />
  </s>
  <s id="143">
    <time id="T134S" value="00:26:21,630" />
Monseur Poussin?
    <time id="T134E" value="00:26:23,655" />
  </s>
  <s id="144">
    <time id="T135S" value="00:26:23,699" />
Ons is bereid om 'n klein bydrae te maak ... om met sy studie te help.
    <time id="T136E" value="00:26:31,731" />
  </s>
  <s id="145">
    <time id="T137S" value="00:26:50,559" />
Hulle se jy's 'n goeie seun, goedgemanierd en skoon.
    <time id="T137E" value="00:26:55,997" />
  </s>
  <s id="146">
    <time id="T138S" value="00:26:56,031" />
Bly om dit te hoor.
    <time id="T138E" value="00:26:57,600" />
  </s>
  <s id="147">
    <time id="T139S" value="00:26:57,700" />
Maar jy eet nie groente nie.
    <time id="T139E" value="00:27:00,032" />
  </s>
  <s id="148">
    <time id="T140S" value="00:27:00,069" />
Is dit so?
    <time id="T140E" value="00:27:01,504" />
  </s>
  <s id="149">
    <time id="T141S" value="00:27:01,604" />
Ja, meneer.
    <time id="T141E" value="00:27:03,038" />
  </s>
  <s id="150">
    <time id="T142S" value="00:27:03,138" />
Waarvan hou jy nie?
    <time id="T142E" value="00:27:04,607" />
  </s>
  <s id="151">
    <time id="T143S" value="00:27:04,707" />
Wortel, meneer en bone en kool.
    <time id="T143E" value="00:27:09,000" />
  </s>
  <s id="152">
    <time id="T144S" value="00:27:09,000" />
Daardie monikke kan nie kook nie.
    <time id="T144E" value="00:27:12,778" />
  </s>
  <s id="153">
    <time id="T145S" value="00:27:14,817" />
Hulle se ook jy het 'n swak hart.
    <time id="T145E" value="00:27:17,684" />
  </s>
  <s id="154">
    <time id="T146S" value="00:27:17,720" />
Is dit so?
    <time id="T146E" value="00:27:19,720" />
  </s>
  <s id="155">
    <time id="T147S" value="00:27:20,923" />
Om die viool te speel, moet jy 'n sterk hart he.
    <time id="T147E" value="00:27:24,620" />
  </s>
  <s id="156">
    <time id="T148S" value="00:27:24,660" />
Glo my.
    <time id="T148E" value="00:27:26,228" />
  </s>
  <s id="157">
    <time id="T149S" value="00:27:26,328" />
En nog sterker om in Wenen te bly.
    <time id="T149E" value="00:27:29,161" />
  </s>
  <s id="158">
    <time id="T150S" value="00:27:29,198" />
Jy sal sien. 
  </s>
  <s id="159">
Wenen is verskrik.
    <time id="T150E" value="00:27:33,134" />
  </s>
  <s id="160">
    <time id="T151S" value="00:27:33,168" />
Verskriklik, maar manjifiek.
    <time id="T151E" value="00:27:36,695" />
  </s>
  <s id="161">
    <time id="T152S" value="00:28:33,796" />
Manjifiek! 
  </s>
  <s id="162">
hierdie stad!
    <time id="T152E" value="00:28:38,796" />
  </s>
  <s id="163">
    <time id="T153S" value="00:28:41,737" />
Antoinette!
    <time id="T153E" value="00:28:43,737" />
  </s>
  <s id="164">
    <time id="T154S" value="00:28:44,640" />
Mag ek jou voorstel aan Kaspar Weiss.
    <time id="T154E" value="00:28:49,800" />
  </s>
  <s id="165">
    <time id="T155S" value="00:28:49,800" />
Een van die mees begaafde kinders op aard.
    <time id="T155E" value="00:28:53,500" />
  </s>
  <s id="166">
    <time id="T156S" value="00:28:53,500" />
Maar Georges, ons kan nie ...
    <time id="T156E" value="00:28:56,812" />
  </s>
  <s id="167">
    <time id="T157S" value="00:28:56,812" />
My vrou Antoinette Poussin.
    <time id="T157E" value="00:29:00,146" />
  </s>
  <s id="168">
    <time id="T158S" value="00:29:00,189" />
Goeie middag, Kaspar.
    <time id="T158E" value="00:29:01,957" />
  </s>
  <s id="169">
    <time id="T159S" value="00:29:01,957" />
Hoe aangenaam om jou te ontmoet.
    <time id="T159E" value="00:29:04,924" />
  </s>
  <s id="170">
    <time id="T160S" value="00:29:04,960" />
Gaan binne, ek sal jou kamer vir jou kom wys.
    <time id="T160E" value="00:29:09,192" />
  </s>
  <s id="171">
    <time id="T161S" value="00:29:09,231" />
Georges, asseblief. 
  </s>
  <s id="172">
Ons kan hom nie bekostig nie.
    <time id="T161E" value="00:29:12,634" />
  </s>
  <s id="173">
    <time id="T162S" value="00:29:12,634" />
Ons kan nie bekostig om dit NIE te doen nie.
    <time id="T162E" value="00:29:17,400" />
  </s>
  <s id="174">
    <time id="T163S" value="00:29:17,573" />
Daar is iets omtrent jou spel wat my ontwyk.
    <time id="T163E" value="00:29:22,010" />
  </s>
  <s id="175">
    <time id="T164S" value="00:29:22,044" />
Ek het besluit om dit sistematies te ontleed   met 'n wetenskaplike metode.
    <time id="T165E" value="00:29:27,950" />
  </s>
  <s id="176">
    <time id="T166S" value="00:29:28,050" />
Eers - jou strykstok   en jou linkerhand se frasering.
    <time id="T167E" value="00:29:33,614" />
  </s>
  <s id="177">
    <time id="T168S" value="00:29:33,655" />
Jou détaché, ornamentasie en jou smaak.
    <time id="T168E" value="00:29:37,421" />
  </s>
  <s id="178">
    <time id="T169S" value="00:29:37,459" />
En teorie!
    <time id="T169E" value="00:29:38,761" />
  </s>
  <s id="179">
    <time id="T170S" value="00:29:38,861" />
Teorie is ook belangrik.
    <time id="T170E" value="00:29:40,954" />
  </s>
  <s id="180">
    <time id="T171S" value="00:29:42,264" />
Jy het baie meer as inspirasie nodig om viool te speel.
    <time id="T171E" value="00:29:46,860" />
  </s>
  <s id="181">
    <time id="T172S" value="00:29:46,902" />
Jy het metode nodig. 
  </s>
  <s id="182">
Jy moet dink   en werk.
    <time id="T173E" value="00:29:52,641" />
  </s>
  <s id="183">
    <time id="T174S" value="00:29:52,741" />
Wil jy nie eet nie?
    <time id="T174E" value="00:29:55,005" />
  </s>
  <s id="184">
    <time id="T175S" value="00:29:55,044" />
Jy moet eet!
    <time id="T175E" value="00:29:56,245" />
  </s>
  <s id="185">
    <time id="T176S" value="00:29:56,345" />
Wou jy iets ander he?
    <time id="T176E" value="00:29:57,913" />
  </s>
  <s id="186">
    <time id="T177S" value="00:29:58,013" />
Probeer hierdie kaas, ek dink jy sal daarvan hou.
    <time id="T177E" value="00:30:00,948" />
  </s>
  <s id="187">
    <time id="T178S" value="00:30:00,983" />
Dis Frans!
    <time id="T178E" value="00:30:02,983" />
  </s>
  <s id="188">
    <time id="T179S" value="00:30:04,219" />
- Probeer dit.
  </s>
  <s id="189">
- Proe dit.
    <time id="T179E" value="00:30:06,847" />
  </s>
  <s id="190">
    <time id="T180S" value="00:30:09,591" />
Jy sal sien, dis bietjie anders as die monikke se krummelkaas!
    <time id="T180E" value="00:30:14,722" />
  </s>
  <s id="191">
    <time id="T181S" value="00:30:14,763" />
Toe!
    <time id="T181E" value="00:30:16,763" />
  </s>
  <s id="192">
    <time id="T182S" value="00:30:16,765" />
Kaspar ...
    <time id="T182E" value="00:30:17,700" />
  </s>
  <s id="193">
    <time id="T183S" value="00:30:17,800" />
As jy goed speel, sal jy net die beste kry om te geniet.
    <time id="T183E" value="00:30:21,668" />
  </s>
  <s id="194">
    <time id="T184S" value="00:30:21,703" />
Ons kan nie eers steenkool bekostig nie, wat nog van kos!
    <time id="T184E" value="00:30:24,365" />
  </s>
  <s id="195">
    <time id="T185S" value="00:30:24,406" />
Verkoop jou juwele! 
  </s>
  <s id="196">
Verkoop jou Dawid!
    <time id="T185E" value="00:30:26,308" />
  </s>
  <s id="197">
    <time id="T186S" value="00:30:26,408" />
Terloops, hy het gestem om die koning te onthoof - die monster.
    <time id="T186E" value="00:30:29,511" />
  </s>
  <s id="198">
    <time id="T187S" value="00:30:29,611" />
My seun, speel goed, en daar sal kaas wees.
    <time id="T187E" value="00:30:35,317" />
  </s>
  <s id="199">
    <time id="T188S" value="00:30:35,317" />
Viool ... kaas.
    <time id="T188E" value="00:30:38,115" />
  </s>
  <s id="200">
    <time id="T189S" value="00:30:39,388" />
Mag ek nou na my kamer gaan.
    <time id="T189E" value="00:30:41,388" />
  </s>
  <s id="201">
    <time id="T190S" value="00:30:41,390" />
Gaan maar. 
  </s>
  <s id="202">
En slaap goed.
    <time id="T190E" value="00:30:44,483" />
  </s>
  <s id="203">
    <time id="T191S" value="00:30:44,560" />
Madame sal jou bystaan met jou gebed.
    <time id="T191E" value="00:30:48,324" />
  </s>
  <s id="204">
    <time id="T192S" value="00:30:50,300" />
Hoekom praat jy Frans met hom? 
  </s>
  <s id="205">
Hy verstaan nie.
    <time id="T192E" value="00:30:55,000" />
  </s>
  <s id="206">
    <time id="T193S" value="00:30:55,000" />
- So, hy sal leer!
    <time id="T193E" value="00:30:57,606" />
  </s>
  <s id="207">
    <time id="T194S" value="00:30:57,606" />
Ek wil dat hulle weet wie hom geleer het.
    <time id="T194E" value="00:31:00,507" />
  </s>
  <s id="208">
    <time id="T195S" value="00:31:15,691" />
Goeie more, Poussin.
    <time id="T195E" value="00:31:17,691" />
  </s>
  <s id="209">
    <time id="T196S" value="00:31:19,094" />
Ek is trots daarop dat ek die Taufer-weeshuis besoek   3 maal per jaar om my dienste aan te bied as onderwyser,   as 'n gebaar van ondersteuning vir die goeie manne wat daar werk.
    <time id="T198E" value="00:31:30,535" />
  </s>
  <s id="210">
    <time id="T199S" value="00:31:30,572" />
Hierdie jaar het hulle my voeer laat kom.
    <time id="T199E" value="00:31:33,700" />
  </s>
  <s id="211">
    <time id="T200S" value="00:31:33,742" />
Ek was skepties, maar   toe hierdie kind sy strykstok oplig   toe hy sy eerste noot speel, wel Baron von Spielmann   het ek geweet my gebede is verhoor.
    <time id="T203E" value="00:31:47,115" />
  </s>
  <s id="212">
    <time id="T204S" value="00:31:47,156" />
Het jy nog 'n "Wunderkind" ontdek?
    <time id="T204E" value="00:31:50,148" />
  </s>
  <s id="213">
    <time id="T205S" value="00:31:54,229" />
Ek het nie geld vir jou nie, Poussin.
    <time id="T205E" value="00:31:56,424" />
  </s>
  <s id="214">
    <time id="T206S" value="00:31:56,465" />
Ek het geen konsert om jou aan te bied nie.
    <time id="T206E" value="00:31:59,195" />
  </s>
  <s id="215">
    <time id="T207S" value="00:32:00,335" />
Dit is nie die geld nie.
    <time id="T207E" value="00:32:02,565" />
  </s>
  <s id="216">
    <time id="T208S" value="00:32:02,604" />
Ek dink jy moet 'n ander borg vind.
    <time id="T208E" value="00:32:05,437" />
  </s>
  <s id="217">
    <time id="T209S" value="00:32:05,474" />
Moet ek bedel?
    <time id="T209E" value="00:32:07,474" />
  </s>
  <s id="218">
    <time id="T210S" value="00:32:08,644" />
Is dit nie wat jy doen nie?
    <time id="T210E" value="00:32:10,874" />
  </s>
  <s id="219">
    <time id="T211S" value="00:32:10,913" />
Ja, dis wat ek doen.
    <time id="T211E" value="00:32:15,913" />
  </s>
  <s id="220">
    <time id="T212S" value="00:32:15,918" />
Binne 3 weke   hou ek 'n private oudisie by my salon.
    <time id="T213E" value="00:32:22,419" />
  </s>
  <s id="221">
    <time id="T214S" value="00:32:23,458" />
Prins Mannsfeld vertrek   na Pruise   en hy soek 'n wonderkind om hom te vergesel.
    <time id="T216E" value="00:32:30,121" />
  </s>
  <s id="222">
    <time id="T217S" value="00:32:30,165" />
Hy moet luister na hierdie seun.
    <time id="T217E" value="00:32:32,165" />
  </s>
  <s id="223">
    <time id="T218S" value="00:32:32,734" />
Drie weke. 
  </s>
  <s id="224">
Kan jy gereed wees?
    <time id="T218E" value="00:32:36,033" />
  </s>
  <s id="225">
    <time id="T219S" value="00:32:36,071" />
Ek kan more gereed wees.
    <time id="T219E" value="00:32:37,940" />
  </s>
  <s id="226">
    <time id="T220S" value="00:32:38,040" />
Maak baie seker, Poussin.
    <time id="T220E" value="00:32:40,440" />
  </s>
  <s id="227">
    <time id="T221S" value="00:32:40,475" />
As jy my weer in die verleentheid bring ...
    <time id="T221E" value="00:32:42,670" />
  </s>
  <s id="228">
    <time id="T222S" value="00:32:42,711" />
Ek het die gekroonde hoofde van Frankryk betower.
    <time id="T222E" value="00:32:47,307" />
  </s>
  <s id="229">
    <time id="T223S" value="00:32:47,349" />
En waar is daardie hoofde nou?
    <time id="T223E" value="00:32:49,909" />
  </s>
  <s id="230">
    <time id="T224S" value="00:32:49,952" />
Hulle rol in die rioolslote van die nuwe Republiek!
    <time id="T224E" value="00:32:52,962" />
  </s>
  <s id="231">
    <time id="T225S" value="00:33:10,105" />
Nee, nee, nee, nee!
    <time id="T225E" value="00:33:12,471" />
  </s>
  <s id="232">
    <time id="T226S" value="00:33:12,507" />
Die eerste beweging, die hele deel,   moet staccato gespeel word.
    <time id="T227E" value="00:33:17,045" />
  </s>
  <s id="233">
    <time id="T228S" value="00:33:17,145" />
'n Moderne styl, goed en wel, maar laat ons nie kru word nie.
    <time id="T228E" value="00:33:21,844" />
  </s>
  <s id="234">
    <time id="T229S" value="00:33:21,883" />
Jy het daarvan gehou, dan nie?
    <time id="T229E" value="00:33:23,051" />
  </s>
  <s id="235">
    <time id="T230S" value="00:33:23,151" />
- Ja.
  </s>
  <s id="236">
- Ek is verheug.
    <time id="T230E" value="00:33:25,449" />
  </s>
  <s id="237">
    <time id="T231S" value="00:33:25,487" />
Jy gaan dit weer en weer en weer speel.
    <time id="T231E" value="00:33:29,150" />
  </s>
  <s id="238">
    <time id="T232S" value="00:33:39,167" />
Sien jy dit? 
  </s>
  <s id="239">
Dis 'n metronoom - my uitvinding.
    <time id="T232E" value="00:33:43,263" />
  </s>
  <s id="240">
    <time id="T233S" value="00:33:43,305" />
Hulle noem dit die Poussin-meter.
    <time id="T233E" value="00:33:46,206" />
  </s>
  <s id="241">
    <time id="T234S" value="00:33:47,376" />
Jy moet daarop let net so getrou soos op my.
    <time id="T234E" value="00:33:51,244" />
  </s>
  <s id="242">
    <time id="T235S" value="00:33:52,614" />
Wat jy nou gespeel het, stem ooreen met 'n tempo   soos hierdie.
    <time id="T236E" value="00:33:58,885" />
  </s>
  <s id="243">
    <time id="T237S" value="00:34:02,691" />
Elke dag, soos ons vorder   sal ons hierdie balletjie een knippie afstoot.
    <time id="T238E" value="00:34:08,959" />
  </s>
  <s id="244">
    <time id="T239S" value="00:34:08,997" />
Totdat jy , na 3 weke, so sal speel.
    <time id="T239E" value="00:34:13,559" />
  </s>
  <s id="245">
    <time id="T240S" value="00:34:17,906" />
Die wereld sal joune wees.
    <time id="T240E" value="00:34:19,906" />
  </s>
  <s id="246">
    <time id="T241S" value="00:34:21,043" />
Antoinette, daar's iets wat ek nog nie verstaan nie.
    <time id="T241E" value="00:34:24,823" />
  </s>
  <s id="247">
    <time id="T242S" value="00:34:26,581" />
Sy viool het 'n wonderlike klank,   en 'n pragtige vorm.
    <time id="T243E" value="00:34:30,652" />
  </s>
  <s id="248">
    <time id="T244S" value="00:34:30,752" />
Dit is sekerlik Italiaans.
    <time id="T244E" value="00:34:32,879" />
  </s>
  <s id="249">
    <time id="T245S" value="00:34:32,921" />
Maar is dit waardevol?
    <time id="T245E" value="00:34:35,287" />
  </s>
  <s id="250">
    <time id="T246S" value="00:34:36,825" />
Hoekom vra jy?
    <time id="T246E" value="00:34:38,884" />
  </s>
  <s id="251">
    <time id="T247S" value="00:34:38,927" />
Wel, ons sou die huur kon betaal, as ...
    <time id="T247E" value="00:34:42,363" />
  </s>
  <s id="252">
    <time id="T248S" value="00:34:42,397" />
Toemaar, hy sal wonderlik speel, my lief.
    <time id="T248E" value="00:34:45,628" />
  </s>
  <s id="253">
    <time id="T249S" value="00:34:45,667" />
Kan jy my nie vertrou nie?
    <time id="T249E" value="00:34:47,336" />
  </s>
  <s id="254">
    <time id="T250S" value="00:34:47,436" />
Ja, natuurlik kan ek.
    <time id="T250E" value="00:34:49,870" />
  </s>
  <s id="255">
    <time id="T251S" value="00:34:49,905" />
Maar moet hy daarmee slaap? 
  </s>
  <s id="256">
Hy kan bo-oor rol
    <time id="T251E" value="00:34:53,739" />
  </s>
  <s id="257">
    <time id="T252S" value="00:34:53,775" />
Wat?
    <time id="T252E" value="00:34:55,444" />
  </s>
  <s id="258">
    <time id="T253S" value="00:34:55,544" />
Slaap hy daarmee?
    <time id="T253E" value="00:34:57,544" />
  </s>
  <s id="259">
    <time id="T254S" value="00:34:58,046" />
Regop, trots. 
  </s>
  <s id="260">
Lig jou ken. 
  </s>
  <s id="261">
Daar's hy.
    <time id="T254E" value="00:35:00,148" />
  </s>
  <s id="262">
    <time id="T255S" value="00:35:00,248" />
Perfek, jou strykstok. 
  </s>
  <s id="263">
Jy klou.
    <time id="T255E" value="00:35:03,342" />
  </s>
  <s id="264">
    <time id="T256S" value="00:35:03,385" />
Jou lyf is styf, jou elmboog is vas.
    <time id="T256E" value="00:35:06,183" />
  </s>
  <s id="265">
    <time id="T257S" value="00:35:07,522" />
Ek het geweet iets hou jou terug.
    <time id="T257E" value="00:35:09,825" />
  </s>
  <s id="266">
    <time id="T258S" value="00:35:09,925" />
Iets, maar wat? 
  </s>
  <s id="267">
Nou is dit duidelik.
    <time id="T258E" value="00:35:13,915" />
  </s>
  <s id="268">
    <time id="T259S" value="00:35:14,930" />
Jy word onderdruk deur jou viool - dit hou jou gevange.
    <time id="T259E" value="00:35:19,367" />
  </s>
  <s id="269">
    <time id="T260S" value="00:35:19,401" />
Kyk na jou. 
  </s>
  <s id="270">
Daar, dis goed.
    <time id="T260E" value="00:35:22,632" />
  </s>
  <s id="271">
    <time id="T261S" value="00:35:24,940" />
As jy wil vorder, Kaspar Weiss, moet jy laat los!
    <time id="T261E" value="00:35:29,036" />
  </s>
  <s id="272">
    <time id="T262S" value="00:35:30,212" />
Wat bedoel u meneer? 
  </s>
  <s id="273">
Ek verstaan nie.
    <time id="T262E" value="00:35:33,409" />
  </s>
  <s id="274">
    <time id="T263S" value="00:35:35,384" />
Antoinette se jy slaap met die viool.
    <time id="T263E" value="00:35:38,717" />
  </s>
  <s id="275">
    <time id="T264S" value="00:35:39,821" />
Vanaand slaap jy alleen.
    <time id="T264E" value="00:35:42,949" />
  </s>
  <s id="276">
    <time id="T265S" value="00:35:42,991" />
Sonder die viool
    <time id="T265E" value="00:35:45,016" />
  </s>
  <s id="277">
    <time id="T266S" value="00:35:45,060" />
Sonder jou viool!
    <time id="T266E" value="00:35:47,060" />
  </s>
  <s id="278">
    <time id="T267S" value="00:35:59,441" />
Dankie dat u so gou gekom het.
    <time id="T267E" value="00:36:01,841" />
  </s>
  <s id="279">
    <time id="T268S" value="00:36:06,114" />
Baie dankie dokter. 
  </s>
  <s id="280">
Goeie naand.
    <time id="T268E" value="00:36:08,878" />
  </s>
  <s id="281">
    <time id="T269S" value="00:36:14,122" />
Voel jy beter?
    <time id="T269E" value="00:36:15,557" />
  </s>
  <s id="282">
    <time id="T270S" value="00:36:15,657" />
Ja, dankie.
    <time id="T270E" value="00:36:17,192" />
  </s>
  <s id="283">
    <time id="T271S" value="00:36:17,292" />
Die dokter se dat jou hart vir 'n rukkie gestop het.
    <time id="T271E" value="00:36:22,059" />
  </s>
  <s id="284">
    <time id="T272S" value="00:36:22,097" />
Ek is jammer.
    <time id="T272E" value="00:36:23,432" />
  </s>
  <s id="285">
    <time id="T273S" value="00:36:23,532" />
Dit is goed, maar ons wil dit nie weer laat gebeur nie.
    <time id="T273E" value="00:36:27,434" />
  </s>
  <s id="286">
    <time id="T274S" value="00:36:29,004" />
Was jy bekommerd?
    <time id="T274E" value="00:36:31,336" />
  </s>
  <s id="287">
    <time id="T275S" value="00:36:31,373" />
Was jy senuagtig oor die oudisie?
    <time id="T275E" value="00:36:35,139" />
  </s>
  <s id="288">
    <time id="T276S" value="00:36:35,177" />
Alles sal reg wees.
    <time id="T276E" value="00:36:37,338" />
  </s>
  <s id="289">
    <time id="T277S" value="00:36:37,379" />
- Jy weet dit, mos, ne?
  </s>
  <s id="290">
- Georges!
    <time id="T277E" value="00:36:40,041" />
  </s>
  <s id="291">
    <time id="T278S" value="00:36:40,882" />
Ek weet, ek weet!
    <time id="T278E" value="00:36:42,451" />
  </s>
  <s id="292">
    <time id="T279S" value="00:36:42,551" />
Kaspar, ons wil jou vertel,   jy hoef dit nie te doen as jy nie wil nie.
    <time id="T280E" value="00:36:50,157" />
  </s>
  <s id="293">
    <time id="T281S" value="00:36:50,192" />
Jy hoef dit nie te speel nie.
    <time id="T281E" value="00:36:52,353" />
  </s>
  <s id="294">
    <time id="T282S" value="00:36:52,394" />
Ek hoef nie?
    <time id="T282E" value="00:36:54,096" />
  </s>
  <s id="295">
    <time id="T283S" value="00:36:54,196" />
Ons kan die oudisie kanselleer.
    <time id="T283E" value="00:36:57,131" />
  </s>
  <s id="296">
    <time id="T284S" value="00:36:57,165" />
Ons sal op 'n manier regkom.
    <time id="T284E" value="00:36:59,360" />
  </s>
  <s id="297">
    <time id="T285S" value="00:37:00,902" />
Dit is beter as om jou siek te maak, sien jy?
    <time id="T285E" value="00:37:03,905" />
  </s>
  <s id="298">
    <time id="T286S" value="00:37:04,005" />
Jy hoef nie beroemd te wees nie.
    <time id="T286E" value="00:37:06,473" />
  </s>
  <s id="299">
    <time id="T287S" value="00:37:06,508" />
Nie?
    <time id="T287E" value="00:37:07,976" />
  </s>
  <s id="300">
    <time id="T288S" value="00:37:08,076" />
Ja.
    <time id="T288E" value="00:37:10,076" />
  </s>
  <s id="301">
    <time id="T289S" value="00:37:10,345" />
Ja.
    <time id="T289E" value="00:37:11,813" />
  </s>
  <s id="302">
    <time id="T290S" value="00:37:11,913" />
Ek is siek.
    <time id="T290E" value="00:37:13,913" />
  </s>
  <s id="303">
    <time id="T291S" value="00:37:15,016" />
Ek wil beroemd wees.
    <time id="T291E" value="00:37:18,315" />
  </s>
  <s id="304">
    <time id="T292S" value="00:37:18,353" />
Meneer, ek wil regtig.
    <time id="T292E" value="00:37:20,844" />
  </s>
  <s id="305">
    <time id="T293S" value="00:37:20,889" />
Dis my seun.
    <time id="T293E" value="00:37:23,380" />
  </s>
  <s id="306">
    <time id="T294S" value="00:37:23,425" />
Ek is baie trots op jou.
    <time id="T294E" value="00:37:25,620" />
  </s>
  <s id="307">
    <time id="T295S" value="00:37:25,660" />
Ek wil he dat jy nou rus, ontspan.
    <time id="T295E" value="00:37:27,821" />
  </s>
  <s id="308">
    <time id="T296S" value="00:37:27,863" />
Madame Poussin sal 'n besoeker   bring waarvan jy baie hou.
    <time id="T297E" value="00:37:32,295" />
  </s>
  <s id="309">
    <time id="T298S" value="00:37:37,639" />
Dankie madame.
    <time id="T298E" value="00:37:39,639" />
  </s>
  <s id="310">
    <time id="T299S" value="00:37:51,887" />
Goed!
    <time id="T299E" value="00:37:53,887" />
  </s>
  <s id="311">
    <time id="T300S" value="00:38:53,848" />
Daar's hy!
    <time id="T300E" value="00:38:55,848" />
  </s>
  <s id="312">
    <time id="T301S" value="00:39:29,818" />
Ons moet liewer nou gaan slaap.
    <time id="T301E" value="00:39:31,843" />
  </s>
  <s id="313">
    <time id="T302S" value="00:39:31,886" />
More gaan 'n besige dag wees.
    <time id="T302E" value="00:39:34,719" />
  </s>
  <s id="314">
    <time id="T303S" value="00:40:09,024" />
Perfek.
    <time id="T303E" value="00:40:10,125" />
  </s>
  <s id="315">
    <time id="T304S" value="00:40:10,225" />
En nou agteruit. 
  </s>
  <s id="316">
Is jy gereed?
    <time id="T304E" value="00:40:13,126" />
  </s>
  <s id="317">
    <time id="T305S" value="00:40:52,734" />
Verwerp! 
  </s>
  <s id="318">
Die skande!
    <time id="T305E" value="00:40:55,362" />
  </s>
  <s id="319">
    <time id="T306S" value="00:41:05,213" />
Kaspar Weiss, viool.
    <time id="T306E" value="00:41:07,841" />
  </s>
  <s id="320">
    <time id="T307S" value="00:41:07,882" />
Speel so goed as jy kan.
    <time id="T307E" value="00:41:09,882" />
  </s>
  <s id="321">
    <time id="T308S" value="00:41:09,918" />
Jou heel beste.
    <time id="T308E" value="00:41:11,918" />
  </s>
  <s id="322">
    <time id="T309S" value="00:41:41,850" />
Meester Poussin en sy wonderkind. 
  </s>
  <s id="323">
Kaspar Weiss.
    <time id="T309E" value="00:41:46,412" />
  </s>
  <s id="324">
    <time id="T310S" value="00:41:58,666" />
Nader.
    <time id="T310E" value="00:42:00,335" />
  </s>
  <s id="325">
    <time id="T311S" value="00:42:00,435" />
Kom nader.
    <time id="T311E" value="00:42:02,435" />
  </s>
  <s id="326">
    <time id="T312S" value="00:42:05,473" />
So jy is die wilde kind van wie ek so baie hoor.
    <time id="T312E" value="00:42:09,807" />
  </s>
  <s id="327">
    <time id="T313S" value="00:42:09,844" />
'n Weeskind, deur monikke grootgemaak.
    <time id="T313E" value="00:42:13,143" />
  </s>
  <s id="328">
    <time id="T314S" value="00:42:13,181" />
As u verkies, kan ons die volgende een roep.
    <time id="T314E" value="00:42:15,841" />
  </s>
  <s id="329">
    <time id="T315S" value="00:42:16,818" />
Daar is die seun van ...
    <time id="T315E" value="00:42:17,952" />
  </s>
  <s id="330">
    <time id="T316S" value="00:42:18,052" />
Nee, nee.
    <time id="T316E" value="00:42:20,052" />
  </s>
  <s id="331">
    <time id="T317S" value="00:42:20,388" />
Hoe bekoorlik om te dink 'n klooster   het werklik iets voortgebring, iets   die moeite werd.
    <time id="T319E" value="00:42:27,727" />
  </s>
  <s id="332">
    <time id="T320S" value="00:42:30,131" />
Dis 'n pragtige instrument wat jy het.
    <time id="T320E" value="00:42:32,651" />
  </s>
  <s id="333">
    <time id="T321S" value="00:42:33,401" />
Mag ek daarna kyk?
    <time id="T321E" value="00:42:35,401" />
  </s>
  <s id="334">
    <time id="T322S" value="00:42:35,570" />
Mag ek daarna kyk, my seun?
    <time id="T322E" value="00:42:37,629" />
  </s>
  <s id="335">
    <time id="T323S" value="00:42:49,584" />
Is dit te koop?
    <time id="T323E" value="00:42:51,584" />
  </s>
  <s id="336">
    <time id="T324S" value="00:42:52,387" />
Ek sal jou 'n goeie prys daarvoor betaal.
    <time id="T324E" value="00:42:55,550" />
  </s>
  <s id="337">
    <time id="T325S" value="00:42:56,825" />
Hy is baie geheg aan die instrument.
    <time id="T325E" value="00:42:59,294" />
  </s>
  <s id="338">
    <time id="T326S" value="00:42:59,394" />
Ek sien so.
    <time id="T326E" value="00:43:01,394" />
  </s>
  <s id="339">
    <time id="T327S" value="00:43:01,863" />
Miskien, as hy klaar gespeel het ...
    <time id="T327E" value="00:43:05,128" />
  </s>
  <s id="340">
    <time id="T328S" value="00:43:05,166" />
Natuurlik, laat hom speel. 
  </s>
  <s id="341">
Ek mag hom dalk ook vat.
    <time id="T328E" value="00:43:09,034" />
  </s>
  <s id="342">
    <time id="T329S" value="00:43:09,070" />
Kom, speel vir my.
    <time id="T329E" value="00:43:11,402" />
  </s>
  <s id="343">
    <time id="T330S" value="00:43:13,875" />
Sal jy asseblief vir my iets speel?
    <time id="T330E" value="00:43:17,174" />
  </s>
  <s id="344">
    <time id="T331S" value="00:43:17,879" />
Poussin!
    <time id="T331E" value="00:43:19,879" />
  </s>
  <s id="345">
    <time id="T332S" value="00:43:24,652" />
Speel net vir hom, seun.
    <time id="T332E" value="00:43:27,280" />
  </s>
  <s id="346">
    <time id="T333S" value="00:43:27,322" />
Speel.
    <time id="T333E" value="00:43:29,322" />
  </s>
  <s id="347">
    <time id="T334S" value="00:45:17,031" />
Monseur, Poussin?
    <time id="T334E" value="00:45:19,031" />
  </s>
  <s id="348">
    <time id="T335S" value="00:45:20,835" />
Namens die broeders bedank ek u   vir die vrygewigheid betoon aan Kaspar.
    <time id="T336E" value="00:45:27,099" />
  </s>
  <s id="349">
    <time id="T337S" value="00:45:27,141" />
Hy neem met hom mee die baie gawes wat u hom geskenk het.
    <time id="T337E" value="00:45:30,838" />
  </s>
  <s id="350">
    <time id="T338S" value="00:45:30,878" />
Ek het maar gedoen wat ek kon.
    <time id="T338E" value="00:45:33,005" />
  </s>
  <s id="351">
    <time id="T339S" value="00:45:33,047" />
Sal u ons vereer deur saam met ons te eet?
    <time id="T339E" value="00:45:36,813" />
  </s>
  <s id="352">
    <time id="T340S" value="00:45:36,851" />
Dis baie vriendelik van u, maar   my vrou wag vir my - die hele Wenen wag vir my.
    <time id="T341E" value="00:45:43,454" />
  </s>
  <s id="353">
    <time id="T342S" value="00:45:44,559" />
Natuurlik, ons verstaan.
    <time id="T342E" value="00:45:47,756" />
  </s>
  <s id="354">
    <time id="T343S" value="00:45:48,863" />
Ek het tog een vraag.
    <time id="T343E" value="00:45:50,632" />
  </s>
  <s id="355">
    <time id="T344S" value="00:45:50,732" />
Ja?
    <time id="T344E" value="00:45:52,567" />
  </s>
  <s id="356">
    <time id="T345S" value="00:45:52,667" />
Die viool.
    <time id="T345E" value="00:45:54,502" />
  </s>
  <s id="357">
    <time id="T346S" value="00:45:54,602" />
Ja?
    <time id="T346E" value="00:45:56,602" />
  </s>
  <s id="358">
    <time id="T347S" value="00:45:57,505" />
Wat word nou daarvan?
    <time id="T347E" value="00:45:59,803" />
  </s>
  <s id="359">
    <time id="T348S" value="00:46:00,708" />
Ek is jammer, ek het gedink u weet.
    <time id="T348E" value="00:46:04,576" />
  </s>
  <s id="360">
    <time id="T349S" value="00:46:04,612" />
Natuurlik was u eerste in ons gedagte.
    <time id="T349E" value="00:46:07,979" />
  </s>
  <s id="361">
    <time id="T350S" value="00:46:08,016" />
Na al die tyd en energie wat u bestee het   sou dit verkeerd wees om   dit te gee vir 'n ander kind.
    <time id="T352E" value="00:46:16,656" />
  </s>
  <s id="362">
    <time id="T353S" value="00:46:16,691" />
Ja, natuurlik.
    <time id="T353E" value="00:46:18,293" />
  </s>
  <s id="363">
    <time id="T354S" value="00:46:18,393" />
So, ons het dit begrawe saam met die seun.
    <time id="T354E" value="00:46:21,226" />
  </s>
  <s id="364">
    <time id="T355S" value="00:46:21,262" />
Hy kan dit in die hemel bespeel.
    <time id="T355E" value="00:46:23,730" />
  </s>
  <s id="365">
    <time id="T356S" value="00:46:29,103" />
Ja, natuurlik.
    <time id="T356E" value="00:46:31,103" />
  </s>
  <s id="366">
    <time id="T357S" value="00:46:45,987" />
En dan sien ek 'n tydperk van lewe, 'n tyd van   begeerte en energie, oor berge en   oor oseane en tyd.
    <time id="T359E" value="00:46:59,294" />
  </s>
  <s id="367">
    <time id="T360S" value="00:47:02,136" />
Dis verwarrend, madame, ek weet.
    <time id="T360E" value="00:47:04,696" />
  </s>
  <s id="368">
    <time id="T361S" value="00:47:04,739" />
Maar ek sien dit.
    <time id="T361E" value="00:47:06,900" />
  </s>
  <s id="369">
    <time id="T362S" value="00:47:06,941" />
Ek is seker.
    <time id="T362E" value="00:47:08,941" />
  </s>
  <s id="370">
    <time id="T363S" value="00:47:09,777" />
Joune is 'n Lasarus-siel.
    <time id="T363E" value="00:47:12,007" />
  </s>
  <s id="371">
    <time id="T364S" value="00:49:29,584" />
Ons moet wag.
    <time id="T364E" value="00:49:31,916" />
  </s>
  <s id="372">
    <time id="T365S" value="00:49:31,953" />
Jy moes ons storie vertel het. 
  </s>
  <s id="373">
Verduidelik die geskiedenis.
    <time id="T365E" value="00:49:35,719" />
  </s>
  <s id="374">
    <time id="T366S" value="00:49:35,756" />
Broeder, asseblief, sy gee nie om nie - sy doen net haar werk.
    <time id="T366E" value="00:49:39,393" />
  </s>
  <s id="375">
    <time id="T367S" value="00:49:39,493" />
Maar as jy haar kan oortuig ...
    <time id="T367E" value="00:49:41,757" />
  </s>
  <s id="376">
    <time id="T368S" value="00:49:41,796" />
Vader Victor.
    <time id="T368E" value="00:49:42,964" />
  </s>
  <s id="377">
    <time id="T369S" value="00:50:09,657" />
Ek voel hulpeloos. 
  </s>
  <s id="378">
Is daar niks wat ons kan doen?
    <time id="T369E" value="00:50:13,017" />
  </s>
  <s id="379">
    <time id="T370S" value="00:50:13,794" />
Ja, tog.
    <time id="T370E" value="00:50:15,196" />
  </s>
  <s id="380">
    <time id="T371S" value="00:50:15,296" />
Ons kan bid.
    <time id="T371E" value="00:50:17,098" />
  </s>
  <s id="381">
    <time id="T372S" value="00:50:39,754" />
En dan kom 'n   man in jou lewe   'n mooi man   en intelligent.
    <time id="T375E" value="00:50:51,027" />
  </s>
  <s id="382">
    <time id="T376S" value="00:50:51,065" />
Hy sal jou verlei met sy talent   en erger.
    <time id="T377E" value="00:50:56,829" />
  </s>
  <s id="383">
    <time id="T378S" value="00:50:56,871" />
In kort   hy is die Duiwel.
    <time id="T379E" value="00:51:01,040" />
  </s>
  <s id="384">
    <time id="T380S" value="01:08:46,740" />
Dit is daar, Duval's
    <time id="T380E" value="01:08:48,765" />
  </s>
  <s id="385">
    <time id="T381S" value="01:13:34,661" />
Liefie, kom hier.
    <time id="T381E" value="01:13:36,720" />
  </s>
  <s id="386">
    <time id="T382S" value="01:13:41,367" />
Hou jy daarvan?
    <time id="T382E" value="01:13:43,367" />
  </s>
  <s id="387">
    <time id="T383S" value="01:13:51,010" />
Geregtigheid ...
    <time id="T383E" value="01:13:53,010" />
  </s>
  <s id="388">
    <time id="T384S" value="01:13:55,448" />
Daar sal 'n verhoor wees.
    <time id="T384E" value="01:13:57,448" />
  </s>
  <s id="389">
    <time id="T385S" value="01:13:57,483" />
'n Groot verhoor ...
    <time id="T385E" value="01:13:59,849" />
  </s>
  <s id="390">
    <time id="T386S" value="01:13:59,886" />
Voor 'n magtige regter.
    <time id="T386E" value="01:14:02,855" />
  </s>
  <s id="391">
    <time id="T387S" value="01:14:02,889" />
En jy, ... jy sal skuldig wees.
    <time id="T387E" value="01:14:05,016" />
  </s>
  <s id="392">
    <time id="T388S" value="01:14:06,526" />
Pasop!
    <time id="T388E" value="01:14:08,328" />
  </s>
  <s id="393">
    <time id="T389S" value="01:14:08,428" />
Pasop vir die hitte van die vuur!
    <time id="T389E" value="01:14:10,428" />
  </s>
  <s id="394">
    <time id="T390S" value="01:15:17,530" />
Kameraad Chan Gong het van Beijing gekom.
    <time id="T390E" value="01:15:22,024" />
  </s>
  <s id="395">
    <time id="T391S" value="01:15:22,068" />
Verwelkom haar asseblief.
    <time id="T391E" value="01:15:24,935" />
  </s>
  <s id="396">
    <time id="T392S" value="01:15:38,351" />
Kamerade, studente, revolusionere   medestryders   my proletariaat-saluut!
    <time id="T394E" value="01:15:48,122" />
  </s>
  <s id="397">
    <time id="T395S" value="01:15:53,900" />
Ek wens julle geluk met vandag se groot   fees, waarvoor julle so hard gewerk het.
    <time id="T396E" value="01:15:59,867" />
  </s>
  <s id="398">
    <time id="T397S" value="01:15:59,906" />
Julle kulturele eenheid het uitstekende werk gelewer.
    <time id="T397E" value="01:16:03,467" />
  </s>
  <s id="399">
    <time id="T398S" value="01:16:08,314" />
Ek wil julle ook prys vir die kinders se voorstelling.
    <time id="T398E" value="01:16:13,946" />
  </s>
  <s id="400">
    <time id="T399S" value="01:16:13,986" />
Dit het my hart verheug.
    <time id="T399E" value="01:16:17,149" />
  </s>
  <s id="401">
    <time id="T400S" value="01:16:17,190" />
Die storie van "Die drie Heldinne" was   'n mooi les.
    <time id="T401E" value="01:16:21,752" />
  </s>
  <s id="402">
    <time id="T402S" value="01:16:21,794" />
Dit het ons historiese veldtog versterk.
    <time id="T402E" value="01:16:26,595" />
  </s>
  <s id="403">
    <time id="T403S" value="01:16:26,632" />
Maar ongelukkig is sekere pogings   minder suksesvol.
    <time id="T404E" value="01:16:33,528" />
  </s>
  <s id="404">
    <time id="T405S" value="01:16:35,541" />
Soms moet die leermeester ook leer   van sy leerlinge.
    <time id="T406E" value="01:16:41,006" />
  </s>
  <s id="405">
    <time id="T407S" value="01:16:44,750" />
Gee dit vir my.
    <time id="T407E" value="01:16:46,750" />
  </s>
  <s id="406">
    <time id="T408S" value="01:16:54,193" />
Kapitalistiese uitbuiting het eeue oorleef, ... maar hulle "klassieke" was pateties.
    <time id="T409E" value="01:17:00,825" />
  </s>
  <s id="407">
    <time id="T410S" value="01:17:00,867" />
Vreemde musiek is leeg en betekenisloos.
    <time id="T410E" value="01:17:05,634" />
  </s>
  <s id="408">
    <time id="T411S" value="01:17:05,671" />
Wat beteken "simfonie", "concerto",   "No 1", "No 2", "No 3"?
    <time id="T412E" value="01:17:11,103" />
  </s>
  <s id="409">
    <time id="T413S" value="01:17:11,143" />
Dit is lee formalisme. 
  </s>
  <s id="410">
Dit spreek nie tot ons nie.
    <time id="T413E" value="01:17:14,881" />
  </s>
  <s id="411">
    <time id="T414S" value="01:17:14,981" />
Watter ander doel het musiek   anders as om die mense te leer en inspireer?
    <time id="T415E" value="01:17:22,654" />
  </s>
  <s id="412">
    <time id="T416S" value="01:17:22,688" />
Lank lewe voorsitter Mao!
    <time id="T416E" value="01:17:24,747" />
  </s>
  <s id="413">
    <time id="T417S" value="01:17:26,559" />
Werp die kulturele orde omver!
    <time id="T417E" value="01:17:29,149" />
  </s>
  <s id="414">
    <time id="T418S" value="01:17:33,132" />
Chou Yuan?
    <time id="T418E" value="01:17:34,000" />
  </s>
  <s id="415">
    <time id="T419S" value="01:17:34,100" />
Teenwoordig.
    <time id="T419E" value="01:17:35,067" />
  </s>
  <s id="416">
    <time id="T420S" value="01:17:35,167" />
Waarom gebruik jy hierdie instrument?
    <time id="T420E" value="01:17:37,829" />
  </s>
  <s id="417">
    <time id="T421S" value="01:17:41,274" />
Kameraad Chan Gong, wat u se is waar ...
    <time id="T421E" value="01:17:44,437" />
  </s>
  <s id="418">
    <time id="T422S" value="01:17:44,477" />
Harder asseblief.
    <time id="T422E" value="01:17:46,477" />
  </s>
  <s id="419">
    <time id="T423S" value="01:17:49,081" />
Kameraad Chan Gong, u is reg.
    <time id="T423E" value="01:17:52,107" />
  </s>
  <s id="420">
    <time id="T424S" value="01:17:52,151" />
Baie westerse musiek is   onverfynd en waardeloos.
    <time id="T425E" value="01:17:56,420" />
  </s>
  <s id="421">
    <time id="T426S" value="01:17:56,422" />
Dit is 'n feit.
    <time id="T426E" value="01:17:58,913" />
  </s>
  <s id="422">
    <time id="T427S" value="01:17:58,958" />
Alles wat u se is waar, maar die musiek wat ek leer ...
    <time id="T427E" value="01:18:03,395" />
  </s>
  <s id="423">
    <time id="T428S" value="01:18:03,429" />
Gaan voort!
    <time id="T428E" value="01:18:05,131" />
  </s>
  <s id="424">
    <time id="T429S" value="01:18:05,231" />
Ek leer revolusionere musiek   van Beethoven, Prokofiev ...
    <time id="T430E" value="01:18:10,529" />
  </s>
  <s id="425">
    <time id="T431S" value="01:18:10,569" />
Dink jy so?
    <time id="T431E" value="01:18:12,569" />
  </s>
  <s id="426">
    <time id="T432S" value="01:18:13,139" />
In sy rede het kameraad Li gese ...
    <time id="T432E" value="01:18:15,471" />
  </s>
  <s id="427">
    <time id="T433S" value="01:18:15,508" />
Kameraad Li is verneder en verwyder.
    <time id="T433E" value="01:18:18,705" />
  </s>
  <s id="428">
    <time id="T434S" value="01:18:18,744" />
Wil jy hom nog aanhaal?
    <time id="T434E" value="01:18:20,744" />
  </s>
  <s id="429">
    <time id="T435S" value="01:18:22,114" />
Ek het nie geweet nie.
    <time id="T435E" value="01:18:25,641" />
  </s>
  <s id="430">
    <time id="T436S" value="01:18:25,685" />
Ek het vir baie jare onderrig.
    <time id="T436E" value="01:18:28,210" />
  </s>
  <s id="431">
    <time id="T437S" value="01:18:28,254" />
Dit is duidelik.
    <time id="T437E" value="01:18:29,956" />
  </s>
  <s id="432">
    <time id="T438S" value="01:18:30,056" />
Ons glo in die krag van baie stemme.
    <time id="T438E" value="01:18:33,025" />
  </s>
  <s id="433">
    <time id="T439S" value="01:18:33,059" />
Wat behoort ons te doen hier?
    <time id="T439E" value="01:18:34,927" />
  </s>
  <s id="434">
    <time id="T440S" value="01:18:35,027" />
Gooi daardie ou rommel weg!
    <time id="T440E" value="01:18:37,325" />
  </s>
  <s id="435">
    <time id="T441S" value="01:18:37,363" />
Chou Yuan, jy moet jou skuld erken.
    <time id="T441E" value="01:18:39,957" />
  </s>
  <s id="436">
    <time id="T442S" value="01:18:39,999" />
Kom ons daag die bedorwe westerse kuns uit!
    <time id="T442E" value="01:18:42,729" />
  </s>
  <s id="437">
    <time id="T443S" value="01:18:43,469" />
Kamerade, mag ek 'n paar woorde se?
    <time id="T443E" value="01:18:46,063" />
  </s>
  <s id="438">
    <time id="T444S" value="01:18:48,674" />
Natuurlik.
    <time id="T444E" value="01:18:50,674" />
  </s>
  <s id="439">
    <time id="T445S" value="01:18:51,811" />
Studente, kamerade, revolusionere Rooi Wagte ...
    <time id="T445E" value="01:18:56,248" />
  </s>
  <s id="440">
    <time id="T446S" value="01:18:57,817" />
Ek is nie 'n outoriteit op buitelandse musiek nie.
    <time id="T446E" value="01:19:01,446" />
  </s>
  <s id="441">
    <time id="T447S" value="01:19:01,487" />
Ek het nie studeer soos kameraad Chan Gong nie.
    <time id="T447E" value="01:19:04,056" />
  </s>
  <s id="442">
    <time id="T448S" value="01:19:04,156" />
Maar in my opinie is daar   niks so mooi as ons eie tradisionele musiek nie.
    <time id="T449E" value="01:19:10,169" />
  </s>
  <s id="443">
    <time id="T450S" value="01:19:10,863" />
Chou Yuan onderrig ook die hu chin.
    <time id="T450E" value="01:19:13,313" />
  </s>
  <s id="444">
    <time id="T451S" value="01:19:14,133" />
Kan hy nie daarop fokus nie?
    <time id="T451E" value="01:19:16,133" />
  </s>
  <s id="445">
    <time id="T452S" value="01:19:24,276" />
Kameraad Xiang het haar wysheid getoon.
    <time id="T452E" value="01:19:27,040" />
  </s>
  <s id="446">
    <time id="T453S" value="01:19:34,153" />
Gaan gooi dit by die ander "ou goed".
    <time id="T453E" value="01:19:38,920" />
  </s>
  <s id="447">
    <time id="T454S" value="01:19:47,700" />
Vir elke probleem is daar 'n oplossing.
    <time id="T454E" value="01:19:50,965" />
  </s>
  <s id="448">
    <time id="T455S" value="01:19:51,003" />
Ek is seker julle kan die probleme ontdek.
    <time id="T455E" value="01:19:53,801" />
  </s>
  <s id="449">
    <time id="T456S" value="01:19:53,839" />
En ook hulle oplossings.
    <time id="T456E" value="01:19:56,706" />
  </s>
  <s id="450">
    <time id="T457S" value="01:22:52,751" />
Wie is daar?
    <time id="T457E" value="01:22:54,751" />
  </s>
  <s id="451">
    <time id="T458S" value="01:22:54,953" />
Wie is dit?
    <time id="T458E" value="01:22:56,953" />
  </s>
  <s id="452">
    <time id="T459S" value="01:22:57,523" />
Wie is daar?
    <time id="T459E" value="01:23:00,117" />
  </s>
  <s id="453">
    <time id="T460S" value="01:23:02,861" />
Ming?
    <time id="T460E" value="01:23:04,329" />
  </s>
  <s id="454">
    <time id="T461S" value="01:23:04,429" />
Jy het my skrikgemaak - ek het jou nie gehoor nie.
    <time id="T461E" value="01:23:06,693" />
  </s>
  <s id="455">
    <time id="T462S" value="01:23:16,108" />
Dis deurmekaar. 
  </s>
  <s id="456">
Ek ruim op.
    <time id="T462E" value="01:23:18,576" />
  </s>
  <s id="457">
    <time id="T463S" value="01:23:18,610" />
Wat is dit?
    <time id="T463E" value="01:23:20,771" />
  </s>
  <s id="458">
    <time id="T464S" value="01:23:23,415" />
'n Viool.
    <time id="T464E" value="01:23:25,415" />
  </s>
  <s id="459">
    <time id="T465S" value="01:23:26,385" />
'n Europese musiekinstrument.
    <time id="T465E" value="01:23:28,717" />
  </s>
  <s id="460">
    <time id="T466S" value="01:23:28,754" />
- Van Europa?
  </s>
  <s id="461">
- Ja.
    <time id="T466E" value="01:23:30,155" />
  </s>
  <s id="462">
    <time id="T467S" value="01:23:30,255" />
Is dit 'n slegte ding?
    <time id="T467E" value="01:23:31,490" />
  </s>
  <s id="463">
    <time id="T468S" value="01:23:31,590" />
Nee, 'n viool is 'n goeie ding.
    <time id="T468E" value="01:23:36,220" />
  </s>
  <s id="464">
    <time id="T469S" value="01:23:36,261" />
Hier - kyk.
    <time id="T469E" value="01:23:38,923" />
  </s>
  <s id="465">
    <time id="T470S" value="01:23:42,401" />
Ons moet vreemde musiek ook leer sodat ons ..
    <time id="T470E" value="01:23:45,571" />
  </s>
  <s id="466">
    <time id="T471S" value="01:23:45,671" />
... kan voortuitgaan soos voorsitter Mao gese het.
    <time id="T471E" value="01:23:47,696" />
  </s>
  <s id="467">
    <time id="T472S" value="01:23:47,739" />
Pa vra of jy kom.
    <time id="T472E" value="01:23:49,832" />
  </s>
  <s id="468">
    <time id="T473S" value="01:23:49,875" />
Hy wag.
    <time id="T473E" value="01:23:51,410" />
  </s>
  <s id="469">
    <time id="T474S" value="01:23:51,510" />
Ja, Vertel hom ek kom dadelik   sodra my werk klaar is.
    <time id="T475E" value="01:23:57,016" />
  </s>
  <s id="470">
    <time id="T476S" value="01:24:00,519" />
- Ming?
  </s>
  <s id="471">
- Ja?
    <time id="T476E" value="01:24:03,613" />
  </s>
  <s id="472">
    <time id="T477S" value="01:24:04,923" />
Wat jy hier sien, moet jy liewer nie oorvertel nie.
    <time id="T477E" value="01:24:10,225" />
  </s>
  <s id="473">
    <time id="T478S" value="01:24:16,301" />
Ek wil he jy moet nou luister.
    <time id="T478E" value="01:24:18,301" />
  </s>
  <s id="474">
    <time id="T479S" value="01:25:12,591" />
Dit sal ons geheim bly, reg?
    <time id="T479E" value="01:25:14,971" />
  </s>
  <s id="475">
    <time id="T480S" value="01:25:19,998" />
Gaan.
    <time id="T480E" value="01:25:21,998" />
  </s>
  <s id="476">
    <time id="T481S" value="01:25:47,059" />
Ming!
    <time id="T481E" value="01:25:49,059" />
  </s>
  <s id="477">
    <time id="T482S" value="01:25:51,530" />
- Was sy by die huis?
  </s>
  <s id="478">
- Ja.
    <time id="T482E" value="01:25:53,530" />
  </s>
  <s id="479">
    <time id="T483S" value="01:25:53,532" />
- Kom sy ook?
  </s>
  <s id="480">
- Nee. 
  </s>
  <s id="481">
Sy se sy sal jou ontmoet.
    <time id="T483E" value="01:25:57,696" />
  </s>
  <s id="482">
    <time id="T484S" value="01:25:57,736" />
Wat? 
  </s>
  <s id="483">
kom sy of kom sy nie?
    <time id="T484E" value="01:25:59,829" />
  </s>
  <s id="484">
    <time id="T485S" value="01:25:59,871" />
- Ek kan nie se hoekom nie.
  </s>
  <s id="485">
- Hoekom wat?
    <time id="T485E" value="01:26:02,465" />
  </s>
  <s id="486">
    <time id="T486S" value="01:26:02,507" />
Ek het beloof om dit geheim te hou.
    <time id="T486E" value="01:26:04,643" />
  </s>
  <s id="487">
    <time id="T487S" value="01:26:04,743" />
Wat se jy? 
  </s>
  <s id="488">
Ek is jou pa.
    <time id="T487E" value="01:26:06,745" />
  </s>
  <s id="489">
    <time id="T488S" value="01:26:06,845" />
Jy moet my alles vertel.
    <time id="T488E" value="01:26:09,575" />
  </s>
  <s id="490">
    <time id="T489S" value="01:26:16,822" />
- Xiang Pei!
  </s>
  <s id="491">
- Pappa, moenie!
    <time id="T489E" value="01:26:18,357" />
  </s>
  <s id="492">
    <time id="T490S" value="01:26:18,457" />
Maak oop, dis ek.
    <time id="T490E" value="01:26:21,551" />
  </s>
  <s id="493">
    <time id="T491S" value="01:26:21,593" />
Waar is die sleutel?
    <time id="T491E" value="01:26:23,823" />
  </s>
  <s id="494">
    <time id="T492S" value="01:26:23,862" />
Gaan!
    <time id="T492E" value="01:26:25,862" />
  </s>
  <s id="495">
    <time id="T493S" value="01:26:35,073" />
Stil!
    <time id="T493E" value="01:26:37,073" />
  </s>
  <s id="496">
    <time id="T494S" value="01:26:45,884" />
Waar is sy?
    <time id="T494E" value="01:26:47,884" />
  </s>
  <s id="497">
    <time id="T495S" value="01:26:52,791" />
Water! 
  </s>
  <s id="498">
Water!
    <time id="T495E" value="01:26:54,791" />
  </s>
  <s id="499">
    <time id="T496S" value="01:27:08,039" />
Sy is weg!
    <time id="T496E" value="01:27:10,039" />
  </s>
  <s id="500">
    <time id="T497S" value="01:27:46,778" />
Is dit sy?
    <time id="T497E" value="01:27:48,778" />
  </s>
  <s id="501">
    <time id="T498S" value="01:27:54,719" />
Die datum: 1937. 
  </s>
  <s id="502">
Dit moet haar ma wees.
    <time id="T498E" value="01:27:58,780" />
  </s>
  <s id="503">
    <time id="T499S" value="01:28:20,245" />
Chou Yuan!
    <time id="T499E" value="01:28:22,245" />
  </s>
  <s id="504">
    <time id="T500S" value="01:28:22,480" />
Chou Yuan!
    <time id="T500E" value="01:28:24,480" />
  </s>
  <s id="505">
    <time id="T501S" value="01:28:25,784" />
Chou Yuan!
    <time id="T501E" value="01:28:27,784" />
  </s>
  <s id="506">
    <time id="T502S" value="01:28:36,127" />
- Wat soek jy?
  </s>
  <s id="507">
- Kan ek asseblief inkom?
    <time id="T502E" value="01:28:37,963" />
  </s>
  <s id="508">
    <time id="T503S" value="01:28:38,063" />
Ek het niks gedoen nie.
    <time id="T503E" value="01:28:39,831" />
  </s>
  <s id="509">
    <time id="T504S" value="01:28:39,931" />
Laat my inkom.
    <time id="T504E" value="01:28:41,931" />
  </s>
  <s id="510">
    <time id="T505S" value="01:28:55,247" />
- Dit is vir jou.
  </s>
  <s id="511">
- Ek wil dit nie he nie.
    <time id="T505E" value="01:28:58,739" />
  </s>
  <s id="512">
    <time id="T506S" value="01:29:08,627" />
Dit is joune, vat dit.
    <time id="T506E" value="01:29:11,221" />
  </s>
  <s id="513">
    <time id="T507S" value="01:29:13,131" />
Dis 'n viool.
    <time id="T507E" value="01:29:15,131" />
  </s>
  <s id="514">
    <time id="T508S" value="01:29:15,667" />
- 'n Viool.
  </s>
  <s id="515">
- Ek onthou.
    <time id="T508E" value="01:29:19,034" />
  </s>
  <s id="516">
    <time id="T509S" value="01:29:21,473" />
Gaan jy dit vat of nie?
    <time id="T509E" value="01:29:23,873" />
  </s>
  <s id="517">
    <time id="T510S" value="01:29:23,909" />
Ek is 'n ou man, maar ek is nie 'n gek nie.
    <time id="T510E" value="01:29:26,178" />
  </s>
  <s id="518">
    <time id="T511S" value="01:29:26,278" />
Waar is jou kamerade?
    <time id="T511E" value="01:29:29,270" />
  </s>
  <s id="519">
    <time id="T512S" value="01:29:29,314" />
Wag hulle buite?
    <time id="T512E" value="01:29:31,578" />
  </s>
  <s id="520">
    <time id="T513S" value="01:29:31,616" />
Dit is nie 'n lokval nie.
    <time id="T513E" value="01:29:33,218" />
  </s>
  <s id="521">
    <time id="T514S" value="01:29:33,318" />
Ek het verander.
    <time id="T514E" value="01:29:34,419" />
  </s>
  <s id="522">
    <time id="T515S" value="01:29:34,519" />
Ek het dit nie meer nodig nie. 
  </s>
  <s id="523">
Ek praat nou uit my hart.
    <time id="T515E" value="01:29:37,579" />
  </s>
  <s id="524">
    <time id="T516S" value="01:29:37,622" />
Genoeg!
    <time id="T516E" value="01:29:39,622" />
  </s>
  <s id="525">
    <time id="T517S" value="01:29:41,293" />
En ek het dit nie nodig nie.
    <time id="T517E" value="01:29:44,626" />
  </s>
  <s id="526">
    <time id="T518S" value="01:29:44,663" />
Dit is van 'n vorige tydperk.
    <time id="T518E" value="01:29:48,497" />
  </s>
  <s id="527">
    <time id="T519S" value="01:29:48,533" />
As jy dit wil he, kan jy dit hou   so nie wil niemand dit he nie.
    <time id="T520E" value="01:29:54,566" />
  </s>
  <s id="528">
    <time id="T521S" value="01:29:56,675" />
Wil jy of nie?
    <time id="T521E" value="01:29:58,939" />
  </s>
  <s id="529">
    <time id="T522S" value="01:30:01,746" />
Ek het nie tyd nie!
    <time id="T522E" value="01:30:03,746" />
  </s>
  <s id="530">
    <time id="T523S" value="01:30:04,816" />
Los jou argumente   neem dit!
    <time id="T524E" value="01:30:11,851" />
  </s>
  <s id="531">
    <time id="T525S" value="01:30:14,259" />
Ek is 'n partylid, verstaan jy?
    <time id="T525E" value="01:30:18,320" />
  </s>
  <s id="532">
    <time id="T526S" value="01:30:18,363" />
Ek kan dit nie hou nie.
    <time id="T526E" value="01:30:21,059" />
  </s>
  <s id="533">
    <time id="T527S" value="01:30:21,099" />
Ek het die proletariaat lief, verstaan jy?
    <time id="T527E" value="01:30:25,229" />
  </s>
  <s id="534">
    <time id="T528S" value="01:30:40,452" />
Xiang Pei!
    <time id="T528E" value="01:30:42,452" />
  </s>
  <s id="535">
    <time id="T529S" value="01:30:45,623" />
Ek sal dit bewaar.
    <time id="T529E" value="01:30:47,682" />
  </s>
  <s id="536">
    <time id="T530S" value="01:30:56,935" />
Kom ons gaan eet, ek is honger.
    <time id="T530E" value="01:30:59,426" />
  </s>
  <s id="537">
    <time id="T531S" value="01:30:59,471" />
Gaan aan, ek wag - ek is seker sy sal kom.
    <time id="T531E" value="01:31:04,067" />
  </s>
  <s id="538">
    <time id="T532S" value="01:32:22,687" />
Die laaste kaart.
    <time id="T532E" value="01:32:24,687" />
  </s>
  <s id="539">
    <time id="T533S" value="01:32:32,464" />
- O Heilige Vader!
  </s>
  <s id="540">
- Hou moed, Madame.
    <time id="T533E" value="01:32:35,695" />
  </s>
  <s id="541">
    <time id="T534S" value="01:32:35,733" />
Onderstebo.
    <time id="T534E" value="01:32:37,602" />
  </s>
  <s id="542">
    <time id="T535S" value="01:32:37,702" />
In hierdie posisie   mag dit selfs goeie nuus wees.
    <time id="T536E" value="01:32:42,896" />
  </s>
  <s id="543">
    <time id="T537S" value="01:32:45,710" />
Ek voel ...
    <time id="T537E" value="01:32:47,710" />
  </s>
  <s id="544">
    <time id="T538S" value="01:32:48,213" />
Ek voel die wind wat om jou spoel   wat jou dra   woeste wind   dan stop dit.
    <time id="T541E" value="01:32:59,288" />
  </s>
  <s id="545">
    <time id="T542S" value="01:33:06,731" />
Jou reis gaan end. 
  </s>
  <s id="546">
Defnitief, ek sien dit.
    <time id="T542E" value="01:33:11,532" />
  </s>
  <s id="547">
    <time id="T543S" value="01:33:11,569" />
Op een of ander manier is jou tog klaar.
    <time id="T543E" value="01:33:15,938" />
  </s>
  <s id="548">
    <time id="T544S" value="01:33:18,676" />
En daar is probleme   soos altyd.
    <time id="T545E" value="01:33:24,413" />
  </s>
  <s id="549">
    <time id="T546S" value="01:33:26,818" />
Maar jy   is nou al sterk   sterk soos 'n boom in 'n woud.
    <time id="T548E" value="01:33:34,414" />
  </s>
  <s id="550">
    <time id="T549S" value="01:33:34,459" />
Waar is hy?
    <time id="T549E" value="01:33:36,791" />
  </s>
  <s id="551">
    <time id="T550S" value="01:33:36,828" />
Bo.
    <time id="T550E" value="01:33:38,828" />
  </s>
  <s id="552">
    <time id="T551S" value="01:33:45,603" />
Jy is nie alleen nie.
    <time id="T551E" value="01:33:47,338" />
  </s>
  <s id="553">
    <time id="T552S" value="01:33:47,438" />
'n Skare van gesigte, vriende en familie,   vyande en geliefdes.
    <time id="T553E" value="01:33:55,012" />
  </s>
  <s id="554">
    <time id="T554S" value="01:33:55,046" />
Jy gaan baie bewonderaars aanlok   wat veg om jou hand.
    <time id="T555E" value="01:34:01,116" />
  </s>
  <s id="555">
    <time id="T556S" value="01:34:02,587" />
En geld   baie geld.
    <time id="T557E" value="01:34:06,282" />
  </s>
  <s id="556">
    <time id="T558S" value="01:34:06,324" />
Nee, madame,   moenie bevrees wees nie.
    <time id="T559E" value="01:34:10,989" />
  </s>
  <s id="557">
    <time id="T560S" value="01:34:11,029" />
Ek sien in hierdie kaart ...
    <time id="T560E" value="01:34:13,896" />
  </s>
  <s id="558">
    <time id="T561S" value="01:34:13,932" />
Ek sien   'n her-geboorte.
    <time id="T562E" value="01:34:19,901" />
  </s>
  <s id="559">
    <time id="T563S" value="01:34:43,528" />
Dit is meneer Morritz. 
  </s>
  <s id="560">
Jy weet ...
    <time id="T563E" value="01:34:45,628" />
  </s>
  <s id="561">
    <time id="T564S" value="01:34:48,066" />
So, is u die kenner?
    <time id="T564E" value="01:34:49,767" />
  </s>
  <s id="562">
    <time id="T565S" value="01:34:49,867" />
Van New York.
    <time id="T565E" value="01:34:52,301" />
  </s>
  <s id="563">
    <time id="T566S" value="01:34:52,337" />
Weet u wat u doen?
    <time id="T566E" value="01:34:54,737" />
  </s>
  <s id="564">
    <time id="T567S" value="01:36:42,814" />
- Goeie dag.
  </s>
  <s id="565">
- Goeie dag, Meneer Morritz.
    <time id="T567E" value="01:36:44,949" />
  </s>
  <s id="566">
    <time id="T568S" value="01:36:58,763" />
Dankie.
    <time id="T568E" value="01:37:00,763" />
  </s>
  <s id="567">
    <time id="T569S" value="01:39:55,973" />
"Met my hele hart."
    <time id="T569E" value="01:40:02,307" />
  </s>
  <s id="568">
    <time id="T570S" value="01:49:16,033" />
- Goeie dag, meneer Morritz.
  </s>
  <s id="569">
- Goeie dag.
    <time id="T570E" value="01:49:18,467" />
  </s>
  <s id="570">
    <time id="T571S" value="01:56:28,098" />
Dames en here, ...
    <time id="T571E" value="01:56:29,065" />
  </s>
  <s id="571">
    <time id="T572S" value="01:56:29,165" />
Duval's wil u graag welkom heet   na hierdie langverwagte gebeurtenis.
    <time id="T573E" value="01:56:33,503" />
  </s>
  <s id="572">
    <time id="T574S" value="01:56:33,603" />
Ons dank aan die Chinese regering wat hierdie   pragtige versameling aan ons toevertrou het.
    <time id="T575E" value="01:56:41,042" />
  </s>
  <s id="573">
    <time id="T576S" value="01:56:41,077" />
Dankie ook aan Madame Le Roux, wat   hierdie veiling gereel en moontlik gemaak het.
    <time id="T577E" value="01:56:47,376" />
  </s>
  <s id="574">
    <time id="T578S" value="01:56:47,417" />
Laat my u herinner daaraan dat die voorwaardes   van die veiling in die katalogus verskyn.
    <time id="T579E" value="01:56:52,854" />
  </s>
  <s id="575">
    <time id="T580S" value="02:00:41,117" />
Roep sekuriteit.
    <time id="T580E" value="02:00:43,711" />
  </s>
  <s id="576">
    <time id="T581S" value="02:04:11,828" />
Madame?
    <time id="T581E" value="02:04:14,296" />
  </s>
  <s id="577">
    <time id="T582S" value="02:04:14,330" />
Is alles reg met jou?
    <time id="T582E" value="02:04:16,132" />
  </s>
  <s id="578">
    <time id="T583S" value="02:04:16,232" />
Is alles reg?
    <time id="T583E" value="02:04:18,232" />
  </s>
  <s id="579">
    <time id="T584S" value="02:04:21,904" />
Ja, ek is jammer.
    <time id="T584E" value="02:04:23,904" />
  </s>
  <s id="580">
    <time id="T585S" value="02:04:26,309" />
Sien jy visioene?
    <time id="T585E" value="02:04:28,834" />
  </s>
  <s id="581">
    <time id="T586S" value="02:04:31,014" />
Nee, ek moet liewer nou gaan.
    <time id="T586E" value="02:04:33,881" />
  </s>
  <s id="582">
    <time id="T587S" value="02:04:33,916" />
My man.
    <time id="T587E" value="02:04:35,916" />
  </s>
  <s id="583">
    <time id="T588S" value="02:04:37,153" />
Natuurlik, gaan na jou man.
    <time id="T588E" value="02:04:39,747" />
  </s>
  <s id="584">
    <time id="T589S" value="02:04:45,428" />
Dankie Cesca.
    <time id="T589E" value="02:04:47,428" />
  </s>
  <meta>
    <conversion>
      <tokens>4250</tokens>
      <encoding>utf-8</encoding>
      <corrected_words>0</corrected_words>
      <truecased_words>0</truecased_words>
      <unknown_words>0</unknown_words>
      <sentences>584</sentences>
      <ignored_blocks>0</ignored_blocks>
    </conversion>
    <subtitle>
      <machine_translated>0</machine_translated>
      <date>2013-09-01</date>
      <language>Afrikaans</language>
      <confidence>1.0</confidence>
      <duration>02:04:47,428</duration>
      <blocks>589</blocks>
      <version>1</version>
      <rating>7.0</rating>
    </subtitle>
    <source>
      <duration>130</duration>
      <genre>Drama,Music,Mystery</genre>
      <country>Canada, Italy, USA, UK, Austria</country>
      <year>1998</year>
      <HD>0</HD>
      <cds>1/1</cds>
      <original>French, English, Mandarin, Italian, German</original>
    </source>
  </meta>
</document>
