<?xml version="1.0" encoding="utf-8"?>
<document id="5333088">
  <s id="1">
    <time id="T1S" value="00:00:00,300" />
NCIS.S11E03.HDTV.x264-LOL
    <time id="T1E" value="00:00:02,654" />
  </s>
  <s id="2">
    <time id="T2S" value="00:00:45,515" />
Soek jy Jerry?
    <time id="T2E" value="00:00:46,973" />
  </s>
  <s id="3">
    <time id="T3S" value="00:00:47,023" />
Ja, 'n geregistreerde skryf vir hom.
    <time id="T3E" value="00:00:48,811" />
  </s>
  <s id="4">
    <time id="T4S" value="00:00:48,861" />
Die posman het die gistermiddag.
  </s>
  <s id="5">
Ek het seker geteken.
    <time id="T4E" value="00:00:51,438" />
  </s>
  <s id="6">
    <time id="T5S" value="00:00:51,538" />
Wel, gee maar aan my, Courtney.
  </s>
  <s id="7">
Ek lê hom in sy woonstel.
    <time id="T5E" value="00:00:53,379" />
  </s>
  <s id="8">
    <time id="T6S" value="00:00:53,429" />
Dankie.
    <time id="T6E" value="00:00:55,472" />
  </s>
  <s id="9">
    <time id="T7S" value="00:00:59,021" />
Ek wil geen las wees, maar, ek het nog steeds miere in my kombuis.
    <time id="T7E" value="00:01:03,169" />
  </s>
  <s id="10">
    <time id="T8S" value="00:01:03,219" />
Die exterminators kom na die middag.
    <time id="T8E" value="00:01:05,119" />
  </s>
  <s id="11">
    <time id="T9S" value="00:01:05,169" />
Hulle sal weg wees vir jy terug van skool kom, belowe.
    <time id="T9E" value="00:01:07,649" />
  </s>
  <s id="12">
    <time id="T10S" value="00:01:07,699" />
Dankie.
  </s>
  <s id="13">
- Daarvoor is ek daar.
    <time id="T10E" value="00:01:10,172" />
  </s>
  <s id="14">
    <time id="T11S" value="00:01:21,427" />
NCIS Seisoen 11 
  </s>
  <s id="15">
- Episode 3 Under the Radar
    <time id="T11E" value="00:01:27,706" />
  </s>
  <s id="16">
    <time id="T12S" value="00:01:47,521" />
Vertaling en sync deur: 
  </s>
  <s id="17">
Rie van die Buggy's
    <time id="T12E" value="00:01:50,804" />
  </s>
  <s id="18">
    <time id="T13S" value="00:02:01,645" />
He, Murray.
    <time id="T13E" value="00:02:03,501" />
  </s>
  <s id="19">
    <time id="T14S" value="00:02:04,255" />
Wat doen jy aan die lessenaar van Ziva?
    <time id="T14E" value="00:02:06,431" />
  </s>
  <s id="20">
    <time id="T15S" value="00:02:06,531" />
Amptelik is dit haar lessenaar nie meer, agent DiNozzo.
    <time id="T15E" value="00:02:09,892" />
  </s>
  <s id="21">
    <time id="T16S" value="00:02:10,963" />
Gaan Gibbs haar vervang?
  </s>
  <s id="22">
- Dat weet ek nie.
    <time id="T16E" value="00:02:14,327" />
  </s>
  <s id="23">
    <time id="T17S" value="00:02:14,627" />
Dit is net 'n week.
    <time id="T17E" value="00:02:16,534" />
  </s>
  <s id="24">
    <time id="T18S" value="00:02:16,584" />
Hy het dit nog nie met me bespreek.
  </s>
  <s id="25">
Ek herhaal, Murray.
    <time id="T18E" value="00:02:19,569" />
  </s>
  <s id="26">
    <time id="T19S" value="00:02:20,432" />
Wat doen jy?
  </s>
  <s id="27">
- Standaard prosedure.
    <time id="T19E" value="00:02:22,214" />
  </s>
  <s id="28">
    <time id="T20S" value="00:02:22,264" />
Ek maak haar hardeskyf skoon.
    <time id="T20E" value="00:02:25,466" />
  </s>
  <s id="29">
    <time id="T21S" value="00:02:37,067" />
Die lyk 'n bietjie op jou.
  </s>
  <s id="30">
- Dit is so.
    <time id="T21E" value="00:02:39,049" />
  </s>
  <s id="31">
    <time id="T22S" value="00:02:39,099" />
Hoe heg was julle.
  </s>
  <s id="32">
- Gee hier.
    <time id="T22E" value="00:02:41,062" />
  </s>
  <s id="33">
    <time id="T23S" value="00:02:49,394" />
Goeie môre, agent McGee.
    <time id="T23E" value="00:02:51,593" />
  </s>
  <s id="34">
    <time id="T24S" value="00:02:51,693" />
He, Tim.
    <time id="T24E" value="00:02:53,520" />
  </s>
  <s id="35">
    <time id="T25S" value="00:03:08,046" />
Wat skeel daar?
    <time id="T25E" value="00:03:09,573" />
  </s>
  <s id="36">
    <time id="T26S" value="00:03:09,673" />
Ek vind my penning en identifikasie nie.
    <time id="T26E" value="00:03:12,002" />
  </s>
  <s id="37">
    <time id="T27S" value="00:03:12,052" />
Jouw geloofsbriewe verloor, dat is baie erg.
  </s>
  <s id="38">
- Ja, dat weet ek, Tony.
    <time id="T27E" value="00:03:15,057" />
  </s>
  <s id="39">
    <time id="T28S" value="00:03:15,107" />
Ek kon hulle by die huis nie vind, ek het gehoop dat ek hulle hier gelaat het.
    <time id="T28E" value="00:03:17,496" />
  </s>
  <s id="40">
    <time id="T29S" value="00:03:17,596" />
Jy is die klos.
  </s>
  <s id="41">
- Goddank het ek my toegang kaart nog.
    <time id="T29E" value="00:03:20,938" />
  </s>
  <s id="42">
    <time id="T30S" value="00:03:20,988" />
Verlies van geloofsbriewe lei outomaties tot 'n generaal inspeksie 2B navorsing.
    <time id="T30E" value="00:03:24,271" />
  </s>
  <s id="43">
    <time id="T31S" value="00:03:24,321" />
Dit is amper so erg soos die verlies van jou wapen.
    <time id="T31E" value="00:03:26,110" />
  </s>
  <s id="44">
    <time id="T32S" value="00:03:26,160" />
Dat is jy tog ook nie kwijt?
    <time id="T32E" value="00:03:27,260" />
  </s>
  <s id="45">
    <time id="T33S" value="00:03:27,330" />
Bly so voortgaan en ek gebruik dit nog.
  </s>
  <s id="46">
- He, rustig, OK?
    <time id="T33E" value="00:03:30,755" />
  </s>
  <s id="47">
    <time id="T34S" value="00:03:30,805" />
Nie direk nodig het verlies aan te gee as hulle gevind word, OK?
    <time id="T34E" value="00:03:33,787" />
  </s>
  <s id="48">
    <time id="T35S" value="00:03:33,837" />
Jy moet net nadink.
  </s>
  <s id="49">
visualiseer
    <time id="T35E" value="00:03:36,517" />
  </s>
  <s id="50">
    <time id="T36S" value="00:03:36,717" />
Wanneer het jy hulle die laaste keer gesien?
  </s>
  <s id="51">
- Tony, dat het ek probeer.
    <time id="T36E" value="00:03:39,371" />
  </s>
  <s id="52">
    <time id="T37S" value="00:03:39,421" />
Explosie, het die woonstel van JG opgeblaas.
  </s>
  <s id="53">
- Slagoffers?
    <time id="T37E" value="00:03:42,651" />
  </s>
  <s id="54">
    <time id="T38S" value="00:03:42,701" />
Ja, die gebou bestuurder.
    <time id="T38E" value="00:03:44,835" />
  </s>
  <s id="55">
    <time id="T39S" value="00:03:46,863" />
Wag jy op 'n spesiale uitnodiging, McGee?
    <time id="T39E" value="00:03:49,650" />
  </s>
  <s id="56">
    <time id="T40S" value="00:03:51,475" />
Nee, baas.
    <time id="T40E" value="00:03:53,465" />
  </s>
  <s id="57">
    <time id="T41S" value="00:04:02,807" />
Ek het dit nie goed gesien, meneer.
    <time id="T41E" value="00:04:05,396" />
  </s>
  <s id="58">
    <time id="T42S" value="00:04:11,162" />
Dankie, spesiale agent Gibbs.
    <time id="T42E" value="00:04:13,452" />
  </s>
  <s id="59">
    <time id="T43S" value="00:04:16,550" />
Die rookie tjeks eintlik die identiteite.
    <time id="T43E" value="00:04:19,648" />
  </s>
  <s id="60">
    <time id="T44S" value="00:04:19,698" />
Ongewoon en jammer vir jou.
    <time id="T44E" value="00:04:23,092" />
  </s>
  <s id="61">
    <time id="T45S" value="00:04:27,256" />
Soos jy kan sien, spesiale agent Anthony DiNozzo.
    <time id="T45E" value="00:04:30,805" />
  </s>
  <s id="62">
    <time id="T46S" value="00:04:31,474" />
Dankie, meneer.
  </s>
  <s id="63">
- Dankie.
    <time id="T46E" value="00:04:34,006" />
  </s>
  <s id="64">
    <time id="T47S" value="00:04:50,777" />
Gaan voort.
  </s>
  <s id="65">
- Dankie.
    <time id="T47E" value="00:04:53,195" />
  </s>
  <s id="66">
    <time id="T48S" value="00:04:59,451" />
Goed, by drie.
  </s>
  <s id="67">
Een, twee...
    <time id="T48E" value="00:05:03,397" />
  </s>
  <s id="68">
    <time id="T49S" value="00:05:05,824" />
Dat is ek, dit is wat van my.
    <time id="T49E" value="00:05:07,489" />
  </s>
  <s id="69">
    <time id="T50S" value="00:05:08,724" />
Ek weet hoe jy dink oor telefoonoproepe op die terrein, dokter, maar dit is Breena.
    <time id="T50E" value="00:05:12,113" />
  </s>
  <s id="70">
    <time id="T51S" value="00:05:12,163" />
Ons sou mekaar tref by die aanneming prokureur, dus...
    <time id="T51E" value="00:05:14,338" />
  </s>
  <s id="71">
    <time id="T52S" value="00:05:14,388" />
Beantwoord het, Mr Palmer.
  </s>
  <s id="72">
- Ja?
    <time id="T52E" value="00:05:16,700" />
  </s>
  <s id="73">
    <time id="T53S" value="00:05:16,750" />
Ja.
  </s>
  <s id="74">
- He, Breena.
    <time id="T53E" value="00:05:18,852" />
  </s>
  <s id="75">
    <time id="T54S" value="00:05:22,281" />
Aanneming prokureur, Gaan hulle dit regtig doen?
    <time id="T54E" value="00:05:24,026" />
  </s>
  <s id="76">
    <time id="T55S" value="00:05:24,126" />
Baie beslis en...
  </s>
  <s id="77">
Breena sal even duur.
    <time id="T55E" value="00:05:26,941" />
  </s>
  <s id="78">
    <time id="T56S" value="00:05:26,991" />
Sou jy me even wil help?
    <time id="T56E" value="00:05:29,418" />
  </s>
  <s id="79">
    <time id="T57S" value="00:05:29,921" />
Oh, nou, dit is nie regtig my...
    <time id="T57E" value="00:05:34,140" />
  </s>
  <s id="80">
    <time id="T58S" value="00:05:35,848" />
Beslis.
  </s>
  <s id="81">
- Een, twee, drie.
    <time id="T58E" value="00:05:39,842" />
  </s>
  <s id="82">
    <time id="T59S" value="00:05:42,658" />
Ja, dit is nou eers interessant.
    <time id="T59E" value="00:05:44,471" />
  </s>
  <s id="83">
    <time id="T60S" value="00:05:44,521" />
Die arme man het die volle laag van die ontploffing gekry.
    <time id="T60E" value="00:05:47,884" />
  </s>
  <s id="84">
    <time id="T61S" value="00:05:50,412" />
'n Goedkoop lading.
    <time id="T61E" value="00:05:52,600" />
  </s>
  <s id="85">
    <time id="T62S" value="00:05:53,124" />
Bedoel om die een wat die deur oopmaak dood te maak.
    <time id="T62E" value="00:05:56,209" />
  </s>
  <s id="86">
    <time id="T63S" value="00:06:01,412" />
Ek klop aan sy deur, ek het probeer om hom sy pos te besorg en...
    <time id="T63E" value="00:06:04,500" />
  </s>
  <s id="87">
    <time id="T64S" value="00:06:05,000" />
Ek ken die luitenant enkel as buurman.
  </s>
  <s id="88">
Dit was 'n mooi man, maar 'n stille.
    <time id="T64E" value="00:06:09,785" />
  </s>
  <s id="89">
    <time id="T65S" value="00:06:10,185" />
Ons het skaars oor iets gepraat.
  </s>
  <s id="90">
- Wat weet jy oor die geregistreerde brief?
    <time id="T65E" value="00:06:14,540" />
  </s>
  <s id="91">
    <time id="T66S" value="00:06:15,781" />
Die brief waarvoor jy onderteken.
    <time id="T66E" value="00:06:17,441" />
  </s>
  <s id="92">
    <time id="T67S" value="00:06:17,541" />
Dit spyt my, maar my ore gesuis nog.
    <time id="T67E" value="00:06:20,326" />
  </s>
  <s id="93">
    <time id="T68S" value="00:06:20,426" />
Gaan na die hospitaal.
  </s>
  <s id="94">
Ons neem later kontak op, OK?
    <time id="T68E" value="00:06:24,998" />
  </s>
  <s id="95">
    <time id="T69S" value="00:06:27,693" />
Ek het die bevelvoerder van luitenant Keith gepraat in die Pentagon.
    <time id="T69E" value="00:06:30,572" />
  </s>
  <s id="96">
    <time id="T70S" value="00:06:30,622" />
Keith is twee weke met verlof, op besoek by sy moeder in Fort Wayne, Indiana.
    <time id="T70E" value="00:06:34,349" />
  </s>
  <s id="97">
    <time id="T71S" value="00:06:34,399" />
Hy is weg en iemand plaas 'n bom in sy woonstel.
    <time id="T71E" value="00:06:37,643" />
  </s>
  <s id="98">
    <time id="T72S" value="00:06:37,743" />
Onderluitenant Terence Keith, 26, gegroei op in Fort Wayne, Indiana.
    <time id="T72E" value="00:06:41,341" />
  </s>
  <s id="99">
    <time id="T73S" value="00:06:41,391" />
Studeer af aan Montana State, is dan na die offisiere kandidaat skool gegaan in Newport, Rhode Island.
  </s>
  <s id="100">
Ek hou van Rhode Island.
    <time id="T74E" value="00:06:47,587" />
  </s>
  <s id="101">
    <time id="T75S" value="00:06:47,637" />
Hy wou vlieg maar het 'n vlug opleiding in Whiting Field in Florida laat vaar.
    <time id="T75E" value="00:06:52,397" />
  </s>
  <s id="102">
    <time id="T76S" value="00:06:52,447" />
Hy is verlede jaar aangestel vir sy huidige taak by die Pentagon.
    <time id="T76E" value="00:06:55,144" />
  </s>
  <s id="103">
    <time id="T77S" value="00:06:55,244" />
Laat vaar? 
  </s>
  <s id="104">
Wat was die probleem?
  </s>
  <s id="105">
- Dat ons trek nog na.
    <time id="T77E" value="00:06:57,386" />
  </s>
  <s id="106">
    <time id="T78S" value="00:06:57,436" />
Baas, daar is iets mis, dat was die moeder van Keith in Fort Wayne.
    <time id="T78E" value="00:07:00,307" />
  </s>
  <s id="107">
    <time id="T79S" value="00:07:00,357" />
Hy is nie daar nie en Sy verwag hom nie.
  </s>
  <s id="108">
- Het Sy hom gepraat?
    <time id="T79E" value="00:07:03,194" />
  </s>
  <s id="109">
    <time id="T80S" value="00:07:03,244" />
Al in geen weke.
    <time id="T80E" value="00:07:05,041" />
  </s>
  <s id="110">
    <time id="T81S" value="00:07:19,048" />
Iets?
    <time id="T81E" value="00:07:20,102" />
  </s>
  <s id="111">
    <time id="T82S" value="00:07:20,152" />
Die grys pick-up van luitenant Keith word opgespoor.
    <time id="T82E" value="00:07:23,214" />
  </s>
  <s id="112">
    <time id="T83S" value="00:07:23,631" />
Sy kredietkaart is die laaste twee dae nie gebruik nie.
    <time id="T83E" value="00:07:25,828" />
  </s>
  <s id="113">
    <time id="T84S" value="00:07:25,878" />
Sy selfoon is afgeskakel.
    <time id="T84E" value="00:07:27,958" />
  </s>
  <s id="114">
    <time id="T85S" value="00:07:50,327" />
NCIS.
    <time id="T85E" value="00:07:51,993" />
  </s>
  <s id="115">
    <time id="T86S" value="00:07:53,861" />
Sy werk hier nie meer nie.
    <time id="T86E" value="00:07:56,043" />
  </s>
  <s id="116">
    <time id="T87S" value="00:07:56,969" />
Dit spyt my, ek het geen nuwe nommer.
    <time id="T87E" value="00:07:59,532" />
  </s>
  <s id="117">
    <time id="T88S" value="00:08:00,847" />
Beslis.
    <time id="T88E" value="00:08:02,631" />
  </s>
  <s id="118">
    <time id="T89S" value="00:08:04,892" />
Die mondhygiënist van Ziva, sy het 'n afspraak, hulle gebel om te bevestig.
    <time id="T89E" value="00:08:08,562" />
  </s>
  <s id="119">
    <time id="T90S" value="00:08:08,612" />
Moeilik om te glo dat sy nie terugkom.
  </s>
  <s id="120">
- Sy wou voortgaan.
    <time id="T90E" value="00:08:11,795" />
  </s>
  <s id="121">
    <time id="T91S" value="00:08:12,333" />
Dus, laat ons ook voortgaan.
    <time id="T91E" value="00:08:14,652" />
  </s>
  <s id="122">
    <time id="T92S" value="00:08:17,071" />
He, probie.
    <time id="T92E" value="00:08:19,481" />
  </s>
  <s id="123">
    <time id="T93S" value="00:08:19,681" />
Vera.
    <time id="T93E" value="00:08:21,385" />
  </s>
  <s id="124">
    <time id="T94S" value="00:08:21,435" />
Ek is verras jou hier te sien.
    <time id="T94E" value="00:08:23,698" />
  </s>
  <s id="125">
    <time id="T95S" value="00:08:24,098" />
Ja, ek het daarin geslaag om die hoofkwartier 20 jaar te vermy.
    <time id="T95E" value="00:08:28,094" />
  </s>
  <s id="126">
    <time id="T96S" value="00:08:28,144" />
Nou het hulle me opgeroep.
  </s>
  <s id="127">
Ek moet Vance ontmoet.
    <time id="T96E" value="00:08:30,272" />
  </s>
  <s id="128">
    <time id="T97S" value="00:08:30,372" />
Ek is al 'n half uur te laat. 
  </s>
  <s id="129">
Is hy hier?
  </s>
  <s id="130">
- Nee, 'n na bo.
    <time id="T97E" value="00:08:33,596" />
  </s>
  <s id="131">
    <time id="T98S" value="00:08:33,646" />
Goed.
  </s>
  <s id="132">
- Bly om jou te sien, Vera.
    <time id="T98E" value="00:08:35,811" />
  </s>
  <s id="133">
    <time id="T99S" value="00:08:35,911" />
Pret julle te sien, ouens.
    <time id="T99E" value="00:08:38,653" />
  </s>
  <s id="134">
    <time id="T100S" value="00:08:39,488" />
Jy sien daar goed uit, Leroy.
    <time id="T100E" value="00:08:42,285" />
  </s>
  <s id="135">
    <time id="T101S" value="00:08:42,902" />
Ons praat later wel by.
    <time id="T101E" value="00:08:44,969" />
  </s>
  <s id="136">
    <time id="T102S" value="00:08:51,449" />
Ja.
    <time id="T102E" value="00:08:53,339" />
  </s>
  <s id="137">
    <time id="T103S" value="00:08:55,535" />
Wie was dat, baas?
  </s>
  <s id="138">
- Euh, spesiale agent Vera Strickland.
    <time id="T103E" value="00:08:58,998" />
  </s>
  <s id="139">
    <time id="T104S" value="00:08:59,048" />
Probie?
  </s>
  <s id="140">
- Die nuutste vennoot van Mike Franks.
    <time id="T104E" value="00:09:01,139" />
  </s>
  <s id="141">
    <time id="T105S" value="00:09:01,189" />
McGee, kom met my mee. 
  </s>
  <s id="142">
Die Pentagon, praat met die bevelvoerder van luitenant Keith.
    <time id="T105E" value="00:09:06,190" />
  </s>
  <s id="143">
    <time id="T106S" value="00:09:06,240" />
Baas, baas, Abby het my hulp nodig.
    <time id="T106E" value="00:09:08,254" />
  </s>
  <s id="144">
    <time id="T107S" value="00:09:08,304" />
Sy het hulp nodig met die oorblyfsels van die bom, het sy gesê.
    <time id="T107E" value="00:09:12,608" />
  </s>
  <s id="145">
    <time id="T108S" value="00:09:15,312" />
Is dit goed?
    <time id="T108E" value="00:09:17,260" />
  </s>
  <s id="146">
    <time id="T109S" value="00:09:20,168" />
Ja.
  </s>
  <s id="147">
Ja, dit is goed.
    <time id="T109E" value="00:09:22,922" />
  </s>
  <s id="148">
    <time id="T110S" value="00:09:25,606" />
Loog jy net teen die alwetende Gibbs?
  </s>
  <s id="149">
- Dat was dom, reg?
    <time id="T110E" value="00:09:29,159" />
  </s>
  <s id="150">
    <time id="T111S" value="00:09:29,209" />
Ja.
  </s>
  <s id="151">
- Ek het paniekbevange.
    <time id="T111E" value="00:09:31,154" />
  </s>
  <s id="152">
    <time id="T112S" value="00:09:31,204" />
Hulle laat my nie binne by die Pentagon, sonder my geloofsbriewe.
    <time id="T112E" value="00:09:33,455" />
  </s>
  <s id="153">
    <time id="T113S" value="00:09:33,505" />
Ek sal tog die verlies moet rapporteer.
    <time id="T113E" value="00:09:36,041" />
  </s>
  <s id="154">
    <time id="T114S" value="00:09:36,627" />
Nie bel.
  </s>
  <s id="155">
Hulle kom wel voor die penne.
    <time id="T114E" value="00:09:38,950" />
  </s>
  <s id="156">
    <time id="T115S" value="00:09:39,000" />
Het jy daar iets mee te maak, Tony?
  </s>
  <s id="157">
- Nee.
    <time id="T115E" value="00:09:41,288" />
  </s>
  <s id="158">
    <time id="T116S" value="00:09:41,338" />
Nee.
  </s>
  <s id="159">
Nee.
    <time id="T116E" value="00:09:43,790" />
  </s>
  <s id="160">
    <time id="T117S" value="00:09:43,840" />
Jy het hulle dalk iewers domweg gelê.
  </s>
  <s id="161">
Waar was jy gisteraand?
    <time id="T117E" value="00:09:46,437" />
  </s>
  <s id="162">
    <time id="T118S" value="00:09:46,487" />
Ek het dit al duisend keer oorloop.
  </s>
  <s id="163">
- Het jy 'n quickie met jou spesiale vriendin van Defensie, Delilah?
    <time id="T119E" value="00:09:52,092" />
  </s>
  <s id="164">
    <time id="T120S" value="00:10:02,511" />
Wat is dit?
    <time id="T120E" value="00:10:04,251" />
  </s>
  <s id="165">
    <time id="T121S" value="00:10:06,312" />
Dit is verhard.
    <time id="T121E" value="00:10:08,054" />
  </s>
  <s id="166">
    <time id="T122S" value="00:10:09,856" />
Dit stink.
  </s>
  <s id="167">
- Wat mompel jy daar, Mr Palmer.
    <time id="T122E" value="00:10:13,273" />
  </s>
  <s id="168">
    <time id="T123S" value="00:10:13,323" />
Daar is iets gesmelt onder die weefsel.
  </s>
  <s id="169">
Hier, sien jy dit?
    <time id="T123E" value="00:10:16,167" />
  </s>
  <s id="170">
    <time id="T124S" value="00:10:16,217" />
Bring dit na Abby, Sy sal dit identifiseer.
    <time id="T124E" value="00:10:19,030" />
  </s>
  <s id="171">
    <time id="T125S" value="00:10:24,399" />
Breena, Sy stuur 'n boodskap.
    <time id="T125E" value="00:10:25,920" />
  </s>
  <s id="172">
    <time id="T126S" value="00:10:25,970" />
Ons moes 'n nuwe afspraak maak met die aanneming prokureur.
    <time id="T126E" value="00:10:29,310" />
  </s>
  <s id="173">
    <time id="T127S" value="00:10:29,410" />
Die enigste moontlikheid wat hy sien is binne 20 minute. 
  </s>
  <s id="174">
Geweldig.
    <time id="T127E" value="00:10:33,410" />
  </s>
  <s id="175">
    <time id="T128S" value="00:10:33,894" />
Ek moet haar sê?
  </s>
  <s id="176">
dat ek nie kan.
  </s>
  <s id="177">
- Ek bring dit wel na Abby.
    <time id="T128E" value="00:10:36,371" />
  </s>
  <s id="178">
    <time id="T129S" value="00:10:36,421" />
Gaan jy maar na Breena.
    <time id="T129E" value="00:10:38,612" />
  </s>
  <s id="179">
    <time id="T130S" value="00:10:40,411" />
Ek waardeer dit baie, Dr Mallard.
    <time id="T130E" value="00:10:43,056" />
  </s>
  <s id="180">
    <time id="T131S" value="00:10:43,156" />
Sy loop al lang senuweeagtig deur die aanneming proses.
    <time id="T131E" value="00:10:46,277" />
  </s>
  <s id="181">
    <time id="T132S" value="00:10:46,377" />
Ek is nie senuweeagtig, sy is senuweeagtig.
  </s>
  <s id="182">
- Sê haar dat sy hom moet ontspan en dink aan die eindresultaat.
    <time id="T133E" value="00:10:52,027" />
  </s>
  <s id="183">
    <time id="T134S" value="00:10:52,127" />
Mr Palmer, Ek beny jou kans om 'n gesin te hê.
    <time id="T134E" value="00:10:57,919" />
  </s>
  <s id="184">
    <time id="T135S" value="00:10:59,644" />
Ga.
    <time id="T135E" value="00:11:01,535" />
  </s>
  <s id="185">
    <time id="T136S" value="00:11:17,213" />
Abby.
  </s>
  <s id="186">
- Wag even, dit is my gunsteling stuk.
    <time id="T136E" value="00:11:20,294" />
  </s>
  <s id="187">
    <time id="T137S" value="00:11:31,022" />
Hoe goed was die Sterile Puppets gisteraand?
    <time id="T137E" value="00:11:33,244" />
  </s>
  <s id="188">
    <time id="T138S" value="00:11:33,294" />
Ja, die klankstelsel in RFK was moordend.
    <time id="T138E" value="00:11:35,496" />
  </s>
  <s id="189">
    <time id="T139S" value="00:11:35,596" />
En Lynch, wat 'n drummer, reg?
    <time id="T139E" value="00:11:38,057" />
  </s>
  <s id="190">
    <time id="T140S" value="00:11:38,107" />
Bedank hom vir die kaartjies.
    <time id="T140E" value="00:11:39,259" />
  </s>
  <s id="191">
    <time id="T141S" value="00:11:39,309" />
Dit was so pret in die pit. 
  </s>
  <s id="192">
Twitter gesien?
    <time id="T141E" value="00:11:41,353" />
  </s>
  <s id="193">
    <time id="T142S" value="00:11:41,403" />
Die Puppets sy trending sedert die konsert.
    <time id="T142E" value="00:11:43,712" />
  </s>
  <s id="194">
    <time id="T143S" value="00:11:43,762" />
Dat is fyn.
    <time id="T143E" value="00:11:45,699" />
  </s>
  <s id="195">
    <time id="T144S" value="00:11:47,377" />
Wat skeel daar?
  </s>
  <s id="196">
- Ek is m'n penning en identifikasie kwyt.
    <time id="T144E" value="00:11:50,781" />
  </s>
  <s id="197">
    <time id="T145S" value="00:11:53,782" />
Ja, kan tydens die konsert gebeur het, in al dat gedrum.
    <time id="T145E" value="00:11:57,096" />
  </s>
  <s id="198">
    <time id="T146S" value="00:11:57,146" />
Oh, God, ek hoop van nie.
  </s>
  <s id="199">
Wat het Gibbs gesê?
    <time id="T146E" value="00:12:00,065" />
  </s>
  <s id="200">
    <time id="T147S" value="00:12:01,045" />
Ek het dit hom nie vertel.
  </s>
  <s id="201">
Abby, stel dat ek besteel is.
    <time id="T147E" value="00:12:04,695" />
  </s>
  <s id="202">
    <time id="T148S" value="00:12:09,244" />
Wat is dit?
    <time id="T148E" value="00:12:11,071" />
  </s>
  <s id="203">
    <time id="T149S" value="00:12:11,121" />
Dit is die serp van Ziva.
    <time id="T149E" value="00:12:13,547" />
  </s>
  <s id="204">
    <time id="T150S" value="00:12:13,597" />
Oh, ja.
    <time id="T150E" value="00:12:15,630" />
  </s>
  <s id="205">
    <time id="T151S" value="00:12:16,614" />
Ek onthou die me nog. 
  </s>
  <s id="206">
Sy het hom gedra haar eerste dag by die NCIS.
    <time id="T151E" value="00:12:19,413" />
  </s>
  <s id="207">
    <time id="T152S" value="00:12:19,463" />
Toe ons vriende was, ek gekomplimenteer haar op dit, en sy het hom aan my gegee.
    <time id="T152E" value="00:12:24,208" />
  </s>
  <s id="208">
    <time id="T153S" value="00:12:24,308" />
Ek het hom gedra vandag, dit het my 'n goeie gevoel gegee.
    <time id="T153E" value="00:12:26,362" />
  </s>
  <s id="209">
    <time id="T154S" value="00:12:26,412" />
Dus, miskien werk dit vir jou ook.
    <time id="T154E" value="00:12:28,973" />
  </s>
  <s id="210">
    <time id="T155S" value="00:12:29,331" />
Het jy met haar gepraat?
  </s>
  <s id="211">
- Een teksboodskap gestuur.
    <time id="T155E" value="00:12:31,889" />
  </s>
  <s id="212">
    <time id="T156S" value="00:12:31,939" />
Nog nie terug gekry.
    <time id="T156E" value="00:12:33,822" />
  </s>
  <s id="213">
    <time id="T157S" value="00:12:34,506" />
Oh, die goeie dokter.
  </s>
  <s id="214">
Wat bring julle me?
    <time id="T157E" value="00:12:37,487" />
  </s>
  <s id="215">
    <time id="T158S" value="00:12:37,537" />
Die klere van die onlangs oorledene, mev.
    <time id="T158E" value="00:12:41,103" />
  </s>
  <s id="216">
    <time id="T159S" value="00:12:41,153" />
Die hitte van die ontploffing gesmelt iets aan sy hemp.
    <time id="T159E" value="00:12:44,859" />
  </s>
  <s id="217">
    <time id="T160S" value="00:12:44,909" />
Dit lyk soos, plastiek.
    <time id="T160E" value="00:12:47,042" />
  </s>
  <s id="218">
    <time id="T161S" value="00:12:47,818" />
Miskien 'n bankkaart, ek trek dit na.
  </s>
  <s id="219">
- Enige sukses met die bom?
    <time id="T161E" value="00:12:50,798" />
  </s>
  <s id="220">
    <time id="T162S" value="00:12:50,848" />
Ek kon vind dat die plofbare C-4 was.
    <time id="T162E" value="00:12:54,190" />
  </s>
  <s id="221">
    <time id="T163S" value="00:12:54,240" />
Gegewe die omvang van die ontploffing, dink ek ongeveer 350 gram.
    <time id="T163E" value="00:12:59,205" />
  </s>
  <s id="222">
    <time id="T164S" value="00:12:59,405" />
Dat verklaar die enorme trauma aan die liggaam van die gebou bestuurder.
    <time id="T164E" value="00:13:03,486" />
  </s>
  <s id="223">
    <time id="T165S" value="00:13:03,536" />
Kon jy die luitenant al vind, agent McGee?
  </s>
  <s id="224">
- Jammer genoeg nie.
    <time id="T165E" value="00:13:07,597" />
  </s>
  <s id="225">
    <time id="T166S" value="00:13:08,126" />
Ek glo nie dat ek jou ooit al 'n serp sien dra het.
    <time id="T166E" value="00:13:12,192" />
  </s>
  <s id="226">
    <time id="T167S" value="00:13:15,761" />
Ek is in die war.
  </s>
  <s id="227">
Is Keith nie in Fort Wayne?
    <time id="T167E" value="00:13:17,848" />
  </s>
  <s id="228">
    <time id="T168S" value="00:13:17,898" />
Sy moeder sien of het hom in geen weke.
  </s>
  <s id="229">
Sy verwag hom ook nie.
    <time id="T168E" value="00:13:20,986" />
  </s>
  <s id="230">
    <time id="T169S" value="00:13:21,036" />
Ek weet nie wat ek moet sê, agent Gibbs.
    <time id="T169E" value="00:13:23,149" />
  </s>
  <s id="231">
    <time id="T170S" value="00:13:23,249" />
Waarom sou hy lieg?
  </s>
  <s id="232">
- Dat weet ek nie.
    <time id="T170E" value="00:13:25,540" />
  </s>
  <s id="233">
    <time id="T171S" value="00:13:27,790" />
Iets op die werk wat hom in gevaar kan bring?
    <time id="T171E" value="00:13:29,752" />
  </s>
  <s id="234">
    <time id="T172S" value="00:13:29,802" />
Nee, sy pligte is hoofsaaklik van administratiewe aard
    <time id="T172E" value="00:13:32,165" />
  </s>
  <s id="235">
    <time id="T173S" value="00:13:32,265" />
Hy het geen magtiging voor geheim materiaal.
    <time id="T173E" value="00:13:34,356" />
  </s>
  <s id="236">
    <time id="T174S" value="00:13:34,534" />
Ek kan nie glo dat hulle hom wil doodmaak.
  </s>
  <s id="237">
Hy is nogal stil en introvert.
    <time id="T174E" value="00:13:38,865" />
  </s>
  <s id="238">
    <time id="T175S" value="00:13:39,100" />
Wat kan jy my vertel oor die persoonlike lewe van luitenant Keith?
    <time id="T175E" value="00:13:41,648" />
  </s>
  <s id="239">
    <time id="T176S" value="00:13:41,748" />
Nie veel nie, trouens, ek dink nie dat ek hom ooit buite die kantoor gesien het.
    <time id="T176E" value="00:13:44,895" />
  </s>
  <s id="240">
    <time id="T177S" value="00:13:44,945" />
Is hy goed in sy werk?
  </s>
  <s id="241">
- Voldoende.
    <time id="T177E" value="00:13:47,499" />
  </s>
  <s id="242">
    <time id="T178S" value="00:13:48,367" />
Doen hy dit nie van harte.
    <time id="T178E" value="00:13:50,197" />
  </s>
  <s id="243">
    <time id="T179S" value="00:13:50,247" />
Eens hy die vlug opleiding het laat vaar, doen hy sy tyd uit, dink ek.
    <time id="T179E" value="00:13:53,546" />
  </s>
  <s id="244">
    <time id="T180S" value="00:13:53,596" />
Ek bied hom 'n werk aan met loopbaan perspektief.
    <time id="T180E" value="00:13:55,713" />
  </s>
  <s id="245">
    <time id="T181S" value="00:13:55,763" />
Maar het dit vir hom nie.
  </s>
  <s id="246">
- Het hy daar 'n rede voor?
    <time id="T181E" value="00:13:57,797" />
  </s>
  <s id="247">
    <time id="T182S" value="00:13:57,897" />
Nee.
  </s>
  <s id="248">
Hy is 'n vreemde eend.
    <time id="T182E" value="00:14:00,446" />
  </s>
  <s id="249">
    <time id="T183S" value="00:14:00,646" />
Hoe bedoel jy?
  </s>
  <s id="250">
- Net, ek kan geen vat op die man kry.
    <time id="T184E" value="00:14:05,181" />
  </s>
  <s id="251">
    <time id="T185S" value="00:14:05,281" />
Dus, dit is MTAC?
    <time id="T185E" value="00:14:07,248" />
  </s>
  <s id="252">
    <time id="T186S" value="00:14:08,339" />
Vera, ek het jou gesig op dat skerm gesien meer as wat ek kan onthou.
    <time id="T186E" value="00:14:12,857" />
  </s>
  <s id="253">
    <time id="T187S" value="00:14:13,171" />
Ek kon my nie voorstel dat dit so groot was.
    <time id="T187E" value="00:14:15,126" />
  </s>
  <s id="254">
    <time id="T188S" value="00:14:15,176" />
Dit moet elke rimpel op m'n smoel gewys het.
    <time id="T188E" value="00:14:17,097" />
  </s>
  <s id="255">
    <time id="T189S" value="00:14:17,147" />
Jy moet 'n vrou tog wat uitstel gun.
    <time id="T189E" value="00:14:19,552" />
  </s>
  <s id="256">
    <time id="T190S" value="00:14:30,980" />
McGee, wat doen jy daar?
    <time id="T191E" value="00:14:35,488" />
  </s>
  <s id="257">
    <time id="T192S" value="00:14:41,644" />
Ek vind die sleutel van my kar nie en ek het gedink dat ek hom hier laat val het.
    <time id="T192E" value="00:14:45,802" />
  </s>
  <s id="258">
    <time id="T193S" value="00:14:45,852" />
McGee, ek wil jou voorstel aan spesiale agent Vera Strickland.
    <time id="T193E" value="00:14:48,675" />
  </s>
  <s id="259">
    <time id="T194S" value="00:14:48,725" />
Wel, ons het mekaar eintlik al ontmoet, Leon.
    <time id="T194E" value="00:14:50,662" />
  </s>
  <s id="260">
    <time id="T195S" value="00:14:50,712" />
Dit is een van die kinders van Gibbs, nie?
  </s>
  <s id="261">
- Juis.
    <time id="T195E" value="00:14:52,629" />
  </s>
  <s id="262">
    <time id="T196S" value="00:14:52,729" />
Vera gaan einde van die maand met pensioen.
  </s>
  <s id="263">
Sy bly by ons op die hoofkwartier, die laaste weke dat sy uitbolt.
  </s>
  <s id="264">
- Ek moet enkel my neus snoete, uit die moeilikheid te bly en dan ry ek weg in die sonsondergang op my motor.
    <time id="T198E" value="00:15:05,204" />
  </s>
  <s id="265">
    <time id="T199S" value="00:15:05,254" />
Sy skerts nie, Vera het 'n Harley.
  </s>
  <s id="266">
- V-twin, vierslag, Electra Glide classic.
    <time id="T199E" value="00:15:09,692" />
  </s>
  <s id="267">
    <time id="T200S" value="00:15:12,144" />
Tony, Tony, Tony.
    <time id="T200E" value="00:15:13,778" />
  </s>
  <s id="268">
    <time id="T201S" value="00:15:13,828" />
Ek weet wie die bom gebou het.
  </s>
  <s id="269">
- Wie?
    <time id="T201E" value="00:15:16,040" />
  </s>
  <s id="270">
    <time id="T202S" value="00:15:16,175" />
Ek wil die Gibbs self vertel.
  </s>
  <s id="271">
Waar sit hy?
    <time id="T202E" value="00:15:17,754" />
  </s>
  <s id="272">
    <time id="T203S" value="00:15:17,804" />
Hy is na die Pentagon gegaan.
    <time id="T203E" value="00:15:19,196" />
  </s>
  <s id="273">
    <time id="T204S" value="00:15:21,772" />
Abbs?
    <time id="T204E" value="00:15:23,447" />
  </s>
  <s id="274">
    <time id="T205S" value="00:15:23,497" />
Jy kan dit me vertel, ons is 'n span.
  </s>
  <s id="275">
- Gibbs, Gibbs.
    <time id="T205E" value="00:15:25,953" />
  </s>
  <s id="276">
    <time id="T206S" value="00:15:26,341" />
Ek het 'n afdruk van 'n vinger en DNA van die ontsteker van die bom.
    <time id="T206E" value="00:15:29,266" />
  </s>
  <s id="277">
    <time id="T207S" value="00:15:29,316" />
Ek haal dit deur 'n databasis en ek het 'n naam.
    <time id="T207E" value="00:15:32,040" />
  </s>
  <s id="278">
    <time id="T208S" value="00:15:32,090" />
Abbs.
  </s>
  <s id="279">
- Wie?
    <time id="T208E" value="00:15:33,899" />
  </s>
  <s id="280">
    <time id="T209S" value="00:15:33,949" />
Luitenant Terence Keith.
    <time id="T209E" value="00:15:37,554" />
  </s>
  <s id="281">
    <time id="T210S" value="00:15:39,523" />
Hy blaas sy eie woonstel op.
  </s>
  <s id="282">
- Oh, hallo.
    <time id="T210E" value="00:15:42,074" />
  </s>
  <s id="283">
    <time id="T211S" value="00:15:42,124" />
Waarom het Keith 'n bom in sy eie woonstel?
    <time id="T211E" value="00:15:44,655" />
  </s>
  <s id="284">
    <time id="T212S" value="00:15:56,382" />
Luitenant Keith gebel die afgelope dae dieselfde nommer verskeie kere.
    <time id="T212E" value="00:16:00,213" />
  </s>
  <s id="285">
    <time id="T213S" value="00:16:00,263" />
Ja, behoort aan 'n sekere onderluitenant Dana Robbins, 'n vlieënier.
    <time id="T213E" value="00:16:04,770" />
  </s>
  <s id="286">
    <time id="T214S" value="00:16:04,905" />
In diens op die vliegdekskip Benjamin Franklin.
    <time id="T214E" value="00:16:07,106" />
  </s>
  <s id="287">
    <time id="T215S" value="00:16:07,156" />
Lê in sy tuishawe Norfolk.
  </s>
  <s id="288">
Sy beantwoord slegs die eerste oproep.
    <time id="T215E" value="00:16:10,337" />
  </s>
  <s id="289">
    <time id="T216S" value="00:16:10,387" />
'n Gesprek van minder as drie minute.
  </s>
  <s id="290">
Sy is nie aan boord.
    <time id="T216E" value="00:16:12,718" />
  </s>
  <s id="291">
    <time id="T217S" value="00:16:12,768" />
Ek het 'n boodskap gelaat.
  </s>
  <s id="292">
- Ek het gepraat met mense in Fort Wayne oor Keith.
  </s>
  <s id="293">
Het nie bepaal die ideale jeug.
    <time id="T218E" value="00:16:17,596" />
  </s>
  <s id="294">
    <time id="T219S" value="00:16:17,646" />
Die vader het daar vandoor gegaan toehy ses was. 
  </s>
  <s id="295">
Hy was 'n alkoholis.
    <time id="T219E" value="00:16:20,206" />
  </s>
  <s id="296">
    <time id="T220S" value="00:16:20,256" />
Hulle het sedertdien nie veel kontak.
  </s>
  <s id="297">
Keith was 'n nerd op die hoërskool.
    <time id="T220E" value="00:16:24,250" />
  </s>
  <s id="298">
    <time id="T221S" value="00:16:24,550" />
'n Wetenskaplike geek.
    <time id="T221E" value="00:16:26,358" />
  </s>
  <s id="299">
    <time id="T222S" value="00:16:26,408" />
Kaptein Laramie het al laat deurskemer dat hy 'n bietjie vreemd was.
    <time id="T222E" value="00:16:28,602" />
  </s>
  <s id="300">
    <time id="T223S" value="00:16:28,652" />
Die adviseur van die hoërskool het gesê dat hy 'n alleenloper was en geboelie is.
    <time id="T223E" value="00:16:31,432" />
  </s>
  <s id="301">
    <time id="T224S" value="00:16:31,532" />
'n Gebreekte neus tydens sy laaste jaar.
  </s>
  <s id="302">
Heel wat heibel.
    <time id="T224E" value="00:16:34,147" />
  </s>
  <s id="303">
    <time id="T225S" value="00:16:34,197" />
Dalk daarom dat hy daarom die universiteit verlaat het
    <time id="T225E" value="00:16:37,193" />
  </s>
  <s id="304">
    <time id="T226S" value="00:16:37,243" />
Klink nie as 'n kandidaat offisier.
  </s>
  <s id="305">
- Ek het die kantiene gevind.
    <time id="T226E" value="00:16:40,219" />
  </s>
  <s id="306">
    <time id="T227S" value="00:16:40,519" />
Die koffie is klote.
    <time id="T227E" value="00:16:42,643" />
  </s>
  <s id="307">
    <time id="T228S" value="00:16:42,943" />
Volgens direkteur Vance is daar hier iewers 'n leeg lessenaar, waar ek kan sit.
    <time id="T228E" value="00:16:46,612" />
  </s>
  <s id="308">
    <time id="T229S" value="00:16:46,662" />
Dit voldoen.
  </s>
  <s id="309">
- Nee, dat nie.
    <time id="T229E" value="00:16:49,276" />
  </s>
  <s id="310">
    <time id="T230S" value="00:16:49,455" />
Goed, wat is die probleem, ouens?
    <time id="T230E" value="00:16:52,070" />
  </s>
  <s id="311">
    <time id="T231S" value="00:16:52,612" />
Kom hier, ek het 'n lessenaar vir jou.
  </s>
  <s id="312">
- In orde.
    <time id="T231E" value="00:16:55,639" />
  </s>
  <s id="313">
    <time id="T232S" value="00:17:00,314" />
Wel, dit is 'n bietjie nou.
    <time id="T232E" value="00:17:03,264" />
  </s>
  <s id="314">
    <time id="T233S" value="00:17:03,314" />
Dit is gesellig.
  </s>
  <s id="315">
- Dit is maar tot die einde van die maand.
    <time id="T233E" value="00:17:06,842" />
  </s>
  <s id="316">
    <time id="T234S" value="00:17:07,142" />
Julle gaan nie eens bemerk dat ek daar is.
    <time id="T234E" value="00:17:09,987" />
  </s>
  <s id="317">
    <time id="T235S" value="00:17:13,565" />
Nee, baas.
  </s>
  <s id="318">
Terug aan die werk.
    <time id="T235E" value="00:17:16,525" />
  </s>
  <s id="319">
    <time id="T236S" value="00:17:17,599" />
Ja, Abbs.
  </s>
  <s id="320">
Ek kom daaraan.
    <time id="T236E" value="00:17:19,956" />
  </s>
  <s id="321">
    <time id="T237S" value="00:17:30,580" />
Deur die strik, rond.
    <time id="T237E" value="00:17:34,094" />
  </s>
  <s id="322">
    <time id="T238S" value="00:17:35,150" />
Terug na die strik.
    <time id="T238E" value="00:17:37,100" />
  </s>
  <s id="323">
    <time id="T239S" value="00:17:37,581" />
Is jy aan die brei?
    <time id="T239E" value="00:17:39,317" />
  </s>
  <s id="324">
    <time id="T240S" value="00:17:39,367" />
Ek probeer.
    <time id="T240E" value="00:17:41,272" />
  </s>
  <s id="325">
    <time id="T241S" value="00:17:41,322" />
Slofjes vir die baba van Jimmy en Breena.
  </s>
  <s id="326">
- Dat is nog maande te gaan, Abbs.
    <time id="T241E" value="00:17:44,663" />
  </s>
  <s id="327">
    <time id="T242S" value="00:17:44,713" />
Wel, so lank gaan ek daar oor doen.
    <time id="T242E" value="00:17:46,555" />
  </s>
  <s id="328">
    <time id="T243S" value="00:17:46,655" />
Dit kan die rede nie sy dat jy my laat kom.
    <time id="T243E" value="00:17:48,871" />
  </s>
  <s id="329">
    <time id="T244S" value="00:17:49,171" />
Ons het geluk.
    <time id="T244E" value="00:17:50,725" />
  </s>
  <s id="330">
    <time id="T245S" value="00:17:50,775" />
Die massaspectrometer bepaalde die handtekening van die C -4.
    <time id="T245E" value="00:17:54,257" />
  </s>
  <s id="331">
    <time id="T246S" value="00:17:54,307" />
Dit is 'n unieke kombinasie van 'n plastiseerder en dinitrobutane.
    <time id="T246E" value="00:17:58,304" />
  </s>
  <s id="332">
    <time id="T247S" value="00:17:58,404" />
Vervaardig deur 'n maatskappy in Des Moines, Iowa.
    <time id="T247E" value="00:18:00,893" />
  </s>
  <s id="333">
    <time id="T248S" value="00:18:00,943" />
Waarom het ons geluk?
  </s>
  <s id="334">
- Ek is bly dat jy dit vra.
    <time id="T248E" value="00:18:03,008" />
  </s>
  <s id="335">
    <time id="T249S" value="00:18:03,058" />
Hulle het net 'n verdeler voor die middel Atlantiese state:
    <time id="T249E" value="00:18:05,885" />
  </s>
  <s id="336">
    <time id="T250S" value="00:18:05,935" />
Pyrotechnic Engineering.
    <time id="T250E" value="00:18:07,450" />
  </s>
  <s id="337">
    <time id="T251S" value="00:18:07,500" />
Hulle sit aan die ander kant van die rivier in ANACOSTIA.
    <time id="T251E" value="00:18:10,629" />
  </s>
  <s id="338">
    <time id="T252S" value="00:18:11,259" />
Iets van die laptop van Keith gehaal?
  </s>
  <s id="339">
- Oh, het geen vrees nie.
  </s>
  <s id="340">
Ek geraak in die harde skyf.
    <time id="T253E" value="00:18:18,255" />
  </s>
  <s id="341">
    <time id="T254S" value="00:18:18,755" />
Baas, ongelooflik, sy en Mike Franks betrokke was by die gevangenis van Noriega in Panama.
  </s>
  <s id="342">
- En gesoek asiel in die Vatikaan ambassade.
    <time id="T255E" value="00:18:25,793" />
  </s>
  <s id="343">
    <time id="T256S" value="00:18:25,843" />
Dit was die idee van Vera om hom lyk te speel met musiek van Van Halen.
    <time id="T256E" value="00:18:28,602" />
  </s>
  <s id="344">
    <time id="T257S" value="00:18:28,652" />
Ja, ja, 'n ou geskiedenis, seuns, wat het ek al duisend keer gehoor.
    <time id="T257E" value="00:18:31,376" />
  </s>
  <s id="345">
    <time id="T258S" value="00:18:31,426" />
Hoe gaan dit met ons huidige saak?
  </s>
  <s id="346">
- Werk, werk, werk.
    <time id="T258E" value="00:18:33,973" />
  </s>
  <s id="347">
    <time id="T259S" value="00:18:34,173" />
Gibbs was vroeër meer pret.
    <time id="T259E" value="00:18:35,515" />
  </s>
  <s id="348">
    <time id="T260S" value="00:18:35,565" />
Het jy die vlieënier al wat Keith probeer om te bel?
    <time id="T260E" value="00:18:37,308" />
  </s>
  <s id="349">
    <time id="T261S" value="00:18:37,408" />
Luitenant Robbins, hy is op pad na hier.
    <time id="T261E" value="00:18:39,346" />
  </s>
  <s id="350">
    <time id="T262S" value="00:18:39,396" />
Dit afskrif van sy skool het net binne.
    <time id="T262E" value="00:18:41,250" />
  </s>
  <s id="351">
    <time id="T263S" value="00:18:41,350" />
Interessant, sy hoofvak was elektriese, wat hom die kennis gee 'n bom te maak.
  </s>
  <s id="352">
- Ja, Abby het geïdentifiseer die plofbare.
    <time id="T264E" value="00:18:48,682" />
  </s>
  <s id="353">
    <time id="T265S" value="00:18:48,732" />
Dit is verdeel deur Pyrotechnic Engineering in ANACOSTIA.
    <time id="T265E" value="00:18:52,615" />
  </s>
  <s id="354">
    <time id="T266S" value="00:18:54,075" />
Albei van julle, ga dat kontroleer.
    <time id="T266E" value="00:18:56,503" />
  </s>
  <s id="355">
    <time id="T267S" value="00:19:07,390" />
Baas, ek het 'n probleem.
  </s>
  <s id="356">
Ek is my geloofsbriewe kwyt.
    <time id="T267E" value="00:19:10,780" />
  </s>
  <s id="357">
    <time id="T268S" value="00:19:10,830" />
Ek het hulle sedert gister nie meer gesien.
  </s>
  <s id="358">
- Vertel jy het my nou pas?
    <time id="T268E" value="00:19:14,010" />
  </s>
  <s id="359">
    <time id="T269S" value="00:19:16,280" />
Het jy dit aan ons IG gerapporteer?
  </s>
  <s id="360">
- Ek wou dit eers aan jou vertel.
    <time id="T269E" value="00:19:19,930" />
  </s>
  <s id="361">
    <time id="T270S" value="00:19:21,885" />
Ek bring hulle op die hoogte.
    <time id="T270E" value="00:19:23,866" />
  </s>
  <s id="362">
    <time id="T271S" value="00:19:26,511" />
Spesiale agent Strickland.
  </s>
  <s id="363">
- Ja.
    <time id="T271E" value="00:19:28,900" />
  </s>
  <s id="364">
    <time id="T272S" value="00:19:28,950" />
Gryp jou dinge.
    <time id="T272E" value="00:19:30,803" />
  </s>
  <s id="365">
    <time id="T273S" value="00:19:30,853" />
Wat?
  </s>
  <s id="366">
- Volgens Vance is jy beskikbaar, indien dit nodig is.
  </s>
  <s id="367">
- Nee, nee, in geen geval.
    <time id="T274E" value="00:19:35,230" />
  </s>
  <s id="368">
    <time id="T275S" value="00:19:35,280" />
Nee, nee, ek is hier net om...
  </s>
  <s id="369">
- Vera.
    <time id="T275E" value="00:19:36,760" />
  </s>
  <s id="370">
    <time id="T276S" value="00:19:36,810" />
...om uit te bolle.
  </s>
  <s id="371">
- Vera, ga mee met DiNozzo.
    <time id="T276E" value="00:19:39,713" />
  </s>
  <s id="372">
    <time id="T277S" value="00:19:39,813" />
DiNozzo?
    <time id="T277E" value="00:19:41,407" />
  </s>
  <s id="373">
    <time id="T278S" value="00:19:41,707" />
Oh, ek het stories gehoor oor die kerel.
    <time id="T278E" value="00:19:43,798" />
  </s>
  <s id="374">
    <time id="T279S" value="00:19:43,848" />
Sy wa gevlieg in die lug, gesterf het byna van die plaag.
    <time id="T279E" value="00:19:45,835" />
  </s>
  <s id="375">
    <time id="T280S" value="00:19:45,885" />
Skoot daar niemand op jou, 'n paar maand gelede?
    <time id="T280E" value="00:19:47,797" />
  </s>
  <s id="376">
    <time id="T281S" value="00:19:47,847" />
Hy het my gemis.
    <time id="T281E" value="00:19:49,260" />
  </s>
  <s id="377">
    <time id="T282S" value="00:19:49,691" />
Ek het maar twee weke meer te gaan, Gibbs.
    <time id="T282E" value="00:19:52,034" />
  </s>
  <s id="378">
    <time id="T283S" value="00:19:52,084" />
Ek hoor selfs nie in dieselfde ruimte te wees met hierdie bewegende doelwitte.
    <time id="T283E" value="00:19:54,817" />
  </s>
  <s id="379">
    <time id="T284S" value="00:19:54,867" />
Ga.
    <time id="T284E" value="00:19:56,740" />
  </s>
  <s id="380">
    <time id="T285S" value="00:20:03,001" />
Dit is jou fout, McGee.
  </s>
  <s id="381">
Daar gaan jy vir boet.
    <time id="T285E" value="00:20:06,082" />
  </s>
  <s id="382">
    <time id="T286S" value="00:20:12,331" />
Vertel eens, Vera, werk jy graag met 'n partner?
    <time id="T286E" value="00:20:14,800" />
  </s>
  <s id="383">
    <time id="T287S" value="00:20:14,850" />
Wil jy die, "goeie flik, slegte flik" speel?
    <time id="T287E" value="00:20:17,250" />
  </s>
  <s id="384">
    <time id="T288S" value="00:20:17,300" />
Jy, inspekteur Clouseau, is 'n ongeluk wat te gebeur staat.
    <time id="T288E" value="00:20:21,034" />
  </s>
  <s id="385">
    <time id="T289S" value="00:20:21,084" />
En jy is beslis nie my maat.
    <time id="T289E" value="00:20:23,802" />
  </s>
  <s id="386">
    <time id="T290S" value="00:20:24,080" />
Hoe het jy dan met Mike Franks gewerk?
    <time id="T290E" value="00:20:26,591" />
  </s>
  <s id="387">
    <time id="T291S" value="00:20:27,249" />
Ons het 'n spesiale verhouding.
  </s>
  <s id="388">
- Werklik? 
  </s>
  <s id="389">
Hoekom?
    <time id="T291E" value="00:20:29,885" />
  </s>
  <s id="390">
    <time id="T292S" value="00:20:29,935" />
Daar gaan ek nie op in, DiNozzo.
    <time id="T292E" value="00:20:31,988" />
  </s>
  <s id="391">
    <time id="T293S" value="00:20:32,038" />
Goed, dit is jou show.
  </s>
  <s id="392">
Ek is hier vir die rit.
    <time id="T293E" value="00:20:34,580" />
  </s>
  <s id="393">
    <time id="T294S" value="00:20:34,630" />
Oor rit gepraat, ek hou nie van jou ry.
    <time id="T294E" value="00:20:37,153" />
  </s>
  <s id="394">
    <time id="T295S" value="00:20:45,081" />
Mr Frazier?
  </s>
  <s id="395">
- Ja.
    <time id="T295E" value="00:20:46,619" />
  </s>
  <s id="396">
    <time id="T296S" value="00:20:46,669" />
Spesiale agent DiNozzo en spesiale agent Strickland.
    <time id="T296E" value="00:20:51,192" />
  </s>
  <s id="397">
    <time id="T297S" value="00:20:51,292" />
Hoe kan ek u help?
  </s>
  <s id="398">
- Het jy hierdie man gesien?
    <time id="T297E" value="00:20:54,005" />
  </s>
  <s id="399">
    <time id="T298S" value="00:20:54,428" />
Ja, ja, hy was hier.
  </s>
  <s id="400">
'n Paar weke gelede.
    <time id="T298E" value="00:20:56,964" />
  </s>
  <s id="401">
    <time id="T299S" value="00:20:57,014" />
Hy wou wat C-4 koop.
    <time id="T299E" value="00:20:59,195" />
  </s>
  <s id="402">
    <time id="T300S" value="00:20:59,395" />
Is hy by die navy?
  </s>
  <s id="403">
- Ja.
    <time id="T300E" value="00:21:00,782" />
  </s>
  <s id="404">
    <time id="T301S" value="00:21:00,832" />
Verkoop jy hom die springstof?
  </s>
  <s id="405">
- Nee, daarvoor het jy 'n permit nodig.
    <time id="T301E" value="00:21:04,413" />
  </s>
  <s id="406">
    <time id="T302S" value="00:21:04,463" />
Sê die luitenant wat hy daarmee wou doen?
    <time id="T302E" value="00:21:06,523" />
  </s>
  <s id="407">
    <time id="T303S" value="00:21:06,573" />
'n Paar pond om boomstompe op te blaas, het hy gesê.
    <time id="T303E" value="00:21:09,454" />
  </s>
  <s id="408">
    <time id="T304S" value="00:21:09,504" />
So hy het met leë hande?
  </s>
  <s id="409">
- Ja, maar ek het hom die naam van 'n kontrakteur in sloping, wat die werkje wel sou doen.
  </s>
  <s id="410">
- Het die poeier aap 'n naam?
    <time id="T306E" value="00:21:16,459" />
  </s>
  <s id="411">
    <time id="T307S" value="00:21:16,793" />
Ja, Larry Purcell.
  </s>
  <s id="412">
Werk naby sy huis in Elkridge.
    <time id="T307E" value="00:21:20,419" />
  </s>
  <s id="413">
    <time id="T308S" value="00:21:21,145" />
Het jy vrae, DiNozzo?
    <time id="T308E" value="00:21:23,125" />
  </s>
  <s id="414">
    <time id="T309S" value="00:21:23,325" />
Ek?
  </s>
  <s id="415">
Ek weet nie eens hoekom ek hier is.
    <time id="T309E" value="00:21:26,368" />
  </s>
  <s id="416">
    <time id="T310S" value="00:21:26,418" />
Dankie.
    <time id="T310E" value="00:21:28,634" />
  </s>
  <s id="417">
    <time id="T311S" value="00:21:35,113" />
Luitenant Robbins.
  </s>
  <s id="418">
Dankie om te kom, gaan jy sit.
    <time id="T311E" value="00:21:38,650" />
  </s>
  <s id="419">
    <time id="T312S" value="00:21:39,609" />
Koffie?
  </s>
  <s id="420">
- Sekerlik, dankie.
    <time id="T312E" value="00:21:41,175" />
  </s>
  <s id="421">
    <time id="T313S" value="00:21:41,225" />
Ek probeer so kort moontlik te wees.
  </s>
  <s id="422">
Ek weet dat jy môre op sending vertrek.
    <time id="T313E" value="00:21:44,894" />
  </s>
  <s id="423">
    <time id="T314S" value="00:21:44,944" />
Jy moet opgewonde wees.
  </s>
  <s id="424">
- Dat is ek ook.
    <time id="T314E" value="00:21:46,467" />
  </s>
  <s id="425">
    <time id="T315S" value="00:21:46,517" />
Ek train hier al lank voor.
    <time id="T315E" value="00:21:48,735" />
  </s>
  <s id="426">
    <time id="T316S" value="00:21:48,785" />
F-18?
  </s>
  <s id="427">
- Ja, Meneer, ek word betaal om met 'n Super Hornet te vlieg.
  </s>
  <s id="428">
Beter kan dit nie.
    <time id="T317E" value="00:21:52,937" />
  </s>
  <s id="429">
    <time id="T318S" value="00:21:52,987" />
Dit is baie goed.
    <time id="T318E" value="00:21:54,239" />
  </s>
  <s id="430">
    <time id="T319S" value="00:21:54,289" />
Spesiale agent McGee het my vertel nie waaroor dit gaan.
    <time id="T319E" value="00:21:56,924" />
  </s>
  <s id="431">
    <time id="T320S" value="00:21:56,974" />
Luitenant Terence Keith.
    <time id="T320E" value="00:21:59,857" />
  </s>
  <s id="432">
    <time id="T321S" value="00:21:59,907" />
Terry?
  </s>
  <s id="433">
- Ja, het u hom onlangs gepraat?
    <time id="T321E" value="00:22:02,527" />
  </s>
  <s id="434">
    <time id="T322S" value="00:22:02,577" />
Enkele dae gelede.
  </s>
  <s id="435">
Is daar iets verkeerd?
    <time id="T322E" value="00:22:05,241" />
  </s>
  <s id="436">
    <time id="T323S" value="00:22:05,641" />
Ons kan hom nie vind nie.
  </s>
  <s id="437">
- Sit hy in neste?
    <time id="T323E" value="00:22:08,599" />
  </s>
  <s id="438">
    <time id="T324S" value="00:22:08,799" />
Hoe ken jy hom?
    <time id="T324E" value="00:22:10,196" />
  </s>
  <s id="439">
    <time id="T325S" value="00:22:10,396" />
Euh, ek het hom ontmoet in Pensacola tydens die API.
    <time id="T325E" value="00:22:12,784" />
  </s>
  <s id="440">
    <time id="T326S" value="00:22:12,834" />
Ons verhuis saam na Whiting Field voor die voorlopige vlug opleiding.
    <time id="T326E" value="00:22:15,723" />
  </s>
  <s id="441">
    <time id="T327S" value="00:22:16,567" />
Is julle heg?
  </s>
  <s id="442">
- Nee, net klasmaats.
    <time id="T327E" value="00:22:20,378" />
  </s>
  <s id="443">
    <time id="T328S" value="00:22:22,717" />
Hoe kom dit dat hy die opleiding laat vaar het?
    <time id="T328E" value="00:22:24,896" />
  </s>
  <s id="444">
    <time id="T329S" value="00:22:26,327" />
Hy was eintlik wel 'n goeie vlieënier.
  </s>
  <s id="445">
Maar die druk nekte hom.
    <time id="T329E" value="00:22:29,823" />
  </s>
  <s id="446">
    <time id="T330S" value="00:22:30,201" />
Die druk, is dit nie?
    <time id="T330E" value="00:22:32,247" />
  </s>
  <s id="447">
    <time id="T331S" value="00:22:32,925" />
Terry het waarskynlik 'n soort anti angs medikasie nodig.
    <time id="T331E" value="00:22:36,387" />
  </s>
  <s id="448">
    <time id="T332S" value="00:22:36,487" />
Maar dat mag nie as jy vlieg.
    <time id="T332E" value="00:22:39,105" />
  </s>
  <s id="449">
    <time id="T333S" value="00:22:39,488" />
Hy het begin aggressief te gedra.
    <time id="T333E" value="00:22:41,689" />
  </s>
  <s id="450">
    <time id="T334S" value="00:22:41,889" />
Was daar 'n konfrontasie?
  </s>
  <s id="451">
- Nee.
    <time id="T334E" value="00:22:44,491" />
  </s>
  <s id="452">
    <time id="T335S" value="00:22:45,357" />
Die laaste weke van die opleiding Terry het geweet dat hy dit nie gaan haal.
    <time id="T335E" value="00:22:48,391" />
  </s>
  <s id="453">
    <time id="T336S" value="00:22:48,441" />
Hy is somber en teruggetrokke geword.
    <time id="T336E" value="00:22:50,993" />
  </s>
  <s id="454">
    <time id="T337S" value="00:22:52,911" />
En boos op me.
    <time id="T337E" value="00:22:55,306" />
  </s>
  <s id="455">
    <time id="T338S" value="00:22:55,606" />
Ek dink dat hy nie kon aanvaar dat 'n vrou sou slaag en hy nie.
    <time id="T338E" value="00:23:00,460" />
  </s>
  <s id="456">
    <time id="T339S" value="00:23:00,660" />
Die oproep, wat wou hy toe?
  </s>
  <s id="457">
- Dat ek nie kon vind.
    <time id="T339E" value="00:23:04,811" />
  </s>
  <s id="458">
    <time id="T340S" value="00:23:04,861" />
Hy het gedoen eienaardig, vreemd.
    <time id="T340E" value="00:23:08,049" />
  </s>
  <s id="459">
    <time id="T341S" value="00:23:08,249" />
Ons vriendskap was verminder sedert hy Whiting Field verlaat het en nou wil hy my skielik sien voor ek op sending vertrek.
    <time id="T342E" value="00:23:13,496" />
  </s>
  <s id="460">
    <time id="T343S" value="00:23:13,546" />
Wat het jy hom gesê?
  </s>
  <s id="461">
- Dat ek besig was.
    <time id="T343E" value="00:23:17,022" />
  </s>
  <s id="462">
    <time id="T344S" value="00:23:17,755" />
Ek wou nog wat vriende en familie besoek voor ek vertrek.
    <time id="T344E" value="00:23:21,545" />
  </s>
  <s id="463">
    <time id="T345S" value="00:23:29,831" />
Doen jy hierdie maar, DiNozzo.
    <time id="T345E" value="00:23:32,303" />
  </s>
  <s id="464">
    <time id="T346S" value="00:23:32,883" />
Goed.
    <time id="T346E" value="00:23:34,386" />
  </s>
  <s id="465">
    <time id="T347S" value="00:23:43,644" />
Hallo daar.
  </s>
  <s id="466">
Is jy Larry Purcell?
    <time id="T347E" value="00:23:46,232" />
  </s>
  <s id="467">
    <time id="T348S" value="00:23:46,282" />
Wie vra dat?
  </s>
  <s id="468">
- NCIS spesiale agent DiNozzo en co.
    <time id="T348E" value="00:23:51,159" />
  </s>
  <s id="469">
    <time id="T349S" value="00:23:51,394" />
Is jy 'n flik van die navy?
  </s>
  <s id="470">
- Ja.
    <time id="T349E" value="00:23:53,861" />
  </s>
  <s id="471">
    <time id="T350S" value="00:23:54,409" />
Ken jy die luitenant?
  </s>
  <s id="472">
- Nee.
    <time id="T350E" value="00:23:56,227" />
  </s>
  <s id="473">
    <time id="T351S" value="00:23:56,277" />
Jy bekyk die foto nie, Larry.
    <time id="T351E" value="00:23:58,409" />
  </s>
  <s id="474">
    <time id="T352S" value="00:23:58,459" />
Probeer die foto eens te sien.
    <time id="T352E" value="00:24:00,571" />
  </s>
  <s id="475">
    <time id="T353S" value="00:24:00,871" />
Ja, miskien was hy hier, 'n paar weke gelede.
    <time id="T353E" value="00:24:03,482" />
  </s>
  <s id="476">
    <time id="T354S" value="00:24:03,726" />
Gehelp het jy hom boomstompe te skuif?
  </s>
  <s id="477">
- Wat? 
  </s>
  <s id="478">
Nee.
    <time id="T354E" value="00:24:07,086" />
  </s>
  <s id="479">
    <time id="T355S" value="00:24:07,136" />
Ek wed dat jy hom wat C-4 verkoop het.
  </s>
  <s id="480">
- Ek weet nie. 
  </s>
  <s id="481">
Miskien.
    <time id="T355E" value="00:24:11,211" />
  </s>
  <s id="482">
    <time id="T356S" value="00:24:11,311" />
Ja, ek moet my data nakijken.
  </s>
  <s id="483">
Wat was sy naam?
    <time id="T356E" value="00:24:15,203" />
  </s>
  <s id="484">
    <time id="T357S" value="00:24:15,253" />
Het ek nie gesê nie.
  </s>
  <s id="485">
Probeer Terence Keith eens.
    <time id="T357E" value="00:24:17,844" />
  </s>
  <s id="486">
    <time id="T358S" value="00:24:18,307" />
Ek is so terug.
    <time id="T358E" value="00:24:20,343" />
  </s>
  <s id="487">
    <time id="T359S" value="00:24:20,393" />
Dankie, Larry.
    <time id="T359E" value="00:24:22,410" />
  </s>
  <s id="488">
    <time id="T360S" value="00:24:22,902" />
Vreemde man.
    <time id="T360E" value="00:24:25,535" />
  </s>
  <s id="489">
    <time id="T361S" value="00:24:30,462" />
Mooi.
    <time id="T361E" value="00:24:32,579" />
  </s>
  <s id="490">
    <time id="T362S" value="00:24:36,307" />
Vera.
    <time id="T362E" value="00:24:37,657" />
  </s>
  <s id="491">
    <time id="T363S" value="00:25:09,213" />
Ek het 'n goeie werk by 'n kontrakteur in die noorde, maar ek is afgedank.
    <time id="T363E" value="00:25:12,985" />
  </s>
  <s id="492">
    <time id="T364S" value="00:25:13,035" />
Ek het geen vaste werk, dus het ek begin werkies aan te neem.
    <time id="T364E" value="00:25:16,374" />
  </s>
  <s id="493">
    <time id="T365S" value="00:25:17,130" />
Ek het die geld nodig, verstaan jy?
  </s>
  <s id="494">
- Dus jy verkoop c-4 aan die luitenant?
    <time id="T365E" value="00:25:21,782" />
  </s>
  <s id="495">
    <time id="T366S" value="00:25:21,982" />
Hy het gesê me sy naam nie en ek het nie geweet dat hy by die navy was.
    <time id="T366E" value="00:25:24,538" />
  </s>
  <s id="496">
    <time id="T367S" value="00:25:24,638" />
Wat dink jy dat hy daarmee sou doen?
  </s>
  <s id="497">
- Wat demonstrasies, het hy gesê, op die plaas van 'n vriend.
  </s>
  <s id="498">
- En jy geglo hom?
    <time id="T368E" value="00:25:30,913" />
  </s>
  <s id="499">
    <time id="T369S" value="00:25:31,013" />
Ek het geglo die geld wat hy my gegee het.
    <time id="T369E" value="00:25:33,185" />
  </s>
  <s id="500">
    <time id="T370S" value="00:25:33,235" />
Ek het geen idee dat hy 'n bom in sy woonstel sou lê en iemand doodmaak.
    <time id="T370E" value="00:25:37,020" />
  </s>
  <s id="501">
    <time id="T371S" value="00:25:44,350" />
'n Bietjie hulp sou welkom wees, McGee.
  </s>
  <s id="502">
- Jammer.
    <time id="T371E" value="00:25:47,701" />
  </s>
  <s id="503">
    <time id="T372S" value="00:25:51,731" />
Is dit gebreek?
  </s>
  <s id="504">
- 'n Ernstige enkel verstuiting.
    <time id="T372E" value="00:25:55,090" />
  </s>
  <s id="505">
    <time id="T373S" value="00:25:55,572" />
Jy boft.
  </s>
  <s id="506">
- Boffen?
    <time id="T373E" value="00:25:57,727" />
  </s>
  <s id="507">
    <time id="T374S" value="00:25:57,777" />
Wat gebeur nou.
  </s>
  <s id="508">
- Jy word vasgehou vir medepligtigheid aan moord, onwettige verkoop van plofstof en die aanvalle van twee federale agente.
  </s>
  <s id="509">
- Twee federale agente?
    <time id="T376E" value="00:26:08,795" />
  </s>
  <s id="510">
    <time id="T377S" value="00:26:08,895" />
Ja, ek en agent Strickland.
  </s>
  <s id="511">
- Is die ou doos 'n agent?
    <time id="T377E" value="00:26:12,302" />
  </s>
  <s id="512">
    <time id="T378S" value="00:26:14,248" />
Ek wil 'n minuut met die clown.
    <time id="T378E" value="00:26:17,117" />
  </s>
  <s id="513">
    <time id="T379S" value="00:26:19,138" />
Kan ek dit op 'n ooreenkoms aangaan?
    <time id="T379E" value="00:26:20,836" />
  </s>
  <s id="514">
    <time id="T380S" value="00:26:20,886" />
Tensy jy weet waar Keith is, het jy niks.
    <time id="T380E" value="00:26:23,356" />
  </s>
  <s id="515">
    <time id="T381S" value="00:26:23,406" />
Kan jy niks doen as ek 'n bekentenis teken?
    <time id="T381E" value="00:26:25,857" />
  </s>
  <s id="516">
    <time id="T382S" value="00:26:27,334" />
Skryf dit alles op.
  </s>
  <s id="517">
- Gedetailleerde asseblief.
    <time id="T382E" value="00:26:30,114" />
  </s>
  <s id="518">
    <time id="T383S" value="00:26:30,164" />
Ons skat dat hy 300 tot 350 gram gebruikte,
    <time id="T383E" value="00:26:32,653" />
  </s>
  <s id="519">
    <time id="T384S" value="00:26:32,753" />
Hoeveel het jy hom verkoop?
  </s>
  <s id="520">
- Grammen?
    <time id="T384E" value="00:26:35,316" />
  </s>
  <s id="521">
    <time id="T385S" value="00:26:35,366" />
Ek verkoop hom 100 kilo.
    <time id="T385E" value="00:26:38,232" />
  </s>
  <s id="522">
    <time id="T386S" value="00:26:39,971" />
Dit is byna net soveel C-4 as vir die doen in die lug vlieg van die Cole in Yemen.
    <time id="T386E" value="00:26:44,049" />
  </s>
  <s id="523">
    <time id="T387S" value="00:26:44,349" />
Gibbs, waarmee het ons te maak?
  </s>
  <s id="524">
- Keith moet iets groot beplan het.
    <time id="T387E" value="00:26:47,000" />
  </s>
  <s id="525">
    <time id="T388S" value="00:26:47,100" />
Akkoord, maar waarom die bom in sy eie flat?
    <time id="T388E" value="00:26:48,842" />
  </s>
  <s id="526">
    <time id="T389S" value="00:26:48,892" />
Die een wat kom ondersoek na die feite word afgeskakel, Leon.
    <time id="T389E" value="00:26:52,639" />
  </s>
  <s id="527">
    <time id="T390S" value="00:26:52,689" />
Dit sou nie die eerste keer wees.
    <time id="T390E" value="00:26:53,780" />
  </s>
  <s id="528">
    <time id="T391S" value="00:26:53,830" />
Keith het nie geweet dat die gebou bestuurder die deur voortydig sou open.
    <time id="T391E" value="00:26:57,223" />
  </s>
  <s id="529">
    <time id="T392S" value="00:26:57,423" />
Gibbs, wat is sy uiteindelik doel?
    <time id="T392E" value="00:27:00,402" />
  </s>
  <s id="530">
    <time id="T393S" value="00:27:01,085" />
Dat weet ek nie.
    <time id="T393E" value="00:27:03,041" />
  </s>
  <s id="531">
    <time id="T394S" value="00:27:03,141" />
Ek moet binnelandse veiligheid FBI en ATF inlig.
    <time id="T394E" value="00:27:06,830" />
  </s>
  <s id="532">
    <time id="T395S" value="00:27:06,930" />
Gibbs, jou goue gevoel was juis.
  </s>
  <s id="533">
Ek geraakte in die hardeskyf van Keith.
    <time id="T395E" value="00:27:11,010" />
  </s>
  <s id="534">
    <time id="T396S" value="00:27:11,110" />
Die laaste jaar het hy gekoop antidepressante aanlyn, van 'n Kanadese apteek met behulp van 'n valse naam.
    <time id="T397E" value="00:27:17,288" />
  </s>
  <s id="535">
    <time id="T398S" value="00:27:17,338" />
Self sorg.
  </s>
  <s id="536">
- Die kwak plastiek wat aan die hemp van die gebou bestuurder gesmelt sit, dit is nie 'n kredietkaart.
    <time id="T400E" value="00:27:24,589" />
  </s>
  <s id="537">
    <time id="T401S" value="00:27:24,639" />
Dit is 'n FAA vliegbrevet.
  </s>
  <s id="538">
- Nuwe en per registrasie gestuur aan luitenant Keith, twee dae gelede.
    <time id="T402E" value="00:27:32,277" />
  </s>
  <s id="539">
    <time id="T403S" value="00:27:32,377" />
Die brief wat die gebou bestuurder in die plat sou lê.
    <time id="T403E" value="00:27:34,606" />
  </s>
  <s id="540">
    <time id="T404S" value="00:27:34,656" />
Geen goeie daad bly ongestraf.
    <time id="T404E" value="00:27:36,745" />
  </s>
  <s id="541">
    <time id="T405S" value="00:27:36,795" />
Luitenant Keith gedoen z'n laaste proefvlucht vir sy burger vliegbrevet twee weke gelede op 'n klein vliegveld in die landelike Virginia.
    <time id="T406E" value="00:27:43,674" />
  </s>
  <s id="542">
    <time id="T407S" value="00:27:43,724" />
Dit Lafayette vliegveld.
  </s>
  <s id="543">
Sy instrukteur was Hoender Logan.
    <time id="T407E" value="00:27:46,897" />
  </s>
  <s id="544">
    <time id="T408S" value="00:27:47,393" />
DiNozzo.
  </s>
  <s id="545">
- Ek is onderweg, baas.
    <time id="T408E" value="00:27:49,452" />
  </s>
  <s id="546">
    <time id="T409S" value="00:27:49,502" />
Sin in 'n ry, Vera?
  </s>
  <s id="547">
- Loop na die pomp.
    <time id="T409E" value="00:27:52,793" />
  </s>
  <s id="548">
    <time id="T410S" value="00:27:57,209" />
Keith was die beste student wat ek ooit gehad het. 
  </s>
  <s id="549">
Ek moes hom niks leer.
    <time id="T410E" value="00:28:00,837" />
  </s>
  <s id="550">
    <time id="T411S" value="00:28:00,937" />
Dit het die navy al gedoen.
  </s>
  <s id="551">
Sy kwalifikasie was maklik.
    <time id="T411E" value="00:28:04,446" />
  </s>
  <s id="552">
    <time id="T412S" value="00:28:05,035" />
Eens geslaag in die teoretiese eksamen en na die verpligte vliegure, het ek hom 'n tydelike brevet gegee en het die dokumente met die FAA in orde gebring.
    <time id="T413E" value="00:28:11,365" />
  </s>
  <s id="553">
    <time id="T414S" value="00:28:11,415" />
Het jy hom onlangs gesien.
  </s>
  <s id="554">
- Gister na die middag.
    <time id="T414E" value="00:28:13,061" />
  </s>
  <s id="555">
    <time id="T415S" value="00:28:13,161" />
Hy wou 'n STOL huur.
  </s>
  <s id="556">
- 'n "STOL", wat is dat?
    <time id="T415E" value="00:28:15,630" />
  </s>
  <s id="557">
    <time id="T416S" value="00:28:15,680" />
S.T.O.L. Short take-off en landing, kort opstyg en lande.
    <time id="T416E" value="00:28:18,178" />
  </s>
  <s id="558">
    <time id="T417S" value="00:28:18,228" />
'n Tweezitter, baie lekker om mee te vlieg.
  </s>
  <s id="559">
Jy kan daar oral mee lande, 'n weiveld, 'n veld.
  </s>
  <s id="560">
Dit is geweldig vir op die platteland.
    <time id="T418E" value="00:28:24,107" />
  </s>
  <s id="561">
    <time id="T419S" value="00:28:24,157" />
Gehuur hy dit?
  </s>
  <s id="562">
- Ja, vir twee dae.
    <time id="T419E" value="00:28:26,893" />
  </s>
  <s id="563">
    <time id="T420S" value="00:28:27,193" />
Het hy gesê na waar hy sou gaan?
  </s>
  <s id="564">
- Het hy nie gesê nie.
    <time id="T420E" value="00:28:29,840" />
  </s>
  <s id="565">
    <time id="T421S" value="00:28:58,264" />
Ons vra die radar- en veiligheidsbeelden van die Lafayette vliegveld van gister op.
    <time id="T421E" value="00:29:02,360" />
  </s>
  <s id="566">
    <time id="T422S" value="00:29:02,460" />
Die vliegtuig dat luitenant Keith gehuur het gestyg op om 14.21 u.
    <time id="T422E" value="00:29:06,496" />
  </s>
  <s id="567">
    <time id="T423S" value="00:29:06,596" />
Dit omkring rondom die vliegveld en is vertrek in suidwestelike rigting.
    <time id="T423E" value="00:29:09,911" />
  </s>
  <s id="568">
    <time id="T424S" value="00:29:10,011" />
Drie minute later verdwyn die buite die omvang van die radar.
    <time id="T424E" value="00:29:13,552" />
  </s>
  <s id="569">
    <time id="T425S" value="00:29:13,602" />
Verskyn het nadien nog terug op die radar?
  </s>
  <s id="570">
- Nee, 'n STOL kan baie laag en baie stadig vlieg.
    <time id="T426E" value="00:29:21,002" />
  </s>
  <s id="571">
    <time id="T427S" value="00:29:21,483" />
Dit is soos 'n naald in 'n hooimijt soek.
    <time id="T427E" value="00:29:23,398" />
  </s>
  <s id="572">
    <time id="T428S" value="00:29:23,448" />
Dit is moontlik dat ons sit met 'n bom in 'n vliegtuig, 'n selfmoord opdrag.
    <time id="T428E" value="00:29:27,002" />
  </s>
  <s id="573">
    <time id="T429S" value="00:29:27,302" />
Met ongekende bestemming.
    <time id="T429E" value="00:29:29,524" />
  </s>
  <s id="574">
    <time id="T430S" value="00:29:34,851" />
Alarmeer alle agente en ontleders.
    <time id="T430E" value="00:29:36,620" />
  </s>
  <s id="575">
    <time id="T431S" value="00:29:36,670" />
niemand vertrek vir ons luitenant Keith vind.
    <time id="T431E" value="00:29:39,145" />
  </s>
  <s id="576">
    <time id="T432S" value="00:29:52,929" />
Dank je wel, lieverd.
  </s>
  <s id="577">
Jy het net my dag goed gemaak.
    <time id="T432E" value="00:29:56,706" />
  </s>
  <s id="578">
    <time id="T433S" value="00:29:57,582" />
Ek is hier weg.
  </s>
  <s id="579">
Oh, dat was HR.
    <time id="T433E" value="00:30:01,281" />
  </s>
  <s id="580">
    <time id="T434S" value="00:30:01,331" />
Vanweë my besering tydens die diens, hoef ek nie meer te kom.
    <time id="T435E" value="00:30:06,504" />
  </s>
  <s id="581">
    <time id="T436S" value="00:30:06,947" />
En daarvoor moet ek jou bedank, agent DiNozzo.
    <time id="T436E" value="00:30:10,079" />
  </s>
  <s id="582">
    <time id="T437S" value="00:30:10,129" />
Die plesier was my kant.
    <time id="T437E" value="00:30:11,948" />
  </s>
  <s id="583">
    <time id="T438S" value="00:30:11,998" />
Laat ek jou help met...
  </s>
  <s id="584">
- Nee, nie doen, agteruit.
    <time id="T438E" value="00:30:14,876" />
  </s>
  <s id="585">
    <time id="T439S" value="00:30:15,276" />
Kom nie in my buurt.
  </s>
  <s id="586">
- Net 'n...
    <time id="T439E" value="00:30:17,456" />
  </s>
  <s id="587">
    <time id="T440S" value="00:30:17,506" />
Agteruit, ek het gesê agteruit.
    <time id="T440E" value="00:30:19,463" />
  </s>
  <s id="588">
    <time id="T441S" value="00:30:22,628" />
Pak die naaier.
    <time id="T441E" value="00:30:24,706" />
  </s>
  <s id="589">
    <time id="T442S" value="00:30:25,437" />
Voor hy iemand beseer, probie.
    <time id="T442E" value="00:30:27,829" />
  </s>
  <s id="590">
    <time id="T443S" value="00:30:28,050" />
Ons sien mekaar nog wel, Vera.
    <time id="T443E" value="00:30:29,863" />
  </s>
  <s id="591">
    <time id="T444S" value="00:30:29,963" />
Weet jy, ek gaan heel wat vrye tyd het.
  </s>
  <s id="592">
Miskien kom ek nog eens langs, om te sien waaraan jy werk in die kelder.
    <time id="T445E" value="00:30:36,343" />
  </s>
  <s id="593">
    <time id="T446S" value="00:30:36,889" />
Is die voordeur nog steeds nie op slot?
    <time id="T446E" value="00:30:39,469" />
  </s>
  <s id="594">
    <time id="T447S" value="00:30:42,237" />
Ek het gesê...
  </s>
  <s id="595">
- Slaan die om jou raak my nie aan, agteruit.
    <time id="T448E" value="00:30:45,881" />
  </s>
  <s id="596">
    <time id="T449S" value="00:30:46,823" />
Komaan, toe, terug aan die werk.
    <time id="T449E" value="00:30:49,042" />
  </s>
  <s id="597">
    <time id="T450S" value="00:30:49,092" />
Keith is 48 uur gelede vertrek.
  </s>
  <s id="598">
Waar sit hy?
    <time id="T450E" value="00:30:51,742" />
  </s>
  <s id="599">
    <time id="T451S" value="00:30:51,792" />
Bel ek jou volgende week?
  </s>
  <s id="600">
- Ja, baas.
    <time id="T451E" value="00:30:54,146" />
  </s>
  <s id="601">
    <time id="T452S" value="00:30:54,196" />
...vir die geval hy terugkeer.
  </s>
  <s id="602">
- Hy keer nie terug na daar, geloof me.
    <time id="T452E" value="00:30:58,469" />
  </s>
  <s id="603">
    <time id="T453S" value="00:30:59,506" />
Is dit wat jy kwyt was, McGee?
    <time id="T453E" value="00:31:02,081" />
  </s>
  <s id="604">
    <time id="T454S" value="00:31:02,131" />
Waar het jy dit gevind, direkteur?
  </s>
  <s id="605">
- Dit is gevind in die RFK stadion.
    <time id="T454E" value="00:31:06,022" />
  </s>
  <s id="606">
    <time id="T455S" value="00:31:06,546" />
Die polisie het die binnegebring by die IG.
    <time id="T455E" value="00:31:08,845" />
  </s>
  <s id="607">
    <time id="T456S" value="00:31:08,895" />
Ek weet nie wat om te sê nie.
  </s>
  <s id="608">
- Gibbs, weet jy hiervan?
    <time id="T456E" value="00:31:10,600" />
  </s>
  <s id="609">
    <time id="T457S" value="00:31:10,650" />
Ja, ek reël het later wel.
  </s>
  <s id="610">
Ons het dit nogal druk, Leon.
    <time id="T457E" value="00:31:14,205" />
  </s>
  <s id="611">
    <time id="T458S" value="00:31:17,117" />
Nog iets oor luitenant Keith?
  </s>
  <s id="612">
- Nee, nie wat sy plek betref.
    <time id="T458E" value="00:31:20,071" />
  </s>
  <s id="613">
    <time id="T459S" value="00:31:20,121" />
Ducky het 'n profiel van hom gemaak.
  </s>
  <s id="614">
Ons het 'n teorie.
    <time id="T459E" value="00:31:22,585" />
  </s>
  <s id="615">
    <time id="T460S" value="00:31:22,635" />
Goed, kom op dan, ons ligte die ander in binne vyf minute.
    <time id="T460E" value="00:31:26,388" />
  </s>
  <s id="616">
    <time id="T461S" value="00:31:27,574" />
Duck.
  </s>
  <s id="617">
Ek het jou nodig in MTAC.
    <time id="T461E" value="00:31:30,024" />
  </s>
  <s id="618">
    <time id="T462S" value="00:31:30,809" />
Ek het dit tog gesê dat jy hulle sou vind.
  </s>
  <s id="619">
- Ja in die kantoor van die inspeksie.
    <time id="T462E" value="00:31:34,673" />
  </s>
  <s id="620">
    <time id="T463S" value="00:31:34,723" />
Nou is ek heeltemal die klos.
    <time id="T463E" value="00:31:37,286" />
  </s>
  <s id="621">
    <time id="T464S" value="00:31:38,109" />
Nou.
  </s>
  <s id="622">
- Die lugverkeerbeheerders sy gewaarsku.
    <time id="T464E" value="00:31:41,014" />
  </s>
  <s id="623">
    <time id="T465S" value="00:31:41,064" />
Maar ons het niks gesien nie.
  </s>
  <s id="624">
- Wat is die bereik van die vliegtuig?
    <time id="T465E" value="00:31:43,944" />
  </s>
  <s id="625">
    <time id="T466S" value="00:31:43,994" />
Iets minder as 450 see myle.
    <time id="T466E" value="00:31:46,090" />
  </s>
  <s id="626">
    <time id="T467S" value="00:31:46,140" />
As Keith verder wil, moet hy hervul.
    <time id="T467E" value="00:31:49,421" />
  </s>
  <s id="627">
    <time id="T468S" value="00:31:49,471" />
Alle lughawens ten ooste van die Mississippi is in kennis gestel.
    <time id="T468E" value="00:31:52,737" />
  </s>
  <s id="628">
    <time id="T469S" value="00:31:52,787" />
Wat weet ons oor luitenant Keith?
  </s>
  <s id="629">
- Ons het 'n profiel van hom.
    <time id="T469E" value="00:31:56,018" />
  </s>
  <s id="630">
    <time id="T470S" value="00:31:56,068" />
Dokter Mallard?
  </s>
  <s id="631">
- Luitenant Keith is as jonger geboelie en kyk na die vloot lugvaart om sy lewe 'n wending te gee.
    <time id="T471E" value="00:32:03,339" />
  </s>
  <s id="632">
    <time id="T472S" value="00:32:03,389" />
Jammer genoeg het hy dit nie vol gehou.
  </s>
  <s id="633">
Hy is daar depressief deur geword.
    <time id="T472E" value="00:32:06,788" />
  </s>
  <s id="634">
    <time id="T473S" value="00:32:06,888" />
In plaas van professionele hulp te soek het hy aan self sorg gedoen.
    <time id="T473E" value="00:32:10,924" />
  </s>
  <s id="635">
    <time id="T474S" value="00:32:10,974" />
Ons glo dat hy die moed opgegee het.
  </s>
  <s id="636">
Daar plots mee opgehou is, om deur sy FAA mediese eksamen te raak en sy burger vliegbrevet te bekom.
    <time id="T475E" value="00:32:17,205" />
  </s>
  <s id="637">
    <time id="T476S" value="00:32:17,255" />
'n Skielike beëindiging van sulke medikasie sou beslis lei tot aanvalle van waan en paranoia.
    <time id="T477E" value="00:32:25,151" />
  </s>
  <s id="638">
    <time id="T478S" value="00:32:25,201" />
Die toestand, gekombineer met 'n lae selfbeeld en verwerping, waarskynlik is hy op soek na wraak.
    <time id="T479E" value="00:32:32,679" />
  </s>
  <s id="639">
    <time id="T480S" value="00:32:32,779" />
Wraak teen wie?
  </s>
  <s id="640">
- Daar is twee moontlikhede:
    <time id="T480E" value="00:32:35,228" />
  </s>
  <s id="641">
    <time id="T481S" value="00:32:35,278" />
die hoërskool, waar hy geboelie is, of Whiting Field, waar hy val uit had.
  </s>
  <s id="642">
- Albei was verskrik.
    <time id="T482E" value="00:32:40,514" />
  </s>
  <s id="643">
    <time id="T483S" value="00:32:40,564" />
Ons kan ons nie beperk tot hierdie twee doelwitte.
    <time id="T483E" value="00:32:42,877" />
  </s>
  <s id="644">
    <time id="T484S" value="00:32:43,326" />
Dit sou eender waar kan wees.
    <time id="T484E" value="00:32:45,748" />
  </s>
  <s id="645">
    <time id="T485S" value="00:32:57,542" />
Hoe was dit by die adopsie prokureur?
    <time id="T485E" value="00:33:00,148" />
  </s>
  <s id="646">
    <time id="T486S" value="00:33:00,198" />
Goed.
    <time id="T486E" value="00:33:01,572" />
  </s>
  <s id="647">
    <time id="T487S" value="00:33:01,622" />
Hy het 'n probleem met een van die items op ons curriculum vitae.
    <time id="T487E" value="00:33:04,723" />
  </s>
  <s id="648">
    <time id="T488S" value="00:33:05,314" />
Wat?
  </s>
  <s id="649">
- Wel, Breena is 'n begrafnisondernemer en ek is 'n schouw dokter.
  </s>
  <s id="650">
Ons werk beide met dooies.
    <time id="T489E" value="00:33:10,344" />
  </s>
  <s id="651">
    <time id="T490S" value="00:33:10,394" />
Die prokureur dink dat dit 'n teleurstelling sou kon wees, vir 'n jong vrou wat haar kind wil afstaan vir adopsie.
    <time id="T491E" value="00:33:17,111" />
  </s>
  <s id="652">
    <time id="T492S" value="00:33:17,411" />
Maar, euh, ek dink dat dit wel goed kom.
  </s>
  <s id="653">
Ek is optimisties.
    <time id="T492E" value="00:33:20,673" />
  </s>
  <s id="654">
    <time id="T493S" value="00:33:20,723" />
Daar is alle rede voor, want eens hulle julle leer ken,
    <time id="T493E" value="00:33:23,965" />
  </s>
  <s id="655">
    <time id="T494S" value="00:33:24,265" />
Gaan hulle van julle hou.
  </s>
  <s id="656">
- Dankie dat jy dit sê.
    <time id="T494E" value="00:33:26,725" />
  </s>
  <s id="657">
    <time id="T495S" value="00:33:27,769" />
He, McGee.
    <time id="T495E" value="00:33:28,795" />
  </s>
  <s id="658">
    <time id="T496S" value="00:33:28,845" />
He, McGee.
  </s>
  <s id="659">
- Ek het my geloofsbriewe terug.
    <time id="T496E" value="00:33:30,834" />
  </s>
  <s id="660">
    <time id="T497S" value="00:33:30,884" />
Pragtig.
  </s>
  <s id="661">
- Waar lae hulle?
    <time id="T497E" value="00:33:33,052" />
  </s>
  <s id="662">
    <time id="T498S" value="00:33:33,102" />
Iemand het hulle in RFK gevind.
    <time id="T498E" value="00:33:35,136" />
  </s>
  <s id="663">
    <time id="T499S" value="00:33:35,236" />
'n Ondersoek van die algemene inspeksie volg.
    <time id="T499E" value="00:33:37,507" />
  </s>
  <s id="664">
    <time id="T500S" value="00:33:38,019" />
Ek sou wel eens baie tyd kan kry om na die strand te gaan.
    <time id="T500E" value="00:33:40,092" />
  </s>
  <s id="665">
    <time id="T501S" value="00:33:40,142" />
Of nog erger.
  </s>
  <s id="666">
- McGee, oh, dit is so jammer.
    <time id="T501E" value="00:33:44,841" />
  </s>
  <s id="667">
    <time id="T502S" value="00:33:45,905" />
Ek voel verantwoordelik, ek het jou gesmeek om met me mee te gaan na dat concert.
    <time id="T502E" value="00:33:50,003" />
  </s>
  <s id="668">
    <time id="T503S" value="00:33:50,053" />
Abby, dit is jou skuld nie.
  </s>
  <s id="669">
- Oh, God.
    <time id="T503E" value="00:33:51,622" />
  </s>
  <s id="670">
    <time id="T504S" value="00:33:51,672" />
Die verpestte wat die geskiedenis sou wees ingegaan as die mees epiese aand ooit.
    <time id="T505E" value="00:33:57,080" />
  </s>
  <s id="671">
    <time id="T506S" value="00:33:57,130" />
Het jy Twitter gesien?
  </s>
  <s id="672">
Die Sterile Puppets is nou viraal.
    <time id="T506E" value="00:34:00,241" />
  </s>
  <s id="673">
    <time id="T507S" value="00:34:00,341" />
Oh, ja, ek hoor dat daar meer as 'n miljoen volgelinge is.
    <time id="T507E" value="00:34:02,844" />
  </s>
  <s id="674">
    <time id="T508S" value="00:34:05,651" />
Wat?
    <time id="T508E" value="00:34:07,051" />
  </s>
  <s id="675">
    <time id="T509S" value="00:34:07,101" />
Hoe goed is jy amikaal met die drummer?
    <time id="T509E" value="00:34:09,625" />
  </s>
  <s id="676">
    <time id="T510S" value="00:34:10,425" />
Waarom?
  </s>
  <s id="677">
- Sou hy jou 'n guns doen?
    <time id="T510E" value="00:34:12,955" />
  </s>
  <s id="678">
    <time id="T511S" value="00:34:14,825" />
Kalm aan, McGee, ek verstaan niks van wat jy sê.
    <time id="T511E" value="00:34:18,598" />
  </s>
  <s id="679">
    <time id="T512S" value="00:34:18,798" />
In die Engels, graag.
    <time id="T512E" value="00:34:20,136" />
  </s>
  <s id="680">
    <time id="T513S" value="00:34:20,236" />
Daar is 'n manier om die vliegtuig te vind.
  </s>
  <s id="681">
As die onder die radar vlieg.
    <time id="T513E" value="00:34:23,283" />
  </s>
  <s id="682">
    <time id="T514S" value="00:34:23,333" />
Sosiale netwerke, Gibbs. 
  </s>
  <s id="683">
Twitter.
  </s>
  <s id="684">
- Abby het 'n vriend wat 'n band het.
    <time id="T514E" value="00:34:26,361" />
  </s>
  <s id="685">
    <time id="T515S" value="00:34:26,461" />
Op hierdie oomblik word hul tweets gevolg deur honderde duisende bewonderaars.
    <time id="T515E" value="00:34:30,664" />
  </s>
  <s id="686">
    <time id="T516S" value="00:34:30,714" />
Ons poste daar 'n foto van die vliegtuig van Keith en vra die fans uit te kyk.
    <time id="T516E" value="00:34:34,186" />
  </s>
  <s id="687">
    <time id="T517S" value="00:34:34,236" />
As iemand dit sien, vra ons om die plek te tweeting met die hashtag:
    <time id="T517E" value="00:34:38,053" />
  </s>
  <s id="688">
    <time id="T518S" value="00:34:38,103" />
"VindDitVliegtuig".
  </s>
  <s id="689">
- Wat is 'n hashtag?
    <time id="T518E" value="00:34:40,710" />
  </s>
  <s id="690">
    <time id="T519S" value="00:34:41,865" />
Duisende Sterile Puppets ondersteuners sal uitsien na die vliegtuig.
    <time id="T519E" value="00:34:44,730" />
  </s>
  <s id="691">
    <time id="T520S" value="00:34:44,780" />
Hashtag, dit sou wel eens kan werk, baas.
    <time id="T520E" value="00:34:47,028" />
  </s>
  <s id="692">
    <time id="T521S" value="00:34:48,184" />
Ga.
    <time id="T521E" value="00:34:49,928" />
  </s>
  <s id="693">
    <time id="T522S" value="00:35:32,324" />
Wel, ons het 'n eerste melding.
    <time id="T522E" value="00:35:34,431" />
  </s>
  <s id="694">
    <time id="T523S" value="00:35:37,135" />
Uit Hopewell, Virginia.
  </s>
  <s id="695">
- Admiraal, stuur ons die koördinate nou.
    <time id="T523E" value="00:35:40,532" />
  </s>
  <s id="696">
    <time id="T524S" value="00:35:40,632" />
Ek waarsku NORAD.
    <time id="T524E" value="00:35:42,755" />
  </s>
  <s id="697">
    <time id="T525S" value="00:35:55,559" />
Daar gaan ons.
    <time id="T525E" value="00:35:57,322" />
  </s>
  <s id="698">
    <time id="T526S" value="00:35:57,372" />
ATC probeer kontak te maak.
  </s>
  <s id="699">
Keith antwoord nie.
    <time id="T526E" value="00:35:59,679" />
  </s>
  <s id="700">
    <time id="T527S" value="00:35:59,729" />
Die radio 's is miskien afgeskakel.
  </s>
  <s id="701">
- Die transponders ook, ons kry geen radar kennisgewings.
    <time id="T528E" value="00:36:04,127" />
  </s>
  <s id="702">
    <time id="T529S" value="00:36:04,634" />
Nog 'n tweet.
    <time id="T529E" value="00:36:06,294" />
  </s>
  <s id="703">
    <time id="T530S" value="00:36:11,614" />
Die laaste wat ons van Keith hoor was op die Unicom frekwensie, vir die Lafayette vliegveld.
  </s>
  <s id="704">
- Kan ons op die frekwensie stuur?
    <time id="T531E" value="00:36:17,250" />
  </s>
  <s id="705">
    <time id="T532S" value="00:36:17,350" />
Dat kan even duur.
    <time id="T532E" value="00:36:19,247" />
  </s>
  <s id="706">
    <time id="T533S" value="00:36:20,195" />
Daar is twee Hornets uit Oceana wat hom gaan onderskep.
    <time id="T533E" value="00:36:23,230" />
  </s>
  <s id="707">
    <time id="T534S" value="00:36:23,330" />
Gewapen?
  </s>
  <s id="708">
- Ja.
    <time id="T534E" value="00:36:24,334" />
  </s>
  <s id="709">
    <time id="T535S" value="00:36:24,384" />
Ons kan nie op die vliegtuig skiet bo bewoon gebied.
    <time id="T535E" value="00:36:27,345" />
  </s>
  <s id="710">
    <time id="T536S" value="00:36:32,340" />
Ons kry heel wat tweets, hy vlieg in 'n zigzag koers.
    <time id="T536E" value="00:36:35,321" />
  </s>
  <s id="711">
    <time id="T537S" value="00:36:36,057" />
Ons het daar nog 'n.
    <time id="T537E" value="00:36:37,685" />
  </s>
  <s id="712">
    <time id="T538S" value="00:36:40,871" />
Hy draai rondom stede.
  </s>
  <s id="713">
- Ons het 'n video bylae.
    <time id="T538E" value="00:36:44,085" />
  </s>
  <s id="714">
    <time id="T539S" value="00:36:48,107" />
Dit is briljant. 
  </s>
  <s id="715">
Wie se idee was dit om die vliegtuig via Twitter te volg?
    <time id="T539E" value="00:36:52,089" />
  </s>
  <s id="716">
    <time id="T540S" value="00:36:58,434" />
Ek weet na waar hy vlieg.
    <time id="T540E" value="00:37:00,006" />
  </s>
  <s id="717">
    <time id="T541S" value="00:37:00,056" />
Die Benjamin Franklin is net uitgevaar, maar is nog in die baai.
    <time id="T541E" value="00:37:02,872" />
  </s>
  <s id="718">
    <time id="T542S" value="00:37:20,776" />
Ek volg die uitsendings van die straaljager vlieëniers.
    <time id="T542E" value="00:37:23,336" />
  </s>
  <s id="719">
    <time id="T543S" value="00:37:23,386" />
Hulle kom nader.
  </s>
  <s id="720">
- Sit hulle op die luidspreker.
    <time id="T543E" value="00:37:25,927" />
  </s>
  <s id="721">
    <time id="T544S" value="00:37:39,579" />
Die doel het die kuslyn oorskry op minder as 'n minuut van die Benjamin Franklin
    <time id="T545E" value="00:37:44,088" />
  </s>
  <s id="722">
    <time id="T546S" value="00:37:44,288" />
Ons keer terug.
    <time id="T546E" value="00:37:46,579" />
  </s>
  <s id="723">
    <time id="T547S" value="00:37:51,157" />
Verskeie klasmaats van Keith sy aan boord vir hul eerste missie.
    <time id="T547E" value="00:37:54,939" />
  </s>
  <s id="724">
    <time id="T548S" value="00:37:54,989" />
Luitenant Robbins, die vrou waarmee hy kontak probeer te maak.
    <time id="T548E" value="00:37:57,958" />
  </s>
  <s id="725">
    <time id="T549S" value="00:37:58,008" />
Die uiteindelike klap vir sy ego.
  </s>
  <s id="726">
Sy mag met vegvliegtuie vlieg en hy nie.
  </s>
  <s id="727">
- Laat NORAD/NORTHCOM die skip waarsku.
    <time id="T550E" value="00:38:03,296" />
  </s>
  <s id="728">
    <time id="T551S" value="00:38:03,346" />
5.000 man personeel, meer as 80 vliegtuie en 'n skip van ses miljard dollar.
    <time id="T551E" value="00:38:08,170" />
  </s>
  <s id="729">
    <time id="T552S" value="00:38:08,220" />
'n Flinke verliesrekening.
  </s>
  <s id="730">
- Hy kom nie in die buurt.
    <time id="T552E" value="00:38:10,501" />
  </s>
  <s id="731">
    <time id="T553S" value="00:38:10,551" />
Beskerm deur die beste op gebied van afweersystemen.
    <time id="T553E" value="00:38:13,506" />
  </s>
  <s id="732">
    <time id="T554S" value="00:38:13,556" />
Dit is 'n selfmoordmissie.
  </s>
  <s id="733">
- Admiraal, het die Benjamin Franklin magtiging om 'n burgerdoel neer te haal?
  </s>
  <s id="734">
- Die skip mag homself verdedig.
    <time id="T555E" value="00:38:20,779" />
  </s>
  <s id="735">
    <time id="T556S" value="00:38:21,079" />
Dit is die taktiese offisier.
  </s>
  <s id="736">
Beman die strydposte.
    <time id="T556E" value="00:38:24,382" />
  </s>
  <s id="737">
    <time id="T557S" value="00:38:24,582" />
Beman die strydposte.
    <time id="T557E" value="00:38:26,470" />
  </s>
  <s id="738">
    <time id="T558S" value="00:38:26,520" />
Lae, stadige vlieër inkomende aan stuurboordkant.
    <time id="T558E" value="00:38:29,417" />
  </s>
  <s id="739">
    <time id="T559S" value="00:38:29,517" />
Lae, stadige vlieër inkomende aan stuurboordkant.
    <time id="T559E" value="00:38:32,961" />
  </s>
  <s id="740">
    <time id="T560S" value="00:38:41,741" />
Baas, ek het die Unicom frekwensie.
    <time id="T560E" value="00:38:44,077" />
  </s>
  <s id="741">
    <time id="T561S" value="00:38:49,589" />
Luitenant Keith, dit is NCIS spesiale agent Gibbs.
    <time id="T561E" value="00:38:53,293" />
  </s>
  <s id="742">
    <time id="T562S" value="00:38:53,593" />
Die Benjamin Franklin het sy wapens op jou gerig.
    <time id="T562E" value="00:38:57,162" />
  </s>
  <s id="743">
    <time id="T563S" value="00:38:59,637" />
Luitenant?
    <time id="T563E" value="00:39:01,402" />
  </s>
  <s id="744">
    <time id="T564S" value="00:39:04,516" />
Dit hoef nie op die manier te eindig.
  </s>
  <s id="745">
- Jy verstaan dit nie.
    <time id="T564E" value="00:39:08,813" />
  </s>
  <s id="746">
    <time id="T565S" value="00:39:09,295" />
Ek moet dit doen.
    <time id="T565E" value="00:39:11,813" />
  </s>
  <s id="747">
    <time id="T566S" value="00:39:11,863" />
Nee, dit is nie so nie.
    <time id="T566E" value="00:39:14,362" />
  </s>
  <s id="748">
    <time id="T567S" value="00:39:16,529" />
Dana Robbins en ander aan boord tref lost niks op.
    <time id="T567E" value="00:39:20,475" />
  </s>
  <s id="749">
    <time id="T568S" value="00:39:23,270" />
Jy gaan die skip nooit bereik.
  </s>
  <s id="750">
Draai om.
    <time id="T568E" value="00:39:25,856" />
  </s>
  <s id="751">
    <time id="T569S" value="00:39:25,906" />
Ons sal jou help.
    <time id="T569E" value="00:39:27,207" />
  </s>
  <s id="752">
    <time id="T570S" value="00:39:27,307" />
Raketsystemen is gereed om te skiet.
  </s>
  <s id="753">
- Afweergeskut, doel in die teleskoop.
    <time id="T570E" value="00:39:32,517" />
  </s>
  <s id="754">
    <time id="T571S" value="00:39:32,567" />
Wapens geaktiveer.
    <time id="T571E" value="00:39:34,535" />
  </s>
  <s id="755">
    <time id="T572S" value="00:39:35,782" />
Luitenant Keith, daar sal op jou geskiet word.
    <time id="T572E" value="00:39:39,219" />
  </s>
  <s id="756">
    <time id="T573S" value="00:39:56,139" />
Die burgervliegtuig maak 'n draai na links.
    <time id="T573E" value="00:39:58,849" />
  </s>
  <s id="757">
    <time id="T574S" value="00:39:58,949" />
Ek bevestig, burgerpiloot verwyder hom van die vliegdekskip.
    <time id="T574E" value="00:40:03,513" />
  </s>
  <s id="758">
    <time id="T575S" value="00:40:03,563" />
Luitenant Keith, ATC sal jou vektore gee vir 'n veilige landing.
    <time id="T575E" value="00:40:08,107" />
  </s>
  <s id="759">
    <time id="T576S" value="00:40:08,881" />
Dit is te laat.
    <time id="T576E" value="00:40:10,795" />
  </s>
  <s id="760">
    <time id="T577S" value="00:40:22,093" />
Die burgervliegtuig is ontplof.
  </s>
  <s id="761">
Ek herhaal, burgervliegtuig is ontplof.
    <time id="T577E" value="00:40:26,668" />
  </s>
  <s id="762">
    <time id="T578S" value="00:40:37,685" />
Gaan wat slaap, ouens.
  </s>
  <s id="763">
- Dankie, baas.
    <time id="T578E" value="00:40:40,114" />
  </s>
  <s id="764">
    <time id="T579S" value="00:40:41,142" />
He, Eugene.
  </s>
  <s id="765">
Het jy iets nodig?
    <time id="T579E" value="00:40:43,744" />
  </s>
  <s id="766">
    <time id="T580S" value="00:40:43,794" />
Ek is hier vir spesiale agent McGee.
    <time id="T580E" value="00:40:45,823" />
  </s>
  <s id="767">
    <time id="T581S" value="00:40:46,683" />
Jy weet waarom ek hier is.
  </s>
  <s id="768">
Ek lei die ondersoek van die inspeksie.
    <time id="T581E" value="00:40:49,656" />
  </s>
  <s id="769">
    <time id="T582S" value="00:40:49,706" />
geloofsbriewe verloor is 'n ernstige misdryf, veral as dit nie onmiddellik word gemeld.
    <time id="T583E" value="00:40:54,699" />
  </s>
  <s id="770">
    <time id="T584S" value="00:40:59,922" />
He, ons het 'n paar lang dae agter die rug, weet jy?
    <time id="T584E" value="00:41:04,028" />
  </s>
  <s id="771">
    <time id="T585S" value="00:41:05,673" />
Jy moet kom saam met my.
    <time id="T585E" value="00:41:07,357" />
  </s>
  <s id="772">
    <time id="T586S" value="00:41:08,763" />
Wag eens even.
  </s>
  <s id="773">
Agent McGee gaan nêrens heen.
    <time id="T586E" value="00:41:11,932" />
  </s>
  <s id="774">
    <time id="T587S" value="00:41:12,132" />
Direkteur.
  </s>
  <s id="775">
- Agent McGee en sy span word versoek na die Wit Huis te gaan.
    <time id="T588E" value="00:41:17,140" />
  </s>
  <s id="776">
    <time id="T589S" value="00:41:17,190" />
Sy slim strategie redde talle lewens en 'n wapenstelsel van miljarde dollars.
    <time id="T589E" value="00:41:22,627" />
  </s>
  <s id="777">
    <time id="T590S" value="00:41:25,799" />
Ja, ons kom wel terug, Eugene.
    <time id="T590E" value="00:41:28,142" />
  </s>
  <s id="778">
    <time id="T591S" value="00:41:30,823" />
Vertaling en sync deur: 
  </s>
  <s id="779">
Rie van die Buggy's
    <time id="T591E" value="00:41:37,345" />
  </s>
  <meta>
    <conversion>
      <tokens>6340</tokens>
      <encoding>windows-1252</encoding>
      <corrected_words>0</corrected_words>
      <truecased_words>2</truecased_words>
      <unknown_words>0</unknown_words>
      <sentences>779</sentences>
      <ignored_blocks>0</ignored_blocks>
    </conversion>
    <subtitle>
      <machine_translated>0</machine_translated>
      <date>2013-11-26</date>
      <language>Afrikaans</language>
      <confidence>1.0</confidence>
      <duration>00:41:37,345</duration>
      <blocks>591</blocks>
      <version>1</version>
      <rating>1.0</rating>
    </subtitle>
    <source>
      <year>2013</year>
      <duration>40</duration>
      <cds>1/1</cds>
      <genre>Action,Comedy,Crime</genre>
      <HD>1</HD>
    </source>
  </meta>
</document>
