<?xml version="1.0" encoding="utf-8"?>
<document id="5333079">
  <s id="1">
    <time id="T1S" value="00:00:00,300" />
NCIS.S11E03.720p.WEB-DL.DD5.1.H.264-CtrlHD
    <time id="T1E" value="00:00:02,654" />
  </s>
  <s id="2">
    <time id="T2S" value="00:00:44,761" />
Soek jy Jerry?
    <time id="T2E" value="00:00:46,219" />
  </s>
  <s id="3">
    <time id="T3S" value="00:00:46,269" />
Ja, 'n geregistreerde skryf vir hom.
    <time id="T3E" value="00:00:48,057" />
  </s>
  <s id="4">
    <time id="T4S" value="00:00:48,107" />
Die posman het die gistermiddag.
  </s>
  <s id="5">
Ek het seker geteken.
    <time id="T4E" value="00:00:50,684" />
  </s>
  <s id="6">
    <time id="T5S" value="00:00:50,784" />
Wel, gee maar aan my, Courtney.
  </s>
  <s id="7">
Ek lê hom in sy woonstel.
    <time id="T5E" value="00:00:52,625" />
  </s>
  <s id="8">
    <time id="T6S" value="00:00:52,675" />
Dankie.
    <time id="T6E" value="00:00:54,718" />
  </s>
  <s id="9">
    <time id="T7S" value="00:00:58,267" />
Ek wil geen las wees, maar, ek het nog steeds miere in my kombuis.
    <time id="T7E" value="00:01:02,415" />
  </s>
  <s id="10">
    <time id="T8S" value="00:01:02,465" />
Die exterminators kom na die middag.
    <time id="T8E" value="00:01:04,365" />
  </s>
  <s id="11">
    <time id="T9S" value="00:01:04,415" />
Hulle sal weg wees vir jy terug van skool kom, belowe.
    <time id="T9E" value="00:01:06,895" />
  </s>
  <s id="12">
    <time id="T10S" value="00:01:06,945" />
Dankie.
  </s>
  <s id="13">
- Daarvoor is ek daar.
    <time id="T10E" value="00:01:09,418" />
  </s>
  <s id="14">
    <time id="T11S" value="00:01:20,673" />
NCIS Seisoen 11 
  </s>
  <s id="15">
- Episode 3 Under the Radar
    <time id="T11E" value="00:01:26,952" />
  </s>
  <s id="16">
    <time id="T12S" value="00:01:46,767" />
Vertaling en sync deur: 
  </s>
  <s id="17">
Rie van die Buggy's
    <time id="T12E" value="00:01:50,050" />
  </s>
  <s id="18">
    <time id="T13S" value="00:02:00,891" />
He, Murray.
    <time id="T13E" value="00:02:02,747" />
  </s>
  <s id="19">
    <time id="T14S" value="00:02:03,501" />
Wat doen jy aan die lessenaar van Ziva?
    <time id="T14E" value="00:02:05,677" />
  </s>
  <s id="20">
    <time id="T15S" value="00:02:05,777" />
Amptelik is dit haar lessenaar nie meer, agent DiNozzo.
    <time id="T15E" value="00:02:09,138" />
  </s>
  <s id="21">
    <time id="T16S" value="00:02:10,209" />
Gaan Gibbs haar vervang?
  </s>
  <s id="22">
- Dat weet ek nie.
    <time id="T16E" value="00:02:13,573" />
  </s>
  <s id="23">
    <time id="T17S" value="00:02:13,873" />
Dit is net 'n week.
    <time id="T17E" value="00:02:15,780" />
  </s>
  <s id="24">
    <time id="T18S" value="00:02:15,830" />
Hy het dit nog nie met me bespreek.
  </s>
  <s id="25">
Ek herhaal, Murray.
    <time id="T18E" value="00:02:18,815" />
  </s>
  <s id="26">
    <time id="T19S" value="00:02:19,678" />
Wat doen jy?
  </s>
  <s id="27">
- Standaard prosedure.
    <time id="T19E" value="00:02:21,460" />
  </s>
  <s id="28">
    <time id="T20S" value="00:02:21,510" />
Ek maak haar hardeskyf skoon.
    <time id="T20E" value="00:02:24,712" />
  </s>
  <s id="29">
    <time id="T21S" value="00:02:36,313" />
Die lyk 'n bietjie op jou.
  </s>
  <s id="30">
- Dit is so.
    <time id="T21E" value="00:02:38,295" />
  </s>
  <s id="31">
    <time id="T22S" value="00:02:38,345" />
Hoe heg was julle.
  </s>
  <s id="32">
- Gee hier.
    <time id="T22E" value="00:02:40,308" />
  </s>
  <s id="33">
    <time id="T23S" value="00:02:48,640" />
Goeie môre, agent McGee.
    <time id="T23E" value="00:02:50,839" />
  </s>
  <s id="34">
    <time id="T24S" value="00:02:50,939" />
He, Tim.
    <time id="T24E" value="00:02:52,766" />
  </s>
  <s id="35">
    <time id="T25S" value="00:03:07,292" />
Wat skeel daar?
    <time id="T25E" value="00:03:08,819" />
  </s>
  <s id="36">
    <time id="T26S" value="00:03:08,919" />
Ek vind my penning en identifikasie nie.
    <time id="T26E" value="00:03:11,248" />
  </s>
  <s id="37">
    <time id="T27S" value="00:03:11,298" />
Jouw geloofsbriewe verloor, dat is baie erg.
  </s>
  <s id="38">
- Ja, dat weet ek, Tony.
    <time id="T27E" value="00:03:14,303" />
  </s>
  <s id="39">
    <time id="T28S" value="00:03:14,353" />
Ek kon hulle by die huis nie vind, ek het gehoop dat ek hulle hier gelaat het.
    <time id="T28E" value="00:03:16,742" />
  </s>
  <s id="40">
    <time id="T29S" value="00:03:16,842" />
Jy is die klos.
  </s>
  <s id="41">
- Goddank het ek my toegang kaart nog.
    <time id="T29E" value="00:03:20,184" />
  </s>
  <s id="42">
    <time id="T30S" value="00:03:20,234" />
Verlies van geloofsbriewe lei outomaties tot 'n generaal inspeksie 2B navorsing.
    <time id="T30E" value="00:03:23,517" />
  </s>
  <s id="43">
    <time id="T31S" value="00:03:23,567" />
Dit is amper so erg soos die verlies van jou wapen.
    <time id="T31E" value="00:03:25,356" />
  </s>
  <s id="44">
    <time id="T32S" value="00:03:25,406" />
Dat is jy tog ook nie kwijt?
    <time id="T32E" value="00:03:26,506" />
  </s>
  <s id="45">
    <time id="T33S" value="00:03:26,576" />
Bly so voortgaan en ek gebruik dit nog.
  </s>
  <s id="46">
- He, rustig, OK?
    <time id="T33E" value="00:03:30,001" />
  </s>
  <s id="47">
    <time id="T34S" value="00:03:30,051" />
Nie direk nodig het verlies aan te gee as hulle gevind word, OK?
    <time id="T34E" value="00:03:33,033" />
  </s>
  <s id="48">
    <time id="T35S" value="00:03:33,083" />
Jy moet net nadink.
  </s>
  <s id="49">
visualiseer
    <time id="T35E" value="00:03:35,763" />
  </s>
  <s id="50">
    <time id="T36S" value="00:03:35,963" />
Wanneer het jy hulle die laaste keer gesien?
  </s>
  <s id="51">
- Tony, dat het ek probeer.
    <time id="T36E" value="00:03:38,617" />
  </s>
  <s id="52">
    <time id="T37S" value="00:03:38,667" />
Explosie, het die woonstel van JG opgeblaas.
  </s>
  <s id="53">
- Slagoffers?
    <time id="T37E" value="00:03:41,897" />
  </s>
  <s id="54">
    <time id="T38S" value="00:03:41,947" />
Ja, die gebou bestuurder.
    <time id="T38E" value="00:03:44,081" />
  </s>
  <s id="55">
    <time id="T39S" value="00:03:46,109" />
Wag jy op 'n spesiale uitnodiging, McGee?
    <time id="T39E" value="00:03:48,896" />
  </s>
  <s id="56">
    <time id="T40S" value="00:03:50,721" />
Nee, baas.
    <time id="T40E" value="00:03:52,711" />
  </s>
  <s id="57">
    <time id="T41S" value="00:04:02,053" />
Ek het dit nie goed gesien, meneer.
    <time id="T41E" value="00:04:04,642" />
  </s>
  <s id="58">
    <time id="T42S" value="00:04:10,408" />
Dankie, spesiale agent Gibbs.
    <time id="T42E" value="00:04:12,698" />
  </s>
  <s id="59">
    <time id="T43S" value="00:04:15,796" />
Die rookie tjeks eintlik die identiteite.
    <time id="T43E" value="00:04:18,894" />
  </s>
  <s id="60">
    <time id="T44S" value="00:04:18,944" />
Ongewoon en jammer vir jou.
    <time id="T44E" value="00:04:22,338" />
  </s>
  <s id="61">
    <time id="T45S" value="00:04:26,502" />
Soos jy kan sien, spesiale agent Anthony DiNozzo.
    <time id="T45E" value="00:04:30,051" />
  </s>
  <s id="62">
    <time id="T46S" value="00:04:30,720" />
Dankie, meneer.
  </s>
  <s id="63">
- Dankie.
    <time id="T46E" value="00:04:33,252" />
  </s>
  <s id="64">
    <time id="T47S" value="00:04:50,023" />
Gaan voort.
  </s>
  <s id="65">
- Dankie.
    <time id="T47E" value="00:04:52,441" />
  </s>
  <s id="66">
    <time id="T48S" value="00:04:58,697" />
Goed, by drie.
  </s>
  <s id="67">
Een, twee...
    <time id="T48E" value="00:05:02,643" />
  </s>
  <s id="68">
    <time id="T49S" value="00:05:05,070" />
Dat is ek, dit is wat van my.
    <time id="T49E" value="00:05:06,735" />
  </s>
  <s id="69">
    <time id="T50S" value="00:05:07,970" />
Ek weet hoe jy dink oor telefoonoproepe op die terrein, dokter, maar dit is Breena.
    <time id="T50E" value="00:05:11,359" />
  </s>
  <s id="70">
    <time id="T51S" value="00:05:11,409" />
Ons sou mekaar tref by die aanneming prokureur, dus...
    <time id="T51E" value="00:05:13,584" />
  </s>
  <s id="71">
    <time id="T52S" value="00:05:13,634" />
Beantwoord het, Mr Palmer.
  </s>
  <s id="72">
- Ja?
    <time id="T52E" value="00:05:15,946" />
  </s>
  <s id="73">
    <time id="T53S" value="00:05:15,996" />
Ja.
  </s>
  <s id="74">
- He, Breena.
    <time id="T53E" value="00:05:18,098" />
  </s>
  <s id="75">
    <time id="T54S" value="00:05:21,527" />
Aanneming prokureur, Gaan hulle dit regtig doen?
    <time id="T54E" value="00:05:23,272" />
  </s>
  <s id="76">
    <time id="T55S" value="00:05:23,372" />
Baie beslis en...
  </s>
  <s id="77">
Breena sal even duur.
    <time id="T55E" value="00:05:26,187" />
  </s>
  <s id="78">
    <time id="T56S" value="00:05:26,237" />
Sou jy me even wil help?
    <time id="T56E" value="00:05:28,664" />
  </s>
  <s id="79">
    <time id="T57S" value="00:05:29,167" />
Oh, nou, dit is nie regtig my...
    <time id="T57E" value="00:05:33,386" />
  </s>
  <s id="80">
    <time id="T58S" value="00:05:35,094" />
Beslis.
  </s>
  <s id="81">
- Een, twee, drie.
    <time id="T58E" value="00:05:39,088" />
  </s>
  <s id="82">
    <time id="T59S" value="00:05:41,904" />
Ja, dit is nou eers interessant.
    <time id="T59E" value="00:05:43,717" />
  </s>
  <s id="83">
    <time id="T60S" value="00:05:43,767" />
Die arme man het die volle laag van die ontploffing gekry.
    <time id="T60E" value="00:05:47,130" />
  </s>
  <s id="84">
    <time id="T61S" value="00:05:49,658" />
'n Goedkoop lading.
    <time id="T61E" value="00:05:51,846" />
  </s>
  <s id="85">
    <time id="T62S" value="00:05:52,370" />
Bedoel om die een wat die deur oopmaak dood te maak.
    <time id="T62E" value="00:05:55,455" />
  </s>
  <s id="86">
    <time id="T63S" value="00:06:00,658" />
Ek klop aan sy deur, ek het probeer om hom sy pos te besorg en...
    <time id="T63E" value="00:06:03,746" />
  </s>
  <s id="87">
    <time id="T64S" value="00:06:04,246" />
Ek ken die luitenant enkel as buurman.
  </s>
  <s id="88">
Dit was 'n mooi man, maar 'n stille.
    <time id="T64E" value="00:06:09,031" />
  </s>
  <s id="89">
    <time id="T65S" value="00:06:09,431" />
Ons het skaars oor iets gepraat.
  </s>
  <s id="90">
- Wat weet jy oor die geregistreerde brief?
    <time id="T65E" value="00:06:13,786" />
  </s>
  <s id="91">
    <time id="T66S" value="00:06:15,027" />
Die brief waarvoor jy onderteken.
    <time id="T66E" value="00:06:16,687" />
  </s>
  <s id="92">
    <time id="T67S" value="00:06:16,787" />
Dit spyt my, maar my ore gesuis nog.
    <time id="T67E" value="00:06:19,572" />
  </s>
  <s id="93">
    <time id="T68S" value="00:06:19,672" />
Gaan na die hospitaal.
  </s>
  <s id="94">
Ons neem later kontak op, OK?
    <time id="T68E" value="00:06:24,244" />
  </s>
  <s id="95">
    <time id="T69S" value="00:06:26,939" />
Ek het die bevelvoerder van luitenant Keith gepraat in die Pentagon.
    <time id="T69E" value="00:06:29,818" />
  </s>
  <s id="96">
    <time id="T70S" value="00:06:29,868" />
Keith is twee weke met verlof, op besoek by sy moeder in Fort Wayne, Indiana.
    <time id="T70E" value="00:06:33,595" />
  </s>
  <s id="97">
    <time id="T71S" value="00:06:33,645" />
Hy is weg en iemand plaas 'n bom in sy woonstel.
    <time id="T71E" value="00:06:36,889" />
  </s>
  <s id="98">
    <time id="T72S" value="00:06:36,989" />
Onderluitenant Terence Keith, 26, gegroei op in Fort Wayne, Indiana.
    <time id="T72E" value="00:06:40,587" />
  </s>
  <s id="99">
    <time id="T73S" value="00:06:40,637" />
Studeer af aan Montana State, is dan na die offisiere kandidaat skool gegaan in Newport, Rhode Island.
  </s>
  <s id="100">
Ek hou van Rhode Island.
    <time id="T74E" value="00:06:46,833" />
  </s>
  <s id="101">
    <time id="T75S" value="00:06:46,883" />
Hy wou vlieg maar het 'n vlug opleiding in Whiting Field in Florida laat vaar.
    <time id="T75E" value="00:06:51,643" />
  </s>
  <s id="102">
    <time id="T76S" value="00:06:51,693" />
Hy is verlede jaar aangestel vir sy huidige taak by die Pentagon.
    <time id="T76E" value="00:06:54,390" />
  </s>
  <s id="103">
    <time id="T77S" value="00:06:54,490" />
Laat vaar? 
  </s>
  <s id="104">
Wat was die probleem?
  </s>
  <s id="105">
- Dat ons trek nog na.
    <time id="T77E" value="00:06:56,632" />
  </s>
  <s id="106">
    <time id="T78S" value="00:06:56,682" />
Baas, daar is iets mis, dat was die moeder van Keith in Fort Wayne.
    <time id="T78E" value="00:06:59,553" />
  </s>
  <s id="107">
    <time id="T79S" value="00:06:59,603" />
Hy is nie daar nie en Sy verwag hom nie.
  </s>
  <s id="108">
- Het Sy hom gepraat?
    <time id="T79E" value="00:07:02,440" />
  </s>
  <s id="109">
    <time id="T80S" value="00:07:02,490" />
Al in geen weke.
    <time id="T80E" value="00:07:04,287" />
  </s>
  <s id="110">
    <time id="T81S" value="00:07:15,826" />
Iets?
    <time id="T81E" value="00:07:16,880" />
  </s>
  <s id="111">
    <time id="T82S" value="00:07:16,930" />
Die grys pick-up van luitenant Keith word opgespoor.
    <time id="T82E" value="00:07:19,992" />
  </s>
  <s id="112">
    <time id="T83S" value="00:07:20,409" />
Sy kredietkaart is die laaste twee dae nie gebruik nie.
    <time id="T83E" value="00:07:22,606" />
  </s>
  <s id="113">
    <time id="T84S" value="00:07:22,656" />
Sy selfoon is afgeskakel.
    <time id="T84E" value="00:07:24,736" />
  </s>
  <s id="114">
    <time id="T85S" value="00:07:47,105" />
NCIS.
    <time id="T85E" value="00:07:48,771" />
  </s>
  <s id="115">
    <time id="T86S" value="00:07:50,639" />
Sy werk hier nie meer nie.
    <time id="T86E" value="00:07:52,821" />
  </s>
  <s id="116">
    <time id="T87S" value="00:07:53,747" />
Dit spyt my, ek het geen nuwe nommer.
    <time id="T87E" value="00:07:56,310" />
  </s>
  <s id="117">
    <time id="T88S" value="00:07:57,625" />
Beslis.
    <time id="T88E" value="00:07:59,409" />
  </s>
  <s id="118">
    <time id="T89S" value="00:08:01,670" />
Die mondhygiënist van Ziva, sy het 'n afspraak, hulle gebel om te bevestig.
    <time id="T89E" value="00:08:05,340" />
  </s>
  <s id="119">
    <time id="T90S" value="00:08:05,390" />
Moeilik om te glo dat sy nie terugkom.
  </s>
  <s id="120">
- Sy wou voortgaan.
    <time id="T90E" value="00:08:08,573" />
  </s>
  <s id="121">
    <time id="T91S" value="00:08:09,111" />
Dus, laat ons ook voortgaan.
    <time id="T91E" value="00:08:11,430" />
  </s>
  <s id="122">
    <time id="T92S" value="00:08:13,849" />
He, probie.
    <time id="T92E" value="00:08:16,259" />
  </s>
  <s id="123">
    <time id="T93S" value="00:08:16,459" />
Vera.
    <time id="T93E" value="00:08:18,163" />
  </s>
  <s id="124">
    <time id="T94S" value="00:08:18,213" />
Ek is verras jou hier te sien.
    <time id="T94E" value="00:08:20,476" />
  </s>
  <s id="125">
    <time id="T95S" value="00:08:20,876" />
Ja, ek het daarin geslaag om die hoofkwartier 20 jaar te vermy.
    <time id="T95E" value="00:08:24,872" />
  </s>
  <s id="126">
    <time id="T96S" value="00:08:24,922" />
Nou het hulle me opgeroep.
  </s>
  <s id="127">
Ek moet Vance ontmoet.
    <time id="T96E" value="00:08:27,050" />
  </s>
  <s id="128">
    <time id="T97S" value="00:08:27,150" />
Ek is al 'n half uur te laat. 
  </s>
  <s id="129">
Is hy hier?
  </s>
  <s id="130">
- Nee, 'n na bo.
    <time id="T97E" value="00:08:30,374" />
  </s>
  <s id="131">
    <time id="T98S" value="00:08:30,424" />
Goed.
  </s>
  <s id="132">
- Bly om jou te sien, Vera.
    <time id="T98E" value="00:08:32,589" />
  </s>
  <s id="133">
    <time id="T99S" value="00:08:32,689" />
Pret julle te sien, ouens.
    <time id="T99E" value="00:08:35,431" />
  </s>
  <s id="134">
    <time id="T100S" value="00:08:36,266" />
Jy sien daar goed uit, Leroy.
    <time id="T100E" value="00:08:39,063" />
  </s>
  <s id="135">
    <time id="T101S" value="00:08:39,680" />
Ons praat later wel by.
    <time id="T101E" value="00:08:41,747" />
  </s>
  <s id="136">
    <time id="T102S" value="00:08:48,227" />
Ja.
    <time id="T102E" value="00:08:50,117" />
  </s>
  <s id="137">
    <time id="T103S" value="00:08:52,313" />
Wie was dat, baas?
  </s>
  <s id="138">
- Euh, spesiale agent Vera Strickland.
    <time id="T103E" value="00:08:55,776" />
  </s>
  <s id="139">
    <time id="T104S" value="00:08:55,826" />
Probie?
  </s>
  <s id="140">
- Die nuutste vennoot van Mike Franks.
    <time id="T104E" value="00:08:57,917" />
  </s>
  <s id="141">
    <time id="T105S" value="00:08:57,967" />
McGee, kom met my mee. 
  </s>
  <s id="142">
Die Pentagon, praat met die bevelvoerder van luitenant Keith.
    <time id="T105E" value="00:09:02,968" />
  </s>
  <s id="143">
    <time id="T106S" value="00:09:03,018" />
Baas, baas, Abby het my hulp nodig.
    <time id="T106E" value="00:09:05,032" />
  </s>
  <s id="144">
    <time id="T107S" value="00:09:05,082" />
Sy het hulp nodig met die oorblyfsels van die bom, het sy gesê.
    <time id="T107E" value="00:09:09,386" />
  </s>
  <s id="145">
    <time id="T108S" value="00:09:12,090" />
Is dit goed?
    <time id="T108E" value="00:09:14,038" />
  </s>
  <s id="146">
    <time id="T109S" value="00:09:16,946" />
Ja.
  </s>
  <s id="147">
Ja, dit is goed.
    <time id="T109E" value="00:09:19,700" />
  </s>
  <s id="148">
    <time id="T110S" value="00:09:22,384" />
Loog jy net teen die alwetende Gibbs?
  </s>
  <s id="149">
- Dat was dom, reg?
    <time id="T110E" value="00:09:25,937" />
  </s>
  <s id="150">
    <time id="T111S" value="00:09:25,987" />
Ja.
  </s>
  <s id="151">
- Ek het paniekbevange.
    <time id="T111E" value="00:09:27,932" />
  </s>
  <s id="152">
    <time id="T112S" value="00:09:27,982" />
Hulle laat my nie binne by die Pentagon, sonder my geloofsbriewe.
    <time id="T112E" value="00:09:30,233" />
  </s>
  <s id="153">
    <time id="T113S" value="00:09:30,283" />
Ek sal tog die verlies moet rapporteer.
    <time id="T113E" value="00:09:32,819" />
  </s>
  <s id="154">
    <time id="T114S" value="00:09:33,405" />
Nie bel.
  </s>
  <s id="155">
Hulle kom wel voor die penne.
    <time id="T114E" value="00:09:35,728" />
  </s>
  <s id="156">
    <time id="T115S" value="00:09:35,778" />
Het jy daar iets mee te maak, Tony?
  </s>
  <s id="157">
- Nee.
    <time id="T115E" value="00:09:38,066" />
  </s>
  <s id="158">
    <time id="T116S" value="00:09:38,116" />
Nee.
  </s>
  <s id="159">
Nee.
    <time id="T116E" value="00:09:40,568" />
  </s>
  <s id="160">
    <time id="T117S" value="00:09:40,618" />
Jy het hulle dalk iewers domweg gelê.
  </s>
  <s id="161">
Waar was jy gisteraand?
    <time id="T117E" value="00:09:43,215" />
  </s>
  <s id="162">
    <time id="T118S" value="00:09:43,265" />
Ek het dit al duisend keer oorloop.
  </s>
  <s id="163">
- Het jy 'n quickie met jou spesiale vriendin van Defensie, Delilah?
    <time id="T119E" value="00:09:48,870" />
  </s>
  <s id="164">
    <time id="T120S" value="00:09:59,289" />
Wat is dit?
    <time id="T120E" value="00:10:01,029" />
  </s>
  <s id="165">
    <time id="T121S" value="00:10:03,090" />
Dit is verhard.
    <time id="T121E" value="00:10:04,832" />
  </s>
  <s id="166">
    <time id="T122S" value="00:10:06,634" />
Dit stink.
  </s>
  <s id="167">
- Wat mompel jy daar, Mr Palmer.
    <time id="T122E" value="00:10:10,051" />
  </s>
  <s id="168">
    <time id="T123S" value="00:10:10,101" />
Daar is iets gesmelt onder die weefsel.
  </s>
  <s id="169">
Hier, sien jy dit?
    <time id="T123E" value="00:10:12,945" />
  </s>
  <s id="170">
    <time id="T124S" value="00:10:12,995" />
Bring dit na Abby, Sy sal dit identifiseer.
    <time id="T124E" value="00:10:15,808" />
  </s>
  <s id="171">
    <time id="T125S" value="00:10:21,177" />
Breena, Sy stuur 'n boodskap.
    <time id="T125E" value="00:10:22,698" />
  </s>
  <s id="172">
    <time id="T126S" value="00:10:22,748" />
Ons moes 'n nuwe afspraak maak met die aanneming prokureur.
    <time id="T126E" value="00:10:26,088" />
  </s>
  <s id="173">
    <time id="T127S" value="00:10:26,188" />
Die enigste moontlikheid wat hy sien is binne 20 minute. 
  </s>
  <s id="174">
Geweldig.
    <time id="T127E" value="00:10:30,188" />
  </s>
  <s id="175">
    <time id="T128S" value="00:10:30,672" />
Ek moet haar sê?
  </s>
  <s id="176">
dat ek nie kan.
  </s>
  <s id="177">
- Ek bring dit wel na Abby.
    <time id="T128E" value="00:10:33,149" />
  </s>
  <s id="178">
    <time id="T129S" value="00:10:33,199" />
Gaan jy maar na Breena.
    <time id="T129E" value="00:10:35,390" />
  </s>
  <s id="179">
    <time id="T130S" value="00:10:37,189" />
Ek waardeer dit baie, Dr Mallard.
    <time id="T130E" value="00:10:39,834" />
  </s>
  <s id="180">
    <time id="T131S" value="00:10:39,934" />
Sy loop al lang senuweeagtig deur die aanneming proses.
    <time id="T131E" value="00:10:43,055" />
  </s>
  <s id="181">
    <time id="T132S" value="00:10:43,155" />
Ek is nie senuweeagtig, sy is senuweeagtig.
  </s>
  <s id="182">
- Sê haar dat sy hom moet ontspan en dink aan die eindresultaat.
    <time id="T133E" value="00:10:48,805" />
  </s>
  <s id="183">
    <time id="T134S" value="00:10:48,905" />
Mr Palmer, Ek beny jou kans om 'n gesin te hê.
    <time id="T134E" value="00:10:54,697" />
  </s>
  <s id="184">
    <time id="T135S" value="00:10:56,422" />
Ga.
    <time id="T135E" value="00:10:58,313" />
  </s>
  <s id="185">
    <time id="T136S" value="00:11:13,991" />
Abby.
  </s>
  <s id="186">
- Wag even, dit is my gunsteling stuk.
    <time id="T136E" value="00:11:17,072" />
  </s>
  <s id="187">
    <time id="T137S" value="00:11:27,800" />
Hoe goed was die Sterile Puppets gisteraand?
    <time id="T137E" value="00:11:30,022" />
  </s>
  <s id="188">
    <time id="T138S" value="00:11:30,072" />
Ja, die klankstelsel in RFK was moordend.
    <time id="T138E" value="00:11:32,274" />
  </s>
  <s id="189">
    <time id="T139S" value="00:11:32,374" />
En Lynch, wat 'n drummer, reg?
    <time id="T139E" value="00:11:34,835" />
  </s>
  <s id="190">
    <time id="T140S" value="00:11:34,885" />
Bedank hom vir die kaartjies.
    <time id="T140E" value="00:11:36,037" />
  </s>
  <s id="191">
    <time id="T141S" value="00:11:36,087" />
Dit was so pret in die pit. 
  </s>
  <s id="192">
Twitter gesien?
    <time id="T141E" value="00:11:38,131" />
  </s>
  <s id="193">
    <time id="T142S" value="00:11:38,181" />
Die Puppets sy trending sedert die konsert.
    <time id="T142E" value="00:11:40,490" />
  </s>
  <s id="194">
    <time id="T143S" value="00:11:40,540" />
Dat is fyn.
    <time id="T143E" value="00:11:42,477" />
  </s>
  <s id="195">
    <time id="T144S" value="00:11:44,155" />
Wat skeel daar?
  </s>
  <s id="196">
- Ek is m'n penning en identifikasie kwyt.
    <time id="T144E" value="00:11:47,559" />
  </s>
  <s id="197">
    <time id="T145S" value="00:11:50,560" />
Ja, kan tydens die konsert gebeur het, in al dat gedrum.
    <time id="T145E" value="00:11:53,874" />
  </s>
  <s id="198">
    <time id="T146S" value="00:11:53,924" />
Oh, God, ek hoop van nie.
  </s>
  <s id="199">
Wat het Gibbs gesê?
    <time id="T146E" value="00:11:56,843" />
  </s>
  <s id="200">
    <time id="T147S" value="00:11:57,823" />
Ek het dit hom nie vertel.
  </s>
  <s id="201">
Abby, stel dat ek besteel is.
    <time id="T147E" value="00:12:01,473" />
  </s>
  <s id="202">
    <time id="T148S" value="00:12:06,022" />
Wat is dit?
    <time id="T148E" value="00:12:07,849" />
  </s>
  <s id="203">
    <time id="T149S" value="00:12:07,899" />
Dit is die serp van Ziva.
    <time id="T149E" value="00:12:10,325" />
  </s>
  <s id="204">
    <time id="T150S" value="00:12:10,375" />
Oh, ja.
    <time id="T150E" value="00:12:12,408" />
  </s>
  <s id="205">
    <time id="T151S" value="00:12:13,392" />
Ek onthou die me nog. 
  </s>
  <s id="206">
Sy het hom gedra haar eerste dag by die NCIS.
    <time id="T151E" value="00:12:16,191" />
  </s>
  <s id="207">
    <time id="T152S" value="00:12:16,241" />
Toe ons vriende was, ek gekomplimenteer haar op dit, en sy het hom aan my gegee.
    <time id="T152E" value="00:12:20,986" />
  </s>
  <s id="208">
    <time id="T153S" value="00:12:21,086" />
Ek het hom gedra vandag, dit het my 'n goeie gevoel gegee.
    <time id="T153E" value="00:12:23,140" />
  </s>
  <s id="209">
    <time id="T154S" value="00:12:23,190" />
Dus, miskien werk dit vir jou ook.
    <time id="T154E" value="00:12:25,751" />
  </s>
  <s id="210">
    <time id="T155S" value="00:12:26,109" />
Het jy met haar gepraat?
  </s>
  <s id="211">
- Een teksboodskap gestuur.
    <time id="T155E" value="00:12:28,667" />
  </s>
  <s id="212">
    <time id="T156S" value="00:12:28,717" />
Nog nie terug gekry.
    <time id="T156E" value="00:12:30,600" />
  </s>
  <s id="213">
    <time id="T157S" value="00:12:31,284" />
Oh, die goeie dokter.
  </s>
  <s id="214">
Wat bring julle me?
    <time id="T157E" value="00:12:34,265" />
  </s>
  <s id="215">
    <time id="T158S" value="00:12:34,315" />
Die klere van die onlangs oorledene, mev.
    <time id="T158E" value="00:12:37,881" />
  </s>
  <s id="216">
    <time id="T159S" value="00:12:37,931" />
Die hitte van die ontploffing gesmelt iets aan sy hemp.
    <time id="T159E" value="00:12:41,637" />
  </s>
  <s id="217">
    <time id="T160S" value="00:12:41,687" />
Dit lyk soos, plastiek.
    <time id="T160E" value="00:12:43,820" />
  </s>
  <s id="218">
    <time id="T161S" value="00:12:44,596" />
Miskien 'n bankkaart, ek trek dit na.
  </s>
  <s id="219">
- Enige sukses met die bom?
    <time id="T161E" value="00:12:47,576" />
  </s>
  <s id="220">
    <time id="T162S" value="00:12:47,626" />
Ek kon vind dat die plofbare C-4 was.
    <time id="T162E" value="00:12:50,968" />
  </s>
  <s id="221">
    <time id="T163S" value="00:12:51,018" />
Gegewe die omvang van die ontploffing, dink ek ongeveer 350 gram.
    <time id="T163E" value="00:12:55,983" />
  </s>
  <s id="222">
    <time id="T164S" value="00:12:56,183" />
Dat verklaar die enorme trauma aan die liggaam van die gebou bestuurder.
    <time id="T164E" value="00:13:00,264" />
  </s>
  <s id="223">
    <time id="T165S" value="00:13:00,314" />
Kon jy die luitenant al vind, agent McGee?
  </s>
  <s id="224">
- Jammer genoeg nie.
    <time id="T165E" value="00:13:04,375" />
  </s>
  <s id="225">
    <time id="T166S" value="00:13:04,904" />
Ek glo nie dat ek jou ooit al 'n serp sien dra het.
    <time id="T166E" value="00:13:08,970" />
  </s>
  <s id="226">
    <time id="T167S" value="00:13:12,539" />
Ek is in die war.
  </s>
  <s id="227">
Is Keith nie in Fort Wayne?
    <time id="T167E" value="00:13:14,626" />
  </s>
  <s id="228">
    <time id="T168S" value="00:13:14,676" />
Sy moeder sien of het hom in geen weke.
  </s>
  <s id="229">
Sy verwag hom ook nie.
    <time id="T168E" value="00:13:17,764" />
  </s>
  <s id="230">
    <time id="T169S" value="00:13:17,814" />
Ek weet nie wat ek moet sê, agent Gibbs.
    <time id="T169E" value="00:13:19,927" />
  </s>
  <s id="231">
    <time id="T170S" value="00:13:20,027" />
Waarom sou hy lieg?
  </s>
  <s id="232">
- Dat weet ek nie.
    <time id="T170E" value="00:13:22,318" />
  </s>
  <s id="233">
    <time id="T171S" value="00:13:24,568" />
Iets op die werk wat hom in gevaar kan bring?
    <time id="T171E" value="00:13:26,530" />
  </s>
  <s id="234">
    <time id="T172S" value="00:13:26,580" />
Nee, sy pligte is hoofsaaklik van administratiewe aard
    <time id="T172E" value="00:13:28,943" />
  </s>
  <s id="235">
    <time id="T173S" value="00:13:29,043" />
Hy het geen magtiging voor geheim materiaal.
    <time id="T173E" value="00:13:31,134" />
  </s>
  <s id="236">
    <time id="T174S" value="00:13:31,312" />
Ek kan nie glo dat hulle hom wil doodmaak.
  </s>
  <s id="237">
Hy is nogal stil en introvert.
    <time id="T174E" value="00:13:35,643" />
  </s>
  <s id="238">
    <time id="T175S" value="00:13:35,878" />
Wat kan jy my vertel oor die persoonlike lewe van luitenant Keith?
    <time id="T175E" value="00:13:38,426" />
  </s>
  <s id="239">
    <time id="T176S" value="00:13:38,526" />
Nie veel nie, trouens, ek dink nie dat ek hom ooit buite die kantoor gesien het.
    <time id="T176E" value="00:13:41,673" />
  </s>
  <s id="240">
    <time id="T177S" value="00:13:41,723" />
Is hy goed in sy werk?
  </s>
  <s id="241">
- Voldoende.
    <time id="T177E" value="00:13:44,277" />
  </s>
  <s id="242">
    <time id="T178S" value="00:13:45,145" />
Doen hy dit nie van harte.
    <time id="T178E" value="00:13:46,975" />
  </s>
  <s id="243">
    <time id="T179S" value="00:13:47,025" />
Eens hy die vlug opleiding het laat vaar, doen hy sy tyd uit, dink ek.
    <time id="T179E" value="00:13:50,324" />
  </s>
  <s id="244">
    <time id="T180S" value="00:13:50,374" />
Ek bied hom 'n werk aan met loopbaan perspektief.
    <time id="T180E" value="00:13:52,491" />
  </s>
  <s id="245">
    <time id="T181S" value="00:13:52,541" />
Maar het dit vir hom nie.
  </s>
  <s id="246">
- Het hy daar 'n rede voor?
    <time id="T181E" value="00:13:54,575" />
  </s>
  <s id="247">
    <time id="T182S" value="00:13:54,675" />
Nee.
  </s>
  <s id="248">
Hy is 'n vreemde eend.
    <time id="T182E" value="00:13:57,224" />
  </s>
  <s id="249">
    <time id="T183S" value="00:13:57,424" />
Hoe bedoel jy?
  </s>
  <s id="250">
- Net, ek kan geen vat op die man kry.
    <time id="T184E" value="00:14:01,959" />
  </s>
  <s id="251">
    <time id="T185S" value="00:14:02,059" />
Dus, dit is MTAC?
    <time id="T185E" value="00:14:04,026" />
  </s>
  <s id="252">
    <time id="T186S" value="00:14:05,117" />
Vera, ek het jou gesig op dat skerm gesien meer as wat ek kan onthou.
    <time id="T186E" value="00:14:09,635" />
  </s>
  <s id="253">
    <time id="T187S" value="00:14:09,949" />
Ek kon my nie voorstel dat dit so groot was.
    <time id="T187E" value="00:14:11,904" />
  </s>
  <s id="254">
    <time id="T188S" value="00:14:11,954" />
Dit moet elke rimpel op m'n smoel gewys het.
    <time id="T188E" value="00:14:13,875" />
  </s>
  <s id="255">
    <time id="T189S" value="00:14:13,925" />
Jy moet 'n vrou tog wat uitstel gun.
    <time id="T189E" value="00:14:16,330" />
  </s>
  <s id="256">
    <time id="T190S" value="00:14:27,758" />
McGee, wat doen jy daar?
    <time id="T191E" value="00:14:32,266" />
  </s>
  <s id="257">
    <time id="T192S" value="00:14:38,422" />
Ek vind die sleutel van my kar nie en ek het gedink dat ek hom hier laat val het.
    <time id="T192E" value="00:14:42,580" />
  </s>
  <s id="258">
    <time id="T193S" value="00:14:42,630" />
McGee, ek wil jou voorstel aan spesiale agent Vera Strickland.
    <time id="T193E" value="00:14:45,453" />
  </s>
  <s id="259">
    <time id="T194S" value="00:14:45,503" />
Wel, ons het mekaar eintlik al ontmoet, Leon.
    <time id="T194E" value="00:14:47,440" />
  </s>
  <s id="260">
    <time id="T195S" value="00:14:47,490" />
Dit is een van die kinders van Gibbs, nie?
  </s>
  <s id="261">
- Juis.
    <time id="T195E" value="00:14:49,407" />
  </s>
  <s id="262">
    <time id="T196S" value="00:14:49,507" />
Vera gaan einde van die maand met pensioen.
  </s>
  <s id="263">
Sy bly by ons op die hoofkwartier, die laaste weke dat sy uitbolt.
  </s>
  <s id="264">
- Ek moet enkel my neus snoete, uit die moeilikheid te bly en dan ry ek weg in die sonsondergang op my motor.
    <time id="T198E" value="00:15:01,982" />
  </s>
  <s id="265">
    <time id="T199S" value="00:15:02,032" />
Sy skerts nie, Vera het 'n Harley.
  </s>
  <s id="266">
- V-twin, vierslag, Electra Glide classic.
    <time id="T199E" value="00:15:06,470" />
  </s>
  <s id="267">
    <time id="T200S" value="00:15:08,922" />
Tony, Tony, Tony.
    <time id="T200E" value="00:15:10,556" />
  </s>
  <s id="268">
    <time id="T201S" value="00:15:10,606" />
Ek weet wie die bom gebou het.
  </s>
  <s id="269">
- Wie?
    <time id="T201E" value="00:15:12,818" />
  </s>
  <s id="270">
    <time id="T202S" value="00:15:12,953" />
Ek wil die Gibbs self vertel.
  </s>
  <s id="271">
Waar sit hy?
    <time id="T202E" value="00:15:14,532" />
  </s>
  <s id="272">
    <time id="T203S" value="00:15:14,582" />
Hy is na die Pentagon gegaan.
    <time id="T203E" value="00:15:15,974" />
  </s>
  <s id="273">
    <time id="T204S" value="00:15:18,550" />
Abbs?
    <time id="T204E" value="00:15:20,225" />
  </s>
  <s id="274">
    <time id="T205S" value="00:15:20,275" />
Jy kan dit me vertel, ons is 'n span.
  </s>
  <s id="275">
- Gibbs, Gibbs.
    <time id="T205E" value="00:15:22,731" />
  </s>
  <s id="276">
    <time id="T206S" value="00:15:23,119" />
Ek het 'n afdruk van 'n vinger en DNA van die ontsteker van die bom.
    <time id="T206E" value="00:15:26,044" />
  </s>
  <s id="277">
    <time id="T207S" value="00:15:26,094" />
Ek haal dit deur 'n databasis en ek het 'n naam.
    <time id="T207E" value="00:15:28,818" />
  </s>
  <s id="278">
    <time id="T208S" value="00:15:28,868" />
Abbs.
  </s>
  <s id="279">
- Wie?
    <time id="T208E" value="00:15:30,677" />
  </s>
  <s id="280">
    <time id="T209S" value="00:15:30,727" />
Luitenant Terence Keith.
    <time id="T209E" value="00:15:34,332" />
  </s>
  <s id="281">
    <time id="T210S" value="00:15:36,301" />
Hy blaas sy eie woonstel op.
  </s>
  <s id="282">
- Oh, hallo.
    <time id="T210E" value="00:15:38,852" />
  </s>
  <s id="283">
    <time id="T211S" value="00:15:38,902" />
Waarom het Keith 'n bom in sy eie woonstel?
    <time id="T211E" value="00:15:41,433" />
  </s>
  <s id="284">
    <time id="T212S" value="00:15:50,878" />
Luitenant Keith gebel die afgelope dae dieselfde nommer verskeie kere.
    <time id="T212E" value="00:15:54,709" />
  </s>
  <s id="285">
    <time id="T213S" value="00:15:54,759" />
Ja, behoort aan 'n sekere onderluitenant Dana Robbins, 'n vlieënier.
    <time id="T213E" value="00:15:59,266" />
  </s>
  <s id="286">
    <time id="T214S" value="00:15:59,401" />
In diens op die vliegdekskip Benjamin Franklin.
    <time id="T214E" value="00:16:01,602" />
  </s>
  <s id="287">
    <time id="T215S" value="00:16:01,652" />
Lê in sy tuishawe Norfolk.
  </s>
  <s id="288">
Sy beantwoord slegs die eerste oproep.
    <time id="T215E" value="00:16:04,833" />
  </s>
  <s id="289">
    <time id="T216S" value="00:16:04,883" />
'n Gesprek van minder as drie minute.
  </s>
  <s id="290">
Sy is nie aan boord.
    <time id="T216E" value="00:16:07,214" />
  </s>
  <s id="291">
    <time id="T217S" value="00:16:07,264" />
Ek het 'n boodskap gelaat.
  </s>
  <s id="292">
- Ek het gepraat met mense in Fort Wayne oor Keith.
  </s>
  <s id="293">
Het nie bepaal die ideale jeug.
    <time id="T218E" value="00:16:12,092" />
  </s>
  <s id="294">
    <time id="T219S" value="00:16:12,142" />
Die vader het daar vandoor gegaan toehy ses was. 
  </s>
  <s id="295">
Hy was 'n alkoholis.
    <time id="T219E" value="00:16:14,702" />
  </s>
  <s id="296">
    <time id="T220S" value="00:16:14,752" />
Hulle het sedertdien nie veel kontak.
  </s>
  <s id="297">
Keith was 'n nerd op die hoërskool.
    <time id="T220E" value="00:16:18,746" />
  </s>
  <s id="298">
    <time id="T221S" value="00:16:19,046" />
'n Wetenskaplike geek.
    <time id="T221E" value="00:16:20,854" />
  </s>
  <s id="299">
    <time id="T222S" value="00:16:20,904" />
Kaptein Laramie het al laat deurskemer dat hy 'n bietjie vreemd was.
    <time id="T222E" value="00:16:23,098" />
  </s>
  <s id="300">
    <time id="T223S" value="00:16:23,148" />
Die adviseur van die hoërskool het gesê dat hy 'n alleenloper was en geboelie is.
    <time id="T223E" value="00:16:25,928" />
  </s>
  <s id="301">
    <time id="T224S" value="00:16:26,028" />
'n Gebreekte neus tydens sy laaste jaar.
  </s>
  <s id="302">
Heel wat heibel.
    <time id="T224E" value="00:16:28,643" />
  </s>
  <s id="303">
    <time id="T225S" value="00:16:28,693" />
Dalk daarom dat hy daarom die universiteit verlaat het
    <time id="T225E" value="00:16:31,689" />
  </s>
  <s id="304">
    <time id="T226S" value="00:16:31,739" />
Klink nie as 'n kandidaat offisier.
  </s>
  <s id="305">
- Ek het die kantiene gevind.
    <time id="T226E" value="00:16:34,715" />
  </s>
  <s id="306">
    <time id="T227S" value="00:16:35,015" />
Die koffie is klote.
    <time id="T227E" value="00:16:37,139" />
  </s>
  <s id="307">
    <time id="T228S" value="00:16:37,439" />
Volgens direkteur Vance is daar hier iewers 'n leeg lessenaar, waar ek kan sit.
    <time id="T228E" value="00:16:41,108" />
  </s>
  <s id="308">
    <time id="T229S" value="00:16:41,158" />
Dit voldoen.
  </s>
  <s id="309">
- Nee, dat nie.
    <time id="T229E" value="00:16:43,772" />
  </s>
  <s id="310">
    <time id="T230S" value="00:16:43,951" />
Goed, wat is die probleem, ouens?
    <time id="T230E" value="00:16:46,566" />
  </s>
  <s id="311">
    <time id="T231S" value="00:16:47,108" />
Kom hier, ek het 'n lessenaar vir jou.
  </s>
  <s id="312">
- In orde.
    <time id="T231E" value="00:16:50,135" />
  </s>
  <s id="313">
    <time id="T232S" value="00:16:54,810" />
Wel, dit is 'n bietjie nou.
    <time id="T232E" value="00:16:57,760" />
  </s>
  <s id="314">
    <time id="T233S" value="00:16:57,810" />
Dit is gesellig.
  </s>
  <s id="315">
- Dit is maar tot die einde van die maand.
    <time id="T233E" value="00:17:01,338" />
  </s>
  <s id="316">
    <time id="T234S" value="00:17:01,638" />
Julle gaan nie eens bemerk dat ek daar is.
    <time id="T234E" value="00:17:04,483" />
  </s>
  <s id="317">
    <time id="T235S" value="00:17:08,061" />
Nee, baas.
  </s>
  <s id="318">
Terug aan die werk.
    <time id="T235E" value="00:17:11,021" />
  </s>
  <s id="319">
    <time id="T236S" value="00:17:12,095" />
Ja, Abbs.
  </s>
  <s id="320">
Ek kom daaraan.
    <time id="T236E" value="00:17:14,452" />
  </s>
  <s id="321">
    <time id="T237S" value="00:17:25,076" />
Deur die strik, rond.
    <time id="T237E" value="00:17:28,590" />
  </s>
  <s id="322">
    <time id="T238S" value="00:17:29,646" />
Terug na die strik.
    <time id="T238E" value="00:17:31,596" />
  </s>
  <s id="323">
    <time id="T239S" value="00:17:32,077" />
Is jy aan die brei?
    <time id="T239E" value="00:17:33,813" />
  </s>
  <s id="324">
    <time id="T240S" value="00:17:33,863" />
Ek probeer.
    <time id="T240E" value="00:17:35,768" />
  </s>
  <s id="325">
    <time id="T241S" value="00:17:35,818" />
Slofjes vir die baba van Jimmy en Breena.
  </s>
  <s id="326">
- Dat is nog maande te gaan, Abbs.
    <time id="T241E" value="00:17:39,159" />
  </s>
  <s id="327">
    <time id="T242S" value="00:17:39,209" />
Wel, so lank gaan ek daar oor doen.
    <time id="T242E" value="00:17:41,051" />
  </s>
  <s id="328">
    <time id="T243S" value="00:17:41,151" />
Dit kan die rede nie sy dat jy my laat kom.
    <time id="T243E" value="00:17:43,367" />
  </s>
  <s id="329">
    <time id="T244S" value="00:17:43,667" />
Ons het geluk.
    <time id="T244E" value="00:17:45,221" />
  </s>
  <s id="330">
    <time id="T245S" value="00:17:45,271" />
Die massaspectrometer bepaalde die handtekening van die C -4.
    <time id="T245E" value="00:17:48,753" />
  </s>
  <s id="331">
    <time id="T246S" value="00:17:48,803" />
Dit is 'n unieke kombinasie van 'n plastiseerder en dinitrobutane.
    <time id="T246E" value="00:17:52,800" />
  </s>
  <s id="332">
    <time id="T247S" value="00:17:52,900" />
Vervaardig deur 'n maatskappy in Des Moines, Iowa.
    <time id="T247E" value="00:17:55,389" />
  </s>
  <s id="333">
    <time id="T248S" value="00:17:55,439" />
Waarom het ons geluk?
  </s>
  <s id="334">
- Ek is bly dat jy dit vra.
    <time id="T248E" value="00:17:57,504" />
  </s>
  <s id="335">
    <time id="T249S" value="00:17:57,554" />
Hulle het net 'n verdeler voor die middel Atlantiese state:
    <time id="T249E" value="00:18:00,381" />
  </s>
  <s id="336">
    <time id="T250S" value="00:18:00,431" />
Pyrotechnic Engineering.
    <time id="T250E" value="00:18:01,946" />
  </s>
  <s id="337">
    <time id="T251S" value="00:18:01,996" />
Hulle sit aan die ander kant van die rivier in ANACOSTIA.
    <time id="T251E" value="00:18:05,125" />
  </s>
  <s id="338">
    <time id="T252S" value="00:18:05,755" />
Iets van die laptop van Keith gehaal?
  </s>
  <s id="339">
- Oh, het geen vrees nie.
  </s>
  <s id="340">
Ek geraak in die harde skyf.
    <time id="T253E" value="00:18:12,751" />
  </s>
  <s id="341">
    <time id="T254S" value="00:18:13,251" />
Baas, ongelooflik, sy en Mike Franks betrokke was by die gevangenis van Noriega in Panama.
  </s>
  <s id="342">
- En gesoek asiel in die Vatikaan ambassade.
    <time id="T255E" value="00:18:20,289" />
  </s>
  <s id="343">
    <time id="T256S" value="00:18:20,339" />
Dit was die idee van Vera om hom lyk te speel met musiek van Van Halen.
    <time id="T256E" value="00:18:23,098" />
  </s>
  <s id="344">
    <time id="T257S" value="00:18:23,148" />
Ja, ja, 'n ou geskiedenis, seuns, wat het ek al duisend keer gehoor.
    <time id="T257E" value="00:18:25,872" />
  </s>
  <s id="345">
    <time id="T258S" value="00:18:25,922" />
Hoe gaan dit met ons huidige saak?
  </s>
  <s id="346">
- Werk, werk, werk.
    <time id="T258E" value="00:18:28,469" />
  </s>
  <s id="347">
    <time id="T259S" value="00:18:28,669" />
Gibbs was vroeër meer pret.
    <time id="T259E" value="00:18:30,011" />
  </s>
  <s id="348">
    <time id="T260S" value="00:18:30,061" />
Het jy die vlieënier al wat Keith probeer om te bel?
    <time id="T260E" value="00:18:31,804" />
  </s>
  <s id="349">
    <time id="T261S" value="00:18:31,904" />
Luitenant Robbins, hy is op pad na hier.
    <time id="T261E" value="00:18:33,842" />
  </s>
  <s id="350">
    <time id="T262S" value="00:18:33,892" />
Dit afskrif van sy skool het net binne.
    <time id="T262E" value="00:18:35,746" />
  </s>
  <s id="351">
    <time id="T263S" value="00:18:35,846" />
Interessant, sy hoofvak was elektriese, wat hom die kennis gee 'n bom te maak.
  </s>
  <s id="352">
- Ja, Abby het geïdentifiseer die plofbare.
    <time id="T264E" value="00:18:43,178" />
  </s>
  <s id="353">
    <time id="T265S" value="00:18:43,228" />
Dit is verdeel deur Pyrotechnic Engineering in ANACOSTIA.
    <time id="T265E" value="00:18:47,111" />
  </s>
  <s id="354">
    <time id="T266S" value="00:18:48,571" />
Albei van julle, ga dat kontroleer.
    <time id="T266E" value="00:18:50,999" />
  </s>
  <s id="355">
    <time id="T267S" value="00:19:01,886" />
Baas, ek het 'n probleem.
  </s>
  <s id="356">
Ek is my geloofsbriewe kwyt.
    <time id="T267E" value="00:19:05,276" />
  </s>
  <s id="357">
    <time id="T268S" value="00:19:05,326" />
Ek het hulle sedert gister nie meer gesien.
  </s>
  <s id="358">
- Vertel jy het my nou pas?
    <time id="T268E" value="00:19:08,506" />
  </s>
  <s id="359">
    <time id="T269S" value="00:19:10,776" />
Het jy dit aan ons IG gerapporteer?
  </s>
  <s id="360">
- Ek wou dit eers aan jou vertel.
    <time id="T269E" value="00:19:14,426" />
  </s>
  <s id="361">
    <time id="T270S" value="00:19:16,381" />
Ek bring hulle op die hoogte.
    <time id="T270E" value="00:19:18,362" />
  </s>
  <s id="362">
    <time id="T271S" value="00:19:21,007" />
Spesiale agent Strickland.
  </s>
  <s id="363">
- Ja.
    <time id="T271E" value="00:19:23,396" />
  </s>
  <s id="364">
    <time id="T272S" value="00:19:23,446" />
Gryp jou dinge.
    <time id="T272E" value="00:19:25,299" />
  </s>
  <s id="365">
    <time id="T273S" value="00:19:25,349" />
Wat?
  </s>
  <s id="366">
- Volgens Vance is jy beskikbaar, indien dit nodig is.
  </s>
  <s id="367">
- Nee, nee, in geen geval.
    <time id="T274E" value="00:19:29,726" />
  </s>
  <s id="368">
    <time id="T275S" value="00:19:29,776" />
Nee, nee, ek is hier net om...
  </s>
  <s id="369">
- Vera.
    <time id="T275E" value="00:19:31,256" />
  </s>
  <s id="370">
    <time id="T276S" value="00:19:31,306" />
...om uit te bolle.
  </s>
  <s id="371">
- Vera, ga mee met DiNozzo.
    <time id="T276E" value="00:19:34,209" />
  </s>
  <s id="372">
    <time id="T277S" value="00:19:34,309" />
DiNozzo?
    <time id="T277E" value="00:19:35,903" />
  </s>
  <s id="373">
    <time id="T278S" value="00:19:36,203" />
Oh, ek het stories gehoor oor die kerel.
    <time id="T278E" value="00:19:38,294" />
  </s>
  <s id="374">
    <time id="T279S" value="00:19:38,344" />
Sy wa gevlieg in die lug, gesterf het byna van die plaag.
    <time id="T279E" value="00:19:40,331" />
  </s>
  <s id="375">
    <time id="T280S" value="00:19:40,381" />
Skoot daar niemand op jou, 'n paar maand gelede?
    <time id="T280E" value="00:19:42,293" />
  </s>
  <s id="376">
    <time id="T281S" value="00:19:42,343" />
Hy het my gemis.
    <time id="T281E" value="00:19:43,756" />
  </s>
  <s id="377">
    <time id="T282S" value="00:19:44,187" />
Ek het maar twee weke meer te gaan, Gibbs.
    <time id="T282E" value="00:19:46,530" />
  </s>
  <s id="378">
    <time id="T283S" value="00:19:46,580" />
Ek hoor selfs nie in dieselfde ruimte te wees met hierdie bewegende doelwitte.
    <time id="T283E" value="00:19:49,313" />
  </s>
  <s id="379">
    <time id="T284S" value="00:19:49,363" />
Ga.
    <time id="T284E" value="00:19:51,236" />
  </s>
  <s id="380">
    <time id="T285S" value="00:19:57,497" />
Dit is jou fout, McGee.
  </s>
  <s id="381">
Daar gaan jy vir boet.
    <time id="T285E" value="00:20:00,578" />
  </s>
  <s id="382">
    <time id="T286S" value="00:20:06,827" />
Vertel eens, Vera, werk jy graag met 'n partner?
    <time id="T286E" value="00:20:09,296" />
  </s>
  <s id="383">
    <time id="T287S" value="00:20:09,346" />
Wil jy die, "goeie flik, slegte flik" speel?
    <time id="T287E" value="00:20:11,746" />
  </s>
  <s id="384">
    <time id="T288S" value="00:20:11,796" />
Jy, inspekteur Clouseau, is 'n ongeluk wat te gebeur staat.
    <time id="T288E" value="00:20:15,530" />
  </s>
  <s id="385">
    <time id="T289S" value="00:20:15,580" />
En jy is beslis nie my maat.
    <time id="T289E" value="00:20:18,298" />
  </s>
  <s id="386">
    <time id="T290S" value="00:20:18,576" />
Hoe het jy dan met Mike Franks gewerk?
    <time id="T290E" value="00:20:21,087" />
  </s>
  <s id="387">
    <time id="T291S" value="00:20:21,745" />
Ons het 'n spesiale verhouding.
  </s>
  <s id="388">
- Werklik? 
  </s>
  <s id="389">
Hoekom?
    <time id="T291E" value="00:20:24,381" />
  </s>
  <s id="390">
    <time id="T292S" value="00:20:24,431" />
Daar gaan ek nie op in, DiNozzo.
    <time id="T292E" value="00:20:26,484" />
  </s>
  <s id="391">
    <time id="T293S" value="00:20:26,534" />
Goed, dit is jou show.
  </s>
  <s id="392">
Ek is hier vir die rit.
    <time id="T293E" value="00:20:29,076" />
  </s>
  <s id="393">
    <time id="T294S" value="00:20:29,126" />
Oor rit gepraat, ek hou nie van jou ry.
    <time id="T294E" value="00:20:31,649" />
  </s>
  <s id="394">
    <time id="T295S" value="00:20:39,577" />
Mr Frazier?
  </s>
  <s id="395">
- Ja.
    <time id="T295E" value="00:20:41,115" />
  </s>
  <s id="396">
    <time id="T296S" value="00:20:41,165" />
Spesiale agent DiNozzo en spesiale agent Strickland.
    <time id="T296E" value="00:20:45,688" />
  </s>
  <s id="397">
    <time id="T297S" value="00:20:45,788" />
Hoe kan ek u help?
  </s>
  <s id="398">
- Het jy hierdie man gesien?
    <time id="T297E" value="00:20:48,501" />
  </s>
  <s id="399">
    <time id="T298S" value="00:20:48,924" />
Ja, ja, hy was hier.
  </s>
  <s id="400">
'n Paar weke gelede.
    <time id="T298E" value="00:20:51,460" />
  </s>
  <s id="401">
    <time id="T299S" value="00:20:51,510" />
Hy wou wat C-4 koop.
    <time id="T299E" value="00:20:53,691" />
  </s>
  <s id="402">
    <time id="T300S" value="00:20:53,891" />
Is hy by die navy?
  </s>
  <s id="403">
- Ja.
    <time id="T300E" value="00:20:55,278" />
  </s>
  <s id="404">
    <time id="T301S" value="00:20:55,328" />
Verkoop jy hom die springstof?
  </s>
  <s id="405">
- Nee, daarvoor het jy 'n permit nodig.
    <time id="T301E" value="00:20:58,909" />
  </s>
  <s id="406">
    <time id="T302S" value="00:20:58,959" />
Sê die luitenant wat hy daarmee wou doen?
    <time id="T302E" value="00:21:01,019" />
  </s>
  <s id="407">
    <time id="T303S" value="00:21:01,069" />
'n Paar pond om boomstompe op te blaas, het hy gesê.
    <time id="T303E" value="00:21:03,950" />
  </s>
  <s id="408">
    <time id="T304S" value="00:21:04,000" />
So hy het met leë hande?
  </s>
  <s id="409">
- Ja, maar ek het hom die naam van 'n kontrakteur in sloping, wat die werkje wel sou doen.
  </s>
  <s id="410">
- Het die poeier aap 'n naam?
    <time id="T306E" value="00:21:10,955" />
  </s>
  <s id="411">
    <time id="T307S" value="00:21:11,289" />
Ja, Larry Purcell.
  </s>
  <s id="412">
Werk naby sy huis in Elkridge.
    <time id="T307E" value="00:21:14,915" />
  </s>
  <s id="413">
    <time id="T308S" value="00:21:15,641" />
Het jy vrae, DiNozzo?
    <time id="T308E" value="00:21:17,621" />
  </s>
  <s id="414">
    <time id="T309S" value="00:21:17,821" />
Ek?
  </s>
  <s id="415">
Ek weet nie eens hoekom ek hier is.
    <time id="T309E" value="00:21:20,864" />
  </s>
  <s id="416">
    <time id="T310S" value="00:21:20,914" />
Dankie.
    <time id="T310E" value="00:21:23,130" />
  </s>
  <s id="417">
    <time id="T311S" value="00:21:29,609" />
Luitenant Robbins.
  </s>
  <s id="418">
Dankie om te kom, gaan jy sit.
    <time id="T311E" value="00:21:33,146" />
  </s>
  <s id="419">
    <time id="T312S" value="00:21:34,105" />
Koffie?
  </s>
  <s id="420">
- Sekerlik, dankie.
    <time id="T312E" value="00:21:35,671" />
  </s>
  <s id="421">
    <time id="T313S" value="00:21:35,721" />
Ek probeer so kort moontlik te wees.
  </s>
  <s id="422">
Ek weet dat jy môre op sending vertrek.
    <time id="T313E" value="00:21:39,390" />
  </s>
  <s id="423">
    <time id="T314S" value="00:21:39,440" />
Jy moet opgewonde wees.
  </s>
  <s id="424">
- Dat is ek ook.
    <time id="T314E" value="00:21:40,963" />
  </s>
  <s id="425">
    <time id="T315S" value="00:21:41,013" />
Ek train hier al lank voor.
    <time id="T315E" value="00:21:43,231" />
  </s>
  <s id="426">
    <time id="T316S" value="00:21:43,281" />
F-18?
  </s>
  <s id="427">
- Ja, Meneer, ek word betaal om met 'n Super Hornet te vlieg.
  </s>
  <s id="428">
Beter kan dit nie.
    <time id="T317E" value="00:21:47,433" />
  </s>
  <s id="429">
    <time id="T318S" value="00:21:47,483" />
Dit is baie goed.
    <time id="T318E" value="00:21:48,735" />
  </s>
  <s id="430">
    <time id="T319S" value="00:21:48,785" />
Spesiale agent McGee het my vertel nie waaroor dit gaan.
    <time id="T319E" value="00:21:51,420" />
  </s>
  <s id="431">
    <time id="T320S" value="00:21:51,470" />
Luitenant Terence Keith.
    <time id="T320E" value="00:21:54,353" />
  </s>
  <s id="432">
    <time id="T321S" value="00:21:54,403" />
Terry?
  </s>
  <s id="433">
- Ja, het u hom onlangs gepraat?
    <time id="T321E" value="00:21:57,023" />
  </s>
  <s id="434">
    <time id="T322S" value="00:21:57,073" />
Enkele dae gelede.
  </s>
  <s id="435">
Is daar iets verkeerd?
    <time id="T322E" value="00:21:59,737" />
  </s>
  <s id="436">
    <time id="T323S" value="00:22:00,137" />
Ons kan hom nie vind nie.
  </s>
  <s id="437">
- Sit hy in neste?
    <time id="T323E" value="00:22:03,095" />
  </s>
  <s id="438">
    <time id="T324S" value="00:22:03,295" />
Hoe ken jy hom?
    <time id="T324E" value="00:22:04,692" />
  </s>
  <s id="439">
    <time id="T325S" value="00:22:04,892" />
Euh, ek het hom ontmoet in Pensacola tydens die API.
    <time id="T325E" value="00:22:07,280" />
  </s>
  <s id="440">
    <time id="T326S" value="00:22:07,330" />
Ons verhuis saam na Whiting Field voor die voorlopige vlug opleiding.
    <time id="T326E" value="00:22:10,219" />
  </s>
  <s id="441">
    <time id="T327S" value="00:22:11,063" />
Is julle heg?
  </s>
  <s id="442">
- Nee, net klasmaats.
    <time id="T327E" value="00:22:14,874" />
  </s>
  <s id="443">
    <time id="T328S" value="00:22:17,213" />
Hoe kom dit dat hy die opleiding laat vaar het?
    <time id="T328E" value="00:22:19,392" />
  </s>
  <s id="444">
    <time id="T329S" value="00:22:20,823" />
Hy was eintlik wel 'n goeie vlieënier.
  </s>
  <s id="445">
Maar die druk nekte hom.
    <time id="T329E" value="00:22:24,319" />
  </s>
  <s id="446">
    <time id="T330S" value="00:22:24,697" />
Die druk, is dit nie?
    <time id="T330E" value="00:22:26,743" />
  </s>
  <s id="447">
    <time id="T331S" value="00:22:27,421" />
Terry het waarskynlik 'n soort anti angs medikasie nodig.
    <time id="T331E" value="00:22:30,883" />
  </s>
  <s id="448">
    <time id="T332S" value="00:22:30,983" />
Maar dat mag nie as jy vlieg.
    <time id="T332E" value="00:22:33,601" />
  </s>
  <s id="449">
    <time id="T333S" value="00:22:33,984" />
Hy het begin aggressief te gedra.
    <time id="T333E" value="00:22:36,185" />
  </s>
  <s id="450">
    <time id="T334S" value="00:22:36,385" />
Was daar 'n konfrontasie?
  </s>
  <s id="451">
- Nee.
    <time id="T334E" value="00:22:38,987" />
  </s>
  <s id="452">
    <time id="T335S" value="00:22:39,853" />
Die laaste weke van die opleiding Terry het geweet dat hy dit nie gaan haal.
    <time id="T335E" value="00:22:42,887" />
  </s>
  <s id="453">
    <time id="T336S" value="00:22:42,937" />
Hy is somber en teruggetrokke geword.
    <time id="T336E" value="00:22:45,489" />
  </s>
  <s id="454">
    <time id="T337S" value="00:22:47,407" />
En boos op me.
    <time id="T337E" value="00:22:49,802" />
  </s>
  <s id="455">
    <time id="T338S" value="00:22:50,102" />
Ek dink dat hy nie kon aanvaar dat 'n vrou sou slaag en hy nie.
    <time id="T338E" value="00:22:54,956" />
  </s>
  <s id="456">
    <time id="T339S" value="00:22:55,156" />
Die oproep, wat wou hy toe?
  </s>
  <s id="457">
- Dat ek nie kon vind.
    <time id="T339E" value="00:22:59,307" />
  </s>
  <s id="458">
    <time id="T340S" value="00:22:59,357" />
Hy het gedoen eienaardig, vreemd.
    <time id="T340E" value="00:23:02,545" />
  </s>
  <s id="459">
    <time id="T341S" value="00:23:02,745" />
Ons vriendskap was verminder sedert hy Whiting Field verlaat het en nou wil hy my skielik sien voor ek op sending vertrek.
    <time id="T342E" value="00:23:07,992" />
  </s>
  <s id="460">
    <time id="T343S" value="00:23:08,042" />
Wat het jy hom gesê?
  </s>
  <s id="461">
- Dat ek besig was.
    <time id="T343E" value="00:23:11,518" />
  </s>
  <s id="462">
    <time id="T344S" value="00:23:12,251" />
Ek wou nog wat vriende en familie besoek voor ek vertrek.
    <time id="T344E" value="00:23:16,041" />
  </s>
  <s id="463">
    <time id="T345S" value="00:23:24,327" />
Doen jy hierdie maar, DiNozzo.
    <time id="T345E" value="00:23:26,799" />
  </s>
  <s id="464">
    <time id="T346S" value="00:23:27,379" />
Goed.
    <time id="T346E" value="00:23:28,882" />
  </s>
  <s id="465">
    <time id="T347S" value="00:23:38,140" />
Hallo daar.
  </s>
  <s id="466">
Is jy Larry Purcell?
    <time id="T347E" value="00:23:40,728" />
  </s>
  <s id="467">
    <time id="T348S" value="00:23:40,778" />
Wie vra dat?
  </s>
  <s id="468">
- NCIS spesiale agent DiNozzo en co.
    <time id="T348E" value="00:23:45,655" />
  </s>
  <s id="469">
    <time id="T349S" value="00:23:45,890" />
Is jy 'n flik van die navy?
  </s>
  <s id="470">
- Ja.
    <time id="T349E" value="00:23:48,357" />
  </s>
  <s id="471">
    <time id="T350S" value="00:23:48,905" />
Ken jy die luitenant?
  </s>
  <s id="472">
- Nee.
    <time id="T350E" value="00:23:50,723" />
  </s>
  <s id="473">
    <time id="T351S" value="00:23:50,773" />
Jy bekyk die foto nie, Larry.
    <time id="T351E" value="00:23:52,905" />
  </s>
  <s id="474">
    <time id="T352S" value="00:23:52,955" />
Probeer die foto eens te sien.
    <time id="T352E" value="00:23:55,067" />
  </s>
  <s id="475">
    <time id="T353S" value="00:23:55,367" />
Ja, miskien was hy hier, 'n paar weke gelede.
    <time id="T353E" value="00:23:57,978" />
  </s>
  <s id="476">
    <time id="T354S" value="00:23:58,222" />
Gehelp het jy hom boomstompe te skuif?
  </s>
  <s id="477">
- Wat? 
  </s>
  <s id="478">
Nee.
    <time id="T354E" value="00:24:01,582" />
  </s>
  <s id="479">
    <time id="T355S" value="00:24:01,632" />
Ek wed dat jy hom wat C-4 verkoop het.
  </s>
  <s id="480">
- Ek weet nie. 
  </s>
  <s id="481">
Miskien.
    <time id="T355E" value="00:24:05,707" />
  </s>
  <s id="482">
    <time id="T356S" value="00:24:05,807" />
Ja, ek moet my data nakijken.
  </s>
  <s id="483">
Wat was sy naam?
    <time id="T356E" value="00:24:09,699" />
  </s>
  <s id="484">
    <time id="T357S" value="00:24:09,749" />
Het ek nie gesê nie.
  </s>
  <s id="485">
Probeer Terence Keith eens.
    <time id="T357E" value="00:24:12,340" />
  </s>
  <s id="486">
    <time id="T358S" value="00:24:12,803" />
Ek is so terug.
    <time id="T358E" value="00:24:14,839" />
  </s>
  <s id="487">
    <time id="T359S" value="00:24:14,889" />
Dankie, Larry.
    <time id="T359E" value="00:24:16,906" />
  </s>
  <s id="488">
    <time id="T360S" value="00:24:17,398" />
Vreemde man.
    <time id="T360E" value="00:24:20,031" />
  </s>
  <s id="489">
    <time id="T361S" value="00:24:24,958" />
Mooi.
    <time id="T361E" value="00:24:27,075" />
  </s>
  <s id="490">
    <time id="T362S" value="00:24:30,803" />
Vera.
    <time id="T362E" value="00:24:32,153" />
  </s>
  <s id="491">
    <time id="T363S" value="00:25:01,496" />
Ek het 'n goeie werk by 'n kontrakteur in die noorde, maar ek is afgedank.
    <time id="T363E" value="00:25:05,268" />
  </s>
  <s id="492">
    <time id="T364S" value="00:25:05,318" />
Ek het geen vaste werk, dus het ek begin werkies aan te neem.
    <time id="T364E" value="00:25:08,657" />
  </s>
  <s id="493">
    <time id="T365S" value="00:25:09,296" />
Ek het die geld nodig, verstaan jy?
  </s>
  <s id="494">
- Dus jy verkoop c-4 aan die luitenant?
    <time id="T365E" value="00:25:13,948" />
  </s>
  <s id="495">
    <time id="T366S" value="00:25:14,265" />
Hy het gesê me sy naam nie en ek het nie geweet dat hy by die navy was.
    <time id="T366E" value="00:25:16,669" />
  </s>
  <s id="496">
    <time id="T367S" value="00:25:16,803" />
Wat dink jy dat hy daarmee sou doen?
  </s>
  <s id="497">
- Wat demonstrasies, het hy gesê, op die plaas van 'n vriend.
  </s>
  <s id="498">
- En jy geglo hom?
    <time id="T368E" value="00:25:23,078" />
  </s>
  <s id="499">
    <time id="T369S" value="00:25:23,178" />
Ek het geglo die geld wat hy my gegee het.
    <time id="T369E" value="00:25:25,350" />
  </s>
  <s id="500">
    <time id="T370S" value="00:25:25,400" />
Ek het geen idee dat hy 'n bom in sy woonstel sou lê en iemand doodmaak.
    <time id="T370E" value="00:25:29,185" />
  </s>
  <s id="501">
    <time id="T371S" value="00:25:36,515" />
'n Bietjie hulp sou welkom wees, McGee.
  </s>
  <s id="502">
- Jammer.
    <time id="T371E" value="00:25:39,866" />
  </s>
  <s id="503">
    <time id="T372S" value="00:25:43,896" />
Is dit gebreek?
  </s>
  <s id="504">
- 'n Ernstige enkel verstuiting.
    <time id="T372E" value="00:25:47,255" />
  </s>
  <s id="505">
    <time id="T373S" value="00:25:47,737" />
Jy boft.
  </s>
  <s id="506">
- Boffen?
    <time id="T373E" value="00:25:49,892" />
  </s>
  <s id="507">
    <time id="T374S" value="00:25:49,942" />
Wat gebeur nou.
  </s>
  <s id="508">
- Jy word vasgehou vir medepligtigheid aan moord, onwettige verkoop van plofstof en die aanvalle van twee federale agente.
  </s>
  <s id="509">
- Twee federale agente?
    <time id="T376E" value="00:26:00,960" />
  </s>
  <s id="510">
    <time id="T377S" value="00:26:01,060" />
Ja, ek en agent Strickland.
  </s>
  <s id="511">
- Is die ou doos 'n agent?
    <time id="T377E" value="00:26:04,467" />
  </s>
  <s id="512">
    <time id="T378S" value="00:26:06,413" />
Ek wil 'n minuut met die clown.
    <time id="T378E" value="00:26:09,282" />
  </s>
  <s id="513">
    <time id="T379S" value="00:26:11,303" />
Kan ek dit op 'n ooreenkoms aangaan?
    <time id="T379E" value="00:26:13,001" />
  </s>
  <s id="514">
    <time id="T380S" value="00:26:13,051" />
Tensy jy weet waar Keith is, het jy niks.
    <time id="T380E" value="00:26:15,521" />
  </s>
  <s id="515">
    <time id="T381S" value="00:26:15,571" />
Kan jy niks doen as ek 'n bekentenis teken?
    <time id="T381E" value="00:26:18,022" />
  </s>
  <s id="516">
    <time id="T382S" value="00:26:19,499" />
Skryf dit alles op.
  </s>
  <s id="517">
- Gedetailleerde asseblief.
    <time id="T382E" value="00:26:22,279" />
  </s>
  <s id="518">
    <time id="T383S" value="00:26:22,329" />
Ons skat dat hy 300 tot 350 gram gebruikte,
    <time id="T383E" value="00:26:24,818" />
  </s>
  <s id="519">
    <time id="T384S" value="00:26:24,918" />
Hoeveel het jy hom verkoop?
  </s>
  <s id="520">
- Grammen?
    <time id="T384E" value="00:26:27,481" />
  </s>
  <s id="521">
    <time id="T385S" value="00:26:27,531" />
Ek verkoop hom 100 kilo.
    <time id="T385E" value="00:26:30,397" />
  </s>
  <s id="522">
    <time id="T386S" value="00:26:32,136" />
Dit is byna net soveel C-4 as vir die doen in die lug vlieg van die Cole in Yemen.
    <time id="T386E" value="00:26:36,214" />
  </s>
  <s id="523">
    <time id="T387S" value="00:26:36,514" />
Gibbs, waarmee het ons te maak?
  </s>
  <s id="524">
- Keith moet iets groot beplan het.
    <time id="T387E" value="00:26:39,165" />
  </s>
  <s id="525">
    <time id="T388S" value="00:26:39,265" />
Akkoord, maar waarom die bom in sy eie flat?
    <time id="T388E" value="00:26:41,007" />
  </s>
  <s id="526">
    <time id="T389S" value="00:26:41,057" />
Die een wat kom ondersoek na die feite word afgeskakel, Leon.
    <time id="T389E" value="00:26:44,804" />
  </s>
  <s id="527">
    <time id="T390S" value="00:26:44,854" />
Dit sou nie die eerste keer wees.
    <time id="T390E" value="00:26:45,945" />
  </s>
  <s id="528">
    <time id="T391S" value="00:26:45,995" />
Keith het nie geweet dat die gebou bestuurder die deur voortydig sou open.
    <time id="T391E" value="00:26:49,388" />
  </s>
  <s id="529">
    <time id="T392S" value="00:26:49,588" />
Gibbs, wat is sy uiteindelik doel?
    <time id="T392E" value="00:26:52,567" />
  </s>
  <s id="530">
    <time id="T393S" value="00:26:53,250" />
Dat weet ek nie.
    <time id="T393E" value="00:26:55,206" />
  </s>
  <s id="531">
    <time id="T394S" value="00:26:55,306" />
Ek moet binnelandse veiligheid FBI en ATF inlig.
    <time id="T394E" value="00:26:58,995" />
  </s>
  <s id="532">
    <time id="T395S" value="00:26:59,095" />
Gibbs, jou goue gevoel was juis.
  </s>
  <s id="533">
Ek geraakte in die hardeskyf van Keith.
    <time id="T395E" value="00:27:03,175" />
  </s>
  <s id="534">
    <time id="T396S" value="00:27:03,275" />
Die laaste jaar het hy gekoop antidepressante aanlyn, van 'n Kanadese apteek met behulp van 'n valse naam.
    <time id="T397E" value="00:27:09,453" />
  </s>
  <s id="535">
    <time id="T398S" value="00:27:09,503" />
Self sorg.
  </s>
  <s id="536">
- Die kwak plastiek wat aan die hemp van die gebou bestuurder gesmelt sit, dit is nie 'n kredietkaart.
    <time id="T400E" value="00:27:16,754" />
  </s>
  <s id="537">
    <time id="T401S" value="00:27:16,804" />
Dit is 'n FAA vliegbrevet.
  </s>
  <s id="538">
- Nuwe en per registrasie gestuur aan luitenant Keith, twee dae gelede.
    <time id="T402E" value="00:27:24,442" />
  </s>
  <s id="539">
    <time id="T403S" value="00:27:24,542" />
Die brief wat die gebou bestuurder in die plat sou lê.
    <time id="T403E" value="00:27:26,771" />
  </s>
  <s id="540">
    <time id="T404S" value="00:27:26,821" />
Geen goeie daad bly ongestraf.
    <time id="T404E" value="00:27:28,910" />
  </s>
  <s id="541">
    <time id="T405S" value="00:27:28,960" />
Luitenant Keith gedoen z'n laaste proefvlucht vir sy burger vliegbrevet twee weke gelede op 'n klein vliegveld in die landelike Virginia.
    <time id="T406E" value="00:27:35,839" />
  </s>
  <s id="542">
    <time id="T407S" value="00:27:35,889" />
Dit Lafayette vliegveld.
  </s>
  <s id="543">
Sy instrukteur was Hoender Logan.
    <time id="T407E" value="00:27:39,062" />
  </s>
  <s id="544">
    <time id="T408S" value="00:27:39,558" />
DiNozzo.
  </s>
  <s id="545">
- Ek is onderweg, baas.
    <time id="T408E" value="00:27:41,617" />
  </s>
  <s id="546">
    <time id="T409S" value="00:27:41,667" />
Sin in 'n ry, Vera?
  </s>
  <s id="547">
- Loop na die pomp.
    <time id="T409E" value="00:27:44,958" />
  </s>
  <s id="548">
    <time id="T410S" value="00:27:49,374" />
Keith was die beste student wat ek ooit gehad het. 
  </s>
  <s id="549">
Ek moes hom niks leer.
    <time id="T410E" value="00:27:53,002" />
  </s>
  <s id="550">
    <time id="T411S" value="00:27:53,102" />
Dit het die navy al gedoen.
  </s>
  <s id="551">
Sy kwalifikasie was maklik.
    <time id="T411E" value="00:27:56,611" />
  </s>
  <s id="552">
    <time id="T412S" value="00:27:57,200" />
Eens geslaag in die teoretiese eksamen en na die verpligte vliegure, het ek hom 'n tydelike brevet gegee en het die dokumente met die FAA in orde gebring.
    <time id="T413E" value="00:28:03,530" />
  </s>
  <s id="553">
    <time id="T414S" value="00:28:03,580" />
Het jy hom onlangs gesien.
  </s>
  <s id="554">
- Gister na die middag.
    <time id="T414E" value="00:28:05,226" />
  </s>
  <s id="555">
    <time id="T415S" value="00:28:05,326" />
Hy wou 'n STOL huur.
  </s>
  <s id="556">
- 'n "STOL", wat is dat?
    <time id="T415E" value="00:28:07,795" />
  </s>
  <s id="557">
    <time id="T416S" value="00:28:07,845" />
S.T.O.L. Short take-off en landing, kort opstyg en lande.
    <time id="T416E" value="00:28:10,343" />
  </s>
  <s id="558">
    <time id="T417S" value="00:28:10,393" />
'n Tweezitter, baie lekker om mee te vlieg.
  </s>
  <s id="559">
Jy kan daar oral mee lande, 'n weiveld, 'n veld.
  </s>
  <s id="560">
Dit is geweldig vir op die platteland.
    <time id="T418E" value="00:28:16,272" />
  </s>
  <s id="561">
    <time id="T419S" value="00:28:16,322" />
Gehuur hy dit?
  </s>
  <s id="562">
- Ja, vir twee dae.
    <time id="T419E" value="00:28:19,058" />
  </s>
  <s id="563">
    <time id="T420S" value="00:28:19,358" />
Het hy gesê na waar hy sou gaan?
  </s>
  <s id="564">
- Het hy nie gesê nie.
    <time id="T420E" value="00:28:22,005" />
  </s>
  <s id="565">
    <time id="T421S" value="00:28:50,429" />
Ons vra die radar- en veiligheidsbeelden van die Lafayette vliegveld van gister op.
    <time id="T421E" value="00:28:54,525" />
  </s>
  <s id="566">
    <time id="T422S" value="00:28:54,625" />
Die vliegtuig dat luitenant Keith gehuur het gestyg op om 14.21 u.
    <time id="T422E" value="00:28:58,661" />
  </s>
  <s id="567">
    <time id="T423S" value="00:28:58,761" />
Dit omkring rondom die vliegveld en is vertrek in suidwestelike rigting.
    <time id="T423E" value="00:29:02,076" />
  </s>
  <s id="568">
    <time id="T424S" value="00:29:02,176" />
Drie minute later verdwyn die buite die omvang van die radar.
    <time id="T424E" value="00:29:05,717" />
  </s>
  <s id="569">
    <time id="T425S" value="00:29:05,767" />
Verskyn het nadien nog terug op die radar?
  </s>
  <s id="570">
- Nee, 'n STOL kan baie laag en baie stadig vlieg.
    <time id="T426E" value="00:29:13,167" />
  </s>
  <s id="571">
    <time id="T427S" value="00:29:13,648" />
Dit is soos 'n naald in 'n hooimijt soek.
    <time id="T427E" value="00:29:15,563" />
  </s>
  <s id="572">
    <time id="T428S" value="00:29:15,613" />
Dit is moontlik dat ons sit met 'n bom in 'n vliegtuig, 'n selfmoord opdrag.
    <time id="T428E" value="00:29:19,167" />
  </s>
  <s id="573">
    <time id="T429S" value="00:29:19,467" />
Met ongekende bestemming.
    <time id="T429E" value="00:29:21,689" />
  </s>
  <s id="574">
    <time id="T430S" value="00:29:27,016" />
Alarmeer alle agente en ontleders.
    <time id="T430E" value="00:29:28,785" />
  </s>
  <s id="575">
    <time id="T431S" value="00:29:28,835" />
niemand vertrek vir ons luitenant Keith vind.
    <time id="T431E" value="00:29:31,310" />
  </s>
  <s id="576">
    <time id="T432S" value="00:29:45,094" />
Dank je wel, lieverd.
  </s>
  <s id="577">
Jy het net my dag goed gemaak.
    <time id="T432E" value="00:29:48,871" />
  </s>
  <s id="578">
    <time id="T433S" value="00:29:49,747" />
Ek is hier weg.
  </s>
  <s id="579">
Oh, dat was HR.
    <time id="T433E" value="00:29:53,446" />
  </s>
  <s id="580">
    <time id="T434S" value="00:29:53,496" />
Vanweë my besering tydens die diens, hoef ek nie meer te kom.
    <time id="T435E" value="00:29:58,669" />
  </s>
  <s id="581">
    <time id="T436S" value="00:29:59,112" />
En daarvoor moet ek jou bedank, agent DiNozzo.
    <time id="T436E" value="00:30:02,244" />
  </s>
  <s id="582">
    <time id="T437S" value="00:30:02,294" />
Die plesier was my kant.
    <time id="T437E" value="00:30:04,113" />
  </s>
  <s id="583">
    <time id="T438S" value="00:30:04,163" />
Laat ek jou help met...
  </s>
  <s id="584">
- Nee, nie doen, agteruit.
    <time id="T438E" value="00:30:07,041" />
  </s>
  <s id="585">
    <time id="T439S" value="00:30:07,441" />
Kom nie in my buurt.
  </s>
  <s id="586">
- Net 'n...
    <time id="T439E" value="00:30:09,621" />
  </s>
  <s id="587">
    <time id="T440S" value="00:30:09,671" />
Agteruit, ek het gesê agteruit.
    <time id="T440E" value="00:30:11,628" />
  </s>
  <s id="588">
    <time id="T441S" value="00:30:14,793" />
Pak die naaier.
    <time id="T441E" value="00:30:16,871" />
  </s>
  <s id="589">
    <time id="T442S" value="00:30:17,602" />
Voor hy iemand beseer, probie.
    <time id="T442E" value="00:30:19,994" />
  </s>
  <s id="590">
    <time id="T443S" value="00:30:20,215" />
Ons sien mekaar nog wel, Vera.
    <time id="T443E" value="00:30:22,028" />
  </s>
  <s id="591">
    <time id="T444S" value="00:30:22,128" />
Weet jy, ek gaan heel wat vrye tyd het.
  </s>
  <s id="592">
Miskien kom ek nog eens langs, om te sien waaraan jy werk in die kelder.
    <time id="T445E" value="00:30:28,508" />
  </s>
  <s id="593">
    <time id="T446S" value="00:30:29,054" />
Is die voordeur nog steeds nie op slot?
    <time id="T446E" value="00:30:31,634" />
  </s>
  <s id="594">
    <time id="T447S" value="00:30:34,402" />
Ek het gesê...
  </s>
  <s id="595">
- Slaan die om jou raak my nie aan, agteruit.
    <time id="T448E" value="00:30:38,046" />
  </s>
  <s id="596">
    <time id="T449S" value="00:30:38,988" />
Komaan, toe, terug aan die werk.
    <time id="T449E" value="00:30:41,207" />
  </s>
  <s id="597">
    <time id="T450S" value="00:30:41,257" />
Keith is 48 uur gelede vertrek.
  </s>
  <s id="598">
Waar sit hy?
    <time id="T450E" value="00:30:43,907" />
  </s>
  <s id="599">
    <time id="T451S" value="00:30:43,957" />
Bel ek jou volgende week?
  </s>
  <s id="600">
- Ja, baas.
    <time id="T451E" value="00:30:46,311" />
  </s>
  <s id="601">
    <time id="T452S" value="00:30:46,361" />
...vir die geval hy terugkeer.
  </s>
  <s id="602">
- Hy keer nie terug na daar, geloof me.
    <time id="T452E" value="00:30:50,634" />
  </s>
  <s id="603">
    <time id="T453S" value="00:30:51,671" />
Is dit wat jy kwyt was, McGee?
    <time id="T453E" value="00:30:54,246" />
  </s>
  <s id="604">
    <time id="T454S" value="00:30:54,296" />
Waar het jy dit gevind, direkteur?
  </s>
  <s id="605">
- Dit is gevind in die RFK stadion.
    <time id="T454E" value="00:30:58,187" />
  </s>
  <s id="606">
    <time id="T455S" value="00:30:58,711" />
Die polisie het die binnegebring by die IG.
    <time id="T455E" value="00:31:01,010" />
  </s>
  <s id="607">
    <time id="T456S" value="00:31:01,060" />
Ek weet nie wat om te sê nie.
  </s>
  <s id="608">
- Gibbs, weet jy hiervan?
    <time id="T456E" value="00:31:02,765" />
  </s>
  <s id="609">
    <time id="T457S" value="00:31:02,815" />
Ja, ek reël het later wel.
  </s>
  <s id="610">
Ons het dit nogal druk, Leon.
    <time id="T457E" value="00:31:06,370" />
  </s>
  <s id="611">
    <time id="T458S" value="00:31:09,282" />
Nog iets oor luitenant Keith?
  </s>
  <s id="612">
- Nee, nie wat sy plek betref.
    <time id="T458E" value="00:31:12,236" />
  </s>
  <s id="613">
    <time id="T459S" value="00:31:12,286" />
Ducky het 'n profiel van hom gemaak.
  </s>
  <s id="614">
Ons het 'n teorie.
    <time id="T459E" value="00:31:14,750" />
  </s>
  <s id="615">
    <time id="T460S" value="00:31:14,800" />
Goed, kom op dan, ons ligte die ander in binne vyf minute.
    <time id="T460E" value="00:31:18,553" />
  </s>
  <s id="616">
    <time id="T461S" value="00:31:19,739" />
Duck.
  </s>
  <s id="617">
Ek het jou nodig in MTAC.
    <time id="T461E" value="00:31:22,189" />
  </s>
  <s id="618">
    <time id="T462S" value="00:31:22,974" />
Ek het dit tog gesê dat jy hulle sou vind.
  </s>
  <s id="619">
- Ja in die kantoor van die inspeksie.
    <time id="T462E" value="00:31:26,838" />
  </s>
  <s id="620">
    <time id="T463S" value="00:31:26,888" />
Nou is ek heeltemal die klos.
    <time id="T463E" value="00:31:29,451" />
  </s>
  <s id="621">
    <time id="T464S" value="00:31:30,274" />
Nou.
  </s>
  <s id="622">
- Die lugverkeerbeheerders sy gewaarsku.
    <time id="T464E" value="00:31:33,179" />
  </s>
  <s id="623">
    <time id="T465S" value="00:31:33,229" />
Maar ons het niks gesien nie.
  </s>
  <s id="624">
- Wat is die bereik van die vliegtuig?
    <time id="T465E" value="00:31:36,109" />
  </s>
  <s id="625">
    <time id="T466S" value="00:31:36,159" />
Iets minder as 450 see myle.
    <time id="T466E" value="00:31:38,255" />
  </s>
  <s id="626">
    <time id="T467S" value="00:31:38,305" />
As Keith verder wil, moet hy hervul.
    <time id="T467E" value="00:31:41,586" />
  </s>
  <s id="627">
    <time id="T468S" value="00:31:41,636" />
Alle lughawens ten ooste van die Mississippi is in kennis gestel.
    <time id="T468E" value="00:31:44,902" />
  </s>
  <s id="628">
    <time id="T469S" value="00:31:44,952" />
Wat weet ons oor luitenant Keith?
  </s>
  <s id="629">
- Ons het 'n profiel van hom.
    <time id="T469E" value="00:31:48,183" />
  </s>
  <s id="630">
    <time id="T470S" value="00:31:48,233" />
Dokter Mallard?
  </s>
  <s id="631">
- Luitenant Keith is as jonger geboelie en kyk na die vloot lugvaart om sy lewe 'n wending te gee.
    <time id="T471E" value="00:31:55,504" />
  </s>
  <s id="632">
    <time id="T472S" value="00:31:55,554" />
Jammer genoeg het hy dit nie vol gehou.
  </s>
  <s id="633">
Hy is daar depressief deur geword.
    <time id="T472E" value="00:31:58,953" />
  </s>
  <s id="634">
    <time id="T473S" value="00:31:59,053" />
In plaas van professionele hulp te soek het hy aan self sorg gedoen.
    <time id="T473E" value="00:32:03,089" />
  </s>
  <s id="635">
    <time id="T474S" value="00:32:03,139" />
Ons glo dat hy die moed opgegee het.
  </s>
  <s id="636">
Daar plots mee opgehou is, om deur sy FAA mediese eksamen te raak en sy burger vliegbrevet te bekom.
    <time id="T475E" value="00:32:09,370" />
  </s>
  <s id="637">
    <time id="T476S" value="00:32:09,420" />
'n Skielike beëindiging van sulke medikasie sou beslis lei tot aanvalle van waan en paranoia.
    <time id="T477E" value="00:32:17,316" />
  </s>
  <s id="638">
    <time id="T478S" value="00:32:17,366" />
Die toestand, gekombineer met 'n lae selfbeeld en verwerping, waarskynlik is hy op soek na wraak.
    <time id="T479E" value="00:32:24,844" />
  </s>
  <s id="639">
    <time id="T480S" value="00:32:24,944" />
Wraak teen wie?
  </s>
  <s id="640">
- Daar is twee moontlikhede:
    <time id="T480E" value="00:32:27,393" />
  </s>
  <s id="641">
    <time id="T481S" value="00:32:27,443" />
die hoërskool, waar hy geboelie is, of Whiting Field, waar hy val uit had.
  </s>
  <s id="642">
- Albei was verskrik.
    <time id="T482E" value="00:32:32,679" />
  </s>
  <s id="643">
    <time id="T483S" value="00:32:32,729" />
Ons kan ons nie beperk tot hierdie twee doelwitte.
    <time id="T483E" value="00:32:35,042" />
  </s>
  <s id="644">
    <time id="T484S" value="00:32:35,491" />
Dit sou eender waar kan wees.
    <time id="T484E" value="00:32:37,913" />
  </s>
  <s id="645">
    <time id="T485S" value="00:32:48,019" />
Hoe was dit by die adopsie prokureur?
    <time id="T485E" value="00:32:50,625" />
  </s>
  <s id="646">
    <time id="T486S" value="00:32:50,794" />
Goed.
    <time id="T486E" value="00:32:52,168" />
  </s>
  <s id="647">
    <time id="T487S" value="00:32:52,218" />
Hy het 'n probleem met een van die items op ons curriculum vitae.
    <time id="T487E" value="00:32:55,319" />
  </s>
  <s id="648">
    <time id="T488S" value="00:32:55,910" />
Wat?
  </s>
  <s id="649">
- Wel, Breena is 'n begrafnisondernemer en ek is 'n schouw dokter.
  </s>
  <s id="650">
Ons werk beide met dooies.
    <time id="T489E" value="00:33:00,940" />
  </s>
  <s id="651">
    <time id="T490S" value="00:33:00,990" />
Die prokureur dink dat dit 'n teleurstelling sou kon wees, vir 'n jong vrou wat haar kind wil afstaan vir adopsie.
    <time id="T491E" value="00:33:07,707" />
  </s>
  <s id="652">
    <time id="T492S" value="00:33:08,007" />
Maar, euh, ek dink dat dit wel goed kom.
  </s>
  <s id="653">
Ek is optimisties.
    <time id="T492E" value="00:33:11,511" />
  </s>
  <s id="654">
    <time id="T493S" value="00:33:11,612" />
Daar is alle rede voor, want eens hulle julle leer ken,
    <time id="T493E" value="00:33:14,561" />
  </s>
  <s id="655">
    <time id="T494S" value="00:33:14,807" />
Gaan hulle van julle hou.
  </s>
  <s id="656">
- Dankie dat jy dit sê.
    <time id="T494E" value="00:33:17,267" />
  </s>
  <s id="657">
    <time id="T495S" value="00:33:18,311" />
He, McGee.
    <time id="T495E" value="00:33:19,337" />
  </s>
  <s id="658">
    <time id="T496S" value="00:33:19,387" />
He, McGee.
  </s>
  <s id="659">
- Ek het my geloofsbriewe terug.
    <time id="T496E" value="00:33:21,376" />
  </s>
  <s id="660">
    <time id="T497S" value="00:33:21,426" />
Pragtig.
  </s>
  <s id="661">
- Waar lae hulle?
    <time id="T497E" value="00:33:23,594" />
  </s>
  <s id="662">
    <time id="T498S" value="00:33:23,644" />
Iemand het hulle in RFK gevind.
    <time id="T498E" value="00:33:25,678" />
  </s>
  <s id="663">
    <time id="T499S" value="00:33:25,778" />
'n Ondersoek van die algemene inspeksie volg.
    <time id="T499E" value="00:33:28,049" />
  </s>
  <s id="664">
    <time id="T500S" value="00:33:28,561" />
Ek sou wel eens baie tyd kan kry om na die strand te gaan.
    <time id="T500E" value="00:33:30,634" />
  </s>
  <s id="665">
    <time id="T501S" value="00:33:30,684" />
Of nog erger.
  </s>
  <s id="666">
- McGee, oh, dit is so jammer.
    <time id="T501E" value="00:33:35,383" />
  </s>
  <s id="667">
    <time id="T502S" value="00:33:36,447" />
Ek voel verantwoordelik, ek het jou gesmeek om met me mee te gaan na dat concert.
    <time id="T502E" value="00:33:40,545" />
  </s>
  <s id="668">
    <time id="T503S" value="00:33:40,595" />
Abby, dit is jou skuld nie.
  </s>
  <s id="669">
- Oh, God.
    <time id="T503E" value="00:33:42,164" />
  </s>
  <s id="670">
    <time id="T504S" value="00:33:42,214" />
Die verpestte wat die geskiedenis sou wees ingegaan as die mees epiese aand ooit.
    <time id="T505E" value="00:33:47,622" />
  </s>
  <s id="671">
    <time id="T506S" value="00:33:47,672" />
Het jy Twitter gesien?
  </s>
  <s id="672">
Die Sterile Puppets is nou viraal.
    <time id="T506E" value="00:33:50,783" />
  </s>
  <s id="673">
    <time id="T507S" value="00:33:50,883" />
Oh, ja, ek hoor dat daar meer as 'n miljoen volgelinge is.
    <time id="T507E" value="00:33:53,386" />
  </s>
  <s id="674">
    <time id="T508S" value="00:33:56,193" />
Wat?
    <time id="T508E" value="00:33:57,593" />
  </s>
  <s id="675">
    <time id="T509S" value="00:33:57,643" />
Hoe goed is jy amikaal met die drummer?
    <time id="T509E" value="00:34:00,167" />
  </s>
  <s id="676">
    <time id="T510S" value="00:34:00,967" />
Waarom?
  </s>
  <s id="677">
- Sou hy jou 'n guns doen?
    <time id="T510E" value="00:34:03,497" />
  </s>
  <s id="678">
    <time id="T511S" value="00:34:05,367" />
Kalm aan, McGee, ek verstaan niks van wat jy sê.
    <time id="T511E" value="00:34:09,140" />
  </s>
  <s id="679">
    <time id="T512S" value="00:34:09,340" />
In die Engels, graag.
    <time id="T512E" value="00:34:10,678" />
  </s>
  <s id="680">
    <time id="T513S" value="00:34:10,778" />
Daar is 'n manier om die vliegtuig te vind.
  </s>
  <s id="681">
As die onder die radar vlieg.
    <time id="T513E" value="00:34:13,825" />
  </s>
  <s id="682">
    <time id="T514S" value="00:34:13,875" />
Sosiale netwerke, Gibbs. 
  </s>
  <s id="683">
Twitter.
  </s>
  <s id="684">
- Abby het 'n vriend wat 'n band het.
    <time id="T514E" value="00:34:16,903" />
  </s>
  <s id="685">
    <time id="T515S" value="00:34:17,003" />
Op hierdie oomblik word hul tweets gevolg deur honderde duisende bewonderaars.
    <time id="T515E" value="00:34:21,206" />
  </s>
  <s id="686">
    <time id="T516S" value="00:34:21,256" />
Ons poste daar 'n foto van die vliegtuig van Keith en vra die fans uit te kyk.
    <time id="T516E" value="00:34:24,728" />
  </s>
  <s id="687">
    <time id="T517S" value="00:34:24,778" />
As iemand dit sien, vra ons om die plek te tweeting met die hashtag:
    <time id="T517E" value="00:34:28,595" />
  </s>
  <s id="688">
    <time id="T518S" value="00:34:28,645" />
"VindDitVliegtuig".
  </s>
  <s id="689">
- Wat is 'n hashtag?
    <time id="T518E" value="00:34:31,252" />
  </s>
  <s id="690">
    <time id="T519S" value="00:34:32,407" />
Duisende Sterile Puppets ondersteuners sal uitsien na die vliegtuig.
    <time id="T519E" value="00:34:35,272" />
  </s>
  <s id="691">
    <time id="T520S" value="00:34:35,322" />
Hashtag, dit sou wel eens kan werk, baas.
    <time id="T520E" value="00:34:37,570" />
  </s>
  <s id="692">
    <time id="T521S" value="00:34:38,726" />
Ga.
    <time id="T521E" value="00:34:40,470" />
  </s>
  <s id="693">
    <time id="T522S" value="00:35:22,866" />
Wel, ons het 'n eerste melding.
    <time id="T522E" value="00:35:24,973" />
  </s>
  <s id="694">
    <time id="T523S" value="00:35:27,677" />
Uit Hopewell, Virginia.
  </s>
  <s id="695">
- Admiraal, stuur ons die koördinate nou.
    <time id="T523E" value="00:35:31,074" />
  </s>
  <s id="696">
    <time id="T524S" value="00:35:31,174" />
Ek waarsku NORAD.
    <time id="T524E" value="00:35:33,297" />
  </s>
  <s id="697">
    <time id="T525S" value="00:35:46,101" />
Daar gaan ons.
    <time id="T525E" value="00:35:47,864" />
  </s>
  <s id="698">
    <time id="T526S" value="00:35:47,914" />
ATC probeer kontak te maak.
  </s>
  <s id="699">
Keith antwoord nie.
    <time id="T526E" value="00:35:50,221" />
  </s>
  <s id="700">
    <time id="T527S" value="00:35:50,271" />
Die radio 's is miskien afgeskakel.
  </s>
  <s id="701">
- Die transponders ook, ons kry geen radar kennisgewings.
    <time id="T528E" value="00:35:54,669" />
  </s>
  <s id="702">
    <time id="T529S" value="00:35:55,176" />
Nog 'n tweet.
    <time id="T529E" value="00:35:56,836" />
  </s>
  <s id="703">
    <time id="T530S" value="00:36:02,156" />
Die laaste wat ons van Keith hoor was op die Unicom frekwensie, vir die Lafayette vliegveld.
  </s>
  <s id="704">
- Kan ons op die frekwensie stuur?
    <time id="T531E" value="00:36:07,792" />
  </s>
  <s id="705">
    <time id="T532S" value="00:36:07,892" />
Dat kan even duur.
    <time id="T532E" value="00:36:09,789" />
  </s>
  <s id="706">
    <time id="T533S" value="00:36:10,737" />
Daar is twee Hornets uit Oceana wat hom gaan onderskep.
    <time id="T533E" value="00:36:13,772" />
  </s>
  <s id="707">
    <time id="T534S" value="00:36:13,872" />
Gewapen?
  </s>
  <s id="708">
- Ja.
    <time id="T534E" value="00:36:14,876" />
  </s>
  <s id="709">
    <time id="T535S" value="00:36:14,926" />
Ons kan nie op die vliegtuig skiet bo bewoon gebied.
    <time id="T535E" value="00:36:17,887" />
  </s>
  <s id="710">
    <time id="T536S" value="00:36:22,882" />
Ons kry heel wat tweets, hy vlieg in 'n zigzag koers.
    <time id="T536E" value="00:36:25,863" />
  </s>
  <s id="711">
    <time id="T537S" value="00:36:26,599" />
Ons het daar nog 'n.
    <time id="T537E" value="00:36:28,227" />
  </s>
  <s id="712">
    <time id="T538S" value="00:36:31,413" />
Hy draai rondom stede.
  </s>
  <s id="713">
- Ons het 'n video bylae.
    <time id="T538E" value="00:36:34,627" />
  </s>
  <s id="714">
    <time id="T539S" value="00:36:38,649" />
Dit is briljant. 
  </s>
  <s id="715">
Wie se idee was dit om die vliegtuig via Twitter te volg?
    <time id="T539E" value="00:36:42,631" />
  </s>
  <s id="716">
    <time id="T540S" value="00:36:48,976" />
Ek weet na waar hy vlieg.
    <time id="T540E" value="00:36:50,548" />
  </s>
  <s id="717">
    <time id="T541S" value="00:36:50,598" />
Die Benjamin Franklin is net uitgevaar, maar is nog in die baai.
    <time id="T541E" value="00:36:53,414" />
  </s>
  <s id="718">
    <time id="T542S" value="00:37:11,318" />
Ek volg die uitsendings van die straaljager vlieëniers.
    <time id="T542E" value="00:37:13,878" />
  </s>
  <s id="719">
    <time id="T543S" value="00:37:13,928" />
Hulle kom nader.
  </s>
  <s id="720">
- Sit hulle op die luidspreker.
    <time id="T543E" value="00:37:16,469" />
  </s>
  <s id="721">
    <time id="T544S" value="00:37:30,121" />
Die doel het die kuslyn oorskry op minder as 'n minuut van die Benjamin Franklin
    <time id="T545E" value="00:37:34,630" />
  </s>
  <s id="722">
    <time id="T546S" value="00:37:34,830" />
Ons keer terug.
    <time id="T546E" value="00:37:37,121" />
  </s>
  <s id="723">
    <time id="T547S" value="00:37:41,699" />
Verskeie klasmaats van Keith sy aan boord vir hul eerste missie.
    <time id="T547E" value="00:37:45,481" />
  </s>
  <s id="724">
    <time id="T548S" value="00:37:45,531" />
Luitenant Robbins, die vrou waarmee hy kontak probeer te maak.
    <time id="T548E" value="00:37:48,500" />
  </s>
  <s id="725">
    <time id="T549S" value="00:37:48,550" />
Die uiteindelike klap vir sy ego.
  </s>
  <s id="726">
Sy mag met vegvliegtuie vlieg en hy nie.
  </s>
  <s id="727">
- Laat NORAD/NORTHCOM die skip waarsku.
    <time id="T550E" value="00:37:53,838" />
  </s>
  <s id="728">
    <time id="T551S" value="00:37:53,888" />
5.000 man personeel, meer as 80 vliegtuie en 'n skip van ses miljard dollar.
    <time id="T551E" value="00:37:58,712" />
  </s>
  <s id="729">
    <time id="T552S" value="00:37:58,762" />
'n Flinke verliesrekening.
  </s>
  <s id="730">
- Hy kom nie in die buurt.
    <time id="T552E" value="00:38:01,043" />
  </s>
  <s id="731">
    <time id="T553S" value="00:38:01,093" />
Beskerm deur die beste op gebied van afweersystemen.
    <time id="T553E" value="00:38:04,048" />
  </s>
  <s id="732">
    <time id="T554S" value="00:38:04,098" />
Dit is 'n selfmoordmissie.
  </s>
  <s id="733">
- Admiraal, het die Benjamin Franklin magtiging om 'n burgerdoel neer te haal?
  </s>
  <s id="734">
- Die skip mag homself verdedig.
    <time id="T555E" value="00:38:11,321" />
  </s>
  <s id="735">
    <time id="T556S" value="00:38:11,621" />
Dit is die taktiese offisier.
  </s>
  <s id="736">
Beman die strydposte.
    <time id="T556E" value="00:38:14,924" />
  </s>
  <s id="737">
    <time id="T557S" value="00:38:15,124" />
Beman die strydposte.
    <time id="T557E" value="00:38:17,012" />
  </s>
  <s id="738">
    <time id="T558S" value="00:38:17,062" />
Lae, stadige vlieër inkomende aan stuurboordkant.
    <time id="T558E" value="00:38:19,959" />
  </s>
  <s id="739">
    <time id="T559S" value="00:38:20,059" />
Lae, stadige vlieër inkomende aan stuurboordkant.
    <time id="T559E" value="00:38:23,503" />
  </s>
  <s id="740">
    <time id="T560S" value="00:38:32,283" />
Baas, ek het die Unicom frekwensie.
    <time id="T560E" value="00:38:34,619" />
  </s>
  <s id="741">
    <time id="T561S" value="00:38:40,131" />
Luitenant Keith, dit is NCIS spesiale agent Gibbs.
    <time id="T561E" value="00:38:43,835" />
  </s>
  <s id="742">
    <time id="T562S" value="00:38:44,135" />
Die Benjamin Franklin het sy wapens op jou gerig.
    <time id="T562E" value="00:38:47,704" />
  </s>
  <s id="743">
    <time id="T563S" value="00:38:50,179" />
Luitenant?
    <time id="T563E" value="00:38:51,944" />
  </s>
  <s id="744">
    <time id="T564S" value="00:38:55,058" />
Dit hoef nie op die manier te eindig.
  </s>
  <s id="745">
- Jy verstaan dit nie.
    <time id="T564E" value="00:38:59,355" />
  </s>
  <s id="746">
    <time id="T565S" value="00:38:59,837" />
Ek moet dit doen.
    <time id="T565E" value="00:39:02,355" />
  </s>
  <s id="747">
    <time id="T566S" value="00:39:02,405" />
Nee, dit is nie so nie.
    <time id="T566E" value="00:39:04,904" />
  </s>
  <s id="748">
    <time id="T567S" value="00:39:07,071" />
Dana Robbins en ander aan boord tref lost niks op.
    <time id="T567E" value="00:39:11,017" />
  </s>
  <s id="749">
    <time id="T568S" value="00:39:13,812" />
Jy gaan die skip nooit bereik.
  </s>
  <s id="750">
Draai om.
    <time id="T568E" value="00:39:16,398" />
  </s>
  <s id="751">
    <time id="T569S" value="00:39:16,448" />
Ons sal jou help.
    <time id="T569E" value="00:39:17,749" />
  </s>
  <s id="752">
    <time id="T570S" value="00:39:17,849" />
Raketsystemen is gereed om te skiet.
  </s>
  <s id="753">
- Afweergeskut, doel in die teleskoop.
    <time id="T570E" value="00:39:23,059" />
  </s>
  <s id="754">
    <time id="T571S" value="00:39:23,109" />
Wapens geaktiveer.
    <time id="T571E" value="00:39:25,077" />
  </s>
  <s id="755">
    <time id="T572S" value="00:39:26,324" />
Luitenant Keith, daar sal op jou geskiet word.
    <time id="T572E" value="00:39:29,761" />
  </s>
  <s id="756">
    <time id="T573S" value="00:39:46,681" />
Die burgervliegtuig maak 'n draai na links.
    <time id="T573E" value="00:39:49,391" />
  </s>
  <s id="757">
    <time id="T574S" value="00:39:49,491" />
Ek bevestig, burgerpiloot verwyder hom van die vliegdekskip.
    <time id="T574E" value="00:39:54,055" />
  </s>
  <s id="758">
    <time id="T575S" value="00:39:54,105" />
Luitenant Keith, ATC sal jou vektore gee vir 'n veilige landing.
    <time id="T575E" value="00:39:58,649" />
  </s>
  <s id="759">
    <time id="T576S" value="00:39:59,423" />
Dit is te laat.
    <time id="T576E" value="00:40:01,337" />
  </s>
  <s id="760">
    <time id="T577S" value="00:40:12,635" />
Die burgervliegtuig is ontplof.
  </s>
  <s id="761">
Ek herhaal, burgervliegtuig is ontplof.
    <time id="T577E" value="00:40:17,210" />
  </s>
  <s id="762">
    <time id="T578S" value="00:40:28,227" />
Gaan wat slaap, ouens.
  </s>
  <s id="763">
- Dankie, baas.
    <time id="T578E" value="00:40:30,656" />
  </s>
  <s id="764">
    <time id="T579S" value="00:40:31,684" />
He, Eugene.
  </s>
  <s id="765">
Het jy iets nodig?
    <time id="T579E" value="00:40:34,286" />
  </s>
  <s id="766">
    <time id="T580S" value="00:40:34,336" />
Ek is hier vir spesiale agent McGee.
    <time id="T580E" value="00:40:36,365" />
  </s>
  <s id="767">
    <time id="T581S" value="00:40:37,225" />
Jy weet waarom ek hier is.
  </s>
  <s id="768">
Ek lei die ondersoek van die inspeksie.
    <time id="T581E" value="00:40:40,198" />
  </s>
  <s id="769">
    <time id="T582S" value="00:40:40,248" />
geloofsbriewe verloor is 'n ernstige misdryf, veral as dit nie onmiddellik word gemeld.
    <time id="T583E" value="00:40:45,241" />
  </s>
  <s id="770">
    <time id="T584S" value="00:40:50,464" />
He, ons het 'n paar lang dae agter die rug, weet jy?
    <time id="T584E" value="00:40:54,570" />
  </s>
  <s id="771">
    <time id="T585S" value="00:40:56,215" />
Jy moet kom saam met my.
    <time id="T585E" value="00:40:57,899" />
  </s>
  <s id="772">
    <time id="T586S" value="00:40:59,305" />
Wag eens even.
  </s>
  <s id="773">
Agent McGee gaan nêrens heen.
    <time id="T586E" value="00:41:02,474" />
  </s>
  <s id="774">
    <time id="T587S" value="00:41:02,674" />
Direkteur.
  </s>
  <s id="775">
- Agent McGee en sy span word versoek na die Wit Huis te gaan.
    <time id="T588E" value="00:41:07,682" />
  </s>
  <s id="776">
    <time id="T589S" value="00:41:07,732" />
Sy slim strategie redde talle lewens en 'n wapenstelsel van miljarde dollars.
    <time id="T589E" value="00:41:13,169" />
  </s>
  <s id="777">
    <time id="T590S" value="00:41:16,341" />
Ja, ons kom wel terug, Eugene.
    <time id="T590E" value="00:41:18,684" />
  </s>
  <s id="778">
    <time id="T591S" value="00:41:21,365" />
Vertaling en sync deur: 
  </s>
  <s id="779">
Rie van die Buggy's
    <time id="T591E" value="00:41:27,887" />
  </s>
  <meta>
    <conversion>
      <tokens>6340</tokens>
      <encoding>windows-1252</encoding>
      <corrected_words>0</corrected_words>
      <truecased_words>2</truecased_words>
      <unknown_words>0</unknown_words>
      <sentences>779</sentences>
      <ignored_blocks>0</ignored_blocks>
    </conversion>
    <subtitle>
      <machine_translated>0</machine_translated>
      <date>2013-11-26</date>
      <language>Afrikaans</language>
      <confidence>1.0</confidence>
      <duration>00:41:27,887</duration>
      <blocks>591</blocks>
      <version>1</version>
      <rating>1.0</rating>
    </subtitle>
    <source>
      <year>2013</year>
      <duration>40</duration>
      <cds>1/1</cds>
      <genre>Action,Comedy,Crime</genre>
      <HD>1</HD>
    </source>
  </meta>
</document>
