<?xml version="1.0" encoding="utf-8"?>
<document id="6716159">
  <s id="1">
    <time id="T1S" value="00:02:43,596" />
KONINGIN SE SKUIF
    <time id="T1E" value="00:02:48,556" />
  </s>
  <s id="2">
    <time id="T2S" value="00:03:52,990" />
- Hello, Helene 
  </s>
  <s id="3">
- Hello
    <time id="T2E" value="00:03:55,500" />
  </s>
  <s id="4">
    <time id="T3S" value="00:03:55,568" />
Moenie vergeet van kamers 12 en 19 nie
    <time id="T3E" value="00:03:57,968" />
  </s>
  <s id="5">
    <time id="T4S" value="00:03:58,068" />
- Het jy Natalia gesien?
  </s>
  <s id="6">
- Nee
    <time id="T4E" value="00:04:00,837" />
  </s>
  <s id="7">
    <time id="T5S" value="00:04:00,907" />
Ek weet nie wat ek sonder jou sou doen nie, Helene
    <time id="T5E" value="00:04:04,156" />
  </s>
  <s id="8">
    <time id="T6S" value="00:04:07,981" />
Ek is moeg daarvoor dat sy so op my skree!
    <time id="T6E" value="00:04:11,678" />
  </s>
  <s id="9">
    <time id="T7S" value="00:04:11,751" />
Ek gaan weg
    <time id="T7E" value="00:04:13,912" />
  </s>
  <s id="10">
    <time id="T8S" value="00:04:13,987" />
- Waarnatoe?
  </s>
  <s id="11">
- Die vasteland, enige plek!
    <time id="T8E" value="00:04:17,446" />
  </s>
  <s id="12">
    <time id="T9S" value="00:04:17,603" />
Wat dan van Denis? 
  </s>
  <s id="13">
die liefde van jou lewe?
    <time id="T9E" value="00:04:20,789" />
  </s>
  <s id="14">
    <time id="T10S" value="00:04:20,860" />
Hy kan maar saamkom
    <time id="T10E" value="00:04:22,725" />
  </s>
  <s id="15">
    <time id="T11S" value="00:04:22,795" />
Ek sal hier wegkwyn!
    <time id="T11E" value="00:04:24,626" />
  </s>
  <s id="16">
    <time id="T12S" value="00:04:24,697" />
Die somers is goed, maar die winter is goor!
    <time id="T13E" value="00:04:28,200" />
  </s>
  <s id="17">
    <time id="T14S" value="00:04:28,268" />
Wou jou nog nooit wegkom nie?
    <time id="T14E" value="00:04:30,202" />
  </s>
  <s id="18">
    <time id="T15S" value="00:04:30,270" />
Ek het nog nie daaroor gedink nie
    <time id="T15E" value="00:04:31,897" />
  </s>
  <s id="19">
    <time id="T16S" value="00:04:31,971" />
Wou jy nog nooit wegtrek nie?
    <time id="T16E" value="00:04:34,201" />
  </s>
  <s id="20">
    <time id="T17S" value="00:04:34,274" />
Ja, jare gelede, om hier te kom, en te trou
    <time id="T18E" value="00:04:38,568" />
  </s>
  <s id="21">
    <time id="T19S" value="00:04:38,645" />
Nagmerrie!
    <time id="T19E" value="00:04:40,563" />
  </s>
  <s id="22">
    <time id="T20S" value="00:05:26,353" />
Verskoon my tog
    <time id="T20E" value="00:05:28,024" />
  </s>
  <s id="23">
    <time id="T21S" value="00:05:30,196" />
Jy kan die kamer maar skoonmaak, ons sal die hele oggend hier buite wees
    <time id="T22E" value="00:05:35,495" />
  </s>
  <s id="24">
    <time id="T23S" value="00:05:36,298" />
Ja, mevrou
    <time id="T23E" value="00:05:38,002" />
  </s>
  <s id="25">
    <time id="T24S" value="00:07:33,095" />
Het julle...
    <time id="T24E" value="00:07:34,810" />
  </s>
  <s id="26">
    <time id="T25S" value="00:07:35,824" />
Wat is "chess" in Frans?
    <time id="T25E" value="00:07:39,124" />
  </s>
  <s id="27">
    <time id="T26S" value="00:07:39,839" />
- Chess?
  </s>
  <s id="28">
- Ja
    <time id="T26E" value="00:07:41,990" />
  </s>
  <s id="29">
    <time id="T27S" value="00:07:42,061" />
Het jy skaak gespeel?
    <time id="T27E" value="00:07:44,116" />
  </s>
  <s id="30">
    <time id="T28S" value="00:07:45,031" />
Nee
    <time id="T28E" value="00:07:46,225" />
  </s>
  <s id="31">
    <time id="T29S" value="00:08:17,809" />
Ange!
    <time id="T29E" value="00:08:19,327" />
  </s>
  <s id="32">
    <time id="T30S" value="00:08:24,500" />
Wat is verkeerd?
    <time id="T30E" value="00:08:26,268" />
  </s>
  <s id="33">
    <time id="T31S" value="00:08:31,297" />
'n Ongeluk?
    <time id="T31E" value="00:08:32,604" />
  </s>
  <s id="34">
    <time id="T32S" value="00:08:32,678" />
Nee, ek wou jou net sien
    <time id="T32E" value="00:08:35,049" />
  </s>
  <s id="35">
    <time id="T33S" value="00:08:35,285" />
Dis gaaf, maar jy het my laat skrik
    <time id="T33E" value="00:08:37,676" />
  </s>
  <s id="36">
    <time id="T34S" value="00:08:37,750" />
Ag, ek's jammer!
    <time id="T34E" value="00:08:39,300" />
  </s>
  <s id="37">
    <time id="T35S" value="00:08:40,140" />
Alles reg met jou?
    <time id="T35E" value="00:08:41,886" />
  </s>
  <s id="38">
    <time id="T36S" value="00:08:41,954" />
Ja, alles reg
    <time id="T36E" value="00:08:43,285" />
  </s>
  <s id="39">
    <time id="T37S" value="00:08:43,603" />
Ek moet gaan, ons moet vandag klaarmaak
    <time id="T37E" value="00:08:46,187" />
  </s>
  <s id="40">
    <time id="T38S" value="00:08:46,595" />
Ek is ver agter
    <time id="T38E" value="00:08:48,360" />
  </s>
  <s id="41">
    <time id="T39S" value="00:08:48,694" />
Helene
    <time id="T39E" value="00:08:50,190" />
  </s>
  <s id="42">
    <time id="T40S" value="00:08:50,557" />
Sien jou later
    <time id="T40E" value="00:08:52,058" />
  </s>
  <s id="43">
    <time id="T41S" value="00:09:05,567" />
Toe ek jou ouderdom was, het ons vakansiewerk gedoen om bietjie geld te verdien
    <time id="T42E" value="00:09:11,478" />
  </s>
  <s id="44">
    <time id="T43S" value="00:09:11,551" />
My Engelse onderwyser het hierdie kursus aanbeveel
    <time id="T43E" value="00:09:14,349" />
  </s>
  <s id="45">
    <time id="T44S" value="00:09:14,420" />
Wat daarvan? 
  </s>
  <s id="46">
jou ma en ek werk soos slawe
    <time id="T44E" value="00:09:17,355" />
  </s>
  <s id="47">
    <time id="T45S" value="00:09:17,423" />
Ek wil nie eendag soos julle wees nie!
    <time id="T45E" value="00:09:19,323" />
  </s>
  <s id="48">
    <time id="T46S" value="00:09:19,392" />
- Soos hoe?
  </s>
  <s id="49">
- Arm!
    <time id="T46E" value="00:09:21,127" />
  </s>
  <s id="50">
    <time id="T47S" value="00:09:21,626" />
- Is dit 'n skande?
  </s>
  <s id="51">
- Dis niks om trots op te wees nie!
    <time id="T47E" value="00:09:24,725" />
  </s>
  <s id="52">
    <time id="T48S" value="00:09:25,431" />
Het sy al ooit gebrek gely? 
  </s>
  <s id="53">
Nee!
    <time id="T48E" value="00:09:28,261" />
  </s>
  <s id="54">
    <time id="T49S" value="00:09:28,334" />
Kalmeer, jy weet sy bedoel dit anders
    <time id="T49E" value="00:09:31,667" />
  </s>
  <s id="55">
    <time id="T50S" value="00:09:33,644" />
Twee boukontrakte is gekanselleer!
    <time id="T50E" value="00:09:36,238" />
  </s>
  <s id="56">
    <time id="T51S" value="00:09:37,187" />
Thierry gaan werkers verminder
    <time id="T51E" value="00:09:40,036" />
  </s>
  <s id="57">
    <time id="T52S" value="00:09:40,112" />
Die mense met geld bestee al hoe minder
    <time id="T52E" value="00:09:43,775" />
  </s>
  <s id="58">
    <time id="T53S" value="00:09:43,983" />
Hoe sal ons klaarkom?
    <time id="T53E" value="00:09:45,942" />
  </s>
  <s id="59">
    <time id="T54S" value="00:09:49,939" />
Ons sal maar moet sien
    <time id="T54E" value="00:09:51,349" />
  </s>
  <s id="60">
    <time id="T55S" value="00:09:55,161" />
Het jy jou Yank vir 'n verhoging gevra?
    <time id="T55E" value="00:09:58,429" />
  </s>
  <s id="61">
    <time id="T56S" value="00:10:02,719" />
- Hoeveel kos haar uitstappie na Engeland?
  </s>
  <s id="62">
- 400 euros
    <time id="T56E" value="00:10:06,770" />
  </s>
  <s id="63">
    <time id="T57S" value="00:10:06,839" />
Verdomp!
  </s>
  <s id="64">
Ons sal maar net bietjie moet bespaar
    <time id="T57E" value="00:10:09,865" />
  </s>
  <s id="65">
    <time id="T58S" value="00:10:12,349" />
Ek gaan saam met Jacky, ons het 'n spel om klaar te maak
    <time id="T58E" value="00:10:15,376" />
  </s>
  <s id="66">
    <time id="T59S" value="00:10:15,550" />
Moenie vir my wakker bly nie
    <time id="T59E" value="00:10:17,439" />
  </s>
  <s id="67">
    <time id="T60S" value="00:10:29,510" />
En hy doen net mooi niks nie, niks interesseer hom nie
    <time id="T61E" value="00:10:35,467" />
  </s>
  <s id="68">
    <time id="T62S" value="00:10:35,534" />
As jy hom vra wat hy eendag wil doen, weet jy wat hy antwoord?
    <time id="T63E" value="00:10:40,263" />
  </s>
  <s id="69">
    <time id="T64S" value="00:10:40,339" />
"Ek wil beroemd wees!"
    <time id="T64E" value="00:10:43,069" />
  </s>
  <s id="70">
    <time id="T65S" value="00:11:16,481" />
Dokter Kroger?
    <time id="T65E" value="00:11:18,236" />
  </s>
  <s id="71">
    <time id="T66S" value="00:13:02,309" />
Daardie man is onmoontlik!
    <time id="T66E" value="00:13:04,812" />
  </s>
  <s id="72">
    <time id="T67S" value="00:13:05,432" />
Verpes hy jou ook so?
    <time id="T67E" value="00:13:07,482" />
  </s>
  <s id="73">
    <time id="T68S" value="00:13:07,553" />
Ag wat, hy is nie sleg nie
    <time id="T68E" value="00:13:09,184" />
  </s>
  <s id="74">
    <time id="T69S" value="00:13:09,315" />
Ek is bly al my pasiënte is nie soos hy nie!
    <time id="T69E" value="00:13:12,022" />
  </s>
  <s id="75">
    <time id="T70S" value="00:13:14,193" />
Lekker dag
    <time id="T70E" value="00:13:15,660" />
  </s>
  <s id="76">
    <time id="T71S" value="00:13:15,728" />
Totsiens
    <time id="T71E" value="00:13:17,059" />
  </s>
  <s id="77">
    <time id="T72S" value="00:13:30,596" />
Dag, Dokter Kroger
    <time id="T72E" value="00:13:32,537" />
  </s>
  <s id="78">
    <time id="T73S" value="00:13:47,521" />
Asseblief, probeer om nie alles so rond te skuif nie, ek soek my dood na alles as jy hier was
    <time id="T75E" value="00:13:54,194" />
  </s>
  <s id="79">
    <time id="T76S" value="00:13:54,266" />
Ek is jammer, goed so
    <time id="T76E" value="00:13:56,889" />
  </s>
  <s id="80">
    <time id="T77S" value="00:14:08,566" />
My kamer eerste
    <time id="T77E" value="00:14:10,823" />
  </s>
  <s id="81">
    <time id="T78S" value="00:14:14,864" />
Ek wou vra...
    <time id="T78E" value="00:14:16,675" />
  </s>
  <s id="82">
    <time id="T79S" value="00:14:18,590" />
Dis oor my...
    <time id="T79E" value="00:14:21,254" />
  </s>
  <s id="83">
    <time id="T80S" value="00:14:21,327" />
- Omtrent jou wat?
  </s>
  <s id="84">
- Betaling, my man dink...
    <time id="T80E" value="00:14:24,592" />
  </s>
  <s id="85">
    <time id="T81S" value="00:14:24,663" />
Dink hy dan vir jou?
    <time id="T81E" value="00:14:26,358" />
  </s>
  <s id="86">
    <time id="T82S" value="00:14:26,432" />
Nee, ek dink ook u kan my bietjie meer betaal, 10 euros
    <time id="T83E" value="00:14:34,676" />
  </s>
  <s id="87">
    <time id="T84S" value="00:14:48,163" />
Dankie
    <time id="T84E" value="00:14:49,895" />
  </s>
  <s id="88">
    <time id="T85S" value="00:15:40,933" />
Sien jou weer!
    <time id="T85E" value="00:15:42,691" />
  </s>
  <s id="89">
    <time id="T86S" value="00:16:09,929" />
Een, twee, drie!
    <time id="T86E" value="00:16:12,402" />
  </s>
  <s id="90">
    <time id="T87S" value="00:16:13,655" />
Veels geluk!
    <time id="T87E" value="00:16:15,702" />
  </s>
  <s id="91">
    <time id="T88S" value="00:16:17,093" />
Gelukkige verjaarsdag!
    <time id="T88E" value="00:16:18,809" />
  </s>
  <s id="92">
    <time id="T89S" value="00:16:19,874" />
- Sny die koek!
  </s>
  <s id="93">
- Reg, kerse!
    <time id="T89E" value="00:16:22,703" />
  </s>
  <s id="94">
    <time id="T90S" value="00:16:23,390" />
- Hier 
  </s>
  <s id="95">
- Gelukkige verjaarsdag
    <time id="T90E" value="00:16:26,119" />
  </s>
  <s id="96">
    <time id="T91S" value="00:16:26,919" />
Verjaarsdagpersente!
    <time id="T91E" value="00:16:28,901" />
  </s>
  <s id="97">
    <time id="T92S" value="00:16:41,995" />
'n Elektroniese skaakstel
    <time id="T92E" value="00:16:44,199" />
  </s>
  <s id="98">
    <time id="T93S" value="00:16:44,986" />
Ek sien so, maar waarvoor?
    <time id="T93E" value="00:16:46,954" />
  </s>
  <s id="99">
    <time id="T94S" value="00:16:47,663" />
Om skaak te speel, sou ek sê!
    <time id="T94E" value="00:16:50,333" />
  </s>
  <s id="100">
    <time id="T95S" value="00:16:50,409" />
- Maar ek kan nie speel nie 
  </s>
  <s id="101">
- Jy kan leer
    <time id="T95E" value="00:16:52,570" />
  </s>
  <s id="102">
    <time id="T96S" value="00:16:52,644" />
Hulle sê dit verbeter die verstand!
    <time id="T96E" value="00:16:54,544" />
  </s>
  <s id="103">
    <time id="T97S" value="00:16:54,613" />
Baie snaaks; kan jy speel?
    <time id="T97E" value="00:16:56,513" />
  </s>
  <s id="104">
    <time id="T98S" value="00:16:56,582" />
Nee
    <time id="T98E" value="00:16:57,844" />
  </s>
  <s id="105">
    <time id="T99S" value="00:16:57,916" />
Goed!
    <time id="T99E" value="00:16:59,077" />
  </s>
  <s id="106">
    <time id="T100S" value="00:17:00,494" />
Dis weer iets anders as backgammon
    <time id="T100E" value="00:17:02,987" />
  </s>
  <s id="107">
    <time id="T101S" value="00:17:03,460" />
Met wie kan ek dan speel?
    <time id="T101E" value="00:17:05,874" />
  </s>
  <s id="108">
    <time id="T102S" value="00:17:06,162" />
Ek weet nie, met my?
    <time id="T102E" value="00:17:08,689" />
  </s>
  <s id="109">
    <time id="T103S" value="00:17:08,839" />
Of alleen, dis 'n rekenaar, jy kan met hom speel
    <time id="T104E" value="00:17:13,727" />
  </s>
  <s id="110">
    <time id="T105S" value="00:17:13,799" />
Alleen?
    <time id="T105E" value="00:17:15,232" />
  </s>
  <s id="111">
    <time id="T106S" value="00:17:15,300" />
Klein rekenaar, groot brein!
    <time id="T106E" value="00:17:17,971" />
  </s>
  <s id="112">
    <time id="T107S" value="00:17:18,810" />
Kom, laat ons koek eet
    <time id="T107E" value="00:17:21,264" />
  </s>
  <s id="113">
    <time id="T108S" value="00:17:21,340" />
Stuur julle borde aan
    <time id="T108E" value="00:17:23,035" />
  </s>
  <s id="114">
    <time id="T109S" value="00:17:23,350" />
Hoekom het jy dit gedoen?
    <time id="T109E" value="00:17:24,873" />
  </s>
  <s id="115">
    <time id="T110S" value="00:17:24,943" />
Dankie, Helene
    <time id="T110E" value="00:17:26,535" />
  </s>
  <s id="116">
    <time id="T111S" value="00:17:26,635" />
- Ek hoop nie dit was te duur nie?
  </s>
  <s id="117">
- Nee
    <time id="T111E" value="00:17:29,410" />
  </s>
  <s id="118">
    <time id="T112S" value="00:17:29,963" />
Sjampanje!
    <time id="T112E" value="00:17:31,810" />
  </s>
  <s id="119">
    <time id="T113S" value="00:17:33,252" />
- En sjampanjeglase!
  </s>
  <s id="120">
- Reg!
    <time id="T113E" value="00:17:35,777" />
  </s>
  <s id="121">
    <time id="T114S" value="00:17:39,925" />
Waar is die kurk?
  </s>
  <s id="122">
Die kurk vir geluk!
    <time id="T114E" value="00:17:43,793" />
  </s>
  <s id="123">
    <time id="T115S" value="00:18:10,422" />
- Alles het goed verloop, nê?
  </s>
  <s id="124">
- Baie goed
    <time id="T115E" value="00:18:12,866" />
  </s>
  <s id="125">
    <time id="T116S" value="00:18:13,627" />
Dit gaan swaar wees om môre op te kom
    <time id="T116E" value="00:18:16,907" />
  </s>
  <s id="126">
    <time id="T117S" value="00:18:26,354" />
Goeie nag, lief
    <time id="T117E" value="00:18:28,243" />
  </s>
  <s id="127">
    <time id="T118S" value="00:19:43,789" />
Die ridder
    <time id="T118E" value="00:19:45,679" />
  </s>
  <s id="128">
    <time id="T119S" value="00:19:53,944" />
Die kasteel
    <time id="T119E" value="00:19:55,624" />
  </s>
  <s id="129">
    <time id="T120S" value="00:20:01,475" />
Die pion
    <time id="T120E" value="00:20:03,100" />
  </s>
  <s id="130">
    <time id="T121S" value="00:20:09,408" />
Die koning
    <time id="T121E" value="00:20:10,765" />
  </s>
  <s id="131">
    <time id="T122S" value="00:20:14,255" />
"Een element wat skaak so ryk maak, is die verskillende bewegings van al die stukke
    <time id="T123E" value="00:20:20,779" />
  </s>
  <s id="132">
    <time id="T124S" value="00:20:21,386" />
Die koningin is die magtigste stuk"
    <time id="T124E" value="00:20:24,549" />
  </s>
  <s id="133">
    <time id="T125S" value="00:20:28,398" />
Die koningin is die magtigste stuk
    <time id="T125E" value="00:20:31,222" />
  </s>
  <s id="134">
    <time id="T126S" value="00:20:45,245" />
Het jy alles?
    <time id="T126E" value="00:20:46,909" />
  </s>
  <s id="135">
    <time id="T127S" value="00:20:46,979" />
Ek gaan nie Mars toe nie!
    <time id="T127E" value="00:20:48,708" />
  </s>
  <s id="136">
    <time id="T128S" value="00:20:48,780" />
Hier, vat dit, mens weet nooit nie
    <time id="T128E" value="00:20:50,941" />
  </s>
  <s id="137">
    <time id="T129S" value="00:20:51,016" />
- Dankie, is jy seker?
  </s>
  <s id="138">
- Ja
    <time id="T129E" value="00:20:53,537" />
  </s>
  <s id="139">
    <time id="T130S" value="00:20:54,350" />
Lisa! 
  </s>
  <s id="140">
jy gaan jou boot mis!
    <time id="T130E" value="00:20:56,588" />
  </s>
  <s id="141">
    <time id="T131S" value="00:20:56,655" />
Ek kom!
    <time id="T131E" value="00:20:58,365" />
  </s>
  <s id="142">
    <time id="T132S" value="00:20:58,522" />
- Wees versigtig 
  </s>
  <s id="143">
- Ek is nie meer 'n kind nie!
    <time id="T132E" value="00:21:01,588" />
  </s>
  <s id="144">
    <time id="T133S" value="00:21:01,660" />
Dis juis wat my bekommer!
    <time id="T133E" value="00:21:03,482" />
  </s>
  <s id="145">
    <time id="T134S" value="00:21:16,576" />
- Kom jy vir 'n drankie?
  </s>
  <s id="146">
- Nie vandag nie, dankie
    <time id="T134E" value="00:21:19,410" />
  </s>
  <s id="147">
    <time id="T135S" value="00:21:19,478" />
Jy kom nie meer oor nie
    <time id="T135E" value="00:21:20,968" />
  </s>
  <s id="148">
    <time id="T136S" value="00:21:21,046" />
Ek het nie tyd nie, totsiens
    <time id="T136E" value="00:21:23,425" />
  </s>
  <s id="149">
    <time id="T137S" value="00:22:39,091" />
Dis jy!
    <time id="T137E" value="00:22:40,677" />
  </s>
  <s id="150">
    <time id="T138S" value="00:22:41,517" />
Ja, dis ek.
  </s>
  <s id="151">
Alles reg?
    <time id="T138E" value="00:22:43,623" />
  </s>
  <s id="152">
    <time id="T139S" value="00:22:43,695" />
Ja
    <time id="T139E" value="00:22:45,128" />
  </s>
  <s id="153">
    <time id="T140S" value="00:22:45,197" />
- Wat doen jy?
  </s>
  <s id="154">
- Niks
    <time id="T140E" value="00:22:48,680" />
  </s>
  <s id="155">
    <time id="T141S" value="00:22:49,861" />
Rook jy weer?
    <time id="T141E" value="00:22:51,357" />
  </s>
  <s id="156">
    <time id="T142S" value="00:22:52,328" />
'n Bietjie
    <time id="T142E" value="00:22:53,771" />
  </s>
  <s id="157">
    <time id="T143S" value="00:22:54,716" />
Is dit 'n bietjie?
    <time id="T143E" value="00:22:55,964" />
  </s>
  <s id="158">
    <time id="T144S" value="00:22:56,041" />
Dit help my
    <time id="T144E" value="00:22:57,440" />
  </s>
  <s id="159">
    <time id="T145S" value="00:22:57,509" />
- Help met wat?
  </s>
  <s id="160">
- Dink
    <time id="T145E" value="00:23:00,174" />
  </s>
  <s id="161">
    <time id="T146S" value="00:23:02,483" />
Dink waaroor?
    <time id="T146E" value="00:23:04,215" />
  </s>
  <s id="162">
    <time id="T147S" value="00:23:06,839" />
Ek het nie kos gemaak nie, ek het gedink ons kan 'n slaggie uitgaan
    <time id="T147E" value="00:23:11,146" />
  </s>
  <s id="163">
    <time id="T148S" value="00:23:11,223" />
Ek betaal
    <time id="T148E" value="00:23:13,316" />
  </s>
  <s id="164">
    <time id="T149S" value="00:23:13,392" />
Ek ontmoet vir Jacky, kom ons maak 'n pizza warm
    <time id="T149E" value="00:23:16,020" />
  </s>
  <s id="165">
    <time id="T150S" value="00:23:16,094" />
Ek wil uitgaan, asseblief
    <time id="T150E" value="00:23:19,093" />
  </s>
  <s id="166">
    <time id="T151S" value="00:23:20,458" />
Goed, gaan trek aan, maar ek betaal
    <time id="T151E" value="00:23:23,768" />
  </s>
  <s id="167">
    <time id="T152S" value="00:23:24,367" />
Ons was lanklaas by Maddy's
    <time id="T152E" value="00:23:27,096" />
  </s>
  <s id="168">
    <time id="T153S" value="00:23:29,353" />
So, ek het net my kop laat sak, en gaan werk sonder 'n woord
    <time id="T154E" value="00:23:34,638" />
  </s>
  <s id="169">
    <time id="T155S" value="00:23:35,205" />
Dis elke man vir homself nou
    <time id="T155E" value="00:23:37,639" />
  </s>
  <s id="170">
    <time id="T156S" value="00:23:38,065" />
Wanneer 3 afgedank word, is ons kwaad, maar ons is darem dankbaar dis hulle, en nie ons nie
    <time id="T157E" value="00:23:44,048" />
  </s>
  <s id="171">
    <time id="T158S" value="00:23:47,774" />
Miskien is Lisa reg
    <time id="T158E" value="00:23:50,023" />
  </s>
  <s id="172">
    <time id="T159S" value="00:23:50,713" />
Ons het skape geword, maar het ons 'n keuse?
    <time id="T160E" value="00:23:56,928" />
  </s>
  <s id="173">
    <time id="T161S" value="00:24:08,845" />
In my pa se dae het almal saamgestaan, die manne het elke Sondag saamgekom,
    <time id="T162E" value="00:24:14,477" />
  </s>
  <s id="174">
    <time id="T163S" value="00:24:16,796" />
en ma het oliebolle gemaak
    <time id="T163E" value="00:24:19,020" />
  </s>
  <s id="175">
    <time id="T164S" value="00:24:19,892" />
Hulle het gedrink, gesing en die wêreld verander!
    <time id="T164E" value="00:24:22,888" />
  </s>
  <s id="176">
    <time id="T165S" value="00:24:24,012" />
Dit was pret
    <time id="T165E" value="00:24:25,957" />
  </s>
  <s id="177">
    <time id="T166S" value="00:24:26,741" />
As dinge swaar word, het ons vasgebyt
    <time id="T166E" value="00:24:29,190" />
  </s>
  <s id="178">
    <time id="T167S" value="00:24:43,588" />
Wat het jy gesê?
    <time id="T167E" value="00:24:45,547" />
  </s>
  <s id="179">
    <time id="T168S" value="00:24:45,617" />
Ek?
    <time id="T168E" value="00:24:46,675" />
  </s>
  <s id="180">
    <time id="T169S" value="00:24:50,122" />
Ons het lanklaas so gepraat
    <time id="T169E" value="00:24:53,322" />
  </s>
  <s id="181">
    <time id="T170S" value="00:24:57,364" />
- Weet jy wat ek nou wil doen?
  </s>
  <s id="182">
- Ja!
    <time id="T170E" value="00:24:59,926" />
  </s>
  <s id="183">
    <time id="T171S" value="00:25:02,848" />
Nee, ek wil graag...
    <time id="T171E" value="00:25:04,862" />
  </s>
  <s id="184">
    <time id="T172S" value="00:25:07,335" />
- Is dit wat jy wil doen?
  </s>
  <s id="185">
- Ja
    <time id="T172E" value="00:25:09,797" />
  </s>
  <s id="186">
    <time id="T173S" value="00:25:09,875" />
Regtig?
    <time id="T173E" value="00:25:11,508" />
  </s>
  <s id="187">
    <time id="T174S" value="00:25:16,310" />
Wat is die doel van die spel?
    <time id="T174E" value="00:25:18,772" />
  </s>
  <s id="188">
    <time id="T175S" value="00:25:18,850" />
Die doel van die spel?
    <time id="T175E" value="00:25:20,647" />
  </s>
  <s id="189">
    <time id="T176S" value="00:25:20,719" />
Jy moet jou oponent se koning vang, en hom vaskeer
    <time id="T177E" value="00:25:26,451" />
  </s>
  <s id="190">
    <time id="T178S" value="00:25:27,292" />
En...?
    <time id="T178E" value="00:25:28,884" />
  </s>
  <s id="191">
    <time id="T179S" value="00:25:28,960" />
En wat?
    <time id="T179E" value="00:25:30,450" />
  </s>
  <s id="192">
    <time id="T180S" value="00:25:30,529" />
- Is dit al?
  </s>
  <s id="193">
- Ja
    <time id="T180E" value="00:25:32,526" />
  </s>
  <s id="194">
    <time id="T181S" value="00:25:35,544" />
So, beweeg elke stuk verskillend?
    <time id="T181E" value="00:25:39,026" />
  </s>
  <s id="195">
    <time id="T182S" value="00:25:39,104" />
Behalwe vir die pionne, hulle beweeg almal dieselfde
    <time id="T182E" value="00:25:41,971" />
  </s>
  <s id="196">
    <time id="T183S" value="00:25:42,040" />
Dis die biskop, ons het elkeen twee
    <time id="T183E" value="00:25:45,339" />
  </s>
  <s id="197">
    <time id="T184S" value="00:25:45,410" />
Hulle beweeg diagonaal, so
    <time id="T184E" value="00:25:47,776" />
  </s>
  <s id="198">
    <time id="T185S" value="00:25:48,402" />
Hierdie is die kasteel, hy beweeg reguit vorentoe, of kante toe, as dit oop is
    <time id="T187E" value="00:25:54,585" />
  </s>
  <s id="199">
    <time id="T188S" value="00:25:55,408" />
Die koningin, die belangrikste stuk,
    <time id="T189E" value="00:25:59,820" />
  </s>
  <s id="200">
    <time id="T190S" value="00:25:59,891" />
Sy kan amper alles doen, beweeg net so ver sy wil
    <time id="T190E" value="00:26:02,860" />
  </s>
  <s id="201">
    <time id="T191S" value="00:26:02,928" />
Sy is magtiger as die koning, snaaks nê?
    <time id="T191E" value="00:26:05,799" />
  </s>
  <s id="202">
    <time id="T192S" value="00:26:07,269" />
Daar, verstaan jy dit?
    <time id="T192E" value="00:26:09,224" />
  </s>
  <s id="203">
    <time id="T193S" value="00:26:09,301" />
Seker, dink jy ek is bot?
    <time id="T193E" value="00:26:12,596" />
  </s>
  <s id="204">
    <time id="T194S" value="00:26:13,120" />
Goed, ek begin; wit begin altyd
    <time id="T194E" value="00:26:16,099" />
  </s>
  <s id="205">
    <time id="T195S" value="00:26:18,211" />
Jou beurt
    <time id="T195E" value="00:26:19,568" />
  </s>
  <s id="206">
    <time id="T196S" value="00:26:26,634" />
Nee, die ridder doen dit, die biskop beweeg diagonaal 
  </s>
  <s id="207">
- Jy het nooit so gesê nie!
    <time id="T197E" value="00:26:31,855" />
  </s>
  <s id="208">
    <time id="T198S" value="00:26:31,923" />
Ja, ek het!
    <time id="T198E" value="00:26:33,254" />
  </s>
  <s id="209">
    <time id="T199S" value="00:26:33,325" />
Dit is sinneloos! 
  </s>
  <s id="210">
ek het genoeg gehad!
    <time id="T199E" value="00:26:35,850" />
  </s>
  <s id="211">
    <time id="T200S" value="00:26:35,927" />
Kom ons gaan slaap
    <time id="T200E" value="00:26:37,576" />
  </s>
  <s id="212">
    <time id="T201S" value="00:27:12,424" />
'n Laaste spel
    <time id="T201E" value="00:27:15,197" />
  </s>
  <s id="213">
    <time id="T202S" value="00:29:00,456" />
Het ek jou wakker gemaak?
    <time id="T202E" value="00:29:02,582" />
  </s>
  <s id="214">
    <time id="T203S" value="00:29:04,917" />
ek is jammer
    <time id="T203E" value="00:29:06,810" />
  </s>
  <s id="215">
    <time id="T204S" value="00:29:07,479" />
- Vroetel jy deur my goed?
  </s>
  <s id="216">
- Wat?
    <time id="T204E" value="00:29:10,607" />
  </s>
  <s id="217">
    <time id="T205S" value="00:29:10,743" />
Nee, ek..
    <time id="T205E" value="00:29:12,809" />
  </s>
  <s id="218">
    <time id="T206S" value="00:29:14,941" />
Sit dit terug waar jy dit gekry het, en moenie altyd "jammer" sê nie, dis 'n teken van swakheid
    <time id="T208E" value="00:29:24,676" />
  </s>
  <s id="219">
    <time id="T209S" value="00:29:36,485" />
Speel u?
    <time id="T209E" value="00:29:38,469" />
  </s>
  <s id="220">
    <time id="T210S" value="00:29:38,543" />
Speel ek skaak?
    <time id="T210E" value="00:29:40,473" />
  </s>
  <s id="221">
    <time id="T211S" value="00:29:40,604" />
- Ja, ek speel, en jy?
    <time id="T211E" value="00:29:42,992" />
  </s>
  <s id="222">
    <time id="T212S" value="00:29:44,698" />
Ek het 'n elektroniese stel by die huis, ek leer snags
    <time id="T213E" value="00:29:50,115" />
  </s>
  <s id="223">
    <time id="T214S" value="00:29:50,188" />
En slaap in die dag
    <time id="T214E" value="00:29:52,596" />
  </s>
  <s id="224">
    <time id="T215S" value="00:30:02,095" />
Sal u met my speel?
    <time id="T215E" value="00:30:04,498" />
  </s>
  <s id="225">
    <time id="T216S" value="00:30:06,530" />
Verskoon my?
    <time id="T216E" value="00:30:08,236" />
  </s>
  <s id="226">
    <time id="T217S" value="00:30:08,306" />
Ek vorder nie op my eie nie
    <time id="T217E" value="00:30:10,597" />
  </s>
  <s id="227">
    <time id="T218S" value="00:30:14,271" />
Waarom skaak?
    <time id="T218E" value="00:30:16,306" />
  </s>
  <s id="228">
    <time id="T219S" value="00:30:16,381" />
Waarom ek?
    <time id="T219E" value="00:30:17,575" />
  </s>
  <s id="229">
    <time id="T220S" value="00:30:17,649" />
Ek weet nie wie anders om te vra nie
    <time id="T220E" value="00:30:20,123" />
  </s>
  <s id="230">
    <time id="T221S" value="00:30:22,721" />
Speel liewer Patience
    <time id="T221E" value="00:30:25,418" />
  </s>
  <s id="231">
    <time id="T222S" value="00:30:30,495" />
Asseblief
    <time id="T222E" value="00:30:31,616" />
  </s>
  <s id="232">
    <time id="T223S" value="00:30:32,036" />
Kyk...
    <time id="T223E" value="00:30:33,855" />
  </s>
  <s id="233">
    <time id="T224S" value="00:30:33,932" />
- Wat's jou naam?
  </s>
  <s id="234">
- Helene
    <time id="T224E" value="00:30:35,422" />
  </s>
  <s id="235">
    <time id="T225S" value="00:30:35,500" />
Helene, reg
    <time id="T225E" value="00:30:37,966" />
  </s>
  <s id="236">
    <time id="T226S" value="00:30:38,780" />
Ek wil nie gepla word nie
    <time id="T226E" value="00:30:41,038" />
  </s>
  <s id="237">
    <time id="T227S" value="00:30:42,453" />
Ek kan vir u verniet skoonmaak, as u wil
    <time id="T227E" value="00:30:45,776" />
  </s>
  <s id="238">
    <time id="T228S" value="00:30:51,585" />
Jy maak 'n beroep op my beter kant
    <time id="T228E" value="00:30:54,685" />
  </s>
  <s id="239">
    <time id="T229S" value="00:30:54,752" />
Dinsdag, vier uur
    <time id="T229E" value="00:30:57,122" />
  </s>
  <s id="240">
    <time id="T230S" value="00:30:58,775" />
Maar laat my dit duidelik stel:
    <time id="T230E" value="00:31:00,920" />
  </s>
  <s id="241">
    <time id="T231S" value="00:31:01,976" />
Ons gaan dit eenmaal probeer, net eenmaal, verstaan?
    <time id="T233E" value="00:31:07,792" />
  </s>
  <s id="242">
    <time id="T234S" value="00:31:38,503" />
Wat doen jy?
    <time id="T234E" value="00:31:40,489" />
  </s>
  <s id="243">
    <time id="T235S" value="00:31:40,565" />
Ek kom!
    <time id="T235E" value="00:31:42,072" />
  </s>
  <s id="244">
    <time id="T236S" value="00:32:00,545" />
Kom kyk!
    <time id="T236E" value="00:32:02,012" />
  </s>
  <s id="245">
    <time id="T237S" value="00:32:02,382" />
Kom kyk!
    <time id="T237E" value="00:32:04,178" />
  </s>
  <s id="246">
    <time id="T238S" value="00:32:04,255" />
- Weet jy waarom kamer 11 verbode terrein is?
  </s>
  <s id="247">
- Nee
    <time id="T238E" value="00:32:06,817" />
  </s>
  <s id="248">
    <time id="T239S" value="00:32:14,243" />
Sy het 'n wilde verhouding 3 jaar gelede daar gehad, met 'n Italianer
    <time id="T240E" value="00:32:20,794" />
  </s>
  <s id="249">
    <time id="T241S" value="00:32:20,872" />
Hy het beloof om terug te kom, en sy gaan elke dag daar in, dis soos 'n pelgrimstog
    <time id="T242E" value="00:32:25,305" />
  </s>
  <s id="250">
    <time id="T243S" value="00:32:25,405" />
Glo jy dit?
    <time id="T243E" value="00:32:26,911" />
  </s>
  <s id="251">
    <time id="T244S" value="00:32:27,011" />
Sy kry elke maand 'n brief van Rome
    <time id="T244E" value="00:32:28,945" />
  </s>
  <s id="252">
    <time id="T245S" value="00:32:29,013" />
Denis het my vertel
    <time id="T245E" value="00:32:30,810" />
  </s>
  <s id="253">
    <time id="T246S" value="00:32:30,882" />
Natalia, vat die lakens na die wassery, dis vandag jou beurt
    <time id="T247E" value="00:32:35,283" />
  </s>
  <s id="254">
    <time id="T248S" value="00:32:36,574" />
A, Helene, 4 kamers moet gereed wees voor middag
    <time id="T248E" value="00:32:38,915" />
  </s>
  <s id="255">
    <time id="T249S" value="00:32:38,990" />
Kan ek op jou reken?
    <time id="T249E" value="00:32:40,903" />
  </s>
  <s id="256">
    <time id="T250S" value="00:32:42,451" />
"Ja, Madam, goed madam!"
    <time id="T250E" value="00:32:44,317" />
  </s>
  <s id="257">
    <time id="T251S" value="00:32:44,395" />
Moenie oordryf nie
    <time id="T251E" value="00:32:46,158" />
  </s>
  <s id="258">
    <time id="T252S" value="00:32:46,230" />
Sy is eintlik 'n goeie mens
    <time id="T252E" value="00:32:47,891" />
  </s>
  <s id="259">
    <time id="T253S" value="00:32:47,966" />
Seker! 
  </s>
  <s id="260">
jy sê altyd ja
    <time id="T253E" value="00:32:50,140" />
  </s>
  <s id="261">
    <time id="T254S" value="00:33:20,736" />
Ons het 1 uur, wil jy dit spandeer deur daar te staan?
    <time id="T255E" value="00:33:25,869" />
  </s>
  <s id="262">
    <time id="T256S" value="00:33:45,822" />
Wit begin, jy moet speel
    <time id="T256E" value="00:33:48,784" />
  </s>
  <s id="263">
    <time id="T257S" value="00:34:43,158" />
Skaakmat
    <time id="T257E" value="00:34:45,180" />
  </s>
  <s id="264">
    <time id="T258S" value="00:34:48,380" />
Wel?
    <time id="T258E" value="00:34:50,184" />
  </s>
  <s id="265">
    <time id="T259S" value="00:34:50,531" />
Wel wat?
    <time id="T259E" value="00:34:52,254" />
  </s>
  <s id="266">
    <time id="T260S" value="00:34:52,709" />
Sal u my leer?
    <time id="T260E" value="00:34:54,821" />
  </s>
  <s id="267">
    <time id="T261S" value="00:34:57,590" />
Waarom is hierdie spel vir jou so belangrik?
    <time id="T261E" value="00:35:01,089" />
  </s>
  <s id="268">
    <time id="T262S" value="00:35:02,550" />
Ek weet nie
    <time id="T262E" value="00:35:04,466" />
  </s>
  <s id="269">
    <time id="T263S" value="00:35:10,789" />
Ons kan weer speel
    <time id="T263E" value="00:35:12,699" />
  </s>
  <s id="270">
    <time id="T264S" value="00:35:29,105" />
Sien jou Dinsdag en glimlag soms,
    <time id="T265E" value="00:35:33,618" />
  </s>
  <s id="271">
    <time id="T266S" value="00:35:33,718" />
Dit pas beter by jou as om ernstig te wees
    <time id="T266E" value="00:35:36,846" />
  </s>
  <s id="272">
    <time id="T267S" value="00:35:36,946" />
Goed so
    <time id="T267E" value="00:35:38,532" />
  </s>
  <s id="273">
    <time id="T268S" value="00:37:01,078" />
"Dis nie aan te beveel om die koningin se posisie te vroeg te ontwikkel nie
    <time id="T268E" value="00:37:05,683" />
  </s>
  <s id="274">
    <time id="T269S" value="00:37:05,756" />
Dit help die vyand om sy strategie te ontwikkel, en hy kan spoed optel vir die aanval
    <time id="T271E" value="00:37:13,163" />
  </s>
  <s id="275">
    <time id="T272S" value="00:37:13,411" />
Dis lewensbelangrik om nie tyd te mors aan die begin nie, sodat jou ontwikkeling nie vertraag word nie"
    <time id="T274E" value="00:37:22,910" />
  </s>
  <s id="276">
    <time id="T275S" value="00:37:32,121" />
Kyk jy na almal so?
    <time id="T275E" value="00:37:36,144" />
  </s>
  <s id="277">
    <time id="T276S" value="00:37:36,660" />
Hoe?
    <time id="T276E" value="00:37:38,645" />
  </s>
  <s id="278">
    <time id="T277S" value="00:37:38,723" />
Asof jou lewe afhang van wat hulle gaan sê
    <time id="T277E" value="00:37:42,489" />
  </s>
  <s id="279">
    <time id="T278S" value="00:37:50,752" />
Reëls is minder belangrik as uitsonderings in skaak
    <time id="T278E" value="00:37:54,961" />
  </s>
  <s id="280">
    <time id="T279S" value="00:37:56,524" />
Om die reël te breek op die regte oomblik:
    <time id="T279E" value="00:37:59,503" />
  </s>
  <s id="281">
    <time id="T280S" value="00:37:59,577" />
Dis wat jy doen vir effek, verstaan jy?
    <time id="T280E" value="00:38:03,206" />
  </s>
  <s id="282">
    <time id="T281S" value="00:38:05,735" />
Nie regtig nie
    <time id="T281E" value="00:38:07,640" />
  </s>
  <s id="283">
    <time id="T282S" value="00:38:15,916" />
Ek ook nie
    <time id="T282E" value="00:38:17,658" />
  </s>
  <s id="284">
    <time id="T283S" value="00:38:18,776" />
Sal ons voortgaan?
    <time id="T283E" value="00:38:20,825" />
  </s>
  <s id="285">
    <time id="T284S" value="00:38:45,594" />
Helene! 
  </s>
  <s id="286">
het jy gesien hoe laat dit is?
    <time id="T284E" value="00:38:48,187" />
  </s>
  <s id="287">
    <time id="T285S" value="00:38:48,481" />
Ons sal nie vandag daaroor praat nie
    <time id="T285E" value="00:38:50,860" />
  </s>
  <s id="288">
    <time id="T286S" value="00:38:51,761" />
Verbeel jou, ons Natalia het die kortlys gehaal vir haar kompetisie!
    <time id="T287E" value="00:38:57,758" />
  </s>
  <s id="289">
    <time id="T288S" value="00:38:57,835" />
Regtig? 
  </s>
  <s id="290">
Mooi so!
    <time id="T288E" value="00:38:59,268" />
  </s>
  <s id="291">
    <time id="T289S" value="00:38:59,337" />
Wel, ek het nog nie gewen nie
    <time id="T289E" value="00:39:01,134" />
  </s>
  <s id="292">
    <time id="T290S" value="00:39:01,205" />
Uit die 200 het hulle nou 10 gekies
    <time id="T290E" value="00:39:03,605" />
  </s>
  <s id="293">
    <time id="T291S" value="00:39:03,674" />
As ek wen, kry ek 'n gratis kursus op die vasteland, en ek gaan totsiens sê vir alles hier!
    <time id="T293E" value="00:39:10,479" />
  </s>
  <s id="294">
    <time id="T294S" value="00:39:10,548" />
Sy gaan na Marseille vir 2 dae vir die spraaktoets, en ek het nie 'n vervanging vir haar nie
    <time id="T295E" value="00:39:16,479" />
  </s>
  <s id="295">
    <time id="T296S" value="00:39:16,584" />
Kan jy 2 middae werk volgende week?
    <time id="T296E" value="00:39:20,819" />
  </s>
  <s id="296">
    <time id="T297S" value="00:39:20,891" />
- Wanneer?
  </s>
  <s id="297">
- Dinsdag en Woensdag
    <time id="T297E" value="00:39:22,916" />
  </s>
  <s id="298">
    <time id="T298S" value="00:39:22,993" />
Nee
    <time id="T298E" value="00:39:24,358" />
  </s>
  <s id="299">
    <time id="T300S" value="00:39:26,897" />
Ek kan nie Dinsdag werk nie
    <time id="T300E" value="00:39:29,094" />
  </s>
  <s id="300">
    <time id="T301S" value="00:39:29,200" />
Ek is jammer, ek is nie los nie
    <time id="T302E" value="00:39:32,958" />
  </s>
  <s id="301">
    <time id="T303S" value="00:39:39,204" />
Dis ek
    <time id="T303E" value="00:39:41,041" />
  </s>
  <s id="302">
    <time id="T304S" value="00:40:16,847" />
Dag
    <time id="T304E" value="00:40:18,644" />
  </s>
  <s id="303">
    <time id="T305S" value="00:40:23,183" />
Sal ek begin met...
    <time id="T305E" value="00:40:25,245" />
  </s>
  <s id="304">
    <time id="T306S" value="00:40:25,322" />
Wat?
    <time id="T306E" value="00:40:26,489" />
  </s>
  <s id="305">
    <time id="T307S" value="00:40:28,300" />
Wil jy skoonmaak? 
  </s>
  <s id="306">
- dis al gedoen
    <time id="T307E" value="00:40:31,290" />
  </s>
  <s id="307">
    <time id="T308S" value="00:40:32,079" />
- Maar u betaal my daarvoor 
  </s>
  <s id="308">
- Nee
    <time id="T308E" value="00:40:35,194" />
  </s>
  <s id="309">
    <time id="T309S" value="00:40:35,266" />
Ek betaal jou om te doen wat ek jou sê om te doen. 
  </s>
  <s id="310">
Kom!
    <time id="T309E" value="00:40:38,980" />
  </s>
  <s id="311">
    <time id="T310S" value="00:40:48,636" />
Vyftien minute,
    <time id="T310E" value="00:40:50,276" />
  </s>
  <s id="312">
    <time id="T311S" value="00:40:54,068" />
en vandag open ek
    <time id="T312E" value="00:40:58,057" />
  </s>
  <s id="313">
    <time id="T313S" value="00:41:19,075" />
E4, C5
    <time id="T313E" value="00:41:21,310" />
  </s>
  <s id="314">
    <time id="T314S" value="00:42:45,643" />
Hartjie!
    <time id="T314E" value="00:42:47,349" />
  </s>
  <s id="315">
    <time id="T315S" value="00:42:49,080" />
Jy lyk pragtig!
    <time id="T315E" value="00:42:50,560" />
  </s>
  <s id="316">
    <time id="T316S" value="00:42:51,494" />
Waar was jy? 
  </s>
  <s id="317">
ons was bekommerd!
    <time id="T316E" value="00:42:54,500" />
  </s>
  <s id="318">
    <time id="T317S" value="00:42:54,572" />
Ek was by dr Kroger, ek het my bus verpas
    <time id="T317E" value="00:42:57,234" />
  </s>
  <s id="319">
    <time id="T318S" value="00:42:57,308" />
Sy plek moet silwerskoon wees!
    <time id="T318E" value="00:42:59,655" />
  </s>
  <s id="320">
    <time id="T319S" value="00:43:01,256" />
Het jy jou dogter vergeet?
    <time id="T319E" value="00:43:03,477" />
  </s>
  <s id="321">
    <time id="T320S" value="00:43:03,547" />
Moenie die dag wat ek terugkom, baklei nie!
    <time id="T320E" value="00:43:05,481" />
  </s>
  <s id="322">
    <time id="T321S" value="00:43:05,549" />
Jy's reg
    <time id="T321E" value="00:43:06,976" />
  </s>
  <s id="323">
    <time id="T322S" value="00:43:07,737" />
Ons gaan huistoe
    <time id="T322E" value="00:43:09,837" />
  </s>
  <s id="324">
    <time id="T323S" value="00:43:10,676" />
Probeer tyd maak om oor te kom, ons moet gesels
    <time id="T323E" value="00:43:14,321" />
  </s>
  <s id="325">
    <time id="T324S" value="00:43:15,295" />
Goed, sien jou later
    <time id="T324E" value="00:43:17,561" />
  </s>
  <s id="326">
    <time id="T325S" value="00:43:17,628" />
Totsiens
    <time id="T325E" value="00:43:18,686" />
  </s>
  <s id="327">
    <time id="T326S" value="00:43:29,440" />
Ons het London toe gegaan vir die dag
    <time id="T326E" value="00:43:32,466" />
  </s>
  <s id="328">
    <time id="T327S" value="00:43:32,543" />
En ons het uit die museum weggehardloop, net ons twee
    <time id="T327E" value="00:43:36,035" />
  </s>
  <s id="329">
    <time id="T328S" value="00:43:36,113" />
Dit was lekker
    <time id="T328E" value="00:43:37,478" />
  </s>
  <s id="330">
    <time id="T329S" value="00:43:43,529" />
En hy het my 3 maal verkrag
    <time id="T329E" value="00:43:46,364" />
  </s>
  <s id="331">
    <time id="T330S" value="00:43:46,967" />
Wie?
    <time id="T330E" value="00:43:48,624" />
  </s>
  <s id="332">
    <time id="T331S" value="00:43:48,692" />
Goed, ek toets maar net, want dit lyk of ma nie eers luister nie!
    <time id="T333E" value="00:43:55,130" />
  </s>
  <s id="333">
    <time id="T334S" value="00:43:55,199" />
Ek luister! 
  </s>
  <s id="334">
dis Antoine, dan nie?
    <time id="T334E" value="00:43:57,463" />
  </s>
  <s id="335">
    <time id="T335S" value="00:43:57,962" />
Het julle saamgeslaap?
    <time id="T335E" value="00:43:59,982" />
  </s>
  <s id="336">
    <time id="T336S" value="00:44:00,481" />
Ma sê ek het verander, maar ma is die een wat verander het!
    <time id="T336E" value="00:44:03,602" />
  </s>
  <s id="337">
    <time id="T337S" value="00:44:03,674" />
Ek's nie honger nie!
    <time id="T337E" value="00:44:05,283" />
  </s>
  <s id="338">
    <time id="T338S" value="00:45:20,173" />
Kom ons gaan!
    <time id="T338E" value="00:45:21,642" />
  </s>
  <s id="339">
    <time id="T339S" value="00:45:21,719" />
Die punte, soos gewoonlik?
    <time id="T339E" value="00:45:23,186" />
  </s>
  <s id="340">
    <time id="T340S" value="00:45:23,253" />
Nee, ek wil los stertjies hê, jy weet? 
  </s>
  <s id="341">
oral
    <time id="T341E" value="00:45:28,885" />
  </s>
  <s id="342">
    <time id="T342S" value="00:45:28,959" />
Maar hulle gaan nie dieselfde lengte wees nie
    <time id="T342E" value="00:45:31,757" />
  </s>
  <s id="343">
    <time id="T343S" value="00:45:31,829" />
Ek wil dit nie dieselfde lengte hê nie, hulle gaan nie in 'n bolla wees nie
    <time id="T344E" value="00:45:40,261" />
  </s>
  <s id="344">
    <time id="T345S" value="00:45:40,337" />
Ek weet,
    <time id="T345E" value="00:45:42,032" />
  </s>
  <s id="345">
    <time id="T346S" value="00:45:49,589" />
jy weet jy kan my maar alles vertel
    <time id="T346E" value="00:45:51,977" />
  </s>
  <s id="346">
    <time id="T347S" value="00:45:52,187" />
Vertel jou wat?
    <time id="T347E" value="00:45:53,709" />
  </s>
  <s id="347">
    <time id="T348S" value="00:45:53,784" />
Jy en dr Kroger
    <time id="T348E" value="00:45:55,274" />
  </s>
  <s id="348">
    <time id="T349S" value="00:45:55,352" />
Kyk vorentoe!
    <time id="T349E" value="00:45:57,015" />
  </s>
  <s id="349">
    <time id="T350S" value="00:45:57,540" />
- Almal praat daarvan 
  </s>
  <s id="350">
- Waarvan?
    <time id="T350E" value="00:46:00,925" />
  </s>
  <s id="351">
    <time id="T351S" value="00:46:01,843" />
Jy gaan nie soontoe net om te gaan skoonmaak nie
    <time id="T351E" value="00:46:05,360" />
  </s>
  <s id="352">
    <time id="T352S" value="00:46:08,692" />
Wees versigtig, Helene
    <time id="T352E" value="00:46:10,826" />
  </s>
  <s id="353">
    <time id="T353S" value="00:46:10,901" />
Hy is 'n baie vreemde man
    <time id="T353E" value="00:46:13,028" />
  </s>
  <s id="354">
    <time id="T354S" value="00:46:13,103" />
Na sy vrou se dood was daar praatjies, niks is ooit bewys nie, maar hy het hom daarna self totaal afgesonder
    <time id="T356E" value="00:46:24,069" />
  </s>
  <s id="355">
    <time id="T357S" value="00:46:25,093" />
Onthou jy nie?
    <time id="T357E" value="00:46:27,578" />
  </s>
  <s id="356">
    <time id="T358S" value="00:46:27,651" />
Nee
    <time id="T358E" value="00:46:28,811" />
  </s>
  <s id="357">
    <time id="T359S" value="00:48:44,850" />
Skaakmat!
    <time id="T359E" value="00:48:46,022" />
  </s>
  <s id="358">
    <time id="T360S" value="00:48:49,389" />
Skaakmat, jy's reg
    <time id="T360E" value="00:48:51,882" />
  </s>
  <s id="359">
    <time id="T361S" value="00:48:54,349" />
- Mooi so!
  </s>
  <s id="360">
- Dankie
    <time id="T361E" value="00:48:56,633" />
  </s>
  <s id="361">
    <time id="T362S" value="00:49:01,276" />
Dis laat, jy moes al by die huis gewees het
    <time id="T363E" value="00:49:07,417" />
  </s>
  <s id="362">
    <time id="T364S" value="00:49:07,574" />
Ja, die laaste bus is al weg
    <time id="T364E" value="00:49:11,300" />
  </s>
  <s id="363">
    <time id="T365S" value="00:49:14,187" />
Sal ons iets drink?
    <time id="T365E" value="00:49:16,551" />
  </s>
  <s id="364">
    <time id="T366S" value="00:49:23,659" />
Sal jou man iets sê?
    <time id="T366E" value="00:49:26,393" />
  </s>
  <s id="365">
    <time id="T367S" value="00:49:26,625" />
Ja
    <time id="T367E" value="00:49:28,228" />
  </s>
  <s id="366">
    <time id="T368S" value="00:49:28,645" />
Hoedanig is hy?
    <time id="T368E" value="00:49:30,664" />
  </s>
  <s id="367">
    <time id="T369S" value="00:49:31,164" />
Ange?
    <time id="T369E" value="00:49:32,832" />
  </s>
  <s id="368">
    <time id="T370S" value="00:49:33,106" />
Hy is... mooi!
    <time id="T370E" value="00:49:35,237" />
  </s>
  <s id="369">
    <time id="T371S" value="00:49:35,305" />
- Mooi?
  </s>
  <s id="370">
- Ja, Regtig mooi
    <time id="T371E" value="00:49:38,013" />
  </s>
  <s id="371">
    <time id="T372S" value="00:50:23,409" />
So baie boeke
    <time id="T372E" value="00:50:25,254" />
  </s>
  <s id="372">
    <time id="T373S" value="00:50:25,823" />
Te baie
    <time id="T373E" value="00:50:27,183" />
  </s>
  <s id="373">
    <time id="T374S" value="00:50:27,791" />
Het jy almal gelees?
    <time id="T374E" value="00:50:29,581" />
  </s>
  <s id="374">
    <time id="T375S" value="00:50:30,809" />
Meeste van hulle
    <time id="T375E" value="00:50:32,923" />
  </s>
  <s id="375">
    <time id="T376S" value="00:50:35,637" />
Hou jy van lees?
    <time id="T376E" value="00:50:38,061" />
  </s>
  <s id="376">
    <time id="T377S" value="00:50:38,471" />
Ek weet nie, want ek lees nie
    <time id="T377E" value="00:50:41,260" />
  </s>
  <s id="377">
    <time id="T378S" value="00:50:46,789" />
"Martin Eden"
    <time id="T378E" value="00:50:49,108" />
  </s>
  <s id="378">
    <time id="T379S" value="00:50:49,597" />
Neem dit, jy sal daarvan hou
    <time id="T380E" value="00:50:54,041" />
  </s>
  <s id="379">
    <time id="T381S" value="00:51:12,085" />
Alles reg?
    <time id="T381E" value="00:51:13,903" />
  </s>
  <s id="380">
    <time id="T382S" value="00:51:13,970" />
Ek moet badkamer toe gaan
    <time id="T382E" value="00:51:15,835" />
  </s>
  <s id="381">
    <time id="T383S" value="00:51:17,107" />
Wel... gaan aan
    <time id="T384E" value="00:51:20,509" />
  </s>
  <s id="382">
    <time id="T385S" value="00:51:35,177" />
U vrou was baie mooi
    <time id="T385E" value="00:51:37,518" />
  </s>
  <s id="383">
    <time id="T386S" value="00:51:37,594" />
Baie
    <time id="T386E" value="00:51:38,822" />
  </s>
  <s id="384">
    <time id="T387S" value="00:51:41,869" />
Het u met haar ook skaak gespeel?
    <time id="T387E" value="00:51:44,963" />
  </s>
  <s id="385">
    <time id="T388S" value="00:51:45,035" />
Nee
    <time id="T388E" value="00:51:46,195" />
  </s>
  <s id="386">
    <time id="T389S" value="00:51:47,300" />
Is dit waar wat hulle sê, dat u haar gehelp het om dood te gaan?
    <time id="T390E" value="00:51:51,919" />
  </s>
  <s id="387">
    <time id="T391S" value="00:51:54,201" />
Is dit wat hulle vertel?
    <time id="T391E" value="00:51:56,475" />
  </s>
  <s id="388">
    <time id="T392S" value="00:52:02,178" />
En jy glo dit?
    <time id="T392E" value="00:52:04,452" />
  </s>
  <s id="389">
    <time id="T393S" value="00:52:04,521" />
Nee
    <time id="T393E" value="00:52:05,545" />
  </s>
  <s id="390">
    <time id="T394S" value="00:52:14,722" />
Jy het jou hare verander
    <time id="T394E" value="00:52:17,363" />
  </s>
  <s id="391">
    <time id="T395S" value="00:52:21,019" />
Ek moet nou gaan
    <time id="T395E" value="00:52:23,166" />
  </s>
  <s id="392">
    <time id="T396S" value="00:52:23,302" />
- Sien jou Dinsdag?
  </s>
  <s id="393">
- Ja
    <time id="T396E" value="00:52:26,141" />
  </s>
  <s id="394">
    <time id="T397S" value="00:53:04,106" />
Alles reg met jou?
    <time id="T397E" value="00:53:05,403" />
  </s>
  <s id="395">
    <time id="T398S" value="00:53:08,200" />
Wat het jy ge-eet?
    <time id="T398E" value="00:53:10,016" />
  </s>
  <s id="396">
    <time id="T399S" value="00:53:10,086" />
Pasta, dis al wat ons kon kry
    <time id="T399E" value="00:53:12,320" />
  </s>
  <s id="397">
    <time id="T400S" value="00:53:12,420" />
- Jy jouself geniet?
  </s>
  <s id="398">
- Wat?
    <time id="T400E" value="00:53:14,522" />
  </s>
  <s id="399">
    <time id="T401S" value="00:53:14,591" />
Jy sleep hier in, dis amper middernag, gelukkig en pragtig, het jy dit geniet?
    <time id="T402E" value="00:53:20,453" />
  </s>
  <s id="400">
    <time id="T403S" value="00:53:21,530" />
Het jy gedrink?
    <time id="T403E" value="00:53:23,857" />
  </s>
  <s id="401">
    <time id="T404S" value="00:53:23,934" />
Nee. 
  </s>
  <s id="402">
Ja, ek het nie dronk geword nie
    <time id="T404E" value="00:53:25,697" />
  </s>
  <s id="403">
    <time id="T405S" value="00:53:25,769" />
Ek sal koffie maak
    <time id="T405E" value="00:53:27,361" />
  </s>
  <s id="404">
    <time id="T406S" value="00:53:28,012" />
Almal sê jy verneuk my
    <time id="T406E" value="00:53:30,704" />
  </s>
  <s id="405">
    <time id="T407S" value="00:53:30,774" />
Dis nie lekker nie, maar ek gee nie om nie
    <time id="T407E" value="00:53:32,682" />
  </s>
  <s id="406">
    <time id="T408S" value="00:53:33,365" />
Jy weet dis nie waar nie
    <time id="T408E" value="00:53:35,123" />
  </s>
  <s id="407">
    <time id="T409S" value="00:53:35,464" />
Wat ek vandag gesien het is erger
    <time id="T409E" value="00:53:37,773" />
  </s>
  <s id="408">
    <time id="T410S" value="00:53:38,875" />
Wat het jy gesien?
    <time id="T410E" value="00:53:40,371" />
  </s>
  <s id="409">
    <time id="T411S" value="00:53:40,712" />
Vir jou en Kroger
    <time id="T411E" value="00:53:42,576" />
  </s>
  <s id="410">
    <time id="T412S" value="00:53:43,546" />
Het jy my agtervolg?
    <time id="T412E" value="00:53:45,785" />
  </s>
  <s id="411">
    <time id="T413S" value="00:53:49,502" />
Hy betaal jou, ten minste?
    <time id="T413E" value="00:53:51,208" />
  </s>
  <s id="412">
    <time id="T414S" value="00:53:52,232" />
Wat bedoel jy?
    <time id="T414E" value="00:53:53,585" />
  </s>
  <s id="413">
    <time id="T415S" value="00:53:53,663" />
Ek probeer verstaan
    <time id="T415E" value="00:53:55,130" />
  </s>
  <s id="414">
    <time id="T416S" value="00:53:55,198" />
Moenie probeer nie!
    <time id="T416E" value="00:53:56,692" />
  </s>
  <s id="415">
    <time id="T417S" value="00:53:57,165" />
So, jy het pasta vir aandete gehad?
    <time id="T417E" value="00:53:59,762" />
  </s>
  <s id="416">
    <time id="T418S" value="00:54:00,235" />
Dit het jou nie doodgemaak nie!
    <time id="T418E" value="00:54:01,836" />
  </s>
  <s id="417">
    <time id="T419S" value="00:54:02,439" />
Kan ek nooit iets van my eie hê nie?
    <time id="T419E" value="00:54:05,301" />
  </s>
  <s id="418">
    <time id="T420S" value="00:54:05,719" />
dis nie 'n misdaad nie!
    <time id="T420E" value="00:54:07,772" />
  </s>
  <s id="419">
    <time id="T421S" value="00:54:37,707" />
Kom in
    <time id="T421E" value="00:54:39,228" />
  </s>
  <s id="420">
    <time id="T422S" value="00:54:40,724" />
U wou my sien?
    <time id="T422E" value="00:54:42,703" />
  </s>
  <s id="421">
    <time id="T423S" value="00:54:43,821" />
Sit asseblief
    <time id="T423E" value="00:54:45,614" />
  </s>
  <s id="422">
    <time id="T424S" value="00:54:48,360" />
Wat gaan aan?
    <time id="T424E" value="00:54:50,347" />
  </s>
  <s id="423">
    <time id="T425S" value="00:54:51,299" />
Twee weke gelede, het die Belgiese paartjie gekla dat jy nie die handdoeke geruil het vir 2 dae nie
    <time id="T427E" value="00:54:58,791" />
  </s>
  <s id="424">
    <time id="T428S" value="00:54:58,862" />
Gister het die gas in kamer 9 my geroep om te wys hoe sleg haar bed opgemaak is
    <time id="T429E" value="00:55:04,263" />
  </s>
  <s id="425">
    <time id="T430S" value="00:55:04,334" />
Vanmôre het die vrou van kamer 12 gekla dat jy onbeskof was toe sy jou vir mineraalwater vra
    <time id="T431E" value="00:55:10,328" />
  </s>
  <s id="426">
    <time id="T432S" value="00:55:10,407" />
Wat is verkeerd?
    <time id="T432E" value="00:55:11,465" />
  </s>
  <s id="427">
    <time id="T433S" value="00:55:11,541" />
Ek is 'n skoonmaakster, nie 'n kelnerin nie
    <time id="T433E" value="00:55:14,339" />
  </s>
  <s id="428">
    <time id="T434S" value="00:55:14,411" />
Jy is waarvoor ek jou voor betaal
    <time id="T434E" value="00:55:16,572" />
  </s>
  <s id="429">
    <time id="T435S" value="00:55:16,646" />
As die werk jou nie pas nie, is daar baie mense wat sal gryp na die geleentheid
    <time id="T436E" value="00:55:23,076" />
  </s>
  <s id="430">
    <time id="T437S" value="00:55:24,178" />
Ek bestuur hierdie plek alleen, en ek kan nie slordigheid toelaat nie
    <time id="T438E" value="00:55:31,972" />
  </s>
  <s id="431">
    <time id="T439S" value="00:55:33,363" />
Dis reg so
    <time id="T439E" value="00:55:34,728" />
  </s>
  <s id="432">
    <time id="T440S" value="00:55:58,054" />
Lisa?
    <time id="T440E" value="00:55:59,282" />
  </s>
  <s id="433">
    <time id="T441S" value="00:56:06,898" />
- Wat's verkeerd?
  </s>
  <s id="434">
- Los my uit!
    <time id="T441E" value="00:56:09,731" />
  </s>
  <s id="435">
    <time id="T442S" value="00:56:09,799" />
Vertel my
    <time id="T442E" value="00:56:11,123" />
  </s>
  <s id="436">
    <time id="T443S" value="00:56:12,750" />
Dis Antoine, dan nie?
    <time id="T443E" value="00:56:14,901" />
  </s>
  <s id="437">
    <time id="T444S" value="00:56:16,397" />
Het hy jou seergemaak?
    <time id="T444E" value="00:56:18,536" />
  </s>
  <s id="438">
    <time id="T445S" value="00:56:18,608" />
Hy beëindig ons verhouding
    <time id="T445E" value="00:56:20,508" />
  </s>
  <s id="439">
    <time id="T446S" value="00:56:20,577" />
Waarom?
    <time id="T446E" value="00:56:21,976" />
  </s>
  <s id="440">
    <time id="T447S" value="00:56:23,429" />
Hy het 'n ander meisie
    <time id="T447E" value="00:56:25,644" />
  </s>
  <s id="441">
    <time id="T448S" value="00:56:26,814" />
Het hy jou nie van haar vertel nie?
    <time id="T448E" value="00:56:28,379" />
  </s>
  <s id="442">
    <time id="T449S" value="00:56:28,451" />
Ja, maar hy het gedink dit was oor,
    <time id="T449E" value="00:56:31,144" />
  </s>
  <s id="443">
    <time id="T450S" value="00:56:32,141" />
Toe kom sy terug, en hy sien haar weer
    <time id="T450E" value="00:56:35,723" />
  </s>
  <s id="444">
    <time id="T451S" value="00:56:35,792" />
O, my liefie!
    <time id="T451E" value="00:56:37,817" />
  </s>
  <s id="445">
    <time id="T452S" value="00:56:37,894" />
Ek kan dit verstaan, waarom sal hy 'n meisie uit die werkersklas uitneem?
    <time id="T453E" value="00:56:41,553" />
  </s>
  <s id="446">
    <time id="T454S" value="00:56:41,631" />
Wat bedoel jy?
    <time id="T454E" value="00:56:42,620" />
  </s>
  <s id="447">
    <time id="T455S" value="00:56:42,699" />
Antoine is middelklas!
    <time id="T455E" value="00:56:44,860" />
  </s>
  <s id="448">
    <time id="T456S" value="00:56:44,934" />
sy meisie is middelklas!
    <time id="T456E" value="00:56:47,256" />
  </s>
  <s id="449">
    <time id="T457S" value="00:56:47,676" />
Weet ma wat?
    <time id="T457E" value="00:56:50,038" />
  </s>
  <s id="450">
    <time id="T458S" value="00:56:50,106" />
ek is bly dis verby, want ek kon hom in elk geval nie hiernatoe bring nie, dis te eenvoudig hier!
    <time id="T459E" value="00:56:55,236" />
  </s>
  <s id="451">
    <time id="T460S" value="00:56:57,480" />
Stop dit!
    <time id="T460E" value="00:56:58,378" />
  </s>
  <s id="452">
    <time id="T461S" value="00:56:58,448" />
Ek het hom nooit vertel ma is 'n skoonmaakster nie
    <time id="T461E" value="00:57:00,848" />
  </s>
  <s id="453">
    <time id="T462S" value="00:57:00,917" />
Ek wil nie soos julle word nie!
    <time id="T462E" value="00:57:03,000" />
  </s>
  <s id="454">
    <time id="T463S" value="00:57:03,735" />
Lisa, gaan bed toe!
    <time id="T463E" value="00:57:06,202" />
  </s>
  <s id="455">
    <time id="T464S" value="00:57:06,359" />
Julle twee walg my!
    <time id="T464E" value="00:57:08,690" />
  </s>
  <s id="456">
    <time id="T465S" value="00:57:30,054" />
Jy is reg, ek bederf alles
    <time id="T465E" value="00:57:32,780" />
  </s>
  <s id="457">
    <time id="T466S" value="00:58:01,945" />
Moenie!
    <time id="T466E" value="00:58:03,173" />
  </s>
  <s id="458">
    <time id="T467S" value="00:58:06,583" />
Moenie!
    <time id="T467E" value="00:58:07,914" />
  </s>
  <s id="459">
    <time id="T468S" value="00:58:40,746" />
Nee, ek is nie siek nie, ek kom net nie weer daar nie
    <time id="T469E" value="00:58:47,188" />
  </s>
  <s id="460">
    <time id="T470S" value="00:58:47,989" />
Ek het besluit om nie meer skaak te speel nie
    <time id="T470E" value="00:58:51,849" />
  </s>
  <s id="461">
    <time id="T471S" value="00:58:52,528" />
Dis onmoontlik, dis te ingewikkeld
    <time id="T471E" value="00:58:56,365" />
  </s>
  <s id="462">
    <time id="T472S" value="00:58:57,986" />
Ek kom nie meer nie, selfs nie vir skoonmaak nie
    <time id="T473E" value="00:59:02,765" />
  </s>
  <s id="463">
    <time id="T474S" value="00:59:06,934" />
Totsiens
    <time id="T474E" value="00:59:08,707" />
  </s>
  <s id="464">
    <time id="T475S" value="00:59:38,475" />
Dag, Jacky
    <time id="T475E" value="00:59:39,767" />
  </s>
  <s id="465">
    <time id="T476S" value="00:59:39,842" />
Dag
    <time id="T476E" value="00:59:41,104" />
  </s>
  <s id="466">
    <time id="T477S" value="01:00:46,255" />
"Die werklikheid was sy eie verstand, en die stories wat hy geskryf het, was die enigste realiteit"
    <time id="T478E" value="01:00:53,480" />
  </s>
  <s id="467">
    <time id="T479S" value="01:01:40,127" />
Ek het dit in ma se kamer gekry,
    <time id="T479E" value="01:01:42,200" />
  </s>
  <s id="468">
    <time id="T480S" value="01:01:42,567" />
Het jy dit gelees?
    <time id="T480E" value="01:01:43,789" />
  </s>
  <s id="469">
    <time id="T481S" value="01:01:43,866" />
Dit het my laat huil
    <time id="T481E" value="01:01:45,390" />
  </s>
  <s id="470">
    <time id="T482S" value="01:01:45,468" />
Mooi, die matroos wat 'n skrywer geword het
    <time id="T482E" value="01:01:48,445" />
  </s>
  <s id="471">
    <time id="T483S" value="01:01:49,075" />
Jy bedoel die skrywer wat 'n matroos moes gebly het
    <time id="T483E" value="01:01:53,171" />
  </s>
  <s id="472">
    <time id="T484S" value="01:01:53,242" />
Hoekom sê ma so?
    <time id="T484E" value="01:01:54,800" />
  </s>
  <s id="473">
    <time id="T485S" value="01:01:54,877" />
Want hy was baie ongelukkig, want hy het besef dit was nie die moeite werd nie, en dat hy steeds nêrens ingepas het nie
    <time id="T487E" value="01:02:03,314" />
  </s>
  <s id="474">
    <time id="T488S" value="01:02:03,664" />
Ja, maar hy het dit nogtans gedoen
    <time id="T488E" value="01:02:05,486" />
  </s>
  <s id="475">
    <time id="T489S" value="01:02:05,555" />
As hy nie gepas het nie, was dit omdat hy beter was as hulle wat hy wou beïndruk
    <time id="T489E" value="01:02:10,322" />
  </s>
  <s id="476">
    <time id="T490S" value="01:02:10,393" />
Waarom beter wees as jy niks daarmee doen nie?
    <time id="T490E" value="01:02:13,089" />
  </s>
  <s id="477">
    <time id="T491S" value="01:02:20,695" />
Dit moes swaar gewees het om hiernatoe te trek
    <time id="T491E" value="01:02:23,922" />
  </s>
  <s id="478">
    <time id="T492S" value="01:02:25,182" />
Ja, 'n bietjie
    <time id="T492E" value="01:02:27,405" />
  </s>
  <s id="479">
    <time id="T493S" value="01:02:27,477" />
Ek het alles gelos, geen vriende hier nie
    <time id="T493E" value="01:02:29,853" />
  </s>
  <s id="480">
    <time id="T494S" value="01:02:30,351" />
Ek het my tyd spandeer om vir jou pa te sit en wag
    <time id="T494E" value="01:02:33,815" />
  </s>
  <s id="481">
    <time id="T495S" value="01:02:36,045" />
Nie meer skaak nie?
    <time id="T495E" value="01:02:37,908" />
  </s>
  <s id="482">
    <time id="T496S" value="01:02:39,351" />
Dis dom! 
  </s>
  <s id="483">
hoekom nie?
    <time id="T496E" value="01:02:41,453" />
  </s>
  <s id="484">
    <time id="T497S" value="01:02:41,524" />
Dis nie 'n vrou se spel nie
    <time id="T497E" value="01:02:42,855" />
  </s>
  <s id="485">
    <time id="T498S" value="01:02:42,925" />
Dit maak my vies, asof mans dan slimmer as ons is!
    <time id="T499E" value="01:02:47,424" />
  </s>
  <s id="486">
    <time id="T500S" value="01:02:47,497" />
Die magtigste stuk is tog die koningin
    <time id="T500E" value="01:02:50,227" />
  </s>
  <s id="487">
    <time id="T501S" value="01:02:50,299" />
Hoe weet jy dit?
    <time id="T501E" value="01:02:51,698" />
  </s>
  <s id="488">
    <time id="T502S" value="01:02:51,768" />
Ek weet net
    <time id="T502E" value="01:02:53,360" />
  </s>
  <s id="489">
    <time id="T503S" value="01:03:06,983" />
Wys my hoe ma gedans het met ma se vriend Ouidad,
    <time id="T503E" value="01:03:10,515" />
  </s>
  <s id="490">
    <time id="T504S" value="01:03:19,578" />
komaan, Ma!
    <time id="T504E" value="01:03:21,121" />
  </s>
  <s id="491">
    <time id="T505S" value="01:04:50,869" />
As jy gekom het om skoon te maak, neem dan jou blomme en gaan, ek het iemand anders gekry!
    <time id="T507E" value="01:04:58,584" />
  </s>
  <s id="492">
    <time id="T508S" value="01:05:25,507" />
Sal ons begin?
    <time id="T508E" value="01:05:27,253" />
  </s>
  <s id="493">
    <time id="T509S" value="01:05:28,787" />
Wat bedoel jy?
    <time id="T509E" value="01:05:30,556" />
  </s>
  <s id="494">
    <time id="T510S" value="01:05:30,626" />
Kom ons speel
    <time id="T510E" value="01:05:32,719" />
  </s>
  <s id="495">
    <time id="T511S" value="01:05:32,795" />
Sal ek wit neem?
    <time id="T511E" value="01:05:34,612" />
  </s>
  <s id="496">
    <time id="T512S" value="01:05:35,426" />
Ek wed jy't op jou eie geoefen
    <time id="T512E" value="01:05:38,757" />
  </s>
  <s id="497">
    <time id="T513S" value="01:05:44,951" />
Komaan!
    <time id="T513E" value="01:05:46,605" />
  </s>
  <s id="498">
    <time id="T514S" value="01:05:47,234" />
Ek kan nie vir altyd wag nie!
    <time id="T514E" value="01:05:49,139" />
  </s>
  <s id="499">
    <time id="T515S" value="01:05:56,785" />
Is dit waarvoor jy teruggekom het?
    <time id="T515E" value="01:05:59,478" />
  </s>
  <s id="500">
    <time id="T516S" value="01:06:00,066" />
Natuurlik, wat anders?
    <time id="T516E" value="01:06:03,290" />
  </s>
  <s id="501">
    <time id="T517S" value="01:06:07,045" />
Sal ons blitz speel?
    <time id="T517E" value="01:06:08,988" />
  </s>
  <s id="502">
    <time id="T518S" value="01:06:29,166" />
Wil jy iets weet?
    <time id="T518E" value="01:06:31,146" />
  </s>
  <s id="503">
    <time id="T519S" value="01:06:31,220" />
Wat?
    <time id="T519E" value="01:06:32,346" />
  </s>
  <s id="504">
    <time id="T520S" value="01:06:34,808" />
Ek het jou nie gemis nie, maar ek's bly jy's hier
    <time id="T520E" value="01:06:38,424" />
  </s>
  <s id="505">
    <time id="T521S" value="01:06:43,966" />
Ek het jou ook nie gemis nie
    <time id="T521E" value="01:06:46,327" />
  </s>
  <s id="506">
    <time id="T522S" value="01:07:12,096" />
Haai! 
  </s>
  <s id="507">
wat gaan aan?
    <time id="T522E" value="01:07:14,528" />
  </s>
  <s id="508">
    <time id="T523S" value="01:07:14,597" />
Ek wou die hoender gaarmaak - Ramp!
    <time id="T523E" value="01:07:17,397" />
  </s>
  <s id="509">
    <time id="T524S" value="01:07:18,656" />
- Kan ek help?
  </s>
  <s id="510">
- Nee, laat ek dit doen
    <time id="T524E" value="01:07:21,463" />
  </s>
  <s id="511">
    <time id="T525S" value="01:07:32,773" />
Ek moet met jou praat
    <time id="T525E" value="01:07:34,648" />
  </s>
  <s id="512">
    <time id="T526S" value="01:07:36,263" />
En ek met jou ook
    <time id="T526E" value="01:07:38,380" />
  </s>
  <s id="513">
    <time id="T527S" value="01:07:38,454" />
O, ja? 
  </s>
  <s id="514">
waaroor?
    <time id="T527E" value="01:07:40,217" />
  </s>
  <s id="515">
    <time id="T528S" value="01:07:40,289" />
Ek het gedink, jy's reg, dit kan nie so aangaan nie
    <time id="T528E" value="01:07:44,157" />
  </s>
  <s id="516">
    <time id="T529S" value="01:07:44,226" />
Wat?
    <time id="T529E" value="01:07:45,318" />
  </s>
  <s id="517">
    <time id="T530S" value="01:07:46,497" />
Ek wil jou gelukkig sien
    <time id="T530E" value="01:07:48,624" />
  </s>
  <s id="518">
    <time id="T531S" value="01:07:59,355" />
Dit was my present, reg?
    <time id="T531E" value="01:08:01,405" />
  </s>
  <s id="519">
    <time id="T532S" value="01:08:01,505" />
Jy kan dit nie sommer weggooi nie
    <time id="T532E" value="01:08:03,640" />
  </s>
  <s id="520">
    <time id="T533S" value="01:08:18,301" />
Lisa sal netnou terug wees
    <time id="T533E" value="01:08:21,004" />
  </s>
  <s id="521">
    <time id="T534S" value="01:08:46,457" />
Skaakmat in 2 skuiwe
    <time id="T534E" value="01:08:48,320" />
  </s>
  <s id="522">
    <time id="T535S" value="01:08:54,539" />
Dis nou die vyfde maal
    <time id="T535E" value="01:08:56,955" />
  </s>
  <s id="523">
    <time id="T536S" value="01:08:57,268" />
Ek gee op
    <time id="T536E" value="01:08:58,657" />
  </s>
  <s id="524">
    <time id="T537S" value="01:08:59,052" />
Ag, dis maar net geluk
    <time id="T537E" value="01:09:01,132" />
  </s>
  <s id="525">
    <time id="T538S" value="01:09:01,203" />
Geluk het niks daarmee te doen nie, soos ons albei weet
    <time id="T538E" value="01:09:05,299" />
  </s>
  <s id="526">
    <time id="T539S" value="01:09:10,546" />
Jy weet,
    <time id="T539E" value="01:09:12,345" />
  </s>
  <s id="527">
    <time id="T540S" value="01:09:19,677" />
die tyd het gekom
    <time id="T540E" value="01:09:22,514" />
  </s>
  <s id="528">
    <time id="T541S" value="01:09:23,535" />
Die tyd waarvoor?
    <time id="T541E" value="01:09:25,686" />
  </s>
  <s id="529">
    <time id="T542S" value="01:09:27,497" />
Vir jou om jou vlerke te sprei
    <time id="T542E" value="01:09:30,698" />
  </s>
  <s id="530">
    <time id="T543S" value="01:09:30,766" />
Ek dink al daaroor 'n geruime tyd 'n Toernooi
    <time id="T544E" value="01:09:35,871" />
  </s>
  <s id="531">
    <time id="T545S" value="01:09:35,938" />
Ek?
    <time id="T545E" value="01:09:37,496" />
  </s>
  <s id="532">
    <time id="T546S" value="01:09:37,573" />
'n Klein toernooijie, darem nog nie die wêreldkampioenskap nie
    <time id="T547E" value="01:09:43,367" />
  </s>
  <s id="533">
    <time id="T548S" value="01:09:44,475" />
Is jy nou moeg vir my?
    <time id="T548E" value="01:09:46,364" />
  </s>
  <s id="534">
    <time id="T549S" value="01:09:46,994" />
Dis nie wat ek gesê het nie
    <time id="T549E" value="01:09:48,988" />
  </s>
  <s id="535">
    <time id="T550S" value="01:09:49,093" />
Maar ek hou daarvan om met jou te speel
    <time id="T550E" value="01:09:51,352" />
  </s>
  <s id="536">
    <time id="T551S" value="01:09:51,420" />
Hoe weet jy dit?
    <time id="T551E" value="01:09:53,388" />
  </s>
  <s id="537">
    <time id="T552S" value="01:09:53,455" />
Jy het nog nooit met iemand anders gespeel nie
    <time id="T552E" value="01:09:56,219" />
  </s>
  <s id="538">
    <time id="T553S" value="01:09:56,292" />
Jy's maar net bang, jy voel veilig hier
    <time id="T553E" value="01:10:00,524" />
  </s>
  <s id="539">
    <time id="T554S" value="01:10:00,596" />
Dis nie waar nie!
    <time id="T554E" value="01:10:02,063" />
  </s>
  <s id="540">
    <time id="T555S" value="01:10:03,237" />
ek is nog nie gereed nie
    <time id="T555E" value="01:10:05,328" />
  </s>
  <s id="541">
    <time id="T556S" value="01:10:05,401" />
Natuurlik is jy gereed!
    <time id="T556E" value="01:10:08,962" />
  </s>
  <s id="542">
    <time id="T557S" value="01:10:09,038" />
en die volgende toernooi is oor twee maande, dit gee ons bietjie tyd
    <time id="T558E" value="01:10:14,809" />
  </s>
  <s id="543">
    <time id="T559S" value="01:10:15,701" />
Moenie dink jy gaan so maklik van my ontslae raak nie!
    <time id="T559E" value="01:10:19,979" />
  </s>
  <s id="544">
    <time id="T560S" value="01:10:22,340" />
Jy moes my gevra het, ek sou dit duidelik maak,
    <time id="T560E" value="01:10:25,251" />
  </s>
  <s id="545">
    <time id="T561S" value="01:10:25,321" />
Speel hier of by Kroger, maar moenie van jou 'n gek gaan maak voor almal nie!
    <time id="T561E" value="01:10:28,813" />
  </s>
  <s id="546">
    <time id="T562S" value="01:10:28,891" />
Hoekom sal sy?
    <time id="T562E" value="01:10:30,290" />
  </s>
  <s id="547">
    <time id="T563S" value="01:10:30,359" />
Weet jy wat noem hulle jou?
  </s>
  <s id="548">
"Die skaak-geval"
    <time id="T563E" value="01:10:33,328" />
  </s>
  <s id="549">
    <time id="T564S" value="01:10:33,395" />
Ek gee nie om nie
    <time id="T564E" value="01:10:34,623" />
  </s>
  <s id="550">
    <time id="T565S" value="01:10:34,697" />
Gee jy nie om as ek soos 'n gek lyk nie?
    <time id="T565E" value="01:10:36,961" />
  </s>
  <s id="551">
    <time id="T566S" value="01:10:37,032" />
Pa behoort trots te wees op haar, in plaas van om ons lewens te verpes!
    <time id="T567E" value="01:10:41,598" />
  </s>
  <s id="552">
    <time id="T568S" value="01:10:41,994" />
Weet Pa wat?
  </s>
  <s id="553">
Ek bewonder Ma!
    <time id="T568E" value="01:10:45,272" />
  </s>
  <s id="554">
    <time id="T569S" value="01:10:45,341" />
Nie baie mense sal dit regkry nie
    <time id="T569E" value="01:10:47,504" />
  </s>
  <s id="555">
    <time id="T570S" value="01:10:47,662" />
Sy moet begin oefen
    <time id="T570E" value="01:10:49,906" />
  </s>
  <s id="556">
    <time id="T571S" value="01:10:49,979" />
Slaap genoeg, eet gesond, sodat sy in top kondisie sal wees!
    <time id="T571E" value="01:10:53,278" />
  </s>
  <s id="557">
    <time id="T572S" value="01:10:53,349" />
Dis nie 'n sport nie!
    <time id="T572E" value="01:10:54,407" />
  </s>
  <s id="558">
    <time id="T573S" value="01:10:54,483" />
Ja, dit is!
    <time id="T573E" value="01:10:55,950" />
  </s>
  <s id="559">
    <time id="T574S" value="01:10:56,269" />
en die eerste prys is 1500 euros
    <time id="T574E" value="01:10:58,780" />
  </s>
  <s id="560">
    <time id="T575S" value="01:10:58,854" />
Goed dan, as julle twee teen my saamspan!
    <time id="T575E" value="01:11:01,596" />
  </s>
  <s id="561">
    <time id="T576S" value="01:11:37,459" />
Dis jammer dat ek net een op 'n keer kan vat
    <time id="T576E" value="01:11:41,156" />
  </s>
  <s id="562">
    <time id="T577S" value="01:11:41,230" />
Baie snaaks
    <time id="T577E" value="01:11:42,891" />
  </s>
  <s id="563">
    <time id="T578S" value="01:11:57,750" />
Waarom doen jy dit?
    <time id="T578E" value="01:12:00,175" />
  </s>
  <s id="564">
    <time id="T579S" value="01:12:00,249" />
Voer jou plan voluit uit!
    <time id="T579E" value="01:12:01,546" />
  </s>
  <s id="565">
    <time id="T580S" value="01:12:01,617" />
Maar dis swak
    <time id="T580E" value="01:12:03,084" />
  </s>
  <s id="566">
    <time id="T581S" value="01:12:03,152" />
Beter om 'n swak plan logies uit te voer, as om geen plan te hê nie
    <time id="T582E" value="01:12:08,929" />
  </s>
  <s id="567">
    <time id="T583S" value="01:12:18,008" />
Dis te swaar
    <time id="T583E" value="01:12:19,423" />
  </s>
  <s id="568">
    <time id="T584S" value="01:12:19,501" />
Dis werk
    <time id="T584E" value="01:12:21,025" />
  </s>
  <s id="569">
    <time id="T585S" value="01:12:21,103" />
Nee, dis nie werk nie
    <time id="T585E" value="01:12:22,695" />
  </s>
  <s id="570">
    <time id="T586S" value="01:12:22,771" />
Werk is as ek skoonmaakwerk doen
    <time id="T586E" value="01:12:24,962" />
  </s>
  <s id="571">
    <time id="T587S" value="01:12:25,696" />
Hiervan verstaan ek minder en minder
    <time id="T587E" value="01:12:28,793" />
  </s>
  <s id="572">
    <time id="T588S" value="01:12:29,055" />
- Dis alles deel daarvan 
  </s>
  <s id="573">
- Waarvan?
    <time id="T588E" value="01:12:31,711" />
  </s>
  <s id="574">
    <time id="T589S" value="01:12:31,994" />
Die werk
    <time id="T589E" value="01:12:33,509" />
  </s>
  <s id="575">
    <time id="T590S" value="01:12:33,582" />
Wat weet jy?
    <time id="T590E" value="01:12:34,981" />
  </s>
  <s id="576">
    <time id="T591S" value="01:12:35,050" />
Jy sluit jouself op met jou boeke
    <time id="T591E" value="01:12:38,417" />
  </s>
  <s id="577">
    <time id="T592S" value="01:12:38,487" />
Is dit werk?
    <time id="T592E" value="01:12:39,181" />
  </s>
  <s id="578">
    <time id="T593S" value="01:12:39,254" />
Dis 'n luukse
    <time id="T593E" value="01:12:41,205" />
  </s>
  <s id="579">
    <time id="T594S" value="01:12:41,441" />
Dit verhoed dat ek skouer skuur met idiote
    <time id="T594E" value="01:12:44,725" />
  </s>
  <s id="580">
    <time id="T595S" value="01:12:44,793" />
Dis maklik om neer te sien op almal
    <time id="T595E" value="01:12:47,162" />
  </s>
  <s id="581">
    <time id="T596S" value="01:12:47,345" />
Nie almal nie
    <time id="T596E" value="01:12:49,223" />
  </s>
  <s id="582">
    <time id="T597S" value="01:12:53,827" />
Ek was voorheen gelukkiger
    <time id="T597E" value="01:12:56,203" />
  </s>
  <s id="583">
    <time id="T598S" value="01:12:56,271" />
Voorheen, wanneer?
    <time id="T598E" value="01:12:57,533" />
  </s>
  <s id="584">
    <time id="T599S" value="01:12:57,606" />
Voordat ek dinge begin bevraagteken het
    <time id="T599E" value="01:12:59,233" />
  </s>
  <s id="585">
    <time id="T600S" value="01:12:59,308" />
Hoe inspirerend!
    <time id="T600E" value="01:13:01,463" />
  </s>
  <s id="586">
    <time id="T601S" value="01:13:09,912" />
- Daar is jy, is alles reg?
  </s>
  <s id="587">
- Ja, goed
    <time id="T601E" value="01:13:13,082" />
  </s>
  <s id="588">
    <time id="T602S" value="01:13:14,662" />
"Natalia, jy het weer die handoeke vergeet, jy sal bietjie verstand in jou kop moet kry!"
    <time id="T603E" value="01:13:21,824" />
  </s>
  <s id="589">
    <time id="T604S" value="01:13:24,974" />
Ek moet liewer nie meer met haar spot nie, want ek bly net hier
    <time id="T604E" value="01:13:29,097" />
  </s>
  <s id="590">
    <time id="T605S" value="01:13:30,339" />
Ek het die spraaktoets totaal opgemors ek was totaal opgevries
    <time id="T606E" value="01:13:36,601" />
  </s>
  <s id="591">
    <time id="T607S" value="01:13:36,678" />
Jy kan seker weer probeer
    <time id="T607E" value="01:13:38,612" />
  </s>
  <s id="592">
    <time id="T608S" value="01:13:38,680" />
Ek kan seker, maar ek het te groot gedroom
    <time id="T609E" value="01:13:43,474" />
  </s>
  <s id="593">
    <time id="T610S" value="01:13:44,235" />
Denis wil dat ons nou trou en 4 kinders kry!
    <time id="T610E" value="01:13:48,554" />
  </s>
  <s id="594">
    <time id="T611S" value="01:13:48,624" />
Dis wat saak maak, 'n man, 'n gesin en 'n rustige lewe
    <time id="T611E" value="01:13:53,254" />
  </s>
  <s id="595">
    <time id="T612S" value="01:13:55,197" />
- Reg?
  </s>
  <s id="596">
- Ja
    <time id="T612E" value="01:13:57,188" />
  </s>
  <s id="597">
    <time id="T613S" value="01:14:01,422" />
Ons moet gaan! 
  </s>
  <s id="598">
ek het nog kamers 12 en 9 om te doen
    <time id="T613E" value="01:14:05,539" />
  </s>
  <s id="599">
    <time id="T614S" value="01:14:05,607" />
Ja, ek ook
    <time id="T614E" value="01:14:07,746" />
  </s>
  <s id="600">
    <time id="T615S" value="01:14:42,646" />
Kom in
    <time id="T615E" value="01:14:44,666" />
  </s>
  <s id="601">
    <time id="T616S" value="01:14:47,763" />
Net 'n oomblik.
  </s>
  <s id="602">
Ek sal daarvoor sorg
    <time id="T616E" value="01:14:51,417" />
  </s>
  <s id="603">
    <time id="T617S" value="01:14:51,487" />
Ons sal dit volgende week afhandel, goed?
    <time id="T617E" value="01:14:54,874" />
  </s>
  <s id="604">
    <time id="T618S" value="01:14:58,894" />
Ja?
    <time id="T618E" value="01:15:00,096" />
  </s>
  <s id="605">
    <time id="T619S" value="01:15:00,385" />
Dis oor die toernooi, ek wil inskryf
    <time id="T620E" value="01:15:05,728" />
  </s>
  <s id="606">
    <time id="T621S" value="01:15:07,470" />
- Behoort jy aan 'n klub?
  </s>
  <s id="607">
- Nee
    <time id="T621E" value="01:15:10,461" />
  </s>
  <s id="608">
    <time id="T622S" value="01:15:11,668" />
Speel jy al lank?
    <time id="T622E" value="01:15:13,931" />
  </s>
  <s id="609">
    <time id="T623S" value="01:15:14,009" />
Nee, nie baie nie
    <time id="T623E" value="01:15:15,893" />
  </s>
  <s id="610">
    <time id="T624S" value="01:15:16,391" />
Is jy al beoordeel?
    <time id="T624E" value="01:15:18,270" />
  </s>
  <s id="611">
    <time id="T625S" value="01:15:18,347" />
Beoordeel? 
  </s>
  <s id="612">
nee
    <time id="T625E" value="01:15:20,039" />
  </s>
  <s id="613">
    <time id="T626S" value="01:15:22,427" />
Alhoewel dit 'n amateurtoernooi is, is die standaard hoog
    <time id="T626E" value="01:15:27,386" />
  </s>
  <s id="614">
    <time id="T627S" value="01:15:29,984" />
Dokter Kroger het my gestuur, hy het 'n brief geskryf
    <time id="T627E" value="01:15:33,815" />
  </s>
  <s id="615">
    <time id="T628S" value="01:15:34,025" />
Kroger?
    <time id="T628E" value="01:15:35,729" />
  </s>
  <s id="616">
    <time id="T629S" value="01:15:38,092" />
'n Vriend van jou?
    <time id="T629E" value="01:15:39,588" />
  </s>
  <s id="617">
    <time id="T630S" value="01:15:40,087" />
Ja
    <time id="T630E" value="01:15:41,527" />
  </s>
  <s id="618">
    <time id="T631S" value="01:15:41,603" />
Sit asseblief
    <time id="T631E" value="01:15:43,734" />
  </s>
  <s id="619">
    <time id="T632S" value="01:15:55,317" />
Jy is sy skoonmaker?
    <time id="T632E" value="01:15:57,038" />
  </s>
  <s id="620">
    <time id="T633S" value="01:15:58,953" />
Ja, waarom?
    <time id="T633E" value="01:16:00,379" />
  </s>
  <s id="621">
    <time id="T634S" value="01:16:00,455" />
Geen rede nie
    <time id="T634E" value="01:16:02,103" />
  </s>
  <s id="622">
    <time id="T635S" value="01:16:04,936" />
- Is dit al wat hy sê?
  </s>
  <s id="623">
- Omtrent
    <time id="T635E" value="01:16:08,263" />
  </s>
  <s id="624">
    <time id="T636S" value="01:16:10,394" />
Moes hy meer sê?
    <time id="T636E" value="01:16:13,328" />
  </s>
  <s id="625">
    <time id="T637S" value="01:16:18,057" />
Hy doen nog altyd wat hy wil
    <time id="T637E" value="01:16:22,104" />
  </s>
  <s id="626">
    <time id="T638S" value="01:16:26,165" />
Het jy nog tyd om vir ons ook te werk?
    <time id="T638E" value="01:16:30,417" />
  </s>
  <s id="627">
    <time id="T639S" value="01:16:31,256" />
My vrou het iemand nodig
    <time id="T639E" value="01:16:33,644" />
  </s>
  <s id="628">
    <time id="T640S" value="01:16:35,297" />
Twee middae 'n week, as dit moontlik is
    <time id="T640E" value="01:16:39,075" />
  </s>
  <s id="629">
    <time id="T641S" value="01:16:40,965" />
Ek sal moet sien
    <time id="T641E" value="01:16:42,994" />
  </s>
  <s id="630">
    <time id="T642S" value="01:17:17,649" />
Is daar iets verkeerd vandag?
    <time id="T642E" value="01:17:19,991" />
  </s>
  <s id="631">
    <time id="T643S" value="01:17:20,068" />
Nee, alles is gaaf
    <time id="T643E" value="01:17:22,294" />
  </s>
  <s id="632">
    <time id="T644S" value="01:17:23,369" />
Dit lyk nie so nie
    <time id="T644E" value="01:17:25,468" />
  </s>
  <s id="633">
    <time id="T645S" value="01:17:37,119" />
Gaan jy nie speel nie?
    <time id="T645E" value="01:17:39,086" />
  </s>
  <s id="634">
    <time id="T646S" value="01:17:39,154" />
Nee, ek maak skoon, ek is mos jou skoonmaakster,
    <time id="T648E" value="01:17:47,091" />
  </s>
  <s id="635">
    <time id="T649S" value="01:17:48,403" />
so sê jy in jou brief
    <time id="T649E" value="01:17:50,843" />
  </s>
  <s id="636">
    <time id="T650S" value="01:17:52,000" />
So, is dit wat dit is?
    <time id="T650E" value="01:17:54,560" />
  </s>
  <s id="637">
    <time id="T651S" value="01:17:54,779" />
Jy het met my soos 'n marionet gespeel
    <time id="T651E" value="01:17:57,661" />
  </s>
  <s id="638">
    <time id="T652S" value="01:17:57,981" />
Ek is dalk nie geleerd nie, maar ek is wel trots ook
    <time id="T652E" value="01:18:01,445" />
  </s>
  <s id="639">
    <time id="T653S" value="01:18:01,576" />
Ek is nie jou speelding nie
    <time id="T653E" value="01:18:03,964" />
  </s>
  <s id="640">
    <time id="T654S" value="01:18:04,619" />
Jy's reg, jy is nie my speelding nie
    <time id="T654E" value="01:18:07,948" />
  </s>
  <s id="641">
    <time id="T655S" value="01:18:08,016" />
Ek is jammer, ek moes dit nie geskryf het nie
    <time id="T656E" value="01:18:12,115" />
  </s>
  <s id="642">
    <time id="T657S" value="01:18:12,187" />
Maar dis ook die waarheid:
    <time id="T657E" value="01:18:14,460" />
  </s>
  <s id="643">
    <time id="T658S" value="01:18:14,696" />
Jy is my skoonmaakster
    <time id="T658E" value="01:18:16,611" />
  </s>
  <s id="644">
    <time id="T659S" value="01:18:25,323" />
Wat doen jy?
    <time id="T659E" value="01:18:27,499" />
  </s>
  <s id="645">
    <time id="T660S" value="01:18:27,569" />
Ek gaan, ek wil my geld hê
    <time id="T660E" value="01:18:30,470" />
  </s>
  <s id="646">
    <time id="T661S" value="01:18:45,030" />
Ek haat jou!
    <time id="T661E" value="01:18:47,078" />
  </s>
  <s id="647">
    <time id="T662S" value="01:18:53,978" />
Bly, ek wil jou iets wys
    <time id="T663E" value="01:18:59,069" />
  </s>
  <s id="648">
    <time id="T664S" value="01:19:00,905" />
Sien jy daardie skilderye?
    <time id="T664E" value="01:19:03,294" />
  </s>
  <s id="649">
    <time id="T665S" value="01:19:06,258" />
My vrou het dit geskilder, sy het talent gehad, dan nie?
    <time id="T666E" value="01:19:13,501" />
  </s>
  <s id="650">
    <time id="T667S" value="01:19:16,099" />
Buitengewoon talentvol, maar sy het nooit in haarself geglo nie
    <time id="T668E" value="01:19:22,749" />
  </s>
  <s id="651">
    <time id="T669S" value="01:19:25,729" />
Toe sy dood is het ek gedink ek moes haar meer aangemoedig het
    <time id="T670E" value="01:19:33,493" />
  </s>
  <s id="652">
    <time id="T671S" value="01:19:34,572" />
Ek het gedink ek sou haar kon red
    <time id="T671E" value="01:19:37,459" />
  </s>
  <s id="653">
    <time id="T672S" value="01:19:37,826" />
Maar dis net ydelheid, want niemand kan iemand anders red nie
    <time id="T673E" value="01:19:44,937" />
  </s>
  <s id="654">
    <time id="T674S" value="01:19:46,276" />
Haar twyfel was sterker as haar talent
    <time id="T674E" value="01:19:51,046" />
  </s>
  <s id="655">
    <time id="T675S" value="01:19:53,938" />
Verstaan jy?
    <time id="T675E" value="01:19:55,789" />
  </s>
  <s id="656">
    <time id="T676S" value="01:20:02,991" />
Jy maak my seer
    <time id="T676E" value="01:20:05,362" />
  </s>
  <s id="657">
    <time id="T677S" value="01:20:05,433" />
Ja, jy het regtig 'n talent, Helene
    <time id="T678E" value="01:20:10,838" />
  </s>
  <s id="658">
    <time id="T679S" value="01:20:11,781" />
Jy het daardie ding wat nie aangeleer kan word nie, nie in skole of boeke nie, geld kan dit nie koop nie,
    <time id="T682E" value="01:20:24,843" />
  </s>
  <s id="659">
    <time id="T683S" value="01:20:25,453" />
Baie mense soek dit sonder om dit te vind
    <time id="T683E" value="01:20:29,747" />
  </s>
  <s id="660">
    <time id="T684S" value="01:20:31,724" />
Ekself ook
    <time id="T684E" value="01:20:33,989" />
  </s>
  <s id="661">
    <time id="T685S" value="01:20:40,672" />
Sal jy na die toernooi gaan?
    <time id="T685E" value="01:20:42,929" />
  </s>
  <s id="662">
    <time id="T686S" value="01:20:52,559" />
Gaan nou!
    <time id="T686E" value="01:20:54,276" />
  </s>
  <s id="663">
    <time id="T687S" value="01:20:54,632" />
Is alles reg?
    <time id="T687E" value="01:20:56,144" />
  </s>
  <s id="664">
    <time id="T688S" value="01:20:56,218" />
Gaan net!
    <time id="T688E" value="01:20:57,728" />
  </s>
  <s id="665">
    <time id="T689S" value="01:20:57,833" />
Gaan!
    <time id="T689E" value="01:20:59,413" />
  </s>
  <s id="666">
    <time id="T690S" value="01:22:22,774" />
Swart skakel die spelhorlosie aan
    <time id="T690E" value="01:22:25,362" />
  </s>
  <s id="667">
    <time id="T691S" value="01:22:25,440" />
Geniet die spel almal!
    <time id="T691E" value="01:22:27,419" />
  </s>
  <s id="668">
    <time id="T692S" value="01:23:02,870" />
Kasteel, gebruik jou kasteel, van C8 na C4
    <time id="T694E" value="01:23:11,216" />
  </s>
  <s id="669">
    <time id="T695S" value="01:23:13,208" />
Hy sal die pion moet opoffer,
    <time id="T695E" value="01:23:16,557" />
  </s>
  <s id="670">
    <time id="T696S" value="01:23:19,821" />
nie dat dit hom sal help nie, want jy sal dit tog vat met die kasteel
    <time id="T697E" value="01:23:27,798" />
  </s>
  <s id="671">
    <time id="T698S" value="01:23:47,715" />
Skaakmat
    <time id="T698E" value="01:23:49,814" />
  </s>
  <s id="672">
    <time id="T699S" value="01:24:11,856" />
Bravo!
    <time id="T699E" value="01:24:13,719" />
  </s>
  <s id="673">
    <time id="T700S" value="01:24:42,689" />
- Het sy gewen?
  </s>
  <s id="674">
- Het sy regtig gewen?
    <time id="T700E" value="01:24:45,208" />
  </s>
  <s id="675">
    <time id="T701S" value="01:24:45,418" />
Sy het!
    <time id="T701E" value="01:24:47,645" />
  </s>
  <s id="676">
    <time id="T702S" value="01:24:47,715" />
Pa! 
  </s>
  <s id="677">
Pa!
    <time id="T702E" value="01:24:50,194" />
  </s>
  <s id="678">
    <time id="T703S" value="01:24:50,430" />
Wat is dit? 
  </s>
  <s id="679">
Het sy verloor?
    <time id="T703E" value="01:24:52,511" />
  </s>
  <s id="680">
    <time id="T704S" value="01:24:52,587" />
Sy het al 4 gewen, sy's in die finaal!
    <time id="T704E" value="01:24:54,851" />
  </s>
  <s id="681">
    <time id="T705S" value="01:24:54,923" />
Wat nou?
    <time id="T705E" value="01:24:55,685" />
  </s>
  <s id="682">
    <time id="T706S" value="01:24:55,757" />
Dit het nog nie begin nie, Kom Pa?
    <time id="T706E" value="01:24:57,952" />
  </s>
  <s id="683">
    <time id="T707S" value="01:24:58,026" />
Nee, as sy my sien, gaan dit haar steur, gaan jy!
    <time id="T707E" value="01:25:01,757" />
  </s>
  <s id="684">
    <time id="T708S" value="01:25:02,448" />
- Hou my op hoogte 
  </s>
  <s id="685">
- Seker
    <time id="T708E" value="01:25:04,994" />
  </s>
  <s id="686">
    <time id="T709S" value="01:25:17,615" />
Vyf uur; tyd om te begin Geniet die spel, almal!
    <time id="T709E" value="01:25:21,918" />
  </s>
  <s id="687">
    <time id="T710S" value="01:25:46,532" />
Wat gaan aan?
    <time id="T710E" value="01:25:48,569" />
  </s>
  <s id="688">
    <time id="T711S" value="01:25:48,643" />
Hy is laat, dis sommer net taktiek om haar deurmekaar te maak
    <time id="T711E" value="01:25:52,545" />
  </s>
  <s id="689">
    <time id="T712S" value="01:25:53,381" />
Dis naar!
    <time id="T712E" value="01:25:55,310" />
  </s>
  <s id="690">
    <time id="T713S" value="01:27:50,387" />
Jy vra te veel vrae, dis net 'n spel, so, speel!
    <time id="T715E" value="01:27:56,399" />
  </s>
  <s id="691">
    <time id="T716S" value="01:27:56,471" />
speel en geniet dit
    <time id="T716E" value="01:27:59,624" />
  </s>
  <s id="692">
    <time id="T717S" value="01:28:43,918" />
Een slegte skuif, kan 40 goeie skuiwe uitvee, so, forseer hom om te glip
    <time id="T719E" value="01:28:54,283" />
  </s>
  <s id="693">
    <time id="T720S" value="01:28:59,767" />
En onthou:
    <time id="T720E" value="01:29:01,693" />
  </s>
  <s id="694">
    <time id="T721S" value="01:29:01,769" />
"Die bedreiging is altyd sterker as die uitvoering daarvan"
    <time id="T722E" value="01:29:06,380" />
  </s>
  <s id="695">
    <time id="T723S" value="01:30:24,104" />
Sy het gewen!
    <time id="T723E" value="01:30:26,177" />
  </s>
  <s id="696">
    <time id="T724S" value="01:30:36,516" />
Jammer, ek is alweer laat
    <time id="T724E" value="01:30:37,795" />
  </s>
  <s id="697">
    <time id="T725S" value="01:30:37,865" />
Dit maak nie saak nie, Natalia,
    <time id="T725E" value="01:30:40,299" />
  </s>
  <s id="698">
    <time id="T726S" value="01:30:46,986" />
hier is ons kampioen!
    <time id="T726E" value="01:30:48,999" />
  </s>
  <s id="699">
    <time id="T727S" value="01:30:49,076" />
- Geluk!
  </s>
  <s id="700">
- Dankie
    <time id="T727E" value="01:30:51,203" />
  </s>
  <s id="701">
    <time id="T728S" value="01:30:51,279" />
Laat ons voor die hotel staan
    <time id="T728E" value="01:30:53,873" />
  </s>
  <s id="702">
    <time id="T729S" value="01:30:53,948" />
Jammer, ek wil die wenner alleen hê
    <time id="T729E" value="01:30:56,746" />
  </s>
  <s id="703">
    <time id="T730S" value="01:30:56,818" />
O, goed so
    <time id="T730E" value="01:30:58,558" />
  </s>
  <s id="704">
    <time id="T731S" value="01:31:01,445" />
Die wenner van wat?
    <time id="T731E" value="01:31:03,623" />
  </s>
  <s id="705">
    <time id="T732S" value="01:31:32,592" />
Hou dit so...
    <time id="T732E" value="01:31:34,914" />
  </s>
  <s id="706">
    <time id="T733S" value="01:31:34,989" />
Glimlag
    <time id="T733E" value="01:31:36,581" />
  </s>
  <s id="707">
    <time id="T734S" value="01:31:43,036" />
Jy is nou 'n ster!
    <time id="T734E" value="01:31:45,757" />
  </s>
  <s id="708">
    <time id="T735S" value="01:31:55,605" />
Nie sleg nie
    <time id="T735E" value="01:31:57,311" />
  </s>
  <s id="709">
    <time id="T736S" value="01:31:58,308" />
Ek het gedink jy sou kom, ek het vir jou gewag
    <time id="T737E" value="01:32:02,979" />
  </s>
  <s id="710">
    <time id="T738S" value="01:32:04,790" />
Maar jy het gewen, dan nie?
    <time id="T738E" value="01:32:08,149" />
  </s>
  <s id="711">
    <time id="T739S" value="01:32:08,222" />
Jy sien, jy het my nie nodig nie
    <time id="T740E" value="01:32:12,845" />
  </s>
  <s id="712">
    <time id="T741S" value="01:32:26,202" />
Die volgende toernooi is in Parys, ek wil gaan
    <time id="T741E" value="01:32:30,609" />
  </s>
  <s id="713">
    <time id="T742S" value="01:32:32,237" />
Dit was altyd jou droom
    <time id="T742E" value="01:32:34,706" />
  </s>
  <s id="714">
    <time id="T743S" value="01:32:35,989" />
Wel, dit gaan baie anders wees, die spelers gaan die bestes wees
    <time id="T744E" value="01:32:41,717" />
  </s>
  <s id="715">
    <time id="T745S" value="01:32:45,095" />
Ons sal sien
    <time id="T745E" value="01:32:46,487" />
  </s>
  <s id="716">
    <time id="T746S" value="01:32:50,763" />
"As jy 'n risiko neem, mag jy dalk verloor, as jy dit nie neem nie, verloor jy altyd"
    <time id="T747E" value="01:32:57,162" />
  </s>
  <s id="717">
    <time id="T748S" value="01:32:57,238" />
Reg?
    <time id="T748E" value="01:32:58,500" />
  </s>
  <s id="718">
    <time id="T749S" value="01:33:00,682" />
So, ek kon jou datrem iets leer
    <time id="T749E" value="01:33:05,171" />
  </s>
  <s id="719">
    <time id="T750S" value="01:33:10,916" />
Wanneer ek terugkom, gaan ons weer begin?
    <time id="T751E" value="01:33:14,668" />
  </s>
  <s id="720">
    <time id="T752S" value="01:33:16,006" />
Jy weet ek haat dit om te verloor
    <time id="T752E" value="01:33:19,618" />
  </s>
  <s id="721">
    <time id="T753S" value="01:33:20,940" />
Speel dan beter!
    <time id="T753E" value="01:33:22,959" />
  </s>
  <s id="722">
    <time id="T754S" value="01:33:30,596" />
E4
    <time id="T754E" value="01:33:32,303" />
  </s>
  <s id="723">
    <time id="T755S" value="01:33:34,611" />
E5
    <time id="T755E" value="01:33:36,474" />
  </s>
  <s id="724">
    <time id="T756S" value="01:33:38,809" />
F4
    <time id="T756E" value="01:33:40,442" />
  </s>
  <s id="725">
    <time id="T757S" value="01:33:40,672" />
E neem F4
    <time id="T757E" value="01:33:44,314" />
  </s>
  <s id="726">
    <time id="T758S" value="01:33:45,107" />
Ridder na F3
    <time id="T758E" value="01:33:46,783" />
  </s>
  <s id="727">
    <time id="T759S" value="01:33:49,122" />
Biskop na E7
    <time id="T759E" value="01:33:51,649" />
  </s>
  <s id="728">
    <time id="T760S" value="01:33:52,691" />
Ridder na C3
    <time id="T760E" value="01:33:54,627" />
  </s>
  <s id="729">
    <time id="T761S" value="01:33:54,695" />
Biskop na H4; 
  </s>
  <s id="730">
Skaak
    <time id="T761E" value="01:33:57,960" />
  </s>
  <s id="731">
    <time id="T762S" value="01:34:04,866" />
Koning na E2
    <time id="T762E" value="01:34:06,870" />
  </s>
  <s id="732">
    <time id="T763S" value="01:34:09,143" />
D5
    <time id="T763E" value="01:34:10,840" />
  </s>
  <s id="733">
    <time id="T764S" value="01:34:12,502" />
Ridder neem D5
    <time id="T764E" value="01:34:14,677" />
  </s>
  <s id="734">
    <time id="T765S" value="01:34:19,902" />
Ridder na F6
    <time id="T765E" value="01:34:23,721" />
  </s>
  <s id="735">
    <time id="T766S" value="01:34:23,791" />
Ridder neem F6
    <time id="T766E" value="01:34:25,725" />
  </s>
  <s id="736">
    <time id="T767S" value="01:34:25,793" />
Skaak
    <time id="T767E" value="01:34:27,197" />
  </s>
  <s id="737">
    <time id="T768S" value="01:34:27,748" />
Koningin
    <time id="T768E" value="01:34:29,524" />
  </s>
  <s id="738">
    <time id="T769S" value="01:34:32,839" />
neem F6
    <time id="T769E" value="01:34:35,191" />
  </s>
  <s id="739">
    <time id="T770S" value="01:34:38,821" />
D4
    <time id="T770E" value="01:34:40,422" />
  </s>
  <s id="740">
    <time id="T771S" value="01:34:41,183" />
Biskop na J4
    <time id="T771E" value="01:34:43,568" />
  </s>
  <s id="741">
    <time id="T772S" value="01:34:45,696" />
Koningin na D2
    <time id="T772E" value="01:34:47,909" />
  </s>
  <s id="742">
    <time id="T773S" value="01:34:50,551" />
Ridder na C6
    <time id="T773E" value="01:34:53,079" />
  </s>
  <s id="743">
    <time id="T774S" value="01:34:53,569" />
C3
    <time id="T774E" value="01:34:55,301" />
  </s>
  <s id="744">
    <time id="T775S" value="01:34:58,502" />
Rokeer na die Koningin se kant
    <time id="T775E" value="01:35:01,358" />
  </s>
  <s id="745">
    <time id="T776S" value="01:35:05,849" />
Gaan
    <time id="T776E" value="01:35:07,527" />
  </s>
  <meta>
    <conversion>
      <tokens>4743</tokens>
      <encoding>utf-8</encoding>
      <corrected_words>0</corrected_words>
      <truecased_words>11</truecased_words>
      <unknown_words>0</unknown_words>
      <sentences>745</sentences>
      <ignored_blocks>1</ignored_blocks>
    </conversion>
    <subtitle>
      <machine_translated>0</machine_translated>
      <date>2016-08-23</date>
      <language>Afrikaans</language>
      <confidence>1.0</confidence>
      <duration>01:35:07,527</duration>
      <blocks>776</blocks>
      <version>1</version>
      <rating>7.0</rating>
    </subtitle>
    <source>
      <duration>97</duration>
      <genre>Drama</genre>
      <country>France, Germany</country>
      <year>2009</year>
      <HD>0</HD>
      <cds>1/1</cds>
      <original>French, English</original>
    </source>
  </meta>
</document>
