<?xml version="1.0" encoding="utf-8"?>
<document id="5807689">
  <s id="1">
    <time id="T1S" value="00:00:20,000" />
'n Duitse sage
    <time id="T1E" value="00:00:23,801" />
  </s>
  <s id="2">
    <time id="T2S" value="00:01:10,498" />
Kyk!
    <time id="T2E" value="00:01:14,582" />
  </s>
  <s id="3">
    <time id="T3S" value="00:01:14,669" />
Die poorte van duisternis is oop, en die verskrikking jaag oor die aarde...
    <time id="T3E" value="00:01:25,448" />
  </s>
  <s id="4">
    <time id="T4S" value="00:02:07,942" />
Stop! 
  </s>
  <s id="5">
waarom treiter jy die mensheid met oorlog, pes, hongersnood?
  </s>
  <s id="6">
!
    <time id="T4E" value="00:02:17,142" />
  </s>
  <s id="7">
    <time id="T5S" value="00:02:18,669" />
Die aarde is myne!
    <time id="T5E" value="00:02:21,135" />
  </s>
  <s id="8">
    <time id="T6S" value="00:02:25,145" />
Nooit sal die aarde joune wees:
  </s>
  <s id="9">
Die mens streef na die waarheid!
    <time id="T6E" value="00:02:33,736" />
  </s>
  <s id="10">
    <time id="T7S" value="00:02:34,869" />
Kyk na daar onder!
    <time id="T7E" value="00:02:38,314" />
  </s>
  <s id="11">
    <time id="T8S" value="00:02:59,631" />
Alles in die hemel en op aarde is wonderlik!
    <time id="T9E" value="00:03:05,665" />
  </s>
  <s id="12">
    <time id="T10S" value="00:03:05,864" />
maar die grootste wonder is die mens se vryheid om te kies tussen goed en kwaad!
    <time id="T12E" value="00:03:17,792" />
  </s>
  <s id="13">
    <time id="T13S" value="00:03:32,413" />
Sien jy vir Faust?
    <time id="T13E" value="00:03:35,493" />
  </s>
  <s id="14">
    <time id="T14S" value="00:03:38,208" />
'n Skelm soos almal! 
  </s>
  <s id="15">
Hy praat van die goeie, maar doen die bose!
    <time id="T14E" value="00:03:43,819" />
  </s>
  <s id="16">
    <time id="T15S" value="00:03:44,162" />
Hy wil goud maak en 'n wysheidsteen!
    <time id="T15E" value="00:03:48,912" />
  </s>
  <s id="17">
    <time id="T16S" value="00:03:49,015" />
Kyk na sy gierigheid!
    <time id="T16E" value="00:03:50,897" />
  </s>
  <s id="18">
    <time id="T17S" value="00:04:56,865" />
Ek wed jou: 
  </s>
  <s id="19">
Ek sal Faust se siel van God afrokkel!
    <time id="T17E" value="00:05:05,880" />
  </s>
  <s id="20">
    <time id="T18S" value="00:05:11,100" />
As jy die heilige in Faust kan verwoes, is die aarde joune!
    <time id="T19E" value="00:05:20,833" />
  </s>
  <s id="21">
    <time id="T20S" value="00:05:26,539" />
Geen mens kan die Bose weerstaan!
  </s>
  <s id="22">
Die weddenskap is aan!
    <time id="T20E" value="00:05:33,827" />
  </s>
  <s id="23">
    <time id="T21S" value="00:06:54,980" />
Die pes! 
  </s>
  <s id="24">
Die pes!
    <time id="T21E" value="00:06:57,560" />
  </s>
  <s id="25">
    <time id="T22S" value="00:07:37,787" />
Die verwoestende pes woed voort:
    <time id="T22E" value="00:07:41,494" />
  </s>
  <s id="26">
    <time id="T23S" value="00:07:41,656" />
in 'n paar dae is helfte van die stad sterwend.
    <time id="T23E" value="00:07:45,745" />
  </s>
  <s id="27">
    <time id="T24S" value="00:08:24,845" />
Dag en nag worstel Faust met God in gebed om 'n geneesmiddel te vind.
    <time id="T26E" value="00:08:33,237" />
  </s>
  <s id="28">
    <time id="T27S" value="00:08:45,481" />
en daar was 'n groot gejammer in Egipte, want daar was geen huis sonder 'n dooie nie.
    <time id="T28E" value="00:09:06,420" />
  </s>
  <s id="29">
    <time id="T29S" value="00:09:06,670" />
Sëen die reddingswerk, o God!
    <time id="T29E" value="00:09:12,173" />
  </s>
  <s id="30">
    <time id="T30S" value="00:09:12,345" />
net U kan in hierdie nood uithelp!
    <time id="T30E" value="00:09:17,525" />
  </s>
  <s id="31">
    <time id="T31S" value="00:09:57,827" />
Help... help! 
  </s>
  <s id="32">
My moeder sterf!
    <time id="T31E" value="00:10:03,718" />
  </s>
  <s id="33">
    <time id="T32S" value="00:12:31,202" />
Doodsangs en waansin vervul die stad.
    <time id="T32E" value="00:12:38,388" />
  </s>
  <s id="34">
    <time id="T33S" value="00:12:51,448" />
Doen boete, vas, bid!
  </s>
  <s id="35">
Net geloof sal God beweeg!
    <time id="T33E" value="00:12:59,952" />
  </s>
  <s id="36">
    <time id="T34S" value="00:13:37,123" />
Respekteer die dooies!
    <time id="T34E" value="00:13:41,105" />
  </s>
  <s id="37">
    <time id="T35S" value="00:13:43,456" />
Ons weet nie wat voorlê nie, laat ons leef en geniet!
    <time id="T35E" value="00:13:52,345" />
  </s>
  <s id="38">
    <time id="T36S" value="00:13:58,626" />
Die gelowiges sal lewe!
  </s>
  <s id="39">
Maar die goddelose sal verpletter word!
    <time id="T36E" value="00:14:06,563" />
  </s>
  <s id="40">
    <time id="T37S" value="00:14:23,951" />
Die pes! 
  </s>
  <s id="41">
Die pes!
    <time id="T37E" value="00:14:26,324" />
  </s>
  <s id="42">
    <time id="T38S" value="00:15:22,488" />
Ontferm jou, Faust!
  </s>
  <s id="43">
Net jy kan ons nog red!
    <time id="T38E" value="00:15:29,235" />
  </s>
  <s id="44">
    <time id="T39S" value="00:15:30,670" />
Gaan weg! 
  </s>
  <s id="45">
Ons is verlore!
  </s>
  <s id="46">
Geloof is nutteloos.
    <time id="T39E" value="00:15:35,459" />
  </s>
  <s id="47">
    <time id="T40S" value="00:15:35,579" />
Kennis is nutteloos.
  </s>
  <s id="48">
Alles is leuens..
    <time id="T40E" value="00:15:40,389" />
  </s>
  <s id="49">
    <time id="T41S" value="00:16:25,199" />
Maar U, o God, is barmhartig en goed!
    <time id="T41E" value="00:16:30,233" />
  </s>
  <s id="50">
    <time id="T42S" value="00:17:01,206" />
Die drievoudige sleutel tot die mag van die hel se bose geeste.
    <time id="T42E" value="00:17:08,225" />
  </s>
  <s id="51">
    <time id="T43S" value="00:17:21,927" />
En as jy die mag van die prins van die Duisternis wil monster om jou te help..
    <time id="T43E" value="00:17:28,859" />
  </s>
  <s id="52">
    <time id="T44S" value="00:17:29,006" />
en jou alle mag en glorie te gee, gaan na 'n kruispad, en roep hom drie maal:
    <time id="T44E" value="00:17:37,139" />
  </s>
  <s id="53">
    <time id="T45S" value="00:19:08,776" />
Ek roep om hulp, Gees van Duisternis, verskyn!
    <time id="T45E" value="00:19:17,332" />
  </s>
  <s id="54">
    <time id="T46S" value="00:19:31,352" />
Verskyn, Bose Gees!
    <time id="T46E" value="00:19:34,790" />
  </s>
  <s id="55">
    <time id="T47S" value="00:19:53,107" />
Soos jy jouself noem met 'n bose naam:
    <time id="T47E" value="00:19:59,882" />
  </s>
  <s id="56">
    <time id="T48S" value="00:19:59,964" />
MEPHISTO, verskyn!
    <time id="T48E" value="00:20:02,509" />
  </s>
  <s id="57">
    <time id="T49S" value="00:22:08,205" />
Jy het my geroep!
    <time id="T49E" value="00:22:12,367" />
  </s>
  <s id="58">
    <time id="T50S" value="00:22:16,706" />
Hier is ek!
    <time id="T50E" value="00:22:19,306" />
  </s>
  <s id="59">
    <time id="T51S" value="00:22:44,766" />
Ek ontken God en sy hemelse lëerskare, en daarom sal aan my behoort..
    <time id="T51E" value="00:22:48,611" />
  </s>
  <s id="60">
    <time id="T52S" value="00:22:48,701" />
alle mag en heerlikheid op aarde.
    <time id="T52E" value="00:22:52,110" />
  </s>
  <s id="61">
    <time id="T53S" value="00:22:58,511" />
Wyk van my, Satan!
    <time id="T53E" value="00:23:02,379" />
  </s>
  <s id="62">
    <time id="T54S" value="00:23:27,744" />
Om net een dag sonder hierdie hulpeloosheid te wees!
    <time id="T54E" value="00:23:32,684" />
  </s>
  <s id="63">
    <time id="T55S" value="00:23:36,686" />
Een dag! 
  </s>
  <s id="64">
Probeer dit vir net een dag!
    <time id="T55E" value="00:23:42,770" />
  </s>
  <s id="65">
    <time id="T56S" value="00:23:50,120" />
Wanner die uurglas uitgeloop het..
    <time id="T56E" value="00:23:54,867" />
  </s>
  <s id="66">
    <time id="T57S" value="00:23:58,059" />
is jy vry om die kontrak te kanselleer!
  </s>
  <s id="67">
Teken!
    <time id="T57E" value="00:24:06,436" />
  </s>
  <s id="68">
    <time id="T58S" value="00:24:13,719" />
Glorie ... 
  </s>
  <s id="69">
Mag
    <time id="T58E" value="00:24:18,379" />
  </s>
  <s id="70">
    <time id="T59S" value="00:24:42,571" />
Kan jy die hongeres en siekes help?
    <time id="T59E" value="00:24:48,541" />
  </s>
  <s id="71">
    <time id="T60S" value="00:24:52,796" />
Wat jy wens sal vervul word: 
  </s>
  <s id="72">
Jy is die heer, ek jou kneg!
    <time id="T60E" value="00:25:03,559" />
  </s>
  <s id="73">
    <time id="T61S" value="00:25:28,887" />
'n Druppel bloed!
    <time id="T61E" value="00:25:32,505" />
  </s>
  <s id="74">
    <time id="T62S" value="00:25:51,824" />
Bloed is 'n besondere vog!
    <time id="T62E" value="00:25:59,936" />
  </s>
  <s id="75">
    <time id="T63S" value="00:26:04,235" />
Vir net een dag?
    <time id="T63E" value="00:26:08,318" />
  </s>
  <s id="76">
    <time id="T64S" value="00:26:10,872" />
Totdat die uurglas uitgeloop het!
    <time id="T64E" value="00:26:15,812" />
  </s>
  <s id="77">
    <time id="T65S" value="00:26:27,313" />
Faust! 
  </s>
  <s id="78">
Help ons!
    <time id="T65E" value="00:26:31,010" />
  </s>
  <s id="79">
    <time id="T66S" value="00:26:35,293" />
Ek sal julle help in die Duiwel se naam!
    <time id="T66E" value="00:26:40,360" />
  </s>
  <s id="80">
    <time id="T67S" value="00:27:30,711" />
'n Wonder! 
  </s>
  <s id="81">
'n Wonder!
    <time id="T67E" value="00:27:33,691" />
  </s>
  <s id="82">
    <time id="T68S" value="00:28:39,965" />
Ek wil altyd vir die Gekuisigde vir jou bid!
    <time id="T68E" value="00:28:47,498" />
  </s>
  <s id="83">
    <time id="T69S" value="00:28:58,852" />
Hy kan nie na die heilige kruis kyk nie!
    <time id="T69E" value="00:29:03,818" />
  </s>
  <s id="84">
    <time id="T70S" value="00:29:08,155" />
Hy is verbind aan die Duiwel!
  </s>
  <s id="85">
Stenig hom! 
  </s>
  <s id="86">
Stenig hom!
    <time id="T70E" value="00:29:15,708" />
  </s>
  <s id="87">
    <time id="T71S" value="00:30:14,361" />
Red my, doodsdrank!
    <time id="T71E" value="00:30:19,188" />
  </s>
  <s id="88">
    <time id="T72S" value="00:30:24,466" />
Jy kan my nie ontvlug nie! 
  </s>
  <s id="89">
Onthou ons kontrak: die dag is nog nie om nie.
    <time id="T72E" value="00:30:35,649" />
  </s>
  <s id="90">
    <time id="T73S" value="00:30:43,033" />
Die dood bevry alle mense!
    <time id="T73E" value="00:30:48,284" />
  </s>
  <s id="91">
    <time id="T74S" value="00:31:00,757" />
Is dit die Dood?
    <time id="T74E" value="00:31:05,597" />
  </s>
  <s id="92">
    <time id="T75S" value="00:31:07,414" />
Dit is die lewe, Faust, wat jou met jou jeugbeelde lok.
    <time id="T75E" value="00:31:14,501" />
  </s>
  <s id="93">
    <time id="T76S" value="00:31:30,511" />
Armsalige Faust, waarom soek jy die Dood? 
  </s>
  <s id="94">
Jy het nog nie gelewe nie!
    <time id="T76E" value="00:31:39,846" />
  </s>
  <s id="95">
    <time id="T77S" value="00:31:44,466" />
Ek verafsku die lewe!
    <time id="T77E" value="00:31:47,984" />
  </s>
  <s id="96">
    <time id="T78S" value="00:31:50,802" />
Jou lewe was net stof en skimmel van boeke. 
  </s>
  <s id="97">
Plesier is alles!
    <time id="T78E" value="00:31:58,539" />
  </s>
  <s id="98">
    <time id="T79S" value="00:32:00,988" />
Ek is te oud!
    <time id="T79E" value="00:32:03,547" />
  </s>
  <s id="99">
    <time id="T80S" value="00:32:15,023" />
Ek bied jou die grootste geluk: jeug!
  </s>
  <s id="100">
Gryp dit!
    <time id="T80E" value="00:32:23,844" />
  </s>
  <s id="101">
    <time id="T81S" value="00:32:32,466" />
Gee my jonkheid!
    <time id="T81E" value="00:32:36,155" />
  </s>
  <s id="102">
    <time id="T82S" value="00:33:53,549" />
Ons het die oue gevang!
    <time id="T82E" value="00:33:56,633" />
  </s>
  <s id="103">
    <time id="T83S" value="00:35:00,717" />
Neem my na haar!
    <time id="T83E" value="00:35:04,440" />
  </s>
  <s id="104">
    <time id="T84S" value="00:35:09,339" />
Staan op my mantel..
    <time id="T84E" value="00:35:12,823" />
  </s>
  <s id="105">
    <time id="T85S" value="00:35:13,910" />
... en die aarde sal om jou draai!
    <time id="T85E" value="00:35:18,477" />
  </s>
  <s id="106">
    <time id="T86S" value="00:37:58,723" />
Die bruilof van die Hertogin van Parma:
  </s>
  <s id="107">
die mooiste Italiaanse vrou!
    <time id="T86E" value="00:38:08,296" />
  </s>
  <s id="108">
    <time id="T87S" value="00:38:46,843" />
Vreemde gaste!
    <time id="T87E" value="00:38:49,322" />
  </s>
  <s id="109">
    <time id="T88S" value="00:39:16,678" />
Om aan die skoonheid hulde te bring, bring my heer skatte van sy ryk!
    <time id="T88E" value="00:39:27,415" />
  </s>
  <s id="110">
    <time id="T89S" value="00:43:05,069" />
Die dag is verby! 
  </s>
  <s id="111">
Die sand het uitgeloop!
  </s>
  <s id="112">
Wees nou soos tevore!
    <time id="T89E" value="00:43:14,924" />
  </s>
  <s id="113">
    <time id="T90S" value="00:43:32,257" />
Die jeug... 
  </s>
  <s id="114">
Los vir my die jeug!
    <time id="T90E" value="00:43:36,625" />
  </s>
  <s id="115">
    <time id="T91S" value="00:43:39,194" />
Aan my verbind vir ewig?
    <time id="T91E" value="00:43:43,278" />
  </s>
  <s id="116">
    <time id="T92S" value="00:44:37,179" />
Jy het voluit geleef, Faust! 
  </s>
  <s id="117">
Elke genot beproef, en niks bevredig jou nie!
    <time id="T92E" value="00:44:54,574" />
  </s>
  <s id="118">
    <time id="T93S" value="00:44:59,595" />
Wat soek jy, 'n vrou, spel, 'n orgie?
  </s>
  <s id="119">
Ek moet elke wens van jou vervul!
    <time id="T93E" value="00:45:12,861" />
  </s>
  <s id="120">
    <time id="T94S" value="00:45:16,197" />
Soek jy die Keiser se kroon?
    <time id="T94E" value="00:45:19,801" />
  </s>
  <s id="121">
    <time id="T95S" value="00:45:55,255" />
Huis!
    <time id="T95E" value="00:45:58,060" />
  </s>
  <s id="122">
    <time id="T96S" value="00:46:10,453" />
Neem my onmiddelik huistoe!
    <time id="T96E" value="00:46:15,493" />
  </s>
  <s id="123">
    <time id="T97S" value="00:46:36,237" />
Is daar vandag 'n fees in jou stad?
    <time id="T97E" value="00:46:41,404" />
  </s>
  <s id="124">
    <time id="T98S" value="00:46:45,781" />
Is jy 'n heiden dat jy nie gehoor het van die Paasfees nie?
    <time id="T98E" value="00:46:55,556" />
  </s>
  <s id="125">
    <time id="T99S" value="00:47:58,964" />
Dis asof alles stilgestaan het:
  </s>
  <s id="126">
Alles is soos dit was!
    <time id="T99E" value="00:48:09,264" />
  </s>
  <s id="127">
    <time id="T100S" value="00:48:54,102" />
'n Onskuldige meisie op pad na die diens Sy is nie vir jou nie!
    <time id="T100E" value="00:49:02,553" />
  </s>
  <s id="128">
    <time id="T101S" value="00:49:50,363" />
Loof die Heer, die Almagtige.
    <time id="T101E" value="00:49:59,134" />
  </s>
  <s id="129">
    <time id="T102S" value="00:50:41,370" />
Vakansie, Moeder!
    <time id="T102E" value="00:50:44,130" />
  </s>
  <s id="130">
    <time id="T103S" value="00:52:12,037" />
Ek ken hier meer gewillige meisies!
    <time id="T103E" value="00:52:16,839" />
  </s>
  <s id="131">
    <time id="T104S" value="00:52:18,814" />
Ek wil net vir haar hê.
  </s>
  <s id="132">
Jy doen wat ek beveel!
    <time id="T104E" value="00:52:25,065" />
  </s>
  <s id="133">
    <time id="T105S" value="00:53:50,583" />
Broer Valentin!
    <time id="T105E" value="00:53:54,728" />
  </s>
  <s id="134">
    <time id="T106S" value="00:54:30,704" />
As sy eers die goue ketting in die huis het, sal sy die duiwel se krag ervaar!
    <time id="T106E" value="00:54:40,559" />
  </s>
  <s id="135">
    <time id="T107S" value="00:56:45,481" />
Goeie genade, hoe mooi is jy nie!
    <time id="T107E" value="00:56:49,450" />
  </s>
  <s id="136">
    <time id="T108S" value="00:56:51,176" />
Het jy al vryers?
    <time id="T108E" value="00:56:55,144" />
  </s>
  <s id="137">
    <time id="T109S" value="00:58:05,923" />
Wat het jy, kind?
    <time id="T109E" value="00:58:08,967" />
  </s>
  <s id="138">
    <time id="T110S" value="00:58:29,502" />
Vertel aan haar, as jy nie vir my kan vertel nie!
    <time id="T110E" value="00:58:37,679" />
  </s>
  <s id="139">
    <time id="T111S" value="01:00:08,269" />
Mag ek na Tante Marthe gaan?
    <time id="T111E" value="01:00:13,275" />
  </s>
  <s id="140">
    <time id="T112S" value="01:00:16,369" />
Frau Marthe Schwerdtlein
    <time id="T112E" value="01:00:19,973" />
  </s>
  <s id="141">
    <time id="T113S" value="01:00:35,016" />
Drie druppels van die liefdesdrank, laat alle vroueharte bons vir jou!
    <time id="T113E" value="01:00:47,083" />
  </s>
  <s id="142">
    <time id="T114S" value="01:02:12,179" />
Kyk, Tant Marthe wat ek in my laai kry..
    <time id="T114E" value="01:02:18,349" />
  </s>
  <s id="143">
    <time id="T115S" value="01:02:24,449" />
'n Groot skat!
  </s>
  <s id="144">
Is jy seker?
    <time id="T115E" value="01:02:28,168" />
  </s>
  <s id="145">
    <time id="T116S" value="01:02:33,271" />
Ek kry dit in my laai!
    <time id="T116E" value="01:02:36,157" />
  </s>
  <s id="146">
    <time id="T117S" value="01:02:59,016" />
Laat my dit net eenmaal aanpas!
    <time id="T117E" value="01:03:05,220" />
  </s>
  <s id="147">
    <time id="T118S" value="01:03:46,013" />
'n Ruikertjie vir die bruidegom, 'n kransie vir die bruid!
    <time id="T118E" value="01:03:52,138" />
  </s>
  <s id="148">
    <time id="T119S" value="01:05:23,217" />
Verskoon, skone dame, ek soek Frau Marthe Schwerdtlein!
    <time id="T119E" value="01:05:29,341" />
  </s>
  <s id="149">
    <time id="T120S" value="01:06:07,247" />
Van jou neef in Lombardië..!
    <time id="T120E" value="01:06:13,941" />
  </s>
  <s id="150">
    <time id="T121S" value="01:06:24,770" />
Hy gee my hierdie ketting as geskenk vir u!
    <time id="T121E" value="01:06:31,055" />
  </s>
  <s id="151">
    <time id="T122S" value="01:08:09,553" />
Wie ons insluit in die ring, sal geliefdes word..!
    <time id="T122E" value="01:08:17,080" />
  </s>
  <s id="152">
    <time id="T123S" value="01:08:20,861" />
Een twee drie, vry is jy!
    <time id="T123E" value="01:08:26,073" />
  </s>
  <s id="153">
    <time id="T124S" value="01:08:50,535" />
Verskoon, maar my maag is te swak vir so 'n vurige drank!
    <time id="T124E" value="01:08:53,454" />
  </s>
  <s id="154">
    <time id="T125S" value="01:08:57,673" />
Verskoon dat ek vir myself 'n drankie meng wat ek in Padua geleer het!
    <time id="T125E" value="01:09:07,893" />
  </s>
  <s id="155">
    <time id="T126S" value="01:11:33,623" />
My vriend, 'n prins van edelste bloed!
    <time id="T126E" value="01:11:40,078" />
  </s>
  <s id="156">
    <time id="T127S" value="01:13:09,784" />
Hy bemin my..
    <time id="T127E" value="01:13:12,304" />
  </s>
  <s id="157">
    <time id="T128S" value="01:13:13,272" />
..bemin my nie..
    <time id="T128E" value="01:13:15,873" />
  </s>
  <s id="158">
    <time id="T129S" value="01:13:22,977" />
..bemin my..
    <time id="T129E" value="01:13:25,132" />
  </s>
  <s id="159">
    <time id="T130S" value="01:13:28,430" />
Ja, hy bemin jou van ganser harte!
    <time id="T130E" value="01:13:33,723" />
  </s>
  <s id="160">
    <time id="T131S" value="01:14:12,260" />
Sy bemin my..
    <time id="T131E" value="01:14:15,385" />
  </s>
  <s id="161">
    <time id="T132S" value="01:14:18,556" />
Sy bemin my nie.
    <time id="T132E" value="01:14:21,235" />
  </s>
  <s id="162">
    <time id="T133S" value="01:14:23,087" />
Sy bemin jou!
    <time id="T133E" value="01:14:25,527" />
  </s>
  <s id="163">
    <time id="T134S" value="01:14:52,320" />
Ek is joune vir ewig!
    <time id="T134E" value="01:14:55,320" />
  </s>
  <s id="164">
    <time id="T135S" value="01:15:47,458" />
Hy bemin my!
    <time id="T135E" value="01:15:50,025" />
  </s>
  <s id="165">
    <time id="T136S" value="01:17:09,584" />
Waarvoor wag jy?
  </s>
  <s id="166">
Jou geliefde verlig self die pad vir jou!
    <time id="T136E" value="01:17:18,355" />
  </s>
  <s id="167">
    <time id="T137S" value="01:17:20,050" />
Vervloekte koppelaar!
    <time id="T137E" value="01:17:22,935" />
  </s>
  <s id="168">
    <time id="T138S" value="01:17:26,386" />
Ek sal die broer uit die pad hou!
    <time id="T138E" value="01:17:30,389" />
  </s>
  <s id="169">
    <time id="T139S" value="01:19:10,526" />
Aan die stad se mooiste meisie!
    <time id="T139E" value="01:19:16,777" />
  </s>
  <s id="170">
    <time id="T140S" value="01:19:18,626" />
Geen meise is soos jou suster:
  </s>
  <s id="171">
lank lewe Gretchen!
    <time id="T140E" value="01:19:27,317" />
  </s>
  <s id="172">
    <time id="T141S" value="01:19:34,747" />
'n Mooi meisie is nie getrou nie!
    <time id="T141E" value="01:19:38,590" />
  </s>
  <s id="173">
    <time id="T142S" value="01:19:40,401" />
Op Gretchen!
    <time id="T142E" value="01:19:43,161" />
  </s>
  <s id="174">
    <time id="T143S" value="01:19:46,015" />
Op jou Gretchen!
    <time id="T143E" value="01:19:49,859" />
  </s>
  <s id="175">
    <time id="T144S" value="01:19:54,075" />
Maak gou, voor haar minnaar uit haar kamer uitsluip.
    <time id="T144E" value="01:20:02,812" />
  </s>
  <s id="176">
    <time id="T145S" value="01:23:09,684" />
Vlug, jy het hom vermoor!
    <time id="T145E" value="01:23:14,725" />
  </s>
  <s id="177">
    <time id="T146S" value="01:23:23,078" />
Moord!
    <time id="T146E" value="01:23:24,275" />
  </s>
  <s id="178">
    <time id="T147S" value="01:23:31,018" />
Moord... moord!
    <time id="T147E" value="01:23:33,538" />
  </s>
  <s id="179">
    <time id="T148S" value="01:23:48,662" />
Moord... 
  </s>
  <s id="180">
Moord... 
  </s>
  <s id="181">
Moord!
    <time id="T148E" value="01:23:53,509" />
  </s>
  <s id="182">
    <time id="T149S" value="01:24:05,103" />
Vlug, hulle soek alreeds na die moordenaar!
    <time id="T149E" value="01:24:11,308" />
  </s>
  <s id="183">
    <time id="T150S" value="01:24:38,587" />
Moet my nie aanraak nie, slet, jou minnaar het my vermoor!
    <time id="T150E" value="01:24:46,034" />
  </s>
  <s id="184">
    <time id="T151S" value="01:24:55,309" />
Lees eers die dodemis vir my!
  </s>
  <s id="185">
Dan skandpaal toe met die slet!
    <time id="T151E" value="01:25:03,920" />
  </s>
  <s id="186">
    <time id="T152S" value="01:25:18,727" />
Gretchen... 
  </s>
  <s id="187">
Gretchen!
    <time id="T152E" value="01:25:22,411" />
  </s>
  <s id="188">
    <time id="T153S" value="01:25:51,329" />
Alles bewe wanneer die dode opstaan om te antwoord voor hulle Here.
    <time id="T153E" value="01:26:03,750" />
  </s>
  <s id="189">
    <time id="T154S" value="01:26:12,863" />
As die regters plek ingeneem het, baat dit nie meer om te verberg nie.
    <time id="T154E" value="01:26:21,634" />
  </s>
  <s id="190">
    <time id="T155S" value="01:26:23,529" />
Alles moet aan die lig kom.
    <time id="T155E" value="01:26:27,373" />
  </s>
  <s id="191">
    <time id="T156S" value="01:30:06,848" />
Moeder! 
  </s>
  <s id="192">
Moeder!
    <time id="T156E" value="01:30:10,247" />
  </s>
  <s id="193">
    <time id="T157S" value="01:30:38,808" />
En 'n kindjie is in die koue winter gebore.
    <time id="T157E" value="01:30:46,461" />
  </s>
  <s id="194">
    <time id="T158S" value="01:33:04,813" />
Erbarm u oor my kind!
    <time id="T158E" value="01:33:09,775" />
  </s>
  <s id="195">
    <time id="T159S" value="01:33:14,558" />
Is jy dan nie Gretchen, wat aan die skandpaal was nie?
    <time id="T159E" value="01:33:19,690" />
  </s>
  <s id="196">
    <time id="T160S" value="01:33:50,087" />
Genade, genade! 
  </s>
  <s id="197">
My kind sterf!
    <time id="T160E" value="01:33:55,127" />
  </s>
  <s id="198">
    <time id="T161S" value="01:36:23,270" />
Sy het haar kind vermoor!
  </s>
  <s id="199">
Gryp haar, die moordenares!
    <time id="T161E" value="01:36:31,288" />
  </s>
  <s id="200">
    <time id="T162S" value="01:36:35,340" />
Faust... 
  </s>
  <s id="201">
Faust... help jou Gretchen!
    <time id="T162E" value="01:36:40,552" />
  </s>
  <s id="202">
    <time id="T163S" value="01:36:54,067" />
Mephisto!
    <time id="T163E" value="01:36:56,712" />
  </s>
  <s id="203">
    <time id="T164S" value="01:36:59,801" />
Jy het my bedrieg!
  </s>
  <s id="204">
Sy ly! 
  </s>
  <s id="205">
...
  </s>
  <s id="206">
Sy ly!
    <time id="T164E" value="01:37:06,006" />
  </s>
  <s id="207">
    <time id="T165S" value="01:37:11,350" />
Brandstapel toe met die kindermoordenares!
    <time id="T165E" value="01:37:17,395" />
  </s>
  <s id="208">
    <time id="T166S" value="01:37:27,992" />
Red haar, red Gretchen!
    <time id="T166E" value="01:37:32,280" />
  </s>
  <s id="209">
    <time id="T167S" value="01:37:34,368" />
Te laat! 
  </s>
  <s id="210">
Hulle bou al haar brandstapel!
    <time id="T167E" value="01:37:42,101" />
  </s>
  <s id="211">
    <time id="T168S" value="01:37:43,711" />
Jy is steeds my dienaar! 
  </s>
  <s id="212">
Bring my na haar, of ons kontrak is nietig!
    <time id="T168E" value="01:37:52,528" />
  </s>
  <s id="213">
    <time id="T169S" value="01:37:55,420" />
My mantel wag!
  </s>
  <s id="214">
Gou, voor die môre breek!
    <time id="T169E" value="01:38:03,358" />
  </s>
  <s id="215">
    <time id="T170S" value="01:40:32,934" />
Vinniger! 
  </s>
  <s id="216">
Vinniger!
    <time id="T170E" value="01:40:36,823" />
  </s>
  <s id="217">
    <time id="T171S" value="01:41:12,914" />
Ek moes nie begeer het wat sulke onheil bring! 
  </s>
  <s id="218">
Vervloek is die waan van jeug.
    <time id="T171E" value="01:41:27,582" />
  </s>
  <s id="219">
    <time id="T172S" value="01:41:45,837" />
Jy het nou self die jeug vervloek!
  </s>
  <s id="220">
En ek moet jou wens vervul!
    <time id="T172E" value="01:41:58,417" />
  </s>
  <s id="221">
    <time id="T173S" value="01:42:38,087" />
Wees dan nou weer 'n ou man!
    <time id="T173E" value="01:42:44,657" />
  </s>
  <s id="222">
    <time id="T174S" value="01:42:58,057" />
Vergewe my my skuld!
    <time id="T174E" value="01:43:03,269" />
  </s>
  <s id="223">
    <time id="T175S" value="01:43:49,867" />
Gretchen!
    <time id="T175E" value="01:43:51,509" />
  </s>
  <s id="224">
    <time id="T176S" value="01:45:02,609" />
Hier is nie plek vir jou nie!
    <time id="T176E" value="01:45:06,498" />
  </s>
  <s id="225">
    <time id="T177S" value="01:45:08,744" />
My kontrak is geldig!
    <time id="T177E" value="01:45:12,588" />
  </s>
  <s id="226">
    <time id="T178S" value="01:45:15,441" />
Een woord maak jou kontrak nietig!
    <time id="T178E" value="01:45:20,402" />
  </s>
  <s id="227">
    <time id="T179S" value="01:45:22,699" />
Watter woord?
    <time id="T179E" value="01:45:25,858" />
  </s>
  <s id="228">
    <time id="T180S" value="01:45:27,000" />
Die woord wat jubelend deur die skepping skal, wat elke smart en kommer stilmaak, wat alle menseskuld verskoon, Die ewige woord .
    <time id="T182E" value="01:45:52,404" />
  </s>
  <s id="229">
    <time id="T183S" value="01:45:52,654" />
Watter woord?
    <time id="T183E" value="01:45:55,893" />
  </s>
  <s id="230">
    <time id="T184S" value="01:46:03,000" />
Liefde!
    <time id="T184E" value="01:46:07,961" />
  </s>
  <meta>
    <conversion>
      <tokens>1590</tokens>
      <encoding>utf-8</encoding>
      <corrected_words>0</corrected_words>
      <truecased_words>0</truecased_words>
      <unknown_words>0</unknown_words>
      <sentences>230</sentences>
      <ignored_blocks>0</ignored_blocks>
    </conversion>
    <subtitle>
      <machine_translated>0</machine_translated>
      <date>2014-08-31</date>
      <language>Afrikaans</language>
      <confidence>1.0</confidence>
      <duration>01:46:07,961</duration>
      <blocks>184</blocks>
      <version>1</version>
      <rating>3.0</rating>
    </subtitle>
    <source>
      <duration>85</duration>
      <genre>Drama,Fantasy,Horror</genre>
      <country>Germany</country>
      <year>1926</year>
      <HD>0</HD>
      <cds>1/1</cds>
      <original>German</original>
    </source>
  </meta>
</document>
