<?xml version="1.0" encoding="utf-8"?>
<document id="5317382">
  <s id="1">
    <time id="T1S" value="00:00:01,026" />
NCIS.S11E02.720p.WEB-DL.DD5.1.H.264-CtrlHD Vroeër in NCIS.
    <time id="T1E" value="00:00:04,898" />
  </s>
  <s id="2">
    <time id="T2S" value="00:00:05,124" />
Die sekretaris van die navy is dood, kaptein.
    <time id="T2E" value="00:00:07,978" />
  </s>
  <s id="3">
    <time id="T3S" value="00:00:08,028" />
Ek het geweet dat na Jarvis, jy die volgende was.
    <time id="T3E" value="00:00:10,235" />
  </s>
  <s id="4">
    <time id="T4S" value="00:00:10,285" />
Jy loop gevaar, Gibbs.
    <time id="T4E" value="00:00:11,921" />
  </s>
  <s id="5">
    <time id="T5S" value="00:00:13,154" />
Ek is gebel, om agent Gibbs na Iran te stuur.
    <time id="T5E" value="00:00:15,616" />
  </s>
  <s id="6">
    <time id="T6S" value="00:00:15,666" />
Kaptein Wayne, wie betaal jou?
  </s>
  <s id="7">
- Dat weet ek nie.
    <time id="T6E" value="00:00:18,109" />
  </s>
  <s id="8">
    <time id="T7S" value="00:00:18,209" />
Parsa rig 'n nuwe skrik sel op.
  </s>
  <s id="9">
- Wie is hul volgende teiken?
    <time id="T7E" value="00:00:21,127" />
  </s>
  <s id="10">
    <time id="T8S" value="00:00:21,177" />
Ziva David.
  </s>
  <s id="11">
- As Ziva in die probleme sit, kan die penning van pas kom.
  </s>
  <s id="12">
- As jy dit haar kan besorg, speel ek mee.
    <time id="T9E" value="00:00:27,286" />
  </s>
  <s id="13">
    <time id="T10S" value="00:00:27,336" />
Jy wil dat ek 'n ex Mossad agent vind, wat opgelei is om te verdwyn?
    <time id="T10E" value="00:00:31,245" />
  </s>
  <s id="14">
    <time id="T11S" value="00:00:31,295" />
Beslis.
  </s>
  <s id="15">
- Ziva was hier.
    <time id="T11E" value="00:00:33,295" />
  </s>
  <s id="16">
    <time id="T12S" value="00:00:33,345" />
Hoe weet jy dat die Ziva was?
  </s>
  <s id="17">
- Omdat sy het ons vertel.
    <time id="T12E" value="00:00:36,194" />
  </s>
  <s id="18">
    <time id="T13S" value="00:00:38,677" />
Praat met my, Ziva.
    <time id="T13E" value="00:00:41,089" />
  </s>
  <s id="19">
    <time id="T14S" value="00:00:41,139" />
Waar is jy?
    <time id="T14E" value="00:00:43,457" />
  </s>
  <s id="20">
    <time id="T15S" value="00:00:45,189" />
die einde van Mei
    <time id="T15E" value="00:00:47,867" />
  </s>
  <s id="21">
    <time id="T16S" value="00:00:57,655" />
Ziva.
    <time id="T16E" value="00:00:59,480" />
  </s>
  <s id="22">
    <time id="T17S" value="00:01:00,174" />
Moenie bekommerd wees nie.
  </s>
  <s id="23">
Dit kom goed met ons.
    <time id="T17E" value="00:01:03,953" />
  </s>
  <s id="24">
    <time id="T18S" value="00:01:05,158" />
Gaan dit?
    <time id="T18E" value="00:01:07,492" />
  </s>
  <s id="25">
    <time id="T19S" value="00:01:08,528" />
Wil jy daaruit?
    <time id="T19E" value="00:01:10,866" />
  </s>
  <s id="26">
    <time id="T20S" value="00:01:13,035" />
Nee.
  </s>
  <s id="27">
Nee, dit is prima, dankie.
    <time id="T20E" value="00:01:15,954" />
  </s>
  <s id="28">
    <time id="T21S" value="00:01:19,303" />
NCIS Seisoen 11 
  </s>
  <s id="29">
- Episode 2 Past, Present and Future
    <time id="T21E" value="00:01:24,465" />
  </s>
  <s id="30">
    <time id="T22S" value="00:01:45,268" />
Vertaling en sync deur: 
  </s>
  <s id="31">
Rie van die Buggy 's
    <time id="T22E" value="00:01:49,176" />
  </s>
  <s id="32">
    <time id="T23S" value="00:01:56,454" />
Agent DiNozzo.
  </s>
  <s id="33">
As jy met ons wil meekomen, asseblief.
    <time id="T23E" value="00:02:00,184" />
  </s>
  <s id="34">
    <time id="T24S" value="00:02:02,021" />
Verkoop julle timesharing?
    <time id="T24E" value="00:02:04,003" />
  </s>
  <s id="35">
    <time id="T25S" value="00:02:04,909" />
Mossad, stap in.
    <time id="T25E" value="00:02:07,729" />
  </s>
  <s id="36">
    <time id="T26S" value="00:02:08,954" />
Ons het inligting, wat die moeite werd vir jou is.
    <time id="T26E" value="00:02:12,466" />
  </s>
  <s id="37">
    <time id="T27S" value="00:02:20,958" />
Agent DiNozzo, welkom terug in Israel.
    <time id="T27E" value="00:02:24,143" />
  </s>
  <s id="38">
    <time id="T28S" value="00:02:24,243" />
Dankie, direkteur.
  </s>
  <s id="39">
- Hallo, Tony.
    <time id="T28E" value="00:02:27,157" />
  </s>
  <s id="40">
    <time id="T29S" value="00:02:29,271" />
Adam, het jy die groot stap gestel van Shin Bet na Mossad?
    <time id="T29E" value="00:02:32,442" />
  </s>
  <s id="41">
    <time id="T30S" value="00:02:32,492" />
Of is jy hier enkel om hallo te sê?
  </s>
  <s id="42">
- Jy weet waarom ek hier is.
    <time id="T30E" value="00:02:35,219" />
  </s>
  <s id="43">
    <time id="T31S" value="00:02:35,269" />
Is dit so?
    <time id="T31E" value="00:02:36,961" />
  </s>
  <s id="44">
    <time id="T32S" value="00:02:37,011" />
Wees gerus, agent DiNozzo, ons het net 'n doel.
    <time id="T32E" value="00:02:41,030" />
  </s>
  <s id="45">
    <time id="T33S" value="00:02:41,130" />
En dat is?
  </s>
  <s id="46">
- Ziva David vind.
    <time id="T33E" value="00:02:44,531" />
  </s>
  <s id="47">
    <time id="T34S" value="00:02:46,681" />
Agente.
  </s>
  <s id="48">
Kom binne, asseblief.
    <time id="T34E" value="00:02:49,095" />
  </s>
  <s id="49">
    <time id="T35S" value="00:02:49,295" />
Sekretaris Sarah Porter, ek wil dat u ons eigenste spesiale agent Leroy Gibbs ontmoet.
    <time id="T35E" value="00:02:54,257" />
  </s>
  <s id="50">
    <time id="T36S" value="00:02:54,457" />
Gibbs.
    <time id="T36E" value="00:02:56,716" />
  </s>
  <s id="51">
    <time id="T37S" value="00:02:57,016" />
Die naam ken ek.
    <time id="T37E" value="00:02:58,636" />
  </s>
  <s id="52">
    <time id="T38S" value="00:02:58,736" />
En FBI agent Tobias Fornell.
  </s>
  <s id="53">
- Mev die sekretaris.
    <time id="T38E" value="00:03:01,775" />
  </s>
  <s id="54">
    <time id="T39S" value="00:03:01,825" />
Ek moet nog gewoond raak aan die titel.
    <time id="T39E" value="00:03:03,415" />
  </s>
  <s id="55">
    <time id="T40S" value="00:03:03,465" />
Hierdie aanstelling is, op sy minste te sê, bittersoet.
    <time id="T40E" value="00:03:06,260" />
  </s>
  <s id="56">
    <time id="T41S" value="00:03:06,310" />
Clayton Jarvis was 'n vriend.
  </s>
  <s id="57">
- Ook vir ons, mev.
    <time id="T41E" value="00:03:09,086" />
  </s>
  <s id="58">
    <time id="T42S" value="00:03:09,486" />
Laat die formaliteite dan maar en bring my op die hoogte oor die skrik sel, "Brotherhood of Doubt".
    <time id="T43E" value="00:03:14,763" />
  </s>
  <s id="59">
    <time id="T44S" value="00:03:14,813" />
Dit klink seker dreigend.
    <time id="T44E" value="00:03:16,546" />
  </s>
  <s id="60">
    <time id="T45S" value="00:03:16,596" />
Uit die bewyse van die skuiling in Arizona, kon ons geen lede vind.
  </s>
  <s id="61">
- FBI, binnelandse veiligheid, die staatspolisie, staan almal op skerp.
  </s>
  <s id="62">
- En hulle veronderstel leier?
    <time id="T47E" value="00:03:24,891" />
  </s>
  <s id="63">
    <time id="T48S" value="00:03:25,909" />
Sy naam is Benham Parsa, Pakistani nasionaliteit.
    <time id="T48E" value="00:03:28,998" />
  </s>
  <s id="64">
    <time id="T49S" value="00:03:29,098" />
Hy is onvindbaar, net soos die res.
  </s>
  <s id="65">
- Maar hierdie man, Tomas Mendez, sit in die bestuur van 'n Amerikaanse anti-terreur organisasie die "The Brotherhood" met Parsa kan koppel.
  </s>
  <s id="66">
- Die foto van Mendez, is vasgesteek gevind in hul keet.
  </s>
  <s id="67">
- Hy is waarskynlik hul volgende teiken.
    <time id="T52E" value="00:03:43,516" />
  </s>
  <s id="68">
    <time id="T53S" value="00:03:43,566" />
Kan ons hom beskerm?
    <time id="T53E" value="00:03:44,588" />
  </s>
  <s id="69">
    <time id="T54S" value="00:03:44,638" />
Ons het Mendez in 'n hotel gehou afgelope nag.
    <time id="T54E" value="00:03:46,446" />
  </s>
  <s id="70">
    <time id="T55S" value="00:03:46,496" />
Ek bring hom na 'n skuil adres, sodra ons hier klaar is.
    <time id="T55E" value="00:03:49,300" />
  </s>
  <s id="71">
    <time id="T56S" value="00:03:49,350" />
Dan wil ek u nie ophou nie.
    <time id="T56E" value="00:03:51,362" />
  </s>
  <s id="72">
    <time id="T57S" value="00:03:51,962" />
Menere, soos jy dalk weet, ek is geen militêre.
    <time id="T57E" value="00:03:54,594" />
  </s>
  <s id="73">
    <time id="T58S" value="00:03:55,202" />
Ek kom uit die sakewêreld.
    <time id="T58E" value="00:03:56,742" />
  </s>
  <s id="74">
    <time id="T59S" value="00:03:56,792" />
Die eerste saak wat die President me opdroeg is die voorkoming van verdere aanvalle.
    <time id="T59E" value="00:04:01,609" />
  </s>
  <s id="75">
    <time id="T60S" value="00:04:01,709" />
Die tweede is, die oortreders vinnig voor die hof te bring, met alle moontlike middele.
    <time id="T61E" value="00:04:08,168" />
  </s>
  <s id="76">
    <time id="T62S" value="00:04:09,719" />
Die vensters was geplaas op versoek van my voorganger.
    <time id="T62E" value="00:04:13,641" />
  </s>
  <s id="77">
    <time id="T63S" value="00:04:13,691" />
Hy het geglo dat met lig, klaarheid kom.
    <time id="T63E" value="00:04:16,567" />
  </s>
  <s id="78">
    <time id="T64S" value="00:04:16,617" />
Verskoon, direkteur, hoe ek ook geniet van abstrakte David familie praat, waarom vertel jy my nie wat jy weet?
    <time id="T65E" value="00:04:25,734" />
  </s>
  <s id="79">
    <time id="T66S" value="00:04:25,784" />
Wanneer was jou laaste gesprek met Ziva?
  </s>
  <s id="80">
- Sy is geen Mossad meer.
    <time id="T66E" value="00:04:30,029" />
  </s>
  <s id="81">
    <time id="T67S" value="00:04:30,129" />
Hoekom soek jy haar?
  </s>
  <s id="82">
- Dieselfde rede as jy.
    <time id="T67E" value="00:04:33,117" />
  </s>
  <s id="83">
    <time id="T68S" value="00:04:33,167" />
Daar twyfel ek aan.
  </s>
  <s id="84">
- Goed, gee ek toe.
    <time id="T68E" value="00:04:36,136" />
  </s>
  <s id="85">
    <time id="T69S" value="00:04:37,073" />
Eli sou wil, dat ek vir haar veiligheid sou verseker.
    <time id="T69E" value="00:04:41,247" />
  </s>
  <s id="86">
    <time id="T70S" value="00:04:44,388" />
Shin Bet geïdentifiseer die drie dooie mans, gevind op die David onderduikadres.
    <time id="T70E" value="00:04:48,725" />
  </s>
  <s id="87">
    <time id="T71S" value="00:04:48,775" />
Gewone misdadigers, geen politieke bande.
  </s>
  <s id="88">
- Hitmen.
    <time id="T71E" value="00:04:52,930" />
  </s>
  <s id="89">
    <time id="T72S" value="00:04:53,130" />
Vermoedelik betaal deur dieselfde mense wat jou en agent Gibbs probeer dood te maak.
    <time id="T72E" value="00:04:58,144" />
  </s>
  <s id="90">
    <time id="T73S" value="00:05:00,151" />
Bind my hande nie met jou wantroue.
    <time id="T73E" value="00:05:04,079" />
  </s>
  <s id="91">
    <time id="T74S" value="00:05:04,279" />
Wanneer was jou laaste kommunikasie met Ziva?
    <time id="T74E" value="00:05:08,282" />
  </s>
  <s id="92">
    <time id="T75S" value="00:05:09,599" />
Twee nagte gelede.
  </s>
  <s id="93">
sy het dit gestuur.
    <time id="T75E" value="00:05:13,381" />
  </s>
  <s id="94">
    <time id="T76S" value="00:05:14,413" />
Die arme, misleide Ari.
  </s>
  <s id="95">
- Geen boodskap, niks sedertdien.
    <time id="T76E" value="00:05:18,414" />
  </s>
  <s id="96">
    <time id="T77S" value="00:05:18,464" />
Jy is bekommerd dat sy dood is?
    <time id="T77E" value="00:05:21,257" />
  </s>
  <s id="97">
    <time id="T78S" value="00:05:22,233" />
Tony, dit is 'n kibboets, waar Ziva en haar broer gesit toe hulle kind was.
    <time id="T79E" value="00:05:27,590" />
  </s>
  <s id="98">
    <time id="T80S" value="00:05:27,640" />
Gister, het 'n onderwyser, 'n vrou gesien wat voldoen aan die beskrywing van Ziva.
    <time id="T80E" value="00:05:32,350" />
  </s>
  <s id="99">
    <time id="T81S" value="00:05:32,400" />
Die vrou begrawe dit in een van die tuine.
    <time id="T81E" value="00:05:35,642" />
  </s>
  <s id="100">
    <time id="T82S" value="00:05:35,692" />
Dan is sy gevlug.
  </s>
  <s id="101">
- Ek sal perdry en Amerika besoek.
    <time id="T82E" value="00:05:40,539" />
  </s>
  <s id="102">
    <time id="T83S" value="00:05:42,691" />
Het sy dit as kind geskryf?
  </s>
  <s id="103">
- Die handskrif is van Ziva, ja.
    <time id="T83E" value="00:05:46,729" />
  </s>
  <s id="104">
    <time id="T84S" value="00:05:46,829" />
Maar op die basis van die ink versadiging, was die " X"
    <time id="T84E" value="00:05:49,341" />
  </s>
  <s id="105">
    <time id="T85S" value="00:05:49,391" />
en die laaste sin, vry recent bygevoeg.
  </s>
  <s id="106">
- " Stop dit vir hom".
    <time id="T85E" value="00:05:53,696" />
  </s>
  <s id="107">
    <time id="T86S" value="00:05:53,746" />
Wat beteken dit? 
  </s>
  <s id="108">
Wat stop?
  </s>
  <s id="109">
- Dat ons vra ons ook af.
    <time id="T86E" value="00:05:58,031" />
  </s>
  <s id="110">
    <time id="T87S" value="00:06:07,704" />
Dus, wat doen ons hier?
  </s>
  <s id="111">
- Die direkteur het gesê dat ons...
    <time id="T87E" value="00:06:10,542" />
  </s>
  <s id="112">
    <time id="T88S" value="00:06:10,577" />
Ja, die direkteur het gesê om dit te beheer.
    <time id="T88E" value="00:06:12,214" />
  </s>
  <s id="113">
    <time id="T89S" value="00:06:12,264" />
Sy laat me van links na regs loop sedert ek van die vliegtuig kom.
    <time id="T89E" value="00:06:14,861" />
  </s>
  <s id="114">
    <time id="T90S" value="00:06:14,911" />
Kom dat vir jou as betroubaar gedrag oor?
    <time id="T90E" value="00:06:17,964" />
  </s>
  <s id="115">
    <time id="T91S" value="00:06:18,779" />
Dit is die woonstel waar Ziva grootgeword.
    <time id="T91E" value="00:06:21,348" />
  </s>
  <s id="116">
    <time id="T92S" value="00:06:23,049" />
Sy het my hier eens heen gebring om die me te toon.
    <time id="T92E" value="00:06:25,451" />
  </s>
  <s id="117">
    <time id="T93S" value="00:06:27,513" />
Luister, toe ek jou gevra het om haar te soek...
    <time id="T93E" value="00:06:31,942" />
  </s>
  <s id="118">
    <time id="T94S" value="00:06:32,242" />
Dankie.
    <time id="T94E" value="00:06:34,321" />
  </s>
  <s id="119">
    <time id="T95S" value="00:06:51,364" />
Tony.
  </s>
  <s id="120">
Hier is dit.
    <time id="T95E" value="00:06:54,887" />
  </s>
  <s id="121">
    <time id="T96S" value="00:07:01,137" />
Hallo, is daar iemand?
    <time id="T96E" value="00:07:03,254" />
  </s>
  <s id="122">
    <time id="T97S" value="00:07:10,711" />
Owerheid agente?
  </s>
  <s id="123">
- Kan jy die hamer neerlê, asseblief?
    <time id="T97E" value="00:07:14,169" />
  </s>
  <s id="124">
    <time id="T98S" value="00:07:15,568" />
Jammer, ek gedra boodskappe en het die deur vergeet te sluit.
    <time id="T98E" value="00:07:18,951" />
  </s>
  <s id="125">
    <time id="T99S" value="00:07:19,051" />
Is jy Dr Deena Bashan?
  </s>
  <s id="126">
- Ja.
    <time id="T99E" value="00:07:21,817" />
  </s>
  <s id="127">
    <time id="T100S" value="00:07:22,677" />
Waaroor gaan dit?
  </s>
  <s id="128">
- Ziva David.
    <time id="T100E" value="00:07:25,198" />
  </s>
  <s id="129">
    <time id="T101S" value="00:07:25,398" />
Ken jy haar?
  </s>
  <s id="130">
- Heel my lewe al
    <time id="T101E" value="00:07:27,463" />
  </s>
  <s id="131">
    <time id="T102S" value="00:07:27,513" />
Ons het gegroei hier saam op.
  </s>
  <s id="132">
Is sy OK?
    <time id="T102E" value="00:07:31,171" />
  </s>
  <s id="133">
    <time id="T103S" value="00:07:33,856" />
He, ek het gedink dat jy al 'n rukkie weg was.
    <time id="T103E" value="00:07:36,192" />
  </s>
  <s id="134">
    <time id="T104S" value="00:07:36,492" />
Ek het dit probeer maar,
    <time id="T104E" value="00:07:38,212" />
  </s>
  <s id="135">
    <time id="T105S" value="00:07:38,262" />
Mr Mendez verlang nie na veilige bewaring.
    <time id="T105E" value="00:07:43,051" />
  </s>
  <s id="136">
    <time id="T106S" value="00:07:43,151" />
Ek is nie bang van die skelms.
    <time id="T106E" value="00:07:45,118" />
  </s>
  <s id="137">
    <time id="T107S" value="00:07:45,168" />
Dit het niks met vrees te maak.
  </s>
  <s id="138">
- Ek doen sake in heel 't land, agent Gibbs.
    <time id="T107E" value="00:07:48,396" />
  </s>
  <s id="139">
    <time id="T108S" value="00:07:48,496" />
Elke wysiging aan my agenda, my lewe, is 'n sege vir " The Brotherhood ".
    <time id="T108E" value="00:07:53,136" />
  </s>
  <s id="140">
    <time id="T109S" value="00:07:53,186" />
Dit is spesiale omstandighede.
    <time id="T109E" value="00:07:55,410" />
  </s>
  <s id="141">
    <time id="T110S" value="00:07:55,510" />
Slegs veral as ons die terroriste toelaat om hulle so te maak.
    <time id="T110E" value="00:07:58,530" />
  </s>
  <s id="142">
    <time id="T111S" value="00:07:58,580" />
Luister, hang die donkie nie uit.
  </s>
  <s id="143">
Bly in die buurt van agent Fornell, of jy is dood.
  </s>
  <s id="144">
- Vir vryheid, is ek seker nie die eerste wat sterf.
    <time id="T113E" value="00:08:06,982" />
  </s>
  <s id="145">
    <time id="T114S" value="00:08:07,897" />
Maar goed.
  </s>
  <s id="146">
- Werklik?
    <time id="T114E" value="00:08:10,852" />
  </s>
  <s id="147">
    <time id="T115S" value="00:08:11,236" />
Ek sê die laaste uur presies dieselfde.
  </s>
  <s id="148">
- Hopelik is jy beskerming beter, dan jou oortuigingskrag.
    <time id="T116E" value="00:08:17,946" />
  </s>
  <s id="149">
    <time id="T117S" value="00:08:19,528" />
Verlos me.
    <time id="T117E" value="00:08:21,573" />
  </s>
  <s id="150">
    <time id="T118S" value="00:08:23,416" />
Ek het hierdie plek geërf van my ouers.
    <time id="T118E" value="00:08:26,082" />
  </s>
  <s id="151">
    <time id="T119S" value="00:08:26,482" />
Die Davids gewoon het aan die oorkant van die gang.
    <time id="T119E" value="00:08:28,499" />
  </s>
  <s id="152">
    <time id="T120S" value="00:08:28,599" />
Ek was ouer as Ziva, maar ek kyk na haar op.
    <time id="T120E" value="00:08:31,790" />
  </s>
  <s id="153">
    <time id="T121S" value="00:08:31,840" />
Selfs toe al was sy kragtig.
    <time id="T121E" value="00:08:34,794" />
  </s>
  <s id="154">
    <time id="T122S" value="00:08:35,094" />
Vasberade, leergierig, koppig soos 'n donkie.
    <time id="T122E" value="00:08:38,742" />
  </s>
  <s id="155">
    <time id="T123S" value="00:08:39,242" />
Klink ongeveer goed.
  </s>
  <s id="156">
- Vergewe my, meneer DiNozzo, ek praat maar en jy het vrae.
  </s>
  <s id="157">
Asseblief.
    <time id="T124E" value="00:08:45,416" />
  </s>
  <s id="158">
    <time id="T125S" value="00:08:45,816" />
Wanneer het jy haar die laaste keer gesien?
  </s>
  <s id="159">
- Maande gelede.
    <time id="T125E" value="00:08:49,773" />
  </s>
  <s id="160">
    <time id="T126S" value="00:08:49,823" />
Op die begrafnis van haar vader.
    <time id="T126E" value="00:08:52,300" />
  </s>
  <s id="161">
    <time id="T127S" value="00:09:00,951" />
Waar het jy dat gehaal?
  </s>
  <s id="162">
- Het jy dit eerder gesien?
    <time id="T127E" value="00:09:04,052" />
  </s>
  <s id="163">
    <time id="T128S" value="00:09:04,152" />
Ek het daar ook so 'n.
  </s>
  <s id="164">
Hierdie was van Ziva.
    <time id="T128E" value="00:09:07,968" />
  </s>
  <s id="165">
    <time id="T129S" value="00:09:08,018" />
Ons was nog jonk en geleer pas Engels.
  </s>
  <s id="166">
Ons noem dit, ons testamente.
    <time id="T129E" value="00:09:13,322" />
  </s>
  <s id="167">
    <time id="T130S" value="00:09:14,027" />
Ons onderwyser het gesê, dat as ons ons wense in die grond begrawe en daar elke aand aan dink, hulle sou uitkom.
    <time id="T131E" value="00:09:21,089" />
  </s>
  <s id="168">
    <time id="T132S" value="00:09:22,809" />
Waarom is dit gekruis?
  </s>
  <s id="169">
- Dat ons nie weet nie.
    <time id="T132E" value="00:09:26,406" />
  </s>
  <s id="170">
    <time id="T133S" value="00:09:26,456" />
" Stop dit vir hom".
  </s>
  <s id="171">
- Weet jy wat dit beteken?
    <time id="T133E" value="00:09:30,034" />
  </s>
  <s id="172">
    <time id="T134S" value="00:09:32,820" />
Ek weet dat haar werk gevaarlik is.
  </s>
  <s id="173">
Asseblief, sê dit me.
    <time id="T134E" value="00:09:36,406" />
  </s>
  <s id="174">
    <time id="T135S" value="00:09:36,456" />
Ons doen ons bes om te verseker dat sy veilig is.
    <time id="T135E" value="00:09:39,730" />
  </s>
  <s id="175">
    <time id="T136S" value="00:09:40,331" />
Dankie vir die tee, dokter.
    <time id="T136E" value="00:09:42,921" />
  </s>
  <s id="176">
    <time id="T137S" value="00:09:49,864" />
Is jy oke?
    <time id="T137E" value="00:09:51,532" />
  </s>
  <s id="177">
    <time id="T138S" value="00:09:52,332" />
Ja, dit is net...
  </s>
  <s id="178">
Sy het dit oor u op die begrafnis.
    <time id="T138E" value="00:09:56,815" />
  </s>
  <s id="179">
    <time id="T139S" value="00:09:58,858" />
Ek kon sien wat sy het gevoel.
    <time id="T139E" value="00:10:01,447" />
  </s>
  <s id="180">
    <time id="T140S" value="00:10:02,044" />
"Stop dit vir hom".
    <time id="T140E" value="00:10:04,376" />
  </s>
  <s id="181">
    <time id="T141S" value="00:10:05,844" />
Miskien is jy die "hom".
    <time id="T141E" value="00:10:08,657" />
  </s>
  <s id="182">
    <time id="T142S" value="00:10:10,336" />
"Ek word 'n ballerina".
  </s>
  <s id="183">
Dat begryp ek nie.
    <time id="T142E" value="00:10:12,737" />
  </s>
  <s id="184">
    <time id="T143S" value="00:10:12,787" />
Dit is Ziva, moet dit nie wees nie "ninja" of iets soortgelyks?
    <time id="T143E" value="00:10:15,538" />
  </s>
  <s id="185">
    <time id="T144S" value="00:10:16,511" />
Blykbaar was daar vroeër 'n minder woeste fase.
    <time id="T144E" value="00:10:18,889" />
  </s>
  <s id="186">
    <time id="T145S" value="00:10:19,795" />
Dus, wat het dit met jou te maak?
  </s>
  <s id="187">
- Ek weet nie of dit die geval is.
    <time id="T145E" value="00:10:23,248" />
  </s>
  <s id="188">
    <time id="T146S" value="00:10:23,298" />
Dit is 'n lang storie, ek...
  </s>
  <s id="189">
- Waarom fluister jy?
    <time id="T146E" value="00:10:25,718" />
  </s>
  <s id="190">
    <time id="T147S" value="00:10:25,818" />
Omdat ek in die hoofkwartier van die Mossad sit.
    <time id="T147E" value="00:10:28,102" />
  </s>
  <s id="191">
    <time id="T148S" value="00:10:28,202" />
So jy werk saam, maar jy fluister omdat...
    <time id="T148E" value="00:10:30,835" />
  </s>
  <s id="192">
    <time id="T149S" value="00:10:30,935" />
Ek weet dit nie.
  </s>
  <s id="193">
Dit is die Mossad.
    <time id="T149E" value="00:10:33,244" />
  </s>
  <s id="194">
    <time id="T150S" value="00:10:33,294" />
Dit lyk my beter.
    <time id="T150E" value="00:10:35,282" />
  </s>
  <s id="195">
    <time id="T151S" value="00:10:35,482" />
Wel, toegang tot hul hulpbronne sou 'n groot hulp wees.
    <time id="T151E" value="00:10:38,972" />
  </s>
  <s id="196">
    <time id="T152S" value="00:10:39,022" />
Ja, maar hoe lank sal dat duur?
  </s>
  <s id="197">
Ek het 'n hoek nodig.
    <time id="T152E" value="00:10:42,492" />
  </s>
  <s id="198">
    <time id="T153S" value="00:10:42,692" />
Wat is my hoek?
  </s>
  <s id="199">
Gee my 'n hoek, McGee.
    <time id="T153E" value="00:10:45,426" />
  </s>
  <s id="200">
    <time id="T154S" value="00:10:45,476" />
Ek het 'n spoor van die laaste boodskap dat Ziva jou gestuur.
    <time id="T154E" value="00:10:48,197" />
  </s>
  <s id="201">
    <time id="T155S" value="00:10:48,587" />
Dat is goed. 
  </s>
  <s id="202">
Die foto van Ari.
  </s>
  <s id="203">
Waar was sy?
    <time id="T155E" value="00:10:51,785" />
  </s>
  <s id="204">
    <time id="T156S" value="00:10:51,835" />
Verbind via wifi in 'n internet kafee in die sentrum van Tel Aviv.
    <time id="T156E" value="00:10:55,493" />
  </s>
  <s id="205">
    <time id="T157S" value="00:10:55,593" />
Het jy 'n adres.
  </s>
  <s id="206">
- Kyk in jou posbus.
    <time id="T157E" value="00:10:58,605" />
  </s>
  <s id="207">
    <time id="T158S" value="00:11:00,243" />
Kyk bietjie aan.
  </s>
  <s id="208">
McHouvanje op groot afstand.
    <time id="T158E" value="00:11:04,298" />
  </s>
  <s id="209">
    <time id="T159S" value="00:11:07,184" />
Lewer die koeëls iets op, Abbs?
  </s>
  <s id="210">
- Euh, standaard .308 
  </s>
  <s id="211">
Winchesters.
    <time id="T159E" value="00:11:11,277" />
  </s>
  <s id="212">
    <time id="T160S" value="00:11:11,327" />
Enigeen kan dit online koop.
  </s>
  <s id="213">
daar is niks wat hulle in verband bring met dit dom " Brotherhood of Doubt " ding.
    <time id="T161E" value="00:11:17,979" />
  </s>
  <s id="214">
    <time id="T162S" value="00:11:18,029" />
Die naam val so teen.
  </s>
  <s id="215">
Ek sê dit nie eens graag.
    <time id="T162E" value="00:11:20,619" />
  </s>
  <s id="216">
    <time id="T163S" value="00:11:20,669" />
Wat is dit?
    <time id="T163E" value="00:11:21,902" />
  </s>
  <s id="217">
    <time id="T164S" value="00:11:21,952" />
Net 'n ontwerp model wat ek gemaak het om iets uit te pluis.
    <time id="T164E" value="00:11:25,407" />
  </s>
  <s id="218">
    <time id="T165S" value="00:11:25,457" />
Kogeltrajecten?
    <time id="T165E" value="00:11:26,900" />
  </s>
  <s id="219">
    <time id="T166S" value="00:11:26,950" />
Al die koeëls in die woonstel van Tony het dieselfde hoek en kom van dieselfde punt.
    <time id="T166E" value="00:11:32,580" />
  </s>
  <s id="220">
    <time id="T167S" value="00:11:32,630" />
'n Dak aan die oorkant van die straat.
  </s>
  <s id="221">
- Dat beweer binnelandse veiligheid.
    <time id="T167E" value="00:11:36,182" />
  </s>
  <s id="222">
    <time id="T168S" value="00:11:36,232" />
Dus, wat klop daar dan nie?
  </s>
  <s id="223">
- Hul enigste getuie het gesê dat hy iemand sien op die dak, vlak nadat daar geskiet is.
    <time id="T169E" value="00:11:43,570" />
  </s>
  <s id="224">
    <time id="T170S" value="00:11:43,620" />
Maar daar is daar niemand of niks.
    <time id="T170E" value="00:11:46,899" />
  </s>
  <s id="225">
    <time id="T171S" value="00:11:46,949" />
Kan jy dit deurstraal na McGee?
  </s>
  <s id="226">
- Deurstraal kan ek nie, kaptein Kirk maar ek kan dit stuur.
  </s>
  <s id="227">
- Kaptein wie?
    <time id="T172E" value="00:11:55,000" />
  </s>
  <s id="228">
    <time id="T173S" value="00:12:00,619" />
Die getuie is 'n onderhoud man van die gebou van waarop geskiet is.
    <time id="T173E" value="00:12:04,464" />
  </s>
  <s id="229">
    <time id="T174S" value="00:12:04,514" />
Gerald Carlin. 
  </s>
  <s id="230">
Hy beweer dat hy tydens sy middagete uit die venster kyk en 'n figuur op die dak het gesien.
    <time id="T175E" value="00:12:10,429" />
  </s>
  <s id="231">
    <time id="T176S" value="00:12:10,479" />
Hy het sy eie dak vanuit sy eie gebou. hoe kan dat?
    <time id="T176E" value="00:12:14,216" />
  </s>
  <s id="232">
    <time id="T177S" value="00:12:14,266" />
Dat kan nie.
  </s>
  <s id="233">
Waar was die middagete?
    <time id="T177E" value="00:12:16,482" />
  </s>
  <s id="234">
    <time id="T178S" value="00:12:16,532" />
Ek het gedink dat jy dit sou vra, ' n bar aan die oorkant met die naam Clancy's.
    <time id="T178E" value="00:12:20,452" />
  </s>
  <s id="235">
    <time id="T179S" value="00:12:20,502" />
Die barman bevestig dat Carlin daar 'n broodjie kalkoen at en na buite kyk toe hy die skote hoor.
    <time id="T180E" value="00:12:26,037" />
  </s>
  <s id="236">
    <time id="T181S" value="00:12:26,087" />
Is daar gedrink?
  </s>
  <s id="237">
- Vier biere, twee tequila 's.
    <time id="T181E" value="00:12:28,274" />
  </s>
  <s id="238">
    <time id="T182S" value="00:12:28,324" />
Dus, hy kon niks duidelik sien.
    <time id="T182E" value="00:12:30,193" />
  </s>
  <s id="239">
    <time id="T183S" value="00:12:30,243" />
Of hy was betaal om te sien wat hy gesien het.
    <time id="T183E" value="00:12:32,363" />
  </s>
  <s id="240">
    <time id="T184S" value="00:12:33,481" />
As die skote nie van die dak kom, hulle het te kom van die boonste vloer.
    <time id="T184E" value="00:12:38,513" />
  </s>
  <s id="241">
    <time id="T185S" value="00:12:38,563" />
Het die binnelandse veiligheid die bewoners verhoor?
    <time id="T185E" value="00:12:41,529" />
  </s>
  <s id="242">
    <time id="T186S" value="00:12:41,579" />
Boonste verdiep, almal behalwe een.
  </s>
  <s id="243">
Lisa Pierway.
    <time id="T186E" value="00:12:44,510" />
  </s>
  <s id="244">
    <time id="T187S" value="00:12:44,560" />
Sy het die deur oop nie.
    <time id="T187E" value="00:12:47,335" />
  </s>
  <s id="245">
    <time id="T188S" value="00:12:48,585" />
NCIS.
    <time id="T188E" value="00:12:50,503" />
  </s>
  <s id="246">
    <time id="T189S" value="00:12:52,644" />
Lisa Pierway?
    <time id="T189E" value="00:12:54,783" />
  </s>
  <s id="247">
    <time id="T190S" value="00:12:56,291" />
Baas, ruik jy dit?
    <time id="T190E" value="00:12:58,154" />
  </s>
  <s id="248">
    <time id="T191S" value="00:13:02,171" />
Baas.
    <time id="T191E" value="00:13:04,007" />
  </s>
  <s id="249">
    <time id="T192S" value="00:13:25,728" />
Daar is tekens van 'n worsteling vir sy verwurg is.
    <time id="T192E" value="00:13:30,320" />
  </s>
  <s id="250">
    <time id="T193S" value="00:13:30,370" />
Die skut het selfs geen moeite gedoen om dit op 'n rooftog te laat lyk.
    <time id="T193E" value="00:13:33,073" />
  </s>
  <s id="251">
    <time id="T194S" value="00:13:33,123" />
Lisa Pierway was farmaseutiese verteenwoordiger.
    <time id="T194E" value="00:13:35,568" />
  </s>
  <s id="252">
    <time id="T195S" value="00:13:35,618" />
Bokse met medikasie onaangeraak in haar kas.
    <time id="T195E" value="00:13:37,993" />
  </s>
  <s id="253">
    <time id="T196S" value="00:13:38,043" />
Dit was 'n professionele.
  </s>
  <s id="254">
Hy het skoon gemaak, laat geen druk na.
    <time id="T196E" value="00:13:41,769" />
  </s>
  <s id="255">
    <time id="T197S" value="00:13:41,819" />
Wees nie so seker, Jethro.
    <time id="T197E" value="00:13:43,271" />
  </s>
  <s id="256">
    <time id="T198S" value="00:13:43,321" />
Waar ek eers gedink dat die petechiën was in die oë van mev Pierway, was eintlik bloeding onder die konjunktiva.
    <time id="T199E" value="00:13:50,542" />
  </s>
  <s id="257">
    <time id="T200S" value="00:13:50,592" />
waarskynlik veroorsaak deur die duime van die moordenaar.
    <time id="T200E" value="00:13:53,629" />
  </s>
  <s id="258">
    <time id="T201S" value="00:13:53,679" />
Hy druk haar die oë in.
  </s>
  <s id="259">
- Ja, 'n intimidasie taktiek inderdaad.
    <time id="T201E" value="00:13:56,820" />
  </s>
  <s id="260">
    <time id="T202S" value="00:13:56,870" />
Maar een wat ons 'n pervers geluk kan bring.
    <time id="T202E" value="00:14:00,822" />
  </s>
  <s id="261">
    <time id="T203S" value="00:14:00,922" />
Duim afdrukke.
  </s>
  <s id="262">
- Sy dra kontaklense.
    <time id="T203E" value="00:14:04,532" />
  </s>
  <s id="263">
    <time id="T204S" value="00:14:04,582" />
As Abby daar maar 'n gedeeltelike kan afhalen, kan ons dalk ons moordenaar vind.
  </s>
  <s id="264">
- Ja, Tobias, wat is daar?
    <time id="T205E" value="00:14:12,432" />
  </s>
  <s id="265">
    <time id="T206S" value="00:14:12,975" />
Die beskerming van Ricky Ricardo is geen conga tromme en Babalu, weet jy.
    <time id="T206E" value="00:14:16,659" />
  </s>
  <s id="266">
    <time id="T207S" value="00:14:16,709" />
Dit is nog maar twee dae.
  </s>
  <s id="267">
- Mendez self het al 'n volle dans kaart.
    <time id="T207E" value="00:14:20,358" />
  </s>
  <s id="268">
    <time id="T208S" value="00:14:20,408" />
Die komende weke, eet en drink hy met elke hoë piet uit die stad wat die anti terrorisme-groep ondersteun waar hy lid van is.
    <time id="T209E" value="00:14:25,937" />
  </s>
  <s id="269">
    <time id="T210S" value="00:14:25,987" />
En ek sal nog in sy heupzakje sit.
  </s>
  <s id="270">
- Tobias, jy kan altyd "nee" sê.
    <time id="T210E" value="00:14:30,295" />
  </s>
  <s id="271">
    <time id="T211S" value="00:14:30,345" />
Wel, daar wringt die skoen.
  </s>
  <s id="272">
My baas sê van nie.
    <time id="T211E" value="00:14:32,884" />
  </s>
  <s id="273">
    <time id="T212S" value="00:14:32,934" />
Die man is geen gangster, Gibbs.
    <time id="T212E" value="00:14:35,180" />
  </s>
  <s id="274">
    <time id="T213S" value="00:14:35,230" />
Dit is 'n wetsgehoorsame miljoenêr daarop uit die wêreld te red met sy magtige vriende.
  </s>
  <s id="275">
En my taak is dit om "ja" te sê.
    <time id="T214E" value="00:14:41,612" />
  </s>
  <s id="276">
    <time id="T215S" value="00:14:41,662" />
Piesang pannekoeke, ekstra spek.
    <time id="T215E" value="00:14:44,321" />
  </s>
  <s id="277">
    <time id="T216S" value="00:14:44,371" />
Kan ek, ekstra, ekstra spek kry?
    <time id="T216E" value="00:14:47,011" />
  </s>
  <s id="278">
    <time id="T217S" value="00:14:50,309" />
Ontbyt op elke oomblik?
  </s>
  <s id="279">
- Ek hunker na piesang pannekoeke as ek opgewonde raak en niks wind me meer op as 'n hospitaalbesoek.
    <time id="T218E" value="00:14:56,788" />
  </s>
  <s id="280">
    <time id="T219S" value="00:14:56,838" />
Jy sou wat meer ekonomies kon wees met die spek.
    <time id="T219E" value="00:14:58,503" />
  </s>
  <s id="281">
    <time id="T220S" value="00:14:58,553" />
Ek is dit nie.
  </s>
  <s id="282">
Lawrence Walters.
    <time id="T220E" value="00:15:01,568" />
  </s>
  <s id="283">
    <time id="T221S" value="00:15:01,618" />
filantroop miljardêr wat die stryd teen kanker verloor.
    <time id="T221E" value="00:15:04,979" />
  </s>
  <s id="284">
    <time id="T222S" value="00:15:05,029" />
Hy wil 'n hoop skenk aan die anti terreur veldtog, voor hy dood gaan.
    <time id="T222E" value="00:15:09,238" />
  </s>
  <s id="285">
    <time id="T223S" value="00:15:09,288" />
Mendez wil hom later vandag gaan besoek.
  </s>
  <s id="286">
- Die vent lyk my 'n besoek werd.
    <time id="T223E" value="00:15:13,970" />
  </s>
  <s id="287">
    <time id="T224S" value="00:15:15,179" />
So monter jy die mense op?
  </s>
  <s id="288">
Ek voel net nog platter.
    <time id="T224E" value="00:15:19,615" />
  </s>
  <s id="289">
    <time id="T225S" value="00:15:19,665" />
Ekstra spek.
  </s>
  <s id="290">
- Dankie.
    <time id="T225E" value="00:15:21,901" />
  </s>
  <s id="291">
    <time id="T226S" value="00:15:22,201" />
Op my koste.
  </s>
  <s id="292">
Hou jy die kleingeld maar.
    <time id="T226E" value="00:15:24,821" />
  </s>
  <s id="293">
    <time id="T227S" value="00:15:25,021" />
Dankie.
  </s>
  <s id="294">
- Betaal jy?
    <time id="T227E" value="00:15:27,089" />
  </s>
  <s id="295">
    <time id="T228S" value="00:15:28,442" />
Jy wou tog bly gemaak word.
  </s>
  <s id="296">
- Dink jy me te kan koop?
    <time id="T228E" value="00:15:31,560" />
  </s>
  <s id="297">
    <time id="T229S" value="00:15:34,606" />
Wie maak ek wat wys?
  </s>
  <s id="298">
Natuurlik kan hy dat.
    <time id="T229E" value="00:15:38,004" />
  </s>
  <s id="299">
    <time id="T230S" value="00:15:40,917" />
Onmoontlik dat Ziva die hele dag in 'n internet cafe sit.
    <time id="T230E" value="00:15:44,310" />
  </s>
  <s id="300">
    <time id="T231S" value="00:15:44,610" />
Gaan terug na die tyd dat sy die boodskap gestuur het, gaan nog eens.
    <time id="T231E" value="00:15:47,653" />
  </s>
  <s id="301">
    <time id="T232S" value="00:15:51,686" />
Enige geluk?
    <time id="T232E" value="00:15:53,638" />
  </s>
  <s id="302">
    <time id="T233S" value="00:15:53,938" />
Dit sal ons self moet maak.
  </s>
  <s id="303">
- Sou jy eens wil uitwei?
    <time id="T233E" value="00:15:57,339" />
  </s>
  <s id="304">
    <time id="T234S" value="00:16:00,229" />
Ek gaan na die kafee, om te sien of daar iemand het hom herinner dat sy daar was.
    <time id="T234E" value="00:16:03,801" />
  </s>
  <s id="305">
    <time id="T235S" value="00:16:04,279" />
Sê teen die bestuurder Shamayim hospitaal.
    <time id="T235E" value="00:16:06,528" />
  </s>
  <s id="306">
    <time id="T236S" value="00:16:06,578" />
Dit is makliker, die kafee is aan die oorkant.
    <time id="T236E" value="00:16:09,745" />
  </s>
  <s id="307">
    <time id="T237S" value="00:16:09,795" />
Van die hospitaal?
  </s>
  <s id="308">
- Ja, hoekom?
    <time id="T237E" value="00:16:11,650" />
  </s>
  <s id="309">
    <time id="T238S" value="00:16:11,700" />
Die aand dat Ziva die foto gestuur het was sy aangeval in die veilige huis.
    <time id="T238E" value="00:16:15,659" />
  </s>
  <s id="310">
    <time id="T239S" value="00:16:15,709" />
Dink jy dat sy mediese hulp gesoek het?
  </s>
  <s id="311">
- Ek wed dat die wifi tot die oorkant reik.
    <time id="T239E" value="00:16:20,728" />
  </s>
  <s id="312">
    <time id="T240S" value="00:16:21,128" />
Gee my 'n hoek in die rigting van die hospitaal.
    <time id="T240E" value="00:16:24,302" />
  </s>
  <s id="313">
    <time id="T241S" value="00:16:26,612" />
Nogal indrukwekkend.
  </s>
  <s id="314">
Die Mossad het oë in die hele stad.
    <time id="T241E" value="00:16:30,063" />
  </s>
  <s id="315">
    <time id="T242S" value="00:16:30,113" />
In die hele wêreld, agent DiNozzo.
    <time id="T242E" value="00:16:33,499" />
  </s>
  <s id="316">
    <time id="T243S" value="00:16:34,545" />
Dit is ons taak om te sien.
    <time id="T243E" value="00:16:37,123" />
  </s>
  <s id="317">
    <time id="T244S" value="00:16:38,986" />
Dit is sy.
  </s>
  <s id="318">
Vergroot dat eens.
    <time id="T244E" value="00:16:41,322" />
  </s>
  <s id="319">
    <time id="T245S" value="00:16:42,874" />
Daar is sy.
  </s>
  <s id="320">
- Met wie praat sy daar?
    <time id="T245E" value="00:16:45,918" />
  </s>
  <s id="321">
    <time id="T246S" value="00:16:47,894" />
Dokter Bashan.
  </s>
  <s id="322">
Sy het gelieg.
    <time id="T246E" value="00:16:51,053" />
  </s>
  <s id="323">
    <time id="T247S" value="00:16:53,263" />
He, ek hoor dat jy 'n duimafdruk het?
    <time id="T247E" value="00:16:55,961" />
  </s>
  <s id="324">
    <time id="T248S" value="00:16:57,865" />
Dit is maar 'n gedeeltelike.
  </s>
  <s id="325">
- Ja?
    <time id="T248E" value="00:17:00,263" />
  </s>
  <s id="326">
    <time id="T249S" value="00:17:00,563" />
Gedeeltelik genoeg?
  </s>
  <s id="327">
- Genoeg vir 'n naam.
    <time id="T249E" value="00:17:03,339" />
  </s>
  <s id="328">
    <time id="T250S" value="00:17:03,389" />
Henry Coldwell.
    <time id="T250E" value="00:17:05,038" />
  </s>
  <s id="329">
    <time id="T251S" value="00:17:05,088" />
Hy is oneervol ontslaan uit die weermag in 2006, na twee jaar te hê gesit vir swaar mishandeling.
    <time id="T252E" value="00:17:12,507" />
  </s>
  <s id="330">
    <time id="T253S" value="00:17:12,557" />
Maar nie voor hy 'n opleiding tot scherpschutter het.
    <time id="T253E" value="00:17:14,899" />
  </s>
  <s id="331">
    <time id="T254S" value="00:17:14,949" />
Dit is ons skieter.
    <time id="T254E" value="00:17:16,604" />
  </s>
  <s id="332">
    <time id="T255S" value="00:17:17,475" />
Wel, ek is seker dat McGee jou meer kan vertel en hom dalk nog vind ook.
  </s>
  <s id="333">
- Dit is goeie nuus, Abbs.
    <time id="T256E" value="00:17:23,781" />
  </s>
  <s id="334">
    <time id="T257S" value="00:17:26,538" />
Wat is verkeerd?
  </s>
  <s id="335">
- Wel, jy het self gesê dat Parsa hitmen betaal.
    <time id="T258E" value="00:17:34,128" />
  </s>
  <s id="336">
    <time id="T259S" value="00:17:34,178" />
Die man is dalk maar 'n lakei.
  </s>
  <s id="337">
- Een lakei wat na Parsa lei.
    <time id="T259E" value="00:17:37,872" />
  </s>
  <s id="338">
    <time id="T260S" value="00:17:37,922" />
Ek weet dit nie, Gibbs.
  </s>
  <s id="339">
Ek dink dat al die angs me uiteindelik te pak het.
    <time id="T261E" value="00:17:42,718" />
  </s>
  <s id="340">
    <time id="T262S" value="00:17:42,818" />
Tony wat gevuur is en Ziva, waar is sy?
    <time id="T262E" value="00:17:47,255" />
  </s>
  <s id="341">
    <time id="T263S" value="00:17:47,305" />
nie kan uitvind wie almal waarvan ek hou probeer om dood te maak, dan vergewe ek het myself nooit.
  </s>
  <s id="342">
- Dit, is 'n goeie begin.
    <time id="T264E" value="00:17:55,362" />
  </s>
  <s id="343">
    <time id="T265S" value="00:17:55,412" />
Ja, maar, Gibbs, dit is 'n broederskap.
  </s>
  <s id="344">
Wat beteken dat die mens, broeders het.
    <time id="T265E" value="00:18:00,517" />
  </s>
  <s id="345">
    <time id="T266S" value="00:18:00,567" />
Ja, ons kry hulle wel.
    <time id="T266E" value="00:18:02,910" />
  </s>
  <s id="346">
    <time id="T267S" value="00:18:04,530" />
Ons pak hulle almal.
    <time id="T267E" value="00:18:06,876" />
  </s>
  <s id="347">
    <time id="T268S" value="00:18:14,226" />
Jy gelieg teen me.
  </s>
  <s id="348">
- Agent DiNozzo, wat doen jy hier?
    <time id="T268E" value="00:18:17,035" />
  </s>
  <s id="349">
    <time id="T269S" value="00:18:17,085" />
Jy het gesê dat jy Ziva in geen maande gesien het.
    <time id="T269E" value="00:18:19,301" />
  </s>
  <s id="350">
    <time id="T270S" value="00:18:20,756" />
Dink jy dat jy haar beskerm?
  </s>
  <s id="351">
Ek staan aan haar kant.
    <time id="T270E" value="00:18:23,104" />
  </s>
  <s id="352">
    <time id="T271S" value="00:18:23,154" />
Dat weet ek.
  </s>
  <s id="353">
Waarom het jy dan teen me gelieg?
    <time id="T271E" value="00:18:25,771" />
  </s>
  <s id="354">
    <time id="T272S" value="00:18:26,972" />
Sy is na my gekom nadat sy aangeval is.
    <time id="T272E" value="00:18:29,413" />
  </s>
  <s id="355">
    <time id="T273S" value="00:18:29,613" />
Ek hechtte die wonde in haar been en neem haar mee by my tuis.
    <time id="T273E" value="00:18:32,409" />
  </s>
  <s id="356">
    <time id="T274S" value="00:18:32,459" />
Sodat sy kon rus.
  </s>
  <s id="357">
Maar dan, euh...
    <time id="T274E" value="00:18:35,338" />
  </s>
  <s id="358">
    <time id="T275S" value="00:18:35,649" />
Wat dan?
    <time id="T275E" value="00:18:36,743" />
  </s>
  <s id="359">
    <time id="T276S" value="00:18:36,793" />
Ek het gedink ons beide die verdriet te spaar deur daaroor te swyg.
    <time id="T276E" value="00:18:39,572" />
  </s>
  <s id="360">
    <time id="T277S" value="00:18:39,622" />
Maar dan begin sy oor vroeër te praat.
    <time id="T277E" value="00:18:42,711" />
  </s>
  <s id="361">
    <time id="T278S" value="00:18:42,993" />
Oor Ari.
    <time id="T278E" value="00:18:44,816" />
  </s>
  <s id="362">
    <time id="T279S" value="00:18:45,370" />
Sy het nie geweet dat toe sy weg is gegaan om die wêreld te red, ek hier verlief is op haar broer.
    <time id="T280E" value="00:18:51,582" />
  </s>
  <s id="363">
    <time id="T281S" value="00:18:52,466" />
Hy sou me ten huwelik vra, toe sy hom gedood het.
    <time id="T281E" value="00:18:57,398" />
  </s>
  <s id="364">
    <time id="T282S" value="00:18:57,912" />
En jy het haar dat vertel?
  </s>
  <s id="365">
- Ja.
    <time id="T282E" value="00:19:00,777" />
  </s>
  <s id="366">
    <time id="T283S" value="00:19:01,794" />
Sy probeer dit uit te lê.
    <time id="T283E" value="00:19:04,468" />
  </s>
  <s id="367">
    <time id="T284S" value="00:19:05,207" />
Sy het gesê dat hy goeie mense kwetste.
  </s>
  <s id="368">
Maar Ari is ook pyn aangedoen.
    <time id="T284E" value="00:19:09,568" />
  </s>
  <s id="369">
    <time id="T285S" value="00:19:09,618" />
Sy pa het hom gebreek.
    <time id="T285E" value="00:19:12,396" />
  </s>
  <s id="370">
    <time id="T286S" value="00:19:12,857" />
Tog, het ek gesien die laggende seun van die oorkant.
    <time id="T286E" value="00:19:17,677" />
  </s>
  <s id="371">
    <time id="T287S" value="00:19:18,168" />
Die goeie seun.
    <time id="T287E" value="00:19:20,524" />
  </s>
  <s id="372">
    <time id="T288S" value="00:19:20,724" />
Ziva gesmeek me om haar te vergewe.
    <time id="T288E" value="00:19:23,325" />
  </s>
  <s id="373">
    <time id="T289S" value="00:19:24,612" />
Ek kon dit nie.
    <time id="T289E" value="00:19:27,050" />
  </s>
  <s id="374">
    <time id="T290S" value="00:19:27,710" />
Waar is sy heen gegaan?
  </s>
  <s id="375">
- Dat weet ek nie.
    <time id="T290E" value="00:19:29,240" />
  </s>
  <s id="376">
    <time id="T291S" value="00:19:29,290" />
Lieg nie teen me.
  </s>
  <s id="377">
- Ek het niks verkeerd gedoen nie.
    <time id="T291E" value="00:19:31,211" />
  </s>
  <s id="378">
    <time id="T292S" value="00:19:31,261" />
Jy het geweet dat sy gevaar geloop het en jy gelieg toe ek die jy vroeg.
    <time id="T292E" value="00:19:34,708" />
  </s>
  <s id="379">
    <time id="T293S" value="00:19:34,758" />
Aan soos enige ander agent aan die deur het ek dit gesê.
    <time id="T293E" value="00:19:38,186" />
  </s>
  <s id="380">
    <time id="T294S" value="00:19:41,119" />
Waarom sou sy die man moet kry waarvan sy hou, terwyl sy die myne, van my afgeneem het?
    <time id="T295E" value="00:19:48,517" />
  </s>
  <s id="381">
    <time id="T296S" value="00:19:50,284" />
Ek sal haar vind.
  </s>
  <s id="382">
- Ziva is weg, agent DiNozzo.
    <time id="T296E" value="00:19:54,542" />
  </s>
  <s id="383">
    <time id="T297S" value="00:19:54,742" />
Toe sy die aand weg is gegaan, was sy nie dieselfde meer.
    <time id="T297E" value="00:19:58,180" />
  </s>
  <s id="384">
    <time id="T298S" value="00:20:08,376" />
Dus, dat is dit dan, nie?
    <time id="T298E" value="00:20:10,167" />
  </s>
  <s id="385">
    <time id="T299S" value="00:20:10,217" />
Ons glo dat die afwesigheid van Ziva vrywillig is en jy ook.
    <time id="T300E" value="00:20:16,056" />
  </s>
  <s id="386">
    <time id="T301S" value="00:20:18,337" />
Alles wat die Mossad het oor gekende kontakte in die David familie.
    <time id="T301E" value="00:20:21,974" />
  </s>
  <s id="387">
    <time id="T302S" value="00:20:22,024" />
Baie geluk.
  </s>
  <s id="388">
- Direkteur.
    <time id="T302E" value="00:20:24,929" />
  </s>
  <s id="389">
    <time id="T303S" value="00:20:28,471" />
sy het iets agtergelaat in die veilige huis.
    <time id="T303E" value="00:20:31,731" />
  </s>
  <s id="390">
    <time id="T304S" value="00:20:32,305" />
Kan jy my help om dit terug te kry?
  </s>
  <s id="391">
- Kyk in die dossier.
    <time id="T304E" value="00:20:36,069" />
  </s>
  <s id="392">
    <time id="T305S" value="00:20:54,499" />
Bly in ons buurt, Mendez, volg die roete na die intensiewe soos beplan.
    <time id="T305E" value="00:20:58,366" />
  </s>
  <s id="393">
    <time id="T306S" value="00:20:58,416" />
Eens binne, het jy 30 minute met Walters.
  </s>
  <s id="394">
- Vensters en gordyne gesluit, ek weet dit.
    <time id="T306E" value="00:21:03,498" />
  </s>
  <s id="395">
    <time id="T307S" value="00:21:03,548" />
Nie met iemand anders praat sonder een van ons daarby, selfs nie aan jou selfoon.
    <time id="T307E" value="00:21:06,872" />
  </s>
  <s id="396">
    <time id="T308S" value="00:21:06,922" />
Kan ons na binne, die arme man het nie veel tyd.
    <time id="T308E" value="00:21:09,574" />
  </s>
  <s id="397">
    <time id="T309S" value="00:21:11,084" />
Wat sê ek juis oor die telefoon?
  </s>
  <s id="398">
- Jy is daarby, dit is besigheid, even maar.
    <time id="T309E" value="00:21:15,213" />
  </s>
  <s id="399">
    <time id="T310S" value="00:21:35,152" />
Waar is hy?
  </s>
  <s id="400">
- Ek het het twee probeer, baas.
    <time id="T310E" value="00:21:37,160" />
  </s>
  <s id="401">
    <time id="T311S" value="00:21:37,210" />
Hy neem nie op.
  </s>
  <s id="402">
- Probeer hom nog eens.
    <time id="T311E" value="00:21:39,815" />
  </s>
  <s id="403">
    <time id="T312S" value="00:21:47,583" />
Ja, ek is daar. 
  </s>
  <s id="404">
He, baas.
  </s>
  <s id="405">
- Die baard is baie swaar.
    <time id="T312E" value="00:21:51,778" />
  </s>
  <s id="406">
    <time id="T313S" value="00:21:51,828" />
Wanneer het jy jou laas geskeer?
  </s>
  <s id="407">
Kaïro?
    <time id="T313E" value="00:21:53,751" />
  </s>
  <s id="408">
    <time id="T314S" value="00:21:53,851" />
Dat dink ek. 
  </s>
  <s id="409">
Ek wou die vanoggend doen.
  </s>
  <s id="410">
- Is dit 'n slegte oomblik vir jou, DiNozzo?
    <time id="T314E" value="00:21:59,153" />
  </s>
  <s id="411">
    <time id="T315S" value="00:21:59,203" />
Nee, baas. 
  </s>
  <s id="412">
Dit is goed, ek is gereed.
  </s>
  <s id="413">
- Is jy nog steeds in Jemen?
    <time id="T315E" value="00:22:03,168" />
  </s>
  <s id="414">
    <time id="T316S" value="00:22:03,268" />
Israel, terug na Tel Aviv.
  </s>
  <s id="415">
Ek kom net van Be'er Sheva.
    <time id="T316E" value="00:22:06,466" />
  </s>
  <s id="416">
    <time id="T317S" value="00:22:06,516" />
Een van die kontakte van Ziva, euh, Nava Adi, het my vertel dat sy haar vorige week gesien het
    <time id="T318E" value="00:22:13,549" />
  </s>
  <s id="417">
    <time id="T319S" value="00:22:13,599" />
Ek kom in die buurt, ek voel dit.
  </s>
  <s id="418">
- Dat sê jy ook, twee maand gelede.
    <time id="T319E" value="00:22:17,452" />
  </s>
  <s id="419">
    <time id="T320S" value="00:22:18,051" />
Dus, hoe is het met julle?
    <time id="T320E" value="00:22:19,879" />
  </s>
  <s id="420">
    <time id="T321S" value="00:22:19,929" />
Is die vriend van die sniper al opgeduik?
  </s>
  <s id="421">
- Coldwell. 
  </s>
  <s id="422">
Nog steeds onvindbaar.
    <time id="T321E" value="00:22:24,197" />
  </s>
  <s id="423">
    <time id="T322S" value="00:22:24,826" />
Die ou Walters?
  </s>
  <s id="424">
- Die is daar nog.
    <time id="T322E" value="00:22:26,832" />
  </s>
  <s id="425">
    <time id="T323S" value="00:22:26,882" />
Niks opwindend sedert die ontploffing.
  </s>
  <s id="426">
Fornell het dit steeds oor die geluk dat Mendez die telefoon opgeneem het.
  </s>
  <s id="427">
Wat Parsa betref...
    <time id="T324E" value="00:22:33,905" />
  </s>
  <s id="428">
    <time id="T325S" value="00:22:33,955" />
Nee, genoeg. 
  </s>
  <s id="429">
Tensy hy 'n vlug na huis boekt, is 'n update vir hom verlore moeite.
    <time id="T326E" value="00:22:39,249" />
  </s>
  <s id="430">
    <time id="T327S" value="00:22:40,253" />
Wil jy dat ek Ziva opgee?
  </s>
  <s id="431">
- Dit het ek nie gesê nie.
    <time id="T327E" value="00:22:42,886" />
  </s>
  <s id="432">
    <time id="T328S" value="00:22:42,936" />
Gee jy haar op.
  </s>
  <s id="433">
- Dit het ek ook nie gesê nie.
    <time id="T328E" value="00:22:45,720" />
  </s>
  <s id="434">
    <time id="T329S" value="00:22:46,256" />
Baas, kan jy probeer om te sê wat jy sê?
    <time id="T329E" value="00:22:50,179" />
  </s>
  <s id="435">
    <time id="T330S" value="00:22:50,769" />
As Ziva nie wil gevind word, dan gaan jy haar nie soek nie.
    <time id="T330E" value="00:22:55,311" />
  </s>
  <s id="436">
    <time id="T331S" value="00:22:56,345" />
Ek sê dat jy dat sou moet respekteer.
  </s>
  <s id="437">
- Dat doe ik.
    <time id="T331E" value="00:23:00,338" />
  </s>
  <s id="438">
    <time id="T332S" value="00:23:00,638" />
Ek moet net, vir 'n paar dae verdwyn.
    <time id="T332E" value="00:23:06,621" />
  </s>
  <s id="439">
    <time id="T333S" value="00:23:07,117" />
Dat spoor volg.
  </s>
  <s id="440">
Ek het nog wat tyd nodig.
    <time id="T333E" value="00:23:10,875" />
  </s>
  <s id="441">
    <time id="T334S" value="00:23:10,925" />
Doen wat jy moet doen.
    <time id="T334E" value="00:23:13,637" />
  </s>
  <s id="442">
    <time id="T335S" value="00:23:20,649" />
Jy weet tog hoe moeilik dit was?
    <time id="T335E" value="00:23:23,166" />
  </s>
  <s id="443">
    <time id="T336S" value="00:23:24,786" />
Gibbs was verkeerd.
    <time id="T336E" value="00:23:26,894" />
  </s>
  <s id="444">
    <time id="T337S" value="00:23:27,690" />
Ek wou dat jy my nie sou vind en tog het jy het.
    <time id="T337E" value="00:23:31,853" />
  </s>
  <s id="445">
    <time id="T338S" value="00:23:31,903" />
Ek het het hom moet vertel.
    <time id="T338E" value="00:23:34,097" />
  </s>
  <s id="446">
    <time id="T339S" value="00:23:37,109" />
Jy kan nie op my deur klop en wil dat ek my ou lewe terug opneem.
    <time id="T339E" value="00:23:41,294" />
  </s>
  <s id="447">
    <time id="T340S" value="00:23:45,825" />
Ek moes die oproep aanneem.
  </s>
  <s id="448">
- Jy hoef niks van dit alles te doen.
    <time id="T340E" value="00:23:50,135" />
  </s>
  <s id="449">
    <time id="T341S" value="00:23:52,343" />
Hoekom is jy hier?
  </s>
  <s id="450">
- Omdat jy my genooi.
    <time id="T341E" value="00:23:56,335" />
  </s>
  <s id="451">
    <time id="T342S" value="00:23:57,087" />
Dit was voordat.
  </s>
  <s id="452">
- Vir wat?
    <time id="T342E" value="00:24:00,021" />
  </s>
  <s id="453">
    <time id="T343S" value="00:24:01,443" />
Jy het nie moet kom.
    <time id="T343E" value="00:24:03,890" />
  </s>
  <s id="454">
    <time id="T344S" value="00:24:08,795" />
Ons mense het dag en nag gewerk, mev die sekretaris.
    <time id="T344E" value="00:24:11,315" />
  </s>
  <s id="455">
    <time id="T345S" value="00:24:11,365" />
Daar twyfel ek nie aan, direkteur, maar die President wil vordering, resultate.
    <time id="T345E" value="00:24:15,296" />
  </s>
  <s id="456">
    <time id="T346S" value="00:24:15,346" />
En na maande van niks...
  </s>
  <s id="457">
- Mev, as ek even mag?
    <time id="T346E" value="00:24:18,818" />
  </s>
  <s id="458">
    <time id="T347S" value="00:24:18,918" />
'n Bietjie hulp van u sou geen kwaad kan.
  </s>
  <s id="459">
- Gibbs.
    <time id="T347E" value="00:24:21,978" />
  </s>
  <s id="460">
    <time id="T348S" value="00:24:22,749" />
Nee, asseblief.
    <time id="T348E" value="00:24:24,223" />
  </s>
  <s id="461">
    <time id="T349S" value="00:24:25,063" />
Agent Gibbs, met jou reputasie,
    <time id="T349E" value="00:24:27,029" />
  </s>
  <s id="462">
    <time id="T350S" value="00:24:27,079" />
Ek het verwag dat Parsa al lang skoongemaak sou wees.
    <time id="T350E" value="00:24:30,467" />
  </s>
  <s id="463">
    <time id="T351S" value="00:24:30,517" />
Dus, vertel me, asseblief, welke hulp verleen ek nie?
    <time id="T351E" value="00:24:33,871" />
  </s>
  <s id="464">
    <time id="T352S" value="00:24:33,921" />
Invloed.
  </s>
  <s id="465">
My reputasie eenkant, daar is maar 'n man wat nie meewerkt en hy is die enigste wat ons ken wat kontak gehad het met Parsa.
  </s>
  <s id="466">
- Kaptein Wayne.
    <time id="T354E" value="00:24:43,126" />
  </s>
  <s id="467">
    <time id="T355S" value="00:24:43,684" />
Onthef van sy pligte by JSOC, het hy 'n prokureur geneem.
    <time id="T355E" value="00:24:46,712" />
  </s>
  <s id="468">
    <time id="T356S" value="00:24:46,762" />
Wayne mag dan dood is vir JSOC.
  </s>
  <s id="469">
Vir ons is hy nie dood nie.
    <time id="T356E" value="00:24:49,756" />
  </s>
  <s id="470">
    <time id="T357S" value="00:24:49,806" />
En beslis nie vir u.
    <time id="T357E" value="00:24:52,218" />
  </s>
  <s id="471">
    <time id="T358S" value="00:24:52,418" />
Die toer wat hy u in Iran draai, moet spore nagelaat het.
    <time id="T358E" value="00:24:56,592" />
  </s>
  <s id="472">
    <time id="T359S" value="00:24:56,925" />
'n Oproep van u, kan ons samewerking tussen die agentskappe besorg.
    <time id="T359E" value="00:25:01,591" />
  </s>
  <s id="473">
    <time id="T360S" value="00:25:01,641" />
Reken daar maar op. 
  </s>
  <s id="474">
Waarom wag.
  </s>
  <s id="475">
Verbind me onmiddellik deur.
    <time id="T360E" value="00:25:05,088" />
  </s>
  <s id="476">
    <time id="T361S" value="00:25:07,089" />
Dit is direkteur Vance, bly aan die lyn vir die sekretaris van die navy.
    <time id="T361E" value="00:25:10,861" />
  </s>
  <s id="477">
    <time id="T362S" value="00:25:32,962" />
'n Ou vriend.
  </s>
  <s id="478">
Dankie.
    <time id="T362E" value="00:25:36,788" />
  </s>
  <s id="479">
    <time id="T363S" value="00:25:36,888" />
Jy vroeg hoe ek jou gevind het.
    <time id="T363E" value="00:25:39,627" />
  </s>
  <s id="480">
    <time id="T364S" value="00:25:39,827" />
'n Hele tyd al kyk ek vorentoe.
    <time id="T364E" value="00:25:42,768" />
  </s>
  <s id="481">
    <time id="T365S" value="00:25:43,671" />
Ek het myself wysgemaak "jy weet hoe sy dink".
    <time id="T365E" value="00:25:47,575" />
  </s>
  <s id="482">
    <time id="T366S" value="00:25:47,625" />
"Jy ken haar".
    <time id="T366E" value="00:25:49,180" />
  </s>
  <s id="483">
    <time id="T367S" value="00:25:49,230" />
"Die enigste ding wat jy moet doen, is haar volgende skuif vir te wees".
    <time id="T367E" value="00:25:51,969" />
  </s>
  <s id="484">
    <time id="T368S" value="00:25:52,169" />
Op 'n dag het ek 'n droom.
    <time id="T368E" value="00:25:54,259" />
  </s>
  <s id="485">
    <time id="T369S" value="00:25:55,109" />
Alles staan netjies op 'n ry.
    <time id="T369E" value="00:25:58,065" />
  </s>
  <s id="486">
    <time id="T370S" value="00:25:58,115" />
Jou familie onderduik adres, die foto van Ari, jy, jou ou vriendin Bashan.
    <time id="T370E" value="00:26:03,201" />
  </s>
  <s id="487">
    <time id="T371S" value="00:26:03,401" />
Toe ek wakker word, het ek geweet dat jy nie vorentoe kyk.
    <time id="T371E" value="00:26:07,545" />
  </s>
  <s id="488">
    <time id="T372S" value="00:26:07,745" />
Jy kyk agteruit.
    <time id="T372E" value="00:26:10,067" />
  </s>
  <s id="489">
    <time id="T373S" value="00:26:12,134" />
Ek aangespoor jy op tot in Amman, waar jou ma gedood is.
    <time id="T374E" value="00:26:16,975" />
  </s>
  <s id="490">
    <time id="T375S" value="00:26:17,275" />
Dan, die grafte van jou grootouers in Meron.
    <time id="T375E" value="00:26:21,528" />
  </s>
  <s id="491">
    <time id="T376S" value="00:26:21,578" />
Die operagebouw in Kaïro waar jy Tali het.
    <time id="T376E" value="00:26:25,811" />
  </s>
  <s id="492">
    <time id="T377S" value="00:26:27,522" />
Uiteindelik het ek jou hier gevind, natuurlik.
    <time id="T377E" value="00:26:32,806" />
  </s>
  <s id="493">
    <time id="T378S" value="00:26:34,548" />
Die huis waar jy gebore is.
    <time id="T378E" value="00:26:37,723" />
  </s>
  <s id="494">
    <time id="T379S" value="00:26:37,923" />
Na die dood van my vader, leek terugkeer na hierdie plekke, noodsaaklik.
    <time id="T379E" value="00:26:43,340" />
  </s>
  <s id="495">
    <time id="T380S" value="00:26:44,143" />
Dit het begin as iets goeds.
    <time id="T380E" value="00:26:46,637" />
  </s>
  <s id="496">
    <time id="T381S" value="00:26:47,477" />
Maar toe sien ek Deena Bashan en...
    <time id="T381E" value="00:26:50,903" />
  </s>
  <s id="497">
    <time id="T382S" value="00:26:50,953" />
Dit kom tog nie deur haar?
  </s>
  <s id="498">
- Nee, dit is nie deur haar, maar deur my.
    <time id="T382E" value="00:26:54,667" />
  </s>
  <s id="499">
    <time id="T383S" value="00:26:54,867" />
Jy moes Ari doodmaak, 'n iemand wat van hom gehou het, verander dit nie.
    <time id="T383E" value="00:26:59,353" />
  </s>
  <s id="500">
    <time id="T384S" value="00:26:59,453" />
Ja, maar ek het van hom gehou.
    <time id="T384E" value="00:27:01,434" />
  </s>
  <s id="501">
    <time id="T385S" value="00:27:01,484" />
Net soos van my vader, moeder en Tali.
    <time id="T385E" value="00:27:04,791" />
  </s>
  <s id="502">
    <time id="T386S" value="00:27:05,091" />
Hoe kan ek nie dink dat vir elke man wat ek gedood het, daar iemand is wat vir hom ween.
  </s>
  <s id="503">
- Dit maak deel uit van die werk.
    <time id="T387E" value="00:27:12,098" />
  </s>
  <s id="504">
    <time id="T388S" value="00:27:12,148" />
Daar moet jy dit by laat.
  </s>
  <s id="505">
- Deena het my die skuld gegee.
    <time id="T388E" value="00:27:15,616" />
  </s>
  <s id="506">
    <time id="T389S" value="00:27:16,156" />
Ek het gedink deur na al die plekke te gaan, ek alles sou kon uitwis.
    <time id="T389E" value="00:27:20,229" />
  </s>
  <s id="507">
    <time id="T390S" value="00:27:20,279" />
Maar elke halte het me duidelik gemaak dat ze gelyk het.
    <time id="T390E" value="00:27:22,683" />
  </s>
  <s id="508">
    <time id="T391S" value="00:27:23,083" />
Die sentrum van al die pyn is ek.
  </s>
  <s id="509">
- Ziva, so is jy nie.
    <time id="T391E" value="00:27:27,888" />
  </s>
  <s id="510">
    <time id="T392S" value="00:27:27,938" />
So is ek, Tony.
  </s>
  <s id="511">
Dit is wat ek van myself gemaak het.
    <time id="T392E" value="00:27:32,440" />
  </s>
  <s id="512">
    <time id="T393S" value="00:27:34,698" />
Maar dit is nie wie ek wou wees.
    <time id="T393E" value="00:27:37,658" />
  </s>
  <s id="513">
    <time id="T394S" value="00:27:39,058" />
Dat weet ek.
    <time id="T394E" value="00:27:41,510" />
  </s>
  <s id="514">
    <time id="T395S" value="00:27:41,810" />
Ek weet dit.
    <time id="T395E" value="00:27:44,458" />
  </s>
  <s id="515">
    <time id="T396S" value="00:27:50,988" />
Jy wou 'n ballerina word.
    <time id="T396E" value="00:27:54,008" />
  </s>
  <s id="516">
    <time id="T397S" value="00:27:58,242" />
" Stop dit vir hom".
  </s>
  <s id="517">
Wie?
    <time id="T397E" value="00:28:01,886" />
  </s>
  <s id="518">
    <time id="T398S" value="00:28:01,936" />
Ari? 
  </s>
  <s id="519">
Eli?
  </s>
  <s id="520">
God?
    <time id="T398E" value="00:28:04,753" />
  </s>
  <s id="521">
    <time id="T399S" value="00:28:05,155" />
Dit is veronderstel om begrawe te bly.
  </s>
  <s id="522">
- Orli gesoek ook na jou.
    <time id="T399E" value="00:28:09,005" />
  </s>
  <s id="523">
    <time id="T400S" value="00:28:12,432" />
Hierdie meisie was sterk.
    <time id="T400E" value="00:28:14,191" />
  </s>
  <s id="524">
    <time id="T401S" value="00:28:14,241" />
Had sy kan weggaan uit die wêreld van haar vader, dit sou anders geloop is.
    <time id="T402E" value="00:28:19,386" />
  </s>
  <s id="525">
    <time id="T403S" value="00:28:22,215" />
Het is nooit te laat.
    <time id="T403E" value="00:28:24,463" />
  </s>
  <s id="526">
    <time id="T404S" value="00:28:27,380" />
Ja, tog wel.
    <time id="T404E" value="00:28:29,782" />
  </s>
  <s id="527">
    <time id="T405S" value="00:28:34,267" />
Dit is die huis waarin jy gebore is.
    <time id="T405E" value="00:28:37,734" />
  </s>
  <s id="528">
    <time id="T406S" value="00:28:37,784" />
Die heelal smeek jou prakties om die lei skoon te vee.
    <time id="T406E" value="00:28:42,369" />
  </s>
  <s id="529">
    <time id="T407S" value="00:28:44,483" />
Ek het opgemerk dat daar heel wat ruimte is op die agterkant van hierdie lys.
    <time id="T407E" value="00:28:50,144" />
  </s>
  <s id="530">
    <time id="T408S" value="00:28:52,147" />
Om 'n nuwe te begin.
    <time id="T408E" value="00:28:54,960" />
  </s>
  <s id="531">
    <time id="T409S" value="00:28:55,867" />
Miskien kan ek jou daarmee help
    <time id="T409E" value="00:28:59,122" />
  </s>
  <s id="532">
    <time id="T410S" value="00:29:03,685" />
Dit is so jammer, Gibbs.
  </s>
  <s id="533">
- Kon jy jou huwelik red?
    <time id="T410E" value="00:29:06,481" />
  </s>
  <s id="534">
    <time id="T411S" value="00:29:06,531" />
My kinders wil nie eens praat met my.
    <time id="T411E" value="00:29:08,904" />
  </s>
  <s id="535">
    <time id="T412S" value="00:29:09,004" />
Dit was dit eintlik nie die moeite werd, is dit nie?
    <time id="T412E" value="00:29:11,592" />
  </s>
  <s id="536">
    <time id="T413S" value="00:29:12,098" />
Luister, ek wag net op die datum van my proses.
    <time id="T413E" value="00:29:14,133" />
  </s>
  <s id="537">
    <time id="T414S" value="00:29:14,183" />
Om dit te probeer agter my te laat.
  </s>
  <s id="538">
- Niks is agter jou, Wayne.
    <time id="T414E" value="00:29:17,818" />
  </s>
  <s id="539">
    <time id="T415S" value="00:29:17,868" />
Niks is agter geen van ons.
  </s>
  <s id="540">
Jy moet begin met praat.
    <time id="T415E" value="00:29:21,481" />
  </s>
  <s id="541">
    <time id="T416S" value="00:29:21,531" />
Wie is die kêrels?
  </s>
  <s id="542">
Waar is Parsa?
    <time id="T416E" value="00:29:24,251" />
  </s>
  <s id="543">
    <time id="T417S" value="00:29:24,301" />
Die enigste ding wat ek het is teksboodskappe.
    <time id="T417E" value="00:29:25,919" />
  </s>
  <s id="544">
    <time id="T418S" value="00:29:25,969" />
Ek het probeer om met behulp van JSOC om enkele name te koppel, maar alle gesprekke was nie geregistreer nie.
    <time id="T419E" value="00:29:30,996" />
  </s>
  <s id="545">
    <time id="T420S" value="00:29:31,046" />
Slegs 'n 305 gebiedskode.
  </s>
  <s id="546">
- 305?
    <time id="T420E" value="00:29:34,755" />
  </s>
  <s id="547">
    <time id="T421S" value="00:29:34,855" />
Ek weet dat jy 'n skuilplek gevind in Arizona.
    <time id="T421E" value="00:29:37,485" />
  </s>
  <s id="548">
    <time id="T422S" value="00:29:37,585" />
Maar alle kommunikasie na me gekom het vanuit Florida.
    <time id="T422E" value="00:29:41,225" />
  </s>
  <s id="549">
    <time id="T423S" value="00:29:41,325" />
Nog iets?
    <time id="T423E" value="00:29:43,809" />
  </s>
  <s id="550">
    <time id="T424S" value="00:29:46,729" />
Jy kry hier die kans, Wayne, om iets goed te maak.
    <time id="T424E" value="00:29:49,933" />
  </s>
  <s id="551">
    <time id="T425S" value="00:29:51,483" />
Jy kry daar geen tweede.
    <time id="T425E" value="00:29:54,087" />
  </s>
  <s id="552">
    <time id="T426S" value="00:29:54,666" />
Ek wou dat ek dit kon.
    <time id="T426E" value="00:29:57,085" />
  </s>
  <s id="553">
    <time id="T427S" value="00:29:57,809" />
Ek wil dit goedmaak.
    <time id="T427E" value="00:30:00,385" />
  </s>
  <s id="554">
    <time id="T428S" value="00:30:00,435" />
Glo my, dit wil ek.
  </s>
  <s id="555">
- Doen dit dan volgende keer goed.
    <time id="T428E" value="00:30:04,344" />
  </s>
  <s id="556">
    <time id="T429S" value="00:30:05,757" />
Nie net wat vir jou goed is.
    <time id="T429E" value="00:30:08,457" />
  </s>
  <s id="557">
    <time id="T430S" value="00:30:19,181" />
Gee jou wapen af.
    <time id="T430E" value="00:30:21,097" />
  </s>
  <s id="558">
    <time id="T431S" value="00:30:41,080" />
Jy het geen idee wat jy vanaand te wag staan.
    <time id="T431E" value="00:30:44,673" />
  </s>
  <s id="559">
    <time id="T432S" value="00:30:49,202" />
Jy ook nie.
    <time id="T432E" value="00:30:51,135" />
  </s>
  <s id="560">
    <time id="T433S" value="00:31:19,030" />
Voel jy beter?
  </s>
  <s id="561">
- Nee.
    <time id="T433E" value="00:31:21,620" />
  </s>
  <s id="562">
    <time id="T434S" value="00:31:22,075" />
Maar dit is 'n begin.
    <time id="T434E" value="00:31:24,332" />
  </s>
  <s id="563">
    <time id="T435S" value="00:31:24,943" />
Jy hoef dit nie alleen te doen.
    <time id="T435E" value="00:31:27,267" />
  </s>
  <s id="564">
    <time id="T436S" value="00:31:29,290" />
Kom mee met me terug na Washington DC.
    <time id="T436E" value="00:31:31,930" />
  </s>
  <s id="565">
    <time id="T437S" value="00:31:32,518" />
Die eerste op my nuwe lys was,
    <time id="T437E" value="00:31:34,617" />
  </s>
  <s id="566">
    <time id="T438S" value="00:31:35,843" />
" Ek laat die penning vaar".
  </s>
  <s id="567">
- Ek het dit nie oor die NCIS.
    <time id="T438E" value="00:31:39,259" />
  </s>
  <s id="568">
    <time id="T439S" value="00:31:39,661" />
Luister, jy mag vir my part inkopiesakke vul.
    <time id="T439E" value="00:31:42,432" />
  </s>
  <s id="569">
    <time id="T440S" value="00:31:43,494" />
Kom net na huis.
    <time id="T440E" value="00:31:46,025" />
  </s>
  <s id="570">
    <time id="T441S" value="00:31:48,324" />
Ek sou graag wou dat jy met my na huis gaan.
    <time id="T441E" value="00:31:51,278" />
  </s>
  <s id="571">
    <time id="T442S" value="00:31:51,328" />
Ek dink nie dat dit 'n goed...
  </s>
  <s id="572">
- He, luister.
    <time id="T442E" value="00:31:54,248" />
  </s>
  <s id="573">
    <time id="T443S" value="00:31:54,298" />
Ek weet dat die moei...
    <time id="T443E" value="00:31:57,155" />
  </s>
  <s id="574">
    <time id="T444S" value="00:31:59,548" />
Ek weet dat jy ook wil verander.
    <time id="T444E" value="00:32:02,479" />
  </s>
  <s id="575">
    <time id="T445S" value="00:32:04,978" />
Ek kan saam met jou verander.
    <time id="T445E" value="00:32:07,625" />
  </s>
  <s id="576">
    <time id="T446S" value="00:32:31,138" />
Ek veg vir jou, Ziva.
  </s>
  <s id="577">
- Dat weet ek.
    <time id="T446E" value="00:32:34,579" />
  </s>
  <s id="578">
    <time id="T447S" value="00:32:38,617" />
Rooftogte.
  </s>
  <s id="579">
Aanrandings.
    <time id="T447E" value="00:32:42,711" />
  </s>
  <s id="580">
    <time id="T448S" value="00:32:42,761" />
Nie presies die internasionale sameswering tipe.
    <time id="T448E" value="00:32:45,690" />
  </s>
  <s id="581">
    <time id="T449S" value="00:32:45,740" />
Wat vir sameswering?
    <time id="T449E" value="00:32:47,439" />
  </s>
  <s id="582">
    <time id="T450S" value="00:32:47,489" />
Ek is net betaal om jou uit die beeld te haal, meer nie.
    <time id="T450E" value="00:32:50,650" />
  </s>
  <s id="583">
    <time id="T451S" value="00:32:51,103" />
Ja, maar dit het nie gewerk nie, of wel?
    <time id="T451E" value="00:32:53,556" />
  </s>
  <s id="584">
    <time id="T452S" value="00:32:56,011" />
Wie het jy betaal?
    <time id="T452E" value="00:32:57,753" />
  </s>
  <s id="585">
    <time id="T453S" value="00:32:57,953" />
Weet ek nie. 
  </s>
  <s id="586">
Ek kry sms-boodskappe en sakke vol geld nadien.
    <time id="T453E" value="00:33:02,045" />
  </s>
  <s id="587">
    <time id="T454S" value="00:33:02,145" />
Na wat?
    <time id="T454E" value="00:33:04,419" />
  </s>
  <s id="588">
    <time id="T455S" value="00:33:06,321" />
Wat gebeur vanaand?
  </s>
  <s id="589">
- Het jy maat Wayne het jy nie vertel?
    <time id="T455E" value="00:33:09,641" />
  </s>
  <s id="590">
    <time id="T456S" value="00:33:09,841" />
Luister, ek probeer jou geen hartseer te besorg.
    <time id="T456E" value="00:33:12,069" />
  </s>
  <s id="591">
    <time id="T457S" value="00:33:12,119" />
Wayne het nie geweet dat hy my na jou gelei het.
    <time id="T457E" value="00:33:14,851" />
  </s>
  <s id="592">
    <time id="T458S" value="00:33:14,901" />
Miskien moet jy hom die vrae wat harder probeer te stel.
    <time id="T458E" value="00:33:18,200" />
  </s>
  <s id="593">
    <time id="T459S" value="00:33:19,778" />
Baas, jy gaan dit nie glo nie.
    <time id="T459E" value="00:33:23,454" />
  </s>
  <s id="594">
    <time id="T460S" value="00:33:27,597" />
Die man het 'n hoop vercijferde nommers op sy selfoon.
    <time id="T460E" value="00:33:30,759" />
  </s>
  <s id="595">
    <time id="T461S" value="00:33:30,809" />
Opdrag om jou weg te hou van 'n vooraf bepaalde doel.
    <time id="T461E" value="00:33:33,797" />
  </s>
  <s id="596">
    <time id="T462S" value="00:33:33,847" />
Almal van vals getalle met dieselfde 305 gebiedskode.
    <time id="T462E" value="00:33:36,766" />
  </s>
  <s id="597">
    <time id="T463S" value="00:33:36,816" />
Watter deel gaan ek nie glo nie, McGee?
  </s>
  <s id="598">
- Dit deel dat ek nie geloof.
    <time id="T463E" value="00:33:40,369" />
  </s>
  <s id="599">
    <time id="T464S" value="00:33:40,419" />
Ek traceerde die geblokkeer getalle tot 'n mainframe, eiendom van 'n paar vals maatskappye.
    <time id="T465E" value="00:33:44,271" />
  </s>
  <s id="600">
    <time id="T466S" value="00:33:44,321" />
Die ene buffer na die ander, tot ek by 'n werklik maatskappy kom, genoem Gran Castillo.
  </s>
  <s id="601">
'n Real Estate maatskappy.
    <time id="T467E" value="00:33:50,588" />
  </s>
  <s id="602">
    <time id="T468S" value="00:33:50,960" />
Mendez.
    <time id="T468E" value="00:33:52,795" />
  </s>
  <s id="603">
    <time id="T469S" value="00:33:54,566" />
Ook dit nog, die kort afstand ontstekers gebruik in beide bomaanvalle, stuur met behulp van 'n selfoon sein.
  </s>
  <s id="604">
- Die telefoon van Mendez.
    <time id="T470E" value="00:34:00,664" />
  </s>
  <s id="605">
    <time id="T471S" value="00:34:00,714" />
Die oproep aan die hospitaal, dit was hy wat die bom veroorsaak.
    <time id="T471E" value="00:34:03,381" />
  </s>
  <s id="606">
    <time id="T472S" value="00:34:03,431" />
Die rede waarom hy by die anti terreurbeweging sit is dalk om manne soos Walters wat steun verleen teen te hou.
    <time id="T473E" value="00:34:08,293" />
  </s>
  <s id="607">
    <time id="T474S" value="00:34:08,343" />
Bel Fornell.
  </s>
  <s id="608">
Rig 'n span op.
    <time id="T474E" value="00:34:10,346" />
  </s>
  <s id="609">
    <time id="T475S" value="00:34:10,396" />
Stuur elke agent na die schuiladres, ook die FBI.
    <time id="T475E" value="00:34:13,397" />
  </s>
  <s id="610">
    <time id="T476S" value="00:34:13,447" />
En jy?
    <time id="T476E" value="00:34:15,251" />
  </s>
  <s id="611">
    <time id="T477S" value="00:34:23,347" />
Waar gebeur dit vanaand?
    <time id="T477E" value="00:34:25,951" />
  </s>
  <s id="612">
    <time id="T478S" value="00:34:26,845" />
Wat as ek dit vir jou nie vertel.
    <time id="T478E" value="00:34:28,878" />
  </s>
  <s id="613">
    <time id="T479S" value="00:34:45,708" />
Jy bereik agent Tobias Fornell van die FBI...
    <time id="T479E" value="00:34:49,110" />
  </s>
  <s id="614">
    <time id="T480S" value="00:34:49,210" />
Kom ons gaan.
    <time id="T480E" value="00:34:50,897" />
  </s>
  <s id="615">
    <time id="T481S" value="00:34:52,280" />
Nie die goeie oomblik?
  </s>
  <s id="616">
- Ek bel wel terug.
    <time id="T481E" value="00:34:54,531" />
  </s>
  <s id="617">
    <time id="T482S" value="00:34:54,581" />
Ek sit met die laaste besoek aan jou vriend Walters nog in my kop.
    <time id="T482E" value="00:34:58,065" />
  </s>
  <s id="618">
    <time id="T483S" value="00:34:58,115" />
Kon ek dit maar vergeet.
    <time id="T483E" value="00:35:00,375" />
  </s>
  <s id="619">
    <time id="T484S" value="00:35:11,088" />
Ek het die sekuriteit span van Walters in sig.
    <time id="T484E" value="00:35:13,511" />
  </s>
  <s id="620">
    <time id="T485S" value="00:35:13,561" />
Walters voel prettiger in die hospitaal.
    <time id="T485E" value="00:35:15,863" />
  </s>
  <s id="621">
    <time id="T486S" value="00:35:15,913" />
Ek sou my laaste dae liefst by die huis deurbring.
    <time id="T486E" value="00:35:18,146" />
  </s>
  <s id="622">
    <time id="T487S" value="00:35:18,196" />
Hoeveel skenk hy eintlik?
  </s>
  <s id="623">
- Twee miljard dollar teen terrorisme.
    <time id="T487E" value="00:35:22,433" />
  </s>
  <s id="624">
    <time id="T488S" value="00:35:30,258" />
Die doelwitte is afgeskakel.
  </s>
  <s id="625">
Die plek is heeltemal vir jou.
    <time id="T488E" value="00:35:32,832" />
  </s>
  <s id="626">
    <time id="T489S" value="00:35:32,882" />
Plant die toestel en gaan na buite.
    <time id="T489E" value="00:35:35,259" />
  </s>
  <s id="627">
    <time id="T490S" value="00:35:43,208" />
Coldwell.
    <time id="T490E" value="00:35:44,879" />
  </s>
  <s id="628">
    <time id="T491S" value="00:35:45,185" />
Wat doen jy hier, Wayne?
    <time id="T491E" value="00:35:46,753" />
  </s>
  <s id="629">
    <time id="T492S" value="00:35:46,803" />
Ons sit goed.
  </s>
  <s id="630">
Dit loop soos 'n klok.
    <time id="T492E" value="00:35:49,107" />
  </s>
  <s id="631">
    <time id="T493S" value="00:35:49,157" />
Ek kan daar nie mee voortgaan.
  </s>
  <s id="632">
Nou nie. 
  </s>
  <s id="633">
Dit is verkeerd.
    <time id="T493E" value="00:35:52,707" />
  </s>
  <s id="634">
    <time id="T494S" value="00:36:14,788" />
Gibbs, die telefoon van Mendez.
    <time id="T495E" value="00:36:21,065" />
  </s>
  <s id="635">
    <time id="T496S" value="00:36:27,015" />
Doen dit, Gibbs.
    <time id="T496E" value="00:36:29,008" />
  </s>
  <s id="636">
    <time id="T497S" value="00:36:29,208" />
Doen dit.
    <time id="T497E" value="00:36:31,509" />
  </s>
  <s id="637">
    <time id="T498S" value="00:37:07,336" />
Gaan die beveiligingsteam van Walters.
  </s>
  <s id="638">
Ek sien hulle nie.
    <time id="T498E" value="00:37:10,532" />
  </s>
  <s id="639">
    <time id="T499S" value="00:37:17,453" />
Laat me even die telefoon opneem.
  </s>
  <s id="640">
- Moet ons die reëls nog eens oorloop?
    <time id="T499E" value="00:37:19,994" />
  </s>
  <s id="641">
    <time id="T500S" value="00:37:20,044" />
Ek ken hulle uit my kop.
    <time id="T500E" value="00:37:22,136" />
  </s>
  <s id="642">
    <time id="T501S" value="00:37:35,826" />
Skote gevuurd, skote gevuurd.
    <time id="T501E" value="00:37:38,008" />
  </s>
  <s id="643">
    <time id="T502S" value="00:37:45,556" />
Mendez geleef het heeltemal in teenstelling van hoe hy hom voordoen aan die buitewêreld en almal vir die voordeel.
  </s>
  <s id="644">
- Wat die wêreld sien was nie regtig nie.
    <time id="T503E" value="00:37:51,914" />
  </s>
  <s id="645">
    <time id="T504S" value="00:37:52,211" />
Ek kan dit nie glo nie, hy het geskiet me in m'n gat.
    <time id="T504E" value="00:37:55,417" />
  </s>
  <s id="646">
    <time id="T505S" value="00:37:55,467" />
'n Oppervlakkige wonde, deur en deur.
  </s>
  <s id="647">
- Deur die gat.
    <time id="T505E" value="00:37:58,654" />
  </s>
  <s id="648">
    <time id="T506S" value="00:37:59,077" />
Pynstillers.
    <time id="T506E" value="00:38:00,557" />
  </s>
  <s id="649">
    <time id="T507S" value="00:38:00,607" />
Waarom sien ek dit nie, Gibbs?
  </s>
  <s id="650">
- Ons sien dit alles nie.
    <time id="T507E" value="00:38:03,143" />
  </s>
  <s id="651">
    <time id="T508S" value="00:38:03,193" />
Maar ek is daar voor in die gat geskiet.
    <time id="T508E" value="00:38:05,629" />
  </s>
  <s id="652">
    <time id="T509S" value="00:38:08,795" />
Dit was nie net Mendez.
  </s>
  <s id="653">
- Nee, Parsa trek aan die leisels.
    <time id="T509E" value="00:38:13,265" />
  </s>
  <s id="654">
    <time id="T510S" value="00:38:13,315" />
Hy loop nog iewers rond.
  </s>
  <s id="655">
- Ja.
    <time id="T510E" value="00:38:16,169" />
  </s>
  <s id="656">
    <time id="T511S" value="00:38:16,975" />
En nie alleen nie.
    <time id="T511E" value="00:38:19,207" />
  </s>
  <s id="657">
    <time id="T512S" value="00:38:29,545" />
Daar is nog tyd om van gedagtes te verander.
    <time id="T512E" value="00:38:32,075" />
  </s>
  <s id="658">
    <time id="T513S" value="00:38:38,697" />
Wat moet ek gaan vertel?
    <time id="T513E" value="00:38:40,910" />
  </s>
  <s id="659">
    <time id="T514S" value="00:38:41,304" />
Dat jy gelyk het.
    <time id="T514E" value="00:38:43,380" />
  </s>
  <s id="660">
    <time id="T515S" value="00:38:44,005" />
Ek moet weer begin.
  </s>
  <s id="661">
- Goed.
    <time id="T515E" value="00:38:46,991" />
  </s>
  <s id="662">
    <time id="T516S" value="00:38:47,041" />
Jy en ek weet dat dit vir Abby nie genoeg sal wees.
    <time id="T516E" value="00:38:49,910" />
  </s>
  <s id="663">
    <time id="T517S" value="00:38:51,974" />
Sê haar dat ek Gibbs eer.
    <time id="T517E" value="00:38:57,881" />
  </s>
  <s id="664">
    <time id="T518S" value="00:38:58,692" />
Gibbs?
    <time id="T518E" value="00:39:00,609" />
  </s>
  <s id="665">
    <time id="T519S" value="00:39:01,984" />
" Stop dit vir hom".
  </s>
  <s id="666">
- Natuurlik.
    <time id="T519E" value="00:39:05,844" />
  </s>
  <s id="667">
    <time id="T520S" value="00:39:06,217" />
Gibbs.
    <time id="T520E" value="00:39:08,325" />
  </s>
  <s id="668">
    <time id="T521S" value="00:39:08,680" />
Ek wil hom trots maak.
    <time id="T521E" value="00:39:10,488" />
  </s>
  <s id="669">
    <time id="T522S" value="00:39:10,538" />
Hy het my geleer om my hart te volg en ek weet dat ek...
    <time id="T522E" value="00:39:14,060" />
  </s>
  <s id="670">
    <time id="T523S" value="00:39:16,492" />
Ek moet dit, alleen doen.
    <time id="T524E" value="00:39:21,390" />
  </s>
  <s id="671">
    <time id="T525S" value="00:39:22,236" />
Ek moet alles loslaat, of ek word teruggetrek na waar ek begin het.
    <time id="T526E" value="00:39:29,371" />
  </s>
  <s id="672">
    <time id="T527S" value="00:39:29,643" />
Sê dat aan Abby vir me.
    <time id="T527E" value="00:39:32,359" />
  </s>
  <s id="673">
    <time id="T528S" value="00:39:32,787" />
Sy sal dit begryp.
    <time id="T528E" value="00:39:35,361" />
  </s>
  <s id="674">
    <time id="T529S" value="00:39:35,411" />
Dit doen ek.
    <time id="T529E" value="00:39:37,288" />
  </s>
  <s id="675">
    <time id="T530S" value="00:39:39,243" />
Dus, hoe gaan dit met Gibbs?
    <time id="T530E" value="00:39:41,831" />
  </s>
  <s id="676">
    <time id="T531S" value="00:39:41,881" />
Gaan jy hom bel?
    <time id="T531E" value="00:39:44,259" />
  </s>
  <s id="677">
    <time id="T532S" value="00:39:45,329" />
Dat weet ek nie.
  </s>
  <s id="678">
- Jy moet die man bel.
    <time id="T532E" value="00:39:47,298" />
  </s>
  <s id="679">
    <time id="T533S" value="00:39:47,348" />
Ek weet nie of ek dit kan.
  </s>
  <s id="680">
- Oh, dat kom wel in orde.
    <time id="T533E" value="00:39:50,781" />
  </s>
  <s id="681">
    <time id="T534S" value="00:39:50,831" />
Jy weet hoe hy is aan die telefoon, die funksionele zwijger.
    <time id="T534E" value="00:39:54,229" />
  </s>
  <s id="682">
    <time id="T535S" value="00:39:54,279" />
Jy gaan nouliks weet dat hy daar is.
    <time id="T535E" value="00:39:56,936" />
  </s>
  <s id="683">
    <time id="T536S" value="00:39:57,500" />
Hy is 'n goeie luisteraar.
    <time id="T536E" value="00:39:59,800" />
  </s>
  <s id="684">
    <time id="T537S" value="00:40:02,830" />
Tony, jy is so...
    <time id="T537E" value="00:40:06,396" />
  </s>
  <s id="685">
    <time id="T538S" value="00:40:08,375" />
Knap? 
  </s>
  <s id="686">
Snaaks?
  </s>
  <s id="687">
Wat?
    <time id="T538E" value="00:40:11,507" />
  </s>
  <s id="688">
    <time id="T539S" value="00:40:13,443" />
Lief.
    <time id="T539E" value="00:40:15,552" />
  </s>
  <s id="689">
    <time id="T540S" value="00:40:39,241" />
OK.
    <time id="T540E" value="00:40:41,034" />
  </s>
  <s id="690">
    <time id="T541S" value="00:40:43,178" />
Dit is nie maklik nie.
    <time id="T541E" value="00:40:45,864" />
  </s>
  <s id="691">
    <time id="T542S" value="00:40:52,398" />
Die moeilikste 180 grade van my lewe.
    <time id="T542E" value="00:40:55,425" />
  </s>
  <s id="692">
    <time id="T543S" value="00:42:43,329" />
He, Ziver.
    <time id="T543E" value="00:42:45,670" />
  </s>
  <s id="693">
    <time id="T544S" value="00:42:48,265" />
Vertaling en sync deur: 
  </s>
  <s id="694">
Rie van die Buggy 's
    <time id="T544E" value="00:42:54,007" />
  </s>
  <meta>
    <conversion>
      <tokens>5759</tokens>
      <encoding>windows-1252</encoding>
      <corrected_words>0</corrected_words>
      <truecased_words>2</truecased_words>
      <unknown_words>0</unknown_words>
      <sentences>694</sentences>
      <ignored_blocks>0</ignored_blocks>
    </conversion>
    <subtitle>
      <machine_translated>0</machine_translated>
      <date>2013-11-24</date>
      <language>Afrikaans</language>
      <confidence>1.0</confidence>
      <duration>00:42:54,007</duration>
      <blocks>544</blocks>
      <version>1</version>
      <rating>1.0</rating>
    </subtitle>
    <source>
      <year>2013</year>
      <duration>44</duration>
      <cds>1/1</cds>
      <genre>Action,Comedy,Crime</genre>
      <HD>1</HD>
    </source>
  </meta>
</document>
