<?xml version="1.0" encoding="utf-8"?>
<document id="5324436">
  <s id="1">
    <time id="T1S" value="00:00:00,300" />
NCIS.S11E02.HDTV.x264-LOL
    <time id="T1E" value="00:00:01,759" />
  </s>
  <s id="2">
    <time id="T2S" value="00:00:01,860" />
Vroeër in NCIS.
    <time id="T2E" value="00:00:04,172" />
  </s>
  <s id="3">
    <time id="T3S" value="00:00:06,036" />
Die sekretaris van die navy is dood, kaptein.
    <time id="T3E" value="00:00:08,890" />
  </s>
  <s id="4">
    <time id="T4S" value="00:00:08,940" />
Ek het geweet dat na Jarvis, jy die volgende was.
    <time id="T4E" value="00:00:11,147" />
  </s>
  <s id="5">
    <time id="T5S" value="00:00:11,197" />
Jy loop gevaar, Gibbs.
    <time id="T5E" value="00:00:12,833" />
  </s>
  <s id="6">
    <time id="T6S" value="00:00:14,066" />
Ek is gebel, om agent Gibbs na Iran te stuur.
    <time id="T6E" value="00:00:16,528" />
  </s>
  <s id="7">
    <time id="T7S" value="00:00:16,578" />
Kaptein Wayne, wie betaal jou?
  </s>
  <s id="8">
- Dat weet ek nie.
    <time id="T7E" value="00:00:19,021" />
  </s>
  <s id="9">
    <time id="T8S" value="00:00:19,121" />
Parsa rig 'n nuwe skrik sel op.
  </s>
  <s id="10">
- Wie is hul volgende teiken?
    <time id="T8E" value="00:00:22,039" />
  </s>
  <s id="11">
    <time id="T9S" value="00:00:22,089" />
Ziva David.
  </s>
  <s id="12">
- As Ziva in die probleme sit, kan die penning van pas kom.
  </s>
  <s id="13">
- As jy dit haar kan besorg, speel ek mee.
    <time id="T10E" value="00:00:28,198" />
  </s>
  <s id="14">
    <time id="T11S" value="00:00:28,248" />
Jy wil dat ek 'n ex Mossad agent vind, wat opgelei is om te verdwyn?
    <time id="T11E" value="00:00:32,157" />
  </s>
  <s id="15">
    <time id="T12S" value="00:00:32,207" />
Beslis.
  </s>
  <s id="16">
- Ziva was hier.
    <time id="T12E" value="00:00:34,207" />
  </s>
  <s id="17">
    <time id="T13S" value="00:00:34,257" />
Hoe weet jy dat die Ziva was?
  </s>
  <s id="18">
- Omdat sy het ons vertel.
    <time id="T13E" value="00:00:37,106" />
  </s>
  <s id="19">
    <time id="T14S" value="00:00:39,589" />
Praat met my, Ziva.
    <time id="T14E" value="00:00:42,001" />
  </s>
  <s id="20">
    <time id="T15S" value="00:00:42,051" />
Waar is jy?
    <time id="T15E" value="00:00:44,369" />
  </s>
  <s id="21">
    <time id="T16S" value="00:00:46,101" />
die einde van Mei
    <time id="T16E" value="00:00:48,779" />
  </s>
  <s id="22">
    <time id="T17S" value="00:00:58,567" />
Ziva.
    <time id="T17E" value="00:01:00,392" />
  </s>
  <s id="23">
    <time id="T18S" value="00:01:01,086" />
Moenie bekommerd wees nie.
  </s>
  <s id="24">
Dit kom goed met ons.
    <time id="T18E" value="00:01:04,865" />
  </s>
  <s id="25">
    <time id="T19S" value="00:01:06,070" />
Gaan dit?
    <time id="T19E" value="00:01:08,404" />
  </s>
  <s id="26">
    <time id="T20S" value="00:01:09,440" />
Wil jy daaruit?
    <time id="T20E" value="00:01:11,778" />
  </s>
  <s id="27">
    <time id="T21S" value="00:01:13,947" />
Nee.
  </s>
  <s id="28">
Nee, dit is prima, dankie.
    <time id="T21E" value="00:01:16,866" />
  </s>
  <s id="29">
    <time id="T22S" value="00:01:20,215" />
NCIS Seisoen 11 
  </s>
  <s id="30">
- Episode 2 Past, Present and Future
    <time id="T22E" value="00:01:25,377" />
  </s>
  <s id="31">
    <time id="T23S" value="00:01:46,180" />
Vertaling en sync deur: 
  </s>
  <s id="32">
Rie van die Buggy 's
    <time id="T23E" value="00:01:50,088" />
  </s>
  <s id="33">
    <time id="T24S" value="00:01:57,366" />
Agent DiNozzo.
  </s>
  <s id="34">
As jy met ons wil meekomen, asseblief.
    <time id="T24E" value="00:02:01,096" />
  </s>
  <s id="35">
    <time id="T25S" value="00:02:02,933" />
Verkoop julle timesharing?
    <time id="T25E" value="00:02:04,915" />
  </s>
  <s id="36">
    <time id="T26S" value="00:02:05,821" />
Mossad, stap in.
    <time id="T26E" value="00:02:08,641" />
  </s>
  <s id="37">
    <time id="T27S" value="00:02:09,866" />
Ons het inligting, wat die moeite werd vir jou is.
    <time id="T27E" value="00:02:13,378" />
  </s>
  <s id="38">
    <time id="T28S" value="00:02:21,870" />
Agent DiNozzo, welkom terug in Israel.
    <time id="T28E" value="00:02:25,055" />
  </s>
  <s id="39">
    <time id="T29S" value="00:02:25,155" />
Dankie, direkteur.
  </s>
  <s id="40">
- Hallo, Tony.
    <time id="T29E" value="00:02:28,069" />
  </s>
  <s id="41">
    <time id="T30S" value="00:02:30,183" />
Adam, het jy die groot stap gestel van Shin Bet na Mossad?
    <time id="T30E" value="00:02:33,354" />
  </s>
  <s id="42">
    <time id="T31S" value="00:02:33,404" />
Of is jy hier enkel om hallo te sê?
  </s>
  <s id="43">
- Jy weet waarom ek hier is.
    <time id="T31E" value="00:02:36,131" />
  </s>
  <s id="44">
    <time id="T32S" value="00:02:36,181" />
Is dit so?
    <time id="T32E" value="00:02:37,873" />
  </s>
  <s id="45">
    <time id="T33S" value="00:02:37,923" />
Wees gerus, agent DiNozzo, ons het net 'n doel.
    <time id="T33E" value="00:02:41,942" />
  </s>
  <s id="46">
    <time id="T34S" value="00:02:42,042" />
En dat is?
  </s>
  <s id="47">
- Ziva David vind.
    <time id="T34E" value="00:02:45,443" />
  </s>
  <s id="48">
    <time id="T35S" value="00:02:47,593" />
Agente.
  </s>
  <s id="49">
Kom binne, asseblief.
    <time id="T35E" value="00:02:50,007" />
  </s>
  <s id="50">
    <time id="T36S" value="00:02:50,207" />
Sekretaris Sarah Porter, ek wil dat u ons eigenste spesiale agent Leroy Gibbs ontmoet.
    <time id="T36E" value="00:02:55,169" />
  </s>
  <s id="51">
    <time id="T37S" value="00:02:55,369" />
Gibbs.
    <time id="T37E" value="00:02:57,628" />
  </s>
  <s id="52">
    <time id="T38S" value="00:02:57,928" />
Die naam ken ek.
    <time id="T38E" value="00:02:59,548" />
  </s>
  <s id="53">
    <time id="T39S" value="00:02:59,648" />
En FBI agent Tobias Fornell.
  </s>
  <s id="54">
- Mev die sekretaris.
    <time id="T39E" value="00:03:02,687" />
  </s>
  <s id="55">
    <time id="T40S" value="00:03:02,737" />
Ek moet nog gewoond raak aan die titel.
    <time id="T40E" value="00:03:04,327" />
  </s>
  <s id="56">
    <time id="T41S" value="00:03:04,377" />
Hierdie aanstelling is, op sy minste te sê, bittersoet.
    <time id="T41E" value="00:03:07,172" />
  </s>
  <s id="57">
    <time id="T42S" value="00:03:07,222" />
Clayton Jarvis was 'n vriend.
  </s>
  <s id="58">
- Ook vir ons, mev.
    <time id="T42E" value="00:03:09,998" />
  </s>
  <s id="59">
    <time id="T43S" value="00:03:10,398" />
Laat die formaliteite dan maar en bring my op die hoogte oor die skrik sel, "Brotherhood of Doubt".
    <time id="T44E" value="00:03:15,675" />
  </s>
  <s id="60">
    <time id="T45S" value="00:03:15,725" />
Dit klink seker dreigend.
    <time id="T45E" value="00:03:17,458" />
  </s>
  <s id="61">
    <time id="T46S" value="00:03:17,508" />
Uit die bewyse van die skuiling in Arizona, kon ons geen lede vind.
  </s>
  <s id="62">
- FBI, binnelandse veiligheid, die staatspolisie, staan almal op skerp.
  </s>
  <s id="63">
- En hulle veronderstel leier?
    <time id="T48E" value="00:03:25,803" />
  </s>
  <s id="64">
    <time id="T49S" value="00:03:26,821" />
Sy naam is Benham Parsa, Pakistani nasionaliteit.
    <time id="T49E" value="00:03:29,910" />
  </s>
  <s id="65">
    <time id="T50S" value="00:03:30,010" />
Hy is onvindbaar, net soos die res.
  </s>
  <s id="66">
- Maar hierdie man, Tomas Mendez, sit in die bestuur van 'n Amerikaanse anti-terreur organisasie die "The Brotherhood" met Parsa kan koppel.
  </s>
  <s id="67">
- Die foto van Mendez, is vasgesteek gevind in hul keet.
  </s>
  <s id="68">
- Hy is waarskynlik hul volgende teiken.
    <time id="T53E" value="00:03:44,428" />
  </s>
  <s id="69">
    <time id="T54S" value="00:03:44,478" />
Kan ons hom beskerm?
    <time id="T54E" value="00:03:45,500" />
  </s>
  <s id="70">
    <time id="T55S" value="00:03:45,550" />
Ons het Mendez in 'n hotel gehou afgelope nag.
    <time id="T55E" value="00:03:47,358" />
  </s>
  <s id="71">
    <time id="T56S" value="00:03:47,408" />
Ek bring hom na 'n skuil adres, sodra ons hier klaar is.
    <time id="T56E" value="00:03:50,212" />
  </s>
  <s id="72">
    <time id="T57S" value="00:03:50,262" />
Dan wil ek u nie ophou nie.
    <time id="T57E" value="00:03:52,274" />
  </s>
  <s id="73">
    <time id="T58S" value="00:03:52,874" />
Menere, soos jy dalk weet, ek is geen militêre.
    <time id="T58E" value="00:03:55,506" />
  </s>
  <s id="74">
    <time id="T59S" value="00:03:56,114" />
Ek kom uit die sakewêreld.
    <time id="T59E" value="00:03:57,654" />
  </s>
  <s id="75">
    <time id="T60S" value="00:03:57,704" />
Die eerste saak wat die President me opdroeg is die voorkoming van verdere aanvalle.
    <time id="T60E" value="00:04:02,521" />
  </s>
  <s id="76">
    <time id="T61S" value="00:04:02,621" />
Die tweede is, die oortreders vinnig voor die hof te bring, met alle moontlike middele.
    <time id="T62E" value="00:04:09,080" />
  </s>
  <s id="77">
    <time id="T63S" value="00:04:10,631" />
Die vensters was geplaas op versoek van my voorganger.
    <time id="T63E" value="00:04:14,553" />
  </s>
  <s id="78">
    <time id="T64S" value="00:04:14,603" />
Hy het geglo dat met lig, klaarheid kom.
    <time id="T64E" value="00:04:17,479" />
  </s>
  <s id="79">
    <time id="T65S" value="00:04:17,529" />
Verskoon, direkteur, hoe ek ook geniet van abstrakte David familie praat, waarom vertel jy my nie wat jy weet?
    <time id="T66E" value="00:04:26,646" />
  </s>
  <s id="80">
    <time id="T67S" value="00:04:26,696" />
Wanneer was jou laaste gesprek met Ziva?
  </s>
  <s id="81">
- Sy is geen Mossad meer.
    <time id="T67E" value="00:04:30,941" />
  </s>
  <s id="82">
    <time id="T68S" value="00:04:31,041" />
Hoekom soek jy haar?
  </s>
  <s id="83">
- Dieselfde rede as jy.
    <time id="T68E" value="00:04:34,029" />
  </s>
  <s id="84">
    <time id="T69S" value="00:04:34,079" />
Daar twyfel ek aan.
  </s>
  <s id="85">
- Goed, gee ek toe.
    <time id="T69E" value="00:04:37,048" />
  </s>
  <s id="86">
    <time id="T70S" value="00:04:37,985" />
Eli sou wil, dat ek vir haar veiligheid sou verseker.
    <time id="T70E" value="00:04:42,159" />
  </s>
  <s id="87">
    <time id="T71S" value="00:04:45,300" />
Shin Bet geïdentifiseer die drie dooie mans, gevind op die David onderduikadres.
    <time id="T71E" value="00:04:49,637" />
  </s>
  <s id="88">
    <time id="T72S" value="00:04:49,687" />
Gewone misdadigers, geen politieke bande.
  </s>
  <s id="89">
- Hitmen.
    <time id="T72E" value="00:04:53,842" />
  </s>
  <s id="90">
    <time id="T73S" value="00:04:54,042" />
Vermoedelik betaal deur dieselfde mense wat jou en agent Gibbs probeer dood te maak.
    <time id="T73E" value="00:04:59,056" />
  </s>
  <s id="91">
    <time id="T74S" value="00:05:01,063" />
Bind my hande nie met jou wantroue.
    <time id="T74E" value="00:05:04,991" />
  </s>
  <s id="92">
    <time id="T75S" value="00:05:05,191" />
Wanneer was jou laaste kommunikasie met Ziva?
    <time id="T75E" value="00:05:09,194" />
  </s>
  <s id="93">
    <time id="T76S" value="00:05:10,511" />
Twee nagte gelede.
  </s>
  <s id="94">
sy het dit gestuur.
    <time id="T76E" value="00:05:14,293" />
  </s>
  <s id="95">
    <time id="T77S" value="00:05:15,325" />
Die arme, misleide Ari.
  </s>
  <s id="96">
- Geen boodskap, niks sedertdien.
    <time id="T77E" value="00:05:19,326" />
  </s>
  <s id="97">
    <time id="T78S" value="00:05:19,376" />
Jy is bekommerd dat sy dood is?
    <time id="T78E" value="00:05:22,169" />
  </s>
  <s id="98">
    <time id="T79S" value="00:05:23,145" />
Tony, dit is 'n kibboets, waar Ziva en haar broer gesit toe hulle kind was.
    <time id="T80E" value="00:05:28,502" />
  </s>
  <s id="99">
    <time id="T81S" value="00:05:28,552" />
Gister, het 'n onderwyser, 'n vrou gesien wat voldoen aan die beskrywing van Ziva.
    <time id="T81E" value="00:05:33,262" />
  </s>
  <s id="100">
    <time id="T82S" value="00:05:33,312" />
Die vrou begrawe dit in een van die tuine.
    <time id="T82E" value="00:05:36,554" />
  </s>
  <s id="101">
    <time id="T83S" value="00:05:36,604" />
Dan is sy gevlug.
  </s>
  <s id="102">
- Ek sal perdry en Amerika besoek.
    <time id="T83E" value="00:05:41,451" />
  </s>
  <s id="103">
    <time id="T84S" value="00:05:43,603" />
Het sy dit as kind geskryf?
  </s>
  <s id="104">
- Die handskrif is van Ziva, ja.
    <time id="T84E" value="00:05:47,641" />
  </s>
  <s id="105">
    <time id="T85S" value="00:05:47,741" />
Maar op die basis van die ink versadiging, was die " X"
    <time id="T85E" value="00:05:50,253" />
  </s>
  <s id="106">
    <time id="T86S" value="00:05:50,303" />
en die laaste sin, vry recent bygevoeg.
  </s>
  <s id="107">
- " Stop dit vir hom".
    <time id="T86E" value="00:05:54,608" />
  </s>
  <s id="108">
    <time id="T87S" value="00:05:54,658" />
Wat beteken dit? 
  </s>
  <s id="109">
Wat stop?
  </s>
  <s id="110">
- Dat ons vra ons ook af.
    <time id="T87E" value="00:05:58,943" />
  </s>
  <s id="111">
    <time id="T88S" value="00:06:10,315" />
Dus, wat doen ons hier?
  </s>
  <s id="112">
- Die direkteur het gesê dat ons...
    <time id="T88E" value="00:06:13,153" />
  </s>
  <s id="113">
    <time id="T89S" value="00:06:13,203" />
Ja, die direkteur het gesê om dit te beheer.
    <time id="T89E" value="00:06:14,840" />
  </s>
  <s id="114">
    <time id="T90S" value="00:06:14,890" />
Sy laat me van links na regs loop sedert ek van die vliegtuig kom.
    <time id="T90E" value="00:06:17,487" />
  </s>
  <s id="115">
    <time id="T91S" value="00:06:17,537" />
Kom dat vir jou as betroubaar gedrag oor?
    <time id="T91E" value="00:06:20,590" />
  </s>
  <s id="116">
    <time id="T92S" value="00:06:21,405" />
Dit is die woonstel waar Ziva grootgeword.
    <time id="T92E" value="00:06:23,974" />
  </s>
  <s id="117">
    <time id="T93S" value="00:06:25,675" />
Sy het my hier eens heen gebring om die me te toon.
    <time id="T93E" value="00:06:28,077" />
  </s>
  <s id="118">
    <time id="T94S" value="00:06:30,139" />
Luister, toe ek jou gevra het om haar te soek...
    <time id="T94E" value="00:06:34,568" />
  </s>
  <s id="119">
    <time id="T95S" value="00:06:34,868" />
Dankie.
    <time id="T95E" value="00:06:36,947" />
  </s>
  <s id="120">
    <time id="T96S" value="00:06:53,990" />
Tony.
  </s>
  <s id="121">
Hier is dit.
    <time id="T96E" value="00:06:57,513" />
  </s>
  <s id="122">
    <time id="T97S" value="00:07:03,763" />
Hallo, is daar iemand?
    <time id="T97E" value="00:07:05,880" />
  </s>
  <s id="123">
    <time id="T98S" value="00:07:13,337" />
Owerheid agente?
  </s>
  <s id="124">
- Kan jy die hamer neerlê, asseblief?
    <time id="T98E" value="00:07:16,795" />
  </s>
  <s id="125">
    <time id="T99S" value="00:07:18,194" />
Jammer, ek gedra boodskappe en het die deur vergeet te sluit.
    <time id="T99E" value="00:07:21,577" />
  </s>
  <s id="126">
    <time id="T100S" value="00:07:21,677" />
Is jy Dr Deena Bashan?
  </s>
  <s id="127">
- Ja.
    <time id="T100E" value="00:07:24,443" />
  </s>
  <s id="128">
    <time id="T101S" value="00:07:25,303" />
Waaroor gaan dit?
  </s>
  <s id="129">
- Ziva David.
    <time id="T101E" value="00:07:27,824" />
  </s>
  <s id="130">
    <time id="T102S" value="00:07:28,024" />
Ken jy haar?
  </s>
  <s id="131">
- Heel my lewe al
    <time id="T102E" value="00:07:30,089" />
  </s>
  <s id="132">
    <time id="T103S" value="00:07:30,139" />
Ons het gegroei hier saam op.
  </s>
  <s id="133">
Is sy OK?
    <time id="T103E" value="00:07:33,797" />
  </s>
  <s id="134">
    <time id="T104S" value="00:07:36,482" />
He, ek het gedink dat jy al 'n rukkie weg was.
    <time id="T104E" value="00:07:38,818" />
  </s>
  <s id="135">
    <time id="T105S" value="00:07:39,118" />
Ek het dit probeer maar,
    <time id="T105E" value="00:07:40,838" />
  </s>
  <s id="136">
    <time id="T106S" value="00:07:40,888" />
Mr Mendez verlang nie na veilige bewaring.
    <time id="T106E" value="00:07:45,677" />
  </s>
  <s id="137">
    <time id="T107S" value="00:07:45,777" />
Ek is nie bang van die skelms.
    <time id="T107E" value="00:07:47,744" />
  </s>
  <s id="138">
    <time id="T108S" value="00:07:47,794" />
Dit het niks met vrees te maak.
  </s>
  <s id="139">
- Ek doen sake in heel 't land, agent Gibbs.
    <time id="T108E" value="00:07:51,022" />
  </s>
  <s id="140">
    <time id="T109S" value="00:07:51,122" />
Elke wysiging aan my agenda, my lewe, is 'n sege vir " The Brotherhood ".
    <time id="T109E" value="00:07:55,762" />
  </s>
  <s id="141">
    <time id="T110S" value="00:07:55,812" />
Dit is spesiale omstandighede.
    <time id="T110E" value="00:07:58,036" />
  </s>
  <s id="142">
    <time id="T111S" value="00:07:58,136" />
Slegs veral as ons die terroriste toelaat om hulle so te maak.
    <time id="T111E" value="00:08:01,156" />
  </s>
  <s id="143">
    <time id="T112S" value="00:08:01,206" />
Luister, hang die donkie nie uit.
  </s>
  <s id="144">
Bly in die buurt van agent Fornell, of jy is dood.
  </s>
  <s id="145">
- Vir vryheid, is ek seker nie die eerste wat sterf.
    <time id="T114E" value="00:08:09,608" />
  </s>
  <s id="146">
    <time id="T115S" value="00:08:10,523" />
Maar goed.
  </s>
  <s id="147">
- Werklik?
    <time id="T115E" value="00:08:13,478" />
  </s>
  <s id="148">
    <time id="T116S" value="00:08:13,862" />
Ek sê die laaste uur presies dieselfde.
  </s>
  <s id="149">
- Hopelik is jy beskerming beter, dan jou oortuigingskrag.
    <time id="T117E" value="00:08:20,572" />
  </s>
  <s id="150">
    <time id="T118S" value="00:08:22,154" />
Verlos me.
    <time id="T118E" value="00:08:24,199" />
  </s>
  <s id="151">
    <time id="T119S" value="00:08:26,042" />
Ek het hierdie plek geërf van my ouers.
    <time id="T119E" value="00:08:28,708" />
  </s>
  <s id="152">
    <time id="T120S" value="00:08:29,108" />
Die Davids gewoon het aan die oorkant van die gang.
    <time id="T120E" value="00:08:31,125" />
  </s>
  <s id="153">
    <time id="T121S" value="00:08:31,225" />
Ek was ouer as Ziva, maar ek kyk na haar op.
    <time id="T121E" value="00:08:34,416" />
  </s>
  <s id="154">
    <time id="T122S" value="00:08:34,466" />
Selfs toe al was sy kragtig.
    <time id="T122E" value="00:08:37,420" />
  </s>
  <s id="155">
    <time id="T123S" value="00:08:37,720" />
Vasberade, leergierig, koppig soos 'n donkie.
    <time id="T123E" value="00:08:41,368" />
  </s>
  <s id="156">
    <time id="T124S" value="00:08:41,868" />
Klink ongeveer goed.
  </s>
  <s id="157">
- Vergewe my, meneer DiNozzo, ek praat maar en jy het vrae.
  </s>
  <s id="158">
Asseblief.
    <time id="T125E" value="00:08:48,042" />
  </s>
  <s id="159">
    <time id="T126S" value="00:08:48,442" />
Wanneer het jy haar die laaste keer gesien?
  </s>
  <s id="160">
- Maande gelede.
    <time id="T126E" value="00:08:52,399" />
  </s>
  <s id="161">
    <time id="T127S" value="00:08:52,449" />
Op die begrafnis van haar vader.
    <time id="T127E" value="00:08:54,926" />
  </s>
  <s id="162">
    <time id="T128S" value="00:09:03,577" />
Waar het jy dat gehaal?
  </s>
  <s id="163">
- Het jy dit eerder gesien?
    <time id="T128E" value="00:09:06,678" />
  </s>
  <s id="164">
    <time id="T129S" value="00:09:06,778" />
Ek het daar ook so 'n.
  </s>
  <s id="165">
Hierdie was van Ziva.
    <time id="T129E" value="00:09:10,594" />
  </s>
  <s id="166">
    <time id="T130S" value="00:09:10,644" />
Ons was nog jonk en geleer pas Engels.
  </s>
  <s id="167">
Ons noem dit, ons testamente.
    <time id="T130E" value="00:09:15,948" />
  </s>
  <s id="168">
    <time id="T131S" value="00:09:16,653" />
Ons onderwyser het gesê, dat as ons ons wense in die grond begrawe en daar elke aand aan dink, hulle sou uitkom.
    <time id="T132E" value="00:09:23,715" />
  </s>
  <s id="169">
    <time id="T133S" value="00:09:25,435" />
Waarom is dit gekruis?
  </s>
  <s id="170">
- Dat ons nie weet nie.
    <time id="T133E" value="00:09:29,032" />
  </s>
  <s id="171">
    <time id="T134S" value="00:09:29,082" />
" Stop dit vir hom".
  </s>
  <s id="172">
- Weet jy wat dit beteken?
    <time id="T134E" value="00:09:32,660" />
  </s>
  <s id="173">
    <time id="T135S" value="00:09:35,446" />
Ek weet dat haar werk gevaarlik is.
  </s>
  <s id="174">
Asseblief, sê dit me.
    <time id="T135E" value="00:09:39,032" />
  </s>
  <s id="175">
    <time id="T136S" value="00:09:39,082" />
Ons doen ons bes om te verseker dat sy veilig is.
    <time id="T136E" value="00:09:42,356" />
  </s>
  <s id="176">
    <time id="T137S" value="00:09:42,957" />
Dankie vir die tee, dokter.
    <time id="T137E" value="00:09:45,547" />
  </s>
  <s id="177">
    <time id="T138S" value="00:09:52,490" />
Is jy oke?
    <time id="T138E" value="00:09:54,158" />
  </s>
  <s id="178">
    <time id="T139S" value="00:09:54,958" />
Ja, dit is net...
  </s>
  <s id="179">
Sy het dit oor u op die begrafnis.
    <time id="T139E" value="00:09:59,441" />
  </s>
  <s id="180">
    <time id="T140S" value="00:10:01,484" />
Ek kon sien wat sy het gevoel.
    <time id="T140E" value="00:10:04,073" />
  </s>
  <s id="181">
    <time id="T141S" value="00:10:04,670" />
"Stop dit vir hom".
    <time id="T141E" value="00:10:07,002" />
  </s>
  <s id="182">
    <time id="T142S" value="00:10:08,470" />
Miskien is jy die "hom".
    <time id="T142E" value="00:10:11,283" />
  </s>
  <s id="183">
    <time id="T143S" value="00:10:12,962" />
"Ek word 'n ballerina".
  </s>
  <s id="184">
Dat begryp ek nie.
    <time id="T143E" value="00:10:15,363" />
  </s>
  <s id="185">
    <time id="T144S" value="00:10:15,413" />
Dit is Ziva, moet dit nie wees nie "ninja" of iets soortgelyks?
    <time id="T144E" value="00:10:18,164" />
  </s>
  <s id="186">
    <time id="T145S" value="00:10:19,137" />
Blykbaar was daar vroeër 'n minder woeste fase.
    <time id="T145E" value="00:10:21,515" />
  </s>
  <s id="187">
    <time id="T146S" value="00:10:22,421" />
Dus, wat het dit met jou te maak?
  </s>
  <s id="188">
- Ek weet nie of dit die geval is.
    <time id="T146E" value="00:10:25,874" />
  </s>
  <s id="189">
    <time id="T147S" value="00:10:25,924" />
Dit is 'n lang storie, ek...
  </s>
  <s id="190">
- Waarom fluister jy?
    <time id="T147E" value="00:10:28,344" />
  </s>
  <s id="191">
    <time id="T148S" value="00:10:28,444" />
Omdat ek in die hoofkwartier van die Mossad sit.
    <time id="T148E" value="00:10:30,728" />
  </s>
  <s id="192">
    <time id="T149S" value="00:10:30,828" />
So jy werk saam, maar jy fluister omdat...
    <time id="T149E" value="00:10:33,461" />
  </s>
  <s id="193">
    <time id="T150S" value="00:10:33,561" />
Ek weet dit nie.
  </s>
  <s id="194">
Dit is die Mossad.
    <time id="T150E" value="00:10:35,870" />
  </s>
  <s id="195">
    <time id="T151S" value="00:10:35,920" />
Dit lyk my beter.
    <time id="T151E" value="00:10:37,908" />
  </s>
  <s id="196">
    <time id="T152S" value="00:10:38,108" />
Wel, toegang tot hul hulpbronne sou 'n groot hulp wees.
    <time id="T152E" value="00:10:41,598" />
  </s>
  <s id="197">
    <time id="T153S" value="00:10:41,648" />
Ja, maar hoe lank sal dat duur?
  </s>
  <s id="198">
Ek het 'n hoek nodig.
    <time id="T153E" value="00:10:45,118" />
  </s>
  <s id="199">
    <time id="T154S" value="00:10:45,318" />
Wat is my hoek?
  </s>
  <s id="200">
Gee my 'n hoek, McGee.
    <time id="T154E" value="00:10:48,052" />
  </s>
  <s id="201">
    <time id="T155S" value="00:10:48,102" />
Ek het 'n spoor van die laaste boodskap dat Ziva jou gestuur.
    <time id="T155E" value="00:10:50,823" />
  </s>
  <s id="202">
    <time id="T156S" value="00:10:51,213" />
Dat is goed. 
  </s>
  <s id="203">
Die foto van Ari.
  </s>
  <s id="204">
Waar was sy?
    <time id="T156E" value="00:10:54,411" />
  </s>
  <s id="205">
    <time id="T157S" value="00:10:54,461" />
Verbind via wifi in 'n internet kafee in die sentrum van Tel Aviv.
    <time id="T157E" value="00:10:58,119" />
  </s>
  <s id="206">
    <time id="T158S" value="00:10:58,219" />
Het jy 'n adres.
  </s>
  <s id="207">
- Kyk in jou posbus.
    <time id="T158E" value="00:11:01,231" />
  </s>
  <s id="208">
    <time id="T159S" value="00:11:02,869" />
Kyk bietjie aan.
  </s>
  <s id="209">
McHouvanje op groot afstand.
    <time id="T159E" value="00:11:06,924" />
  </s>
  <s id="210">
    <time id="T160S" value="00:11:09,810" />
Lewer die koeëls iets op, Abbs?
  </s>
  <s id="211">
- Euh, standaard .308 
  </s>
  <s id="212">
Winchesters.
    <time id="T160E" value="00:11:13,903" />
  </s>
  <s id="213">
    <time id="T161S" value="00:11:13,953" />
Enigeen kan dit online koop.
  </s>
  <s id="214">
daar is niks wat hulle in verband bring met dit dom " Brotherhood of Doubt " ding.
    <time id="T162E" value="00:11:20,605" />
  </s>
  <s id="215">
    <time id="T163S" value="00:11:20,655" />
Die naam val so teen.
  </s>
  <s id="216">
Ek sê dit nie eens graag.
    <time id="T163E" value="00:11:23,245" />
  </s>
  <s id="217">
    <time id="T164S" value="00:11:23,295" />
Wat is dit?
    <time id="T164E" value="00:11:24,528" />
  </s>
  <s id="218">
    <time id="T165S" value="00:11:24,578" />
Net 'n ontwerp model wat ek gemaak het om iets uit te pluis.
    <time id="T165E" value="00:11:28,033" />
  </s>
  <s id="219">
    <time id="T166S" value="00:11:28,083" />
Kogeltrajecten?
    <time id="T166E" value="00:11:29,526" />
  </s>
  <s id="220">
    <time id="T167S" value="00:11:29,576" />
Al die koeëls in die woonstel van Tony het dieselfde hoek en kom van dieselfde punt.
    <time id="T167E" value="00:11:35,206" />
  </s>
  <s id="221">
    <time id="T168S" value="00:11:35,256" />
'n Dak aan die oorkant van die straat.
  </s>
  <s id="222">
- Dat beweer binnelandse veiligheid.
    <time id="T168E" value="00:11:38,808" />
  </s>
  <s id="223">
    <time id="T169S" value="00:11:38,858" />
Dus, wat klop daar dan nie?
  </s>
  <s id="224">
- Hul enigste getuie het gesê dat hy iemand sien op die dak, vlak nadat daar geskiet is.
    <time id="T170E" value="00:11:46,196" />
  </s>
  <s id="225">
    <time id="T171S" value="00:11:46,246" />
Maar daar is daar niemand of niks.
    <time id="T171E" value="00:11:49,525" />
  </s>
  <s id="226">
    <time id="T172S" value="00:11:49,575" />
Kan jy dit deurstraal na McGee?
  </s>
  <s id="227">
- Deurstraal kan ek nie, kaptein Kirk maar ek kan dit stuur.
  </s>
  <s id="228">
- Kaptein wie?
    <time id="T173E" value="00:11:57,626" />
  </s>
  <s id="229">
    <time id="T174S" value="00:12:03,245" />
Die getuie is 'n onderhoud man van die gebou van waarop geskiet is.
    <time id="T174E" value="00:12:07,090" />
  </s>
  <s id="230">
    <time id="T175S" value="00:12:07,140" />
Gerald Carlin. 
  </s>
  <s id="231">
Hy beweer dat hy tydens sy middagete uit die venster kyk en 'n figuur op die dak het gesien.
    <time id="T176E" value="00:12:13,055" />
  </s>
  <s id="232">
    <time id="T177S" value="00:12:13,105" />
Hy het sy eie dak vanuit sy eie gebou. hoe kan dat?
    <time id="T177E" value="00:12:16,842" />
  </s>
  <s id="233">
    <time id="T178S" value="00:12:16,892" />
Dat kan nie.
  </s>
  <s id="234">
Waar was die middagete?
    <time id="T178E" value="00:12:19,108" />
  </s>
  <s id="235">
    <time id="T179S" value="00:12:19,158" />
Ek het gedink dat jy dit sou vra, ' n bar aan die oorkant met die naam Clancy's.
    <time id="T179E" value="00:12:23,078" />
  </s>
  <s id="236">
    <time id="T180S" value="00:12:23,128" />
Die barman bevestig dat Carlin daar 'n broodjie kalkoen at en na buite kyk toe hy die skote hoor.
    <time id="T181E" value="00:12:28,663" />
  </s>
  <s id="237">
    <time id="T182S" value="00:12:28,713" />
Is daar gedrink?
  </s>
  <s id="238">
- Vier biere, twee tequila 's.
    <time id="T182E" value="00:12:30,900" />
  </s>
  <s id="239">
    <time id="T183S" value="00:12:30,950" />
Dus, hy kon niks duidelik sien.
    <time id="T183E" value="00:12:32,819" />
  </s>
  <s id="240">
    <time id="T184S" value="00:12:32,869" />
Of hy was betaal om te sien wat hy gesien het.
    <time id="T184E" value="00:12:34,989" />
  </s>
  <s id="241">
    <time id="T185S" value="00:12:36,107" />
As die skote nie van die dak kom, hulle het te kom van die boonste vloer.
    <time id="T185E" value="00:12:41,139" />
  </s>
  <s id="242">
    <time id="T186S" value="00:12:41,189" />
Het die binnelandse veiligheid die bewoners verhoor?
    <time id="T186E" value="00:12:44,155" />
  </s>
  <s id="243">
    <time id="T187S" value="00:12:44,205" />
Boonste verdiep, almal behalwe een.
  </s>
  <s id="244">
Lisa Pierway.
    <time id="T187E" value="00:12:47,136" />
  </s>
  <s id="245">
    <time id="T188S" value="00:12:47,186" />
Sy het die deur oop nie.
    <time id="T188E" value="00:12:49,961" />
  </s>
  <s id="246">
    <time id="T189S" value="00:12:51,211" />
NCIS.
    <time id="T189E" value="00:12:53,129" />
  </s>
  <s id="247">
    <time id="T190S" value="00:12:55,270" />
Lisa Pierway?
    <time id="T190E" value="00:12:57,409" />
  </s>
  <s id="248">
    <time id="T191S" value="00:12:58,917" />
Baas, ruik jy dit?
    <time id="T191E" value="00:13:00,780" />
  </s>
  <s id="249">
    <time id="T192S" value="00:13:04,797" />
Baas.
    <time id="T192E" value="00:13:06,633" />
  </s>
  <s id="250">
    <time id="T193S" value="00:13:30,669" />
Daar is tekens van 'n worsteling vir sy verwurg is.
    <time id="T193E" value="00:13:35,261" />
  </s>
  <s id="251">
    <time id="T194S" value="00:13:35,311" />
Die skut het selfs geen moeite gedoen om dit op 'n rooftog te laat lyk.
    <time id="T194E" value="00:13:38,014" />
  </s>
  <s id="252">
    <time id="T195S" value="00:13:38,064" />
Lisa Pierway was farmaseutiese verteenwoordiger.
    <time id="T195E" value="00:13:40,509" />
  </s>
  <s id="253">
    <time id="T196S" value="00:13:40,559" />
Bokse met medikasie onaangeraak in haar kas.
    <time id="T196E" value="00:13:42,934" />
  </s>
  <s id="254">
    <time id="T197S" value="00:13:42,984" />
Dit was 'n professionele.
  </s>
  <s id="255">
Hy het skoon gemaak, laat geen druk na.
    <time id="T197E" value="00:13:46,710" />
  </s>
  <s id="256">
    <time id="T198S" value="00:13:46,760" />
Wees nie so seker, Jethro.
    <time id="T198E" value="00:13:48,212" />
  </s>
  <s id="257">
    <time id="T199S" value="00:13:48,262" />
Waar ek eers gedink dat die petechiën was in die oë van mev Pierway, was eintlik bloeding onder die konjunktiva.
    <time id="T200E" value="00:13:55,483" />
  </s>
  <s id="258">
    <time id="T201S" value="00:13:55,533" />
waarskynlik veroorsaak deur die duime van die moordenaar.
    <time id="T201E" value="00:13:58,570" />
  </s>
  <s id="259">
    <time id="T202S" value="00:13:58,620" />
Hy druk haar die oë in.
  </s>
  <s id="260">
- Ja, 'n intimidasie taktiek inderdaad.
    <time id="T202E" value="00:14:01,761" />
  </s>
  <s id="261">
    <time id="T203S" value="00:14:01,811" />
Maar een wat ons 'n pervers geluk kan bring.
    <time id="T203E" value="00:14:05,763" />
  </s>
  <s id="262">
    <time id="T204S" value="00:14:05,863" />
Duim afdrukke.
  </s>
  <s id="263">
- Sy dra kontaklense.
    <time id="T204E" value="00:14:09,473" />
  </s>
  <s id="264">
    <time id="T205S" value="00:14:09,523" />
As Abby daar maar 'n gedeeltelike kan afhalen, kan ons dalk ons moordenaar vind.
  </s>
  <s id="265">
- Ja, Tobias, wat is daar?
    <time id="T206E" value="00:14:17,373" />
  </s>
  <s id="266">
    <time id="T207S" value="00:14:17,916" />
Die beskerming van Ricky Ricardo is geen conga tromme en Babalu, weet jy.
    <time id="T207E" value="00:14:21,600" />
  </s>
  <s id="267">
    <time id="T208S" value="00:14:21,650" />
Dit is nog maar twee dae.
  </s>
  <s id="268">
- Mendez self het al 'n volle dans kaart.
    <time id="T208E" value="00:14:25,299" />
  </s>
  <s id="269">
    <time id="T209S" value="00:14:25,349" />
Die komende weke, eet en drink hy met elke hoë piet uit die stad wat die anti terrorisme-groep ondersteun waar hy lid van is.
    <time id="T210E" value="00:14:30,878" />
  </s>
  <s id="270">
    <time id="T211S" value="00:14:30,928" />
En ek sal nog in sy heupzakje sit.
  </s>
  <s id="271">
- Tobias, jy kan altyd "nee" sê.
    <time id="T211E" value="00:14:35,236" />
  </s>
  <s id="272">
    <time id="T212S" value="00:14:35,286" />
Wel, daar wringt die skoen.
  </s>
  <s id="273">
My baas sê van nie.
    <time id="T212E" value="00:14:37,825" />
  </s>
  <s id="274">
    <time id="T213S" value="00:14:37,875" />
Die man is geen gangster, Gibbs.
    <time id="T213E" value="00:14:40,121" />
  </s>
  <s id="275">
    <time id="T214S" value="00:14:40,171" />
Dit is 'n wetsgehoorsame miljoenêr daarop uit die wêreld te red met sy magtige vriende.
  </s>
  <s id="276">
En my taak is dit om "ja" te sê.
    <time id="T215E" value="00:14:46,553" />
  </s>
  <s id="277">
    <time id="T216S" value="00:14:46,603" />
Piesang pannekoeke, ekstra spek.
    <time id="T216E" value="00:14:49,262" />
  </s>
  <s id="278">
    <time id="T217S" value="00:14:49,312" />
Kan ek, ekstra, ekstra spek kry?
    <time id="T217E" value="00:14:51,952" />
  </s>
  <s id="279">
    <time id="T218S" value="00:14:55,250" />
Ontbyt op elke oomblik?
  </s>
  <s id="280">
- Ek hunker na piesang pannekoeke as ek opgewonde raak en niks wind me meer op as 'n hospitaalbesoek.
    <time id="T219E" value="00:15:01,729" />
  </s>
  <s id="281">
    <time id="T220S" value="00:15:01,779" />
Jy sou wat meer ekonomies kon wees met die spek.
    <time id="T220E" value="00:15:03,444" />
  </s>
  <s id="282">
    <time id="T221S" value="00:15:03,494" />
Ek is dit nie.
  </s>
  <s id="283">
Lawrence Walters.
    <time id="T221E" value="00:15:06,509" />
  </s>
  <s id="284">
    <time id="T222S" value="00:15:06,559" />
filantroop miljardêr wat die stryd teen kanker verloor.
    <time id="T222E" value="00:15:09,920" />
  </s>
  <s id="285">
    <time id="T223S" value="00:15:09,970" />
Hy wil 'n hoop skenk aan die anti terreur veldtog, voor hy dood gaan.
    <time id="T223E" value="00:15:14,179" />
  </s>
  <s id="286">
    <time id="T224S" value="00:15:14,229" />
Mendez wil hom later vandag gaan besoek.
  </s>
  <s id="287">
- Die vent lyk my 'n besoek werd.
    <time id="T224E" value="00:15:18,911" />
  </s>
  <s id="288">
    <time id="T225S" value="00:15:20,120" />
So monter jy die mense op?
  </s>
  <s id="289">
Ek voel net nog platter.
    <time id="T225E" value="00:15:24,556" />
  </s>
  <s id="290">
    <time id="T226S" value="00:15:24,606" />
Ekstra spek.
  </s>
  <s id="291">
- Dankie.
    <time id="T226E" value="00:15:26,842" />
  </s>
  <s id="292">
    <time id="T227S" value="00:15:27,142" />
Op my koste.
  </s>
  <s id="293">
Hou jy die kleingeld maar.
    <time id="T227E" value="00:15:29,762" />
  </s>
  <s id="294">
    <time id="T228S" value="00:15:29,962" />
Dankie.
  </s>
  <s id="295">
- Betaal jy?
    <time id="T228E" value="00:15:32,030" />
  </s>
  <s id="296">
    <time id="T229S" value="00:15:33,383" />
Jy wou tog bly gemaak word.
  </s>
  <s id="297">
- Dink jy me te kan koop?
    <time id="T229E" value="00:15:36,501" />
  </s>
  <s id="298">
    <time id="T230S" value="00:15:39,547" />
Wie maak ek wat wys?
  </s>
  <s id="299">
Natuurlik kan hy dat.
    <time id="T230E" value="00:15:42,945" />
  </s>
  <s id="300">
    <time id="T231S" value="00:15:45,858" />
Onmoontlik dat Ziva die hele dag in 'n internet cafe sit.
    <time id="T231E" value="00:15:49,251" />
  </s>
  <s id="301">
    <time id="T232S" value="00:15:49,551" />
Gaan terug na die tyd dat sy die boodskap gestuur het, gaan nog eens.
    <time id="T232E" value="00:15:52,594" />
  </s>
  <s id="302">
    <time id="T233S" value="00:15:56,627" />
Enige geluk?
    <time id="T233E" value="00:15:58,579" />
  </s>
  <s id="303">
    <time id="T234S" value="00:15:58,879" />
Dit sal ons self moet maak.
  </s>
  <s id="304">
- Sou jy eens wil uitwei?
    <time id="T234E" value="00:16:02,280" />
  </s>
  <s id="305">
    <time id="T235S" value="00:16:05,170" />
Ek gaan na die kafee, om te sien of daar iemand het hom herinner dat sy daar was.
    <time id="T235E" value="00:16:08,742" />
  </s>
  <s id="306">
    <time id="T236S" value="00:16:09,220" />
Sê teen die bestuurder Shamayim hospitaal.
    <time id="T236E" value="00:16:11,469" />
  </s>
  <s id="307">
    <time id="T237S" value="00:16:11,519" />
Dit is makliker, die kafee is aan die oorkant.
    <time id="T237E" value="00:16:14,686" />
  </s>
  <s id="308">
    <time id="T238S" value="00:16:14,736" />
Van die hospitaal?
  </s>
  <s id="309">
- Ja, hoekom?
    <time id="T238E" value="00:16:16,591" />
  </s>
  <s id="310">
    <time id="T239S" value="00:16:16,641" />
Die aand dat Ziva die foto gestuur het was sy aangeval in die veilige huis.
    <time id="T239E" value="00:16:20,600" />
  </s>
  <s id="311">
    <time id="T240S" value="00:16:20,650" />
Dink jy dat sy mediese hulp gesoek het?
  </s>
  <s id="312">
- Ek wed dat die wifi tot die oorkant reik.
    <time id="T240E" value="00:16:25,669" />
  </s>
  <s id="313">
    <time id="T241S" value="00:16:26,069" />
Gee my 'n hoek in die rigting van die hospitaal.
    <time id="T241E" value="00:16:29,243" />
  </s>
  <s id="314">
    <time id="T242S" value="00:16:31,553" />
Nogal indrukwekkend.
  </s>
  <s id="315">
Die Mossad het oë in die hele stad.
    <time id="T242E" value="00:16:35,004" />
  </s>
  <s id="316">
    <time id="T243S" value="00:16:35,054" />
In die hele wêreld, agent DiNozzo.
    <time id="T243E" value="00:16:38,440" />
  </s>
  <s id="317">
    <time id="T244S" value="00:16:39,486" />
Dit is ons taak om te sien.
    <time id="T244E" value="00:16:42,064" />
  </s>
  <s id="318">
    <time id="T245S" value="00:16:43,927" />
Dit is sy.
  </s>
  <s id="319">
Vergroot dat eens.
    <time id="T245E" value="00:16:46,263" />
  </s>
  <s id="320">
    <time id="T246S" value="00:16:47,815" />
Daar is sy.
  </s>
  <s id="321">
- Met wie praat sy daar?
    <time id="T246E" value="00:16:50,859" />
  </s>
  <s id="322">
    <time id="T247S" value="00:16:52,835" />
Dokter Bashan.
  </s>
  <s id="323">
Sy het gelieg.
    <time id="T247E" value="00:16:55,994" />
  </s>
  <s id="324">
    <time id="T248S" value="00:16:58,204" />
He, ek hoor dat jy 'n duimafdruk het?
    <time id="T248E" value="00:17:00,902" />
  </s>
  <s id="325">
    <time id="T249S" value="00:17:02,806" />
Dit is maar 'n gedeeltelike.
  </s>
  <s id="326">
- Ja?
    <time id="T249E" value="00:17:05,204" />
  </s>
  <s id="327">
    <time id="T250S" value="00:17:05,504" />
Gedeeltelik genoeg?
  </s>
  <s id="328">
- Genoeg vir 'n naam.
    <time id="T250E" value="00:17:08,280" />
  </s>
  <s id="329">
    <time id="T251S" value="00:17:08,330" />
Henry Coldwell.
    <time id="T251E" value="00:17:09,979" />
  </s>
  <s id="330">
    <time id="T252S" value="00:17:10,029" />
Hy is oneervol ontslaan uit die weermag in 2006, na twee jaar te hê gesit vir swaar mishandeling.
    <time id="T253E" value="00:17:17,448" />
  </s>
  <s id="331">
    <time id="T254S" value="00:17:17,498" />
Maar nie voor hy 'n opleiding tot scherpschutter het.
    <time id="T254E" value="00:17:19,840" />
  </s>
  <s id="332">
    <time id="T255S" value="00:17:19,890" />
Dit is ons skieter.
    <time id="T255E" value="00:17:21,545" />
  </s>
  <s id="333">
    <time id="T256S" value="00:17:22,416" />
Wel, ek is seker dat McGee jou meer kan vertel en hom dalk nog vind ook.
  </s>
  <s id="334">
- Dit is goeie nuus, Abbs.
    <time id="T257E" value="00:17:28,722" />
  </s>
  <s id="335">
    <time id="T258S" value="00:17:31,479" />
Wat is verkeerd?
  </s>
  <s id="336">
- Wel, jy het self gesê dat Parsa hitmen betaal.
    <time id="T259E" value="00:17:39,069" />
  </s>
  <s id="337">
    <time id="T260S" value="00:17:39,119" />
Die man is dalk maar 'n lakei.
  </s>
  <s id="338">
- Een lakei wat na Parsa lei.
    <time id="T260E" value="00:17:42,813" />
  </s>
  <s id="339">
    <time id="T261S" value="00:17:42,863" />
Ek weet dit nie, Gibbs.
  </s>
  <s id="340">
Ek dink dat al die angs me uiteindelik te pak het.
    <time id="T262E" value="00:17:47,659" />
  </s>
  <s id="341">
    <time id="T263S" value="00:17:47,759" />
Tony wat gevuur is en Ziva, waar is sy?
    <time id="T263E" value="00:17:52,196" />
  </s>
  <s id="342">
    <time id="T264S" value="00:17:52,246" />
nie kan uitvind wie almal waarvan ek hou probeer om dood te maak, dan vergewe ek het myself nooit.
  </s>
  <s id="343">
- Dit, is 'n goeie begin.
    <time id="T265E" value="00:18:00,303" />
  </s>
  <s id="344">
    <time id="T266S" value="00:18:00,353" />
Ja, maar, Gibbs, dit is 'n broederskap.
  </s>
  <s id="345">
Wat beteken dat die mens, broeders het.
    <time id="T266E" value="00:18:05,458" />
  </s>
  <s id="346">
    <time id="T267S" value="00:18:05,508" />
Ja, ons kry hulle wel.
    <time id="T267E" value="00:18:07,851" />
  </s>
  <s id="347">
    <time id="T268S" value="00:18:09,471" />
Ons pak hulle almal.
    <time id="T268E" value="00:18:11,817" />
  </s>
  <s id="348">
    <time id="T269S" value="00:18:19,167" />
Jy gelieg teen me.
  </s>
  <s id="349">
- Agent DiNozzo, wat doen jy hier?
    <time id="T269E" value="00:18:21,976" />
  </s>
  <s id="350">
    <time id="T270S" value="00:18:22,026" />
Jy het gesê dat jy Ziva in geen maande gesien het.
    <time id="T270E" value="00:18:24,242" />
  </s>
  <s id="351">
    <time id="T271S" value="00:18:25,697" />
Dink jy dat jy haar beskerm?
  </s>
  <s id="352">
Ek staan aan haar kant.
    <time id="T271E" value="00:18:28,045" />
  </s>
  <s id="353">
    <time id="T272S" value="00:18:28,095" />
Dat weet ek.
  </s>
  <s id="354">
Waarom het jy dan teen me gelieg?
    <time id="T272E" value="00:18:30,712" />
  </s>
  <s id="355">
    <time id="T273S" value="00:18:31,913" />
Sy is na my gekom nadat sy aangeval is.
    <time id="T273E" value="00:18:34,354" />
  </s>
  <s id="356">
    <time id="T274S" value="00:18:34,554" />
Ek hechtte die wonde in haar been en neem haar mee by my tuis.
    <time id="T274E" value="00:18:37,350" />
  </s>
  <s id="357">
    <time id="T275S" value="00:18:37,400" />
Sodat sy kon rus.
  </s>
  <s id="358">
Maar dan, euh...
    <time id="T275E" value="00:18:40,279" />
  </s>
  <s id="359">
    <time id="T276S" value="00:18:40,590" />
Wat dan?
    <time id="T276E" value="00:18:41,684" />
  </s>
  <s id="360">
    <time id="T277S" value="00:18:41,734" />
Ek het gedink ons beide die verdriet te spaar deur daaroor te swyg.
    <time id="T277E" value="00:18:44,513" />
  </s>
  <s id="361">
    <time id="T278S" value="00:18:44,563" />
Maar dan begin sy oor vroeër te praat.
    <time id="T278E" value="00:18:47,652" />
  </s>
  <s id="362">
    <time id="T279S" value="00:18:47,934" />
Oor Ari.
    <time id="T279E" value="00:18:49,757" />
  </s>
  <s id="363">
    <time id="T280S" value="00:18:50,311" />
Sy het nie geweet dat toe sy weg is gegaan om die wêreld te red, ek hier verlief is op haar broer.
    <time id="T281E" value="00:18:56,523" />
  </s>
  <s id="364">
    <time id="T282S" value="00:18:57,407" />
Hy sou me ten huwelik vra, toe sy hom gedood het.
    <time id="T282E" value="00:19:02,339" />
  </s>
  <s id="365">
    <time id="T283S" value="00:19:02,853" />
En jy het haar dat vertel?
  </s>
  <s id="366">
- Ja.
    <time id="T283E" value="00:19:05,718" />
  </s>
  <s id="367">
    <time id="T284S" value="00:19:06,735" />
Sy probeer dit uit te lê.
    <time id="T284E" value="00:19:09,409" />
  </s>
  <s id="368">
    <time id="T285S" value="00:19:10,148" />
Sy het gesê dat hy goeie mense kwetste.
  </s>
  <s id="369">
Maar Ari is ook pyn aangedoen.
    <time id="T285E" value="00:19:14,509" />
  </s>
  <s id="370">
    <time id="T286S" value="00:19:14,559" />
Sy pa het hom gebreek.
    <time id="T286E" value="00:19:17,337" />
  </s>
  <s id="371">
    <time id="T287S" value="00:19:17,798" />
Tog, het ek gesien die laggende seun van die oorkant.
    <time id="T287E" value="00:19:22,618" />
  </s>
  <s id="372">
    <time id="T288S" value="00:19:23,109" />
Die goeie seun.
    <time id="T288E" value="00:19:25,465" />
  </s>
  <s id="373">
    <time id="T289S" value="00:19:25,665" />
Ziva gesmeek me om haar te vergewe.
    <time id="T289E" value="00:19:28,266" />
  </s>
  <s id="374">
    <time id="T290S" value="00:19:29,553" />
Ek kon dit nie.
    <time id="T290E" value="00:19:31,991" />
  </s>
  <s id="375">
    <time id="T291S" value="00:19:32,651" />
Waar is sy heen gegaan?
  </s>
  <s id="376">
- Dat weet ek nie.
    <time id="T291E" value="00:19:34,181" />
  </s>
  <s id="377">
    <time id="T292S" value="00:19:34,231" />
Lieg nie teen me.
  </s>
  <s id="378">
- Ek het niks verkeerd gedoen nie.
    <time id="T292E" value="00:19:36,152" />
  </s>
  <s id="379">
    <time id="T293S" value="00:19:36,202" />
Jy het geweet dat sy gevaar geloop het en jy gelieg toe ek die jy vroeg.
    <time id="T293E" value="00:19:39,649" />
  </s>
  <s id="380">
    <time id="T294S" value="00:19:39,699" />
Aan soos enige ander agent aan die deur het ek dit gesê.
    <time id="T294E" value="00:19:43,127" />
  </s>
  <s id="381">
    <time id="T295S" value="00:19:46,060" />
Waarom sou sy die man moet kry waarvan sy hou, terwyl sy die myne, van my afgeneem het?
    <time id="T296E" value="00:19:53,458" />
  </s>
  <s id="382">
    <time id="T297S" value="00:19:55,225" />
Ek sal haar vind.
  </s>
  <s id="383">
- Ziva is weg, agent DiNozzo.
    <time id="T297E" value="00:19:59,483" />
  </s>
  <s id="384">
    <time id="T298S" value="00:19:59,683" />
Toe sy die aand weg is gegaan, was sy nie dieselfde meer.
    <time id="T298E" value="00:20:03,121" />
  </s>
  <s id="385">
    <time id="T299S" value="00:20:13,317" />
Dus, dat is dit dan, nie?
    <time id="T299E" value="00:20:15,108" />
  </s>
  <s id="386">
    <time id="T300S" value="00:20:15,158" />
Ons glo dat die afwesigheid van Ziva vrywillig is en jy ook.
    <time id="T301E" value="00:20:20,997" />
  </s>
  <s id="387">
    <time id="T302S" value="00:20:23,278" />
Alles wat die Mossad het oor gekende kontakte in die David familie.
    <time id="T302E" value="00:20:26,915" />
  </s>
  <s id="388">
    <time id="T303S" value="00:20:26,965" />
Baie geluk.
  </s>
  <s id="389">
- Direkteur.
    <time id="T303E" value="00:20:29,870" />
  </s>
  <s id="390">
    <time id="T304S" value="00:20:33,412" />
sy het iets agtergelaat in die veilige huis.
    <time id="T304E" value="00:20:36,672" />
  </s>
  <s id="391">
    <time id="T305S" value="00:20:37,246" />
Kan jy my help om dit terug te kry?
  </s>
  <s id="392">
- Kyk in die dossier.
    <time id="T305E" value="00:20:41,010" />
  </s>
  <s id="393">
    <time id="T306S" value="00:20:59,440" />
Bly in ons buurt, Mendez, volg die roete na die intensiewe soos beplan.
    <time id="T306E" value="00:21:03,307" />
  </s>
  <s id="394">
    <time id="T307S" value="00:21:03,357" />
Eens binne, het jy 30 minute met Walters.
  </s>
  <s id="395">
- Vensters en gordyne gesluit, ek weet dit.
    <time id="T307E" value="00:21:08,439" />
  </s>
  <s id="396">
    <time id="T308S" value="00:21:08,489" />
Nie met iemand anders praat sonder een van ons daarby, selfs nie aan jou selfoon.
    <time id="T308E" value="00:21:11,813" />
  </s>
  <s id="397">
    <time id="T309S" value="00:21:11,863" />
Kan ons na binne, die arme man het nie veel tyd.
    <time id="T309E" value="00:21:14,515" />
  </s>
  <s id="398">
    <time id="T310S" value="00:21:16,025" />
Wat sê ek juis oor die telefoon?
  </s>
  <s id="399">
- Jy is daarby, dit is besigheid, even maar.
    <time id="T310E" value="00:21:20,154" />
  </s>
  <s id="400">
    <time id="T311S" value="00:21:42,002" />
Waar is hy?
  </s>
  <s id="401">
- Ek het het twee probeer, baas.
    <time id="T311E" value="00:21:44,010" />
  </s>
  <s id="402">
    <time id="T312S" value="00:21:44,060" />
Hy neem nie op.
  </s>
  <s id="403">
- Probeer hom nog eens.
    <time id="T312E" value="00:21:46,665" />
  </s>
  <s id="404">
    <time id="T313S" value="00:21:54,433" />
Ja, ek is daar. 
  </s>
  <s id="405">
He, baas.
  </s>
  <s id="406">
- Die baard is baie swaar.
    <time id="T313E" value="00:21:58,628" />
  </s>
  <s id="407">
    <time id="T314S" value="00:21:58,678" />
Wanneer het jy jou laas geskeer?
  </s>
  <s id="408">
Kaïro?
    <time id="T314E" value="00:22:00,601" />
  </s>
  <s id="409">
    <time id="T315S" value="00:22:00,701" />
Dat dink ek. 
  </s>
  <s id="410">
Ek wou die vanoggend doen.
  </s>
  <s id="411">
- Is dit 'n slegte oomblik vir jou, DiNozzo?
    <time id="T315E" value="00:22:06,003" />
  </s>
  <s id="412">
    <time id="T316S" value="00:22:06,053" />
Nee, baas. 
  </s>
  <s id="413">
Dit is goed, ek is gereed.
  </s>
  <s id="414">
- Is jy nog steeds in Jemen?
    <time id="T316E" value="00:22:10,018" />
  </s>
  <s id="415">
    <time id="T317S" value="00:22:10,118" />
Israel, terug na Tel Aviv.
  </s>
  <s id="416">
Ek kom net van Be'er Sheva.
    <time id="T317E" value="00:22:13,316" />
  </s>
  <s id="417">
    <time id="T318S" value="00:22:13,366" />
Een van die kontakte van Ziva, euh, Nava Adi, het my vertel dat sy haar vorige week gesien het
    <time id="T319E" value="00:22:20,399" />
  </s>
  <s id="418">
    <time id="T320S" value="00:22:20,449" />
Ek kom in die buurt, ek voel dit.
  </s>
  <s id="419">
- Dat sê jy ook, twee maand gelede.
    <time id="T320E" value="00:22:24,302" />
  </s>
  <s id="420">
    <time id="T321S" value="00:22:24,901" />
Dus, hoe is het met julle?
    <time id="T321E" value="00:22:26,729" />
  </s>
  <s id="421">
    <time id="T322S" value="00:22:26,779" />
Is die vriend van die sniper al opgeduik?
  </s>
  <s id="422">
- Coldwell. 
  </s>
  <s id="423">
Nog steeds onvindbaar.
    <time id="T322E" value="00:22:31,047" />
  </s>
  <s id="424">
    <time id="T323S" value="00:22:31,676" />
Die ou Walters?
  </s>
  <s id="425">
- Die is daar nog.
    <time id="T323E" value="00:22:33,682" />
  </s>
  <s id="426">
    <time id="T324S" value="00:22:33,732" />
Niks opwindend sedert die ontploffing.
  </s>
  <s id="427">
Fornell het dit steeds oor die geluk dat Mendez die telefoon opgeneem het.
  </s>
  <s id="428">
Wat Parsa betref...
    <time id="T325E" value="00:22:40,755" />
  </s>
  <s id="429">
    <time id="T326S" value="00:22:40,805" />
Nee, genoeg. 
  </s>
  <s id="430">
Tensy hy 'n vlug na huis boekt, is 'n update vir hom verlore moeite.
    <time id="T327E" value="00:22:46,099" />
  </s>
  <s id="431">
    <time id="T328S" value="00:22:47,103" />
Wil jy dat ek Ziva opgee?
  </s>
  <s id="432">
- Dit het ek nie gesê nie.
    <time id="T328E" value="00:22:49,736" />
  </s>
  <s id="433">
    <time id="T329S" value="00:22:49,786" />
Gee jy haar op.
  </s>
  <s id="434">
- Dit het ek ook nie gesê nie.
    <time id="T329E" value="00:22:52,570" />
  </s>
  <s id="435">
    <time id="T330S" value="00:22:53,106" />
Baas, kan jy probeer om te sê wat jy sê?
    <time id="T330E" value="00:22:57,029" />
  </s>
  <s id="436">
    <time id="T331S" value="00:22:57,619" />
As Ziva nie wil gevind word, dan gaan jy haar nie soek nie.
    <time id="T331E" value="00:23:02,161" />
  </s>
  <s id="437">
    <time id="T332S" value="00:23:03,195" />
Ek sê dat jy dat sou moet respekteer.
  </s>
  <s id="438">
- Dat doe ik.
    <time id="T332E" value="00:23:07,188" />
  </s>
  <s id="439">
    <time id="T333S" value="00:23:07,488" />
Ek moet net, vir 'n paar dae verdwyn.
    <time id="T333E" value="00:23:13,471" />
  </s>
  <s id="440">
    <time id="T334S" value="00:23:13,967" />
Dat spoor volg.
  </s>
  <s id="441">
Ek het nog wat tyd nodig.
    <time id="T334E" value="00:23:17,725" />
  </s>
  <s id="442">
    <time id="T335S" value="00:23:17,775" />
Doen wat jy moet doen.
    <time id="T335E" value="00:23:20,487" />
  </s>
  <s id="443">
    <time id="T336S" value="00:23:27,499" />
Jy weet tog hoe moeilik dit was?
    <time id="T336E" value="00:23:30,016" />
  </s>
  <s id="444">
    <time id="T337S" value="00:23:31,636" />
Gibbs was verkeerd.
    <time id="T337E" value="00:23:33,744" />
  </s>
  <s id="445">
    <time id="T338S" value="00:23:34,540" />
Ek wou dat jy my nie sou vind en tog het jy het.
    <time id="T338E" value="00:23:38,703" />
  </s>
  <s id="446">
    <time id="T339S" value="00:23:38,753" />
Ek het het hom moet vertel.
    <time id="T339E" value="00:23:40,947" />
  </s>
  <s id="447">
    <time id="T340S" value="00:23:43,959" />
Jy kan nie op my deur klop en wil dat ek my ou lewe terug opneem.
    <time id="T340E" value="00:23:48,144" />
  </s>
  <s id="448">
    <time id="T341S" value="00:23:52,675" />
Ek moes die oproep aanneem.
  </s>
  <s id="449">
- Jy hoef niks van dit alles te doen.
    <time id="T341E" value="00:23:56,985" />
  </s>
  <s id="450">
    <time id="T342S" value="00:23:59,193" />
Hoekom is jy hier?
  </s>
  <s id="451">
- Omdat jy my genooi.
    <time id="T342E" value="00:24:03,185" />
  </s>
  <s id="452">
    <time id="T343S" value="00:24:03,937" />
Dit was voordat.
  </s>
  <s id="453">
- Vir wat?
    <time id="T343E" value="00:24:06,871" />
  </s>
  <s id="454">
    <time id="T344S" value="00:24:08,293" />
Jy het nie moet kom.
    <time id="T344E" value="00:24:10,740" />
  </s>
  <s id="455">
    <time id="T345S" value="00:24:15,645" />
Ons mense het dag en nag gewerk, mev die sekretaris.
    <time id="T345E" value="00:24:18,165" />
  </s>
  <s id="456">
    <time id="T346S" value="00:24:18,215" />
Daar twyfel ek nie aan, direkteur, maar die President wil vordering, resultate.
    <time id="T346E" value="00:24:22,146" />
  </s>
  <s id="457">
    <time id="T347S" value="00:24:22,196" />
En na maande van niks...
  </s>
  <s id="458">
- Mev, as ek even mag?
    <time id="T347E" value="00:24:25,668" />
  </s>
  <s id="459">
    <time id="T348S" value="00:24:25,768" />
'n Bietjie hulp van u sou geen kwaad kan.
  </s>
  <s id="460">
- Gibbs.
    <time id="T348E" value="00:24:28,828" />
  </s>
  <s id="461">
    <time id="T349S" value="00:24:29,599" />
Nee, asseblief.
    <time id="T349E" value="00:24:31,073" />
  </s>
  <s id="462">
    <time id="T350S" value="00:24:31,913" />
Agent Gibbs, met jou reputasie,
    <time id="T350E" value="00:24:33,879" />
  </s>
  <s id="463">
    <time id="T351S" value="00:24:33,929" />
Ek het verwag dat Parsa al lang skoongemaak sou wees.
    <time id="T351E" value="00:24:37,317" />
  </s>
  <s id="464">
    <time id="T352S" value="00:24:37,367" />
Dus, vertel me, asseblief, welke hulp verleen ek nie?
    <time id="T352E" value="00:24:40,721" />
  </s>
  <s id="465">
    <time id="T353S" value="00:24:40,771" />
Invloed.
  </s>
  <s id="466">
My reputasie eenkant, daar is maar 'n man wat nie meewerkt en hy is die enigste wat ons ken wat kontak gehad het met Parsa.
  </s>
  <s id="467">
- Kaptein Wayne.
    <time id="T355E" value="00:24:49,976" />
  </s>
  <s id="468">
    <time id="T356S" value="00:24:50,534" />
Onthef van sy pligte by JSOC, het hy 'n prokureur geneem.
    <time id="T356E" value="00:24:53,562" />
  </s>
  <s id="469">
    <time id="T357S" value="00:24:53,612" />
Wayne mag dan dood is vir JSOC.
  </s>
  <s id="470">
Vir ons is hy nie dood nie.
    <time id="T357E" value="00:24:56,606" />
  </s>
  <s id="471">
    <time id="T358S" value="00:24:56,656" />
En beslis nie vir u.
    <time id="T358E" value="00:24:59,068" />
  </s>
  <s id="472">
    <time id="T359S" value="00:24:59,268" />
Die toer wat hy u in Iran draai, moet spore nagelaat het.
    <time id="T359E" value="00:25:03,442" />
  </s>
  <s id="473">
    <time id="T360S" value="00:25:03,775" />
'n Oproep van u, kan ons samewerking tussen die agentskappe besorg.
    <time id="T360E" value="00:25:08,441" />
  </s>
  <s id="474">
    <time id="T361S" value="00:25:08,491" />
Reken daar maar op. 
  </s>
  <s id="475">
Waarom wag.
  </s>
  <s id="476">
Verbind me onmiddellik deur.
    <time id="T361E" value="00:25:11,938" />
  </s>
  <s id="477">
    <time id="T362S" value="00:25:13,939" />
Dit is direkteur Vance, bly aan die lyn vir die sekretaris van die navy.
    <time id="T362E" value="00:25:17,711" />
  </s>
  <s id="478">
    <time id="T363S" value="00:25:39,812" />
'n Ou vriend.
  </s>
  <s id="479">
Dankie.
    <time id="T363E" value="00:25:43,638" />
  </s>
  <s id="480">
    <time id="T364S" value="00:25:43,738" />
Jy vroeg hoe ek jou gevind het.
    <time id="T364E" value="00:25:46,477" />
  </s>
  <s id="481">
    <time id="T365S" value="00:25:46,677" />
'n Hele tyd al kyk ek vorentoe.
    <time id="T365E" value="00:25:49,618" />
  </s>
  <s id="482">
    <time id="T366S" value="00:25:50,521" />
Ek het myself wysgemaak "jy weet hoe sy dink".
    <time id="T366E" value="00:25:54,425" />
  </s>
  <s id="483">
    <time id="T367S" value="00:25:54,475" />
"Jy ken haar".
    <time id="T367E" value="00:25:56,030" />
  </s>
  <s id="484">
    <time id="T368S" value="00:25:56,080" />
"Die enigste ding wat jy moet doen, is haar volgende skuif vir te wees".
    <time id="T368E" value="00:25:58,819" />
  </s>
  <s id="485">
    <time id="T369S" value="00:25:59,019" />
Op 'n dag het ek 'n droom.
    <time id="T369E" value="00:26:01,109" />
  </s>
  <s id="486">
    <time id="T370S" value="00:26:01,959" />
Alles staan netjies op 'n ry.
    <time id="T370E" value="00:26:04,915" />
  </s>
  <s id="487">
    <time id="T371S" value="00:26:04,965" />
Jou familie onderduik adres, die foto van Ari, jy, jou ou vriendin Bashan.
    <time id="T371E" value="00:26:10,051" />
  </s>
  <s id="488">
    <time id="T372S" value="00:26:10,251" />
Toe ek wakker word, het ek geweet dat jy nie vorentoe kyk.
    <time id="T372E" value="00:26:14,395" />
  </s>
  <s id="489">
    <time id="T373S" value="00:26:14,595" />
Jy kyk agteruit.
    <time id="T373E" value="00:26:16,917" />
  </s>
  <s id="490">
    <time id="T374S" value="00:26:18,984" />
Ek aangespoor jy op tot in Amman, waar jou ma gedood is.
    <time id="T375E" value="00:26:23,825" />
  </s>
  <s id="491">
    <time id="T376S" value="00:26:24,125" />
Dan, die grafte van jou grootouers in Meron.
    <time id="T376E" value="00:26:28,378" />
  </s>
  <s id="492">
    <time id="T377S" value="00:26:28,428" />
Die operagebouw in Kaïro waar jy Tali het.
    <time id="T377E" value="00:26:32,661" />
  </s>
  <s id="493">
    <time id="T378S" value="00:26:34,372" />
Uiteindelik het ek jou hier gevind, natuurlik.
    <time id="T378E" value="00:26:39,656" />
  </s>
  <s id="494">
    <time id="T379S" value="00:26:41,398" />
Die huis waar jy gebore is.
    <time id="T379E" value="00:26:44,573" />
  </s>
  <s id="495">
    <time id="T380S" value="00:26:44,773" />
Na die dood van my vader, leek terugkeer na hierdie plekke, noodsaaklik.
    <time id="T380E" value="00:26:50,190" />
  </s>
  <s id="496">
    <time id="T381S" value="00:26:50,993" />
Dit het begin as iets goeds.
    <time id="T381E" value="00:26:53,487" />
  </s>
  <s id="497">
    <time id="T382S" value="00:26:54,327" />
Maar toe sien ek Deena Bashan en...
    <time id="T382E" value="00:26:57,753" />
  </s>
  <s id="498">
    <time id="T383S" value="00:26:57,803" />
Dit kom tog nie deur haar?
  </s>
  <s id="499">
- Nee, dit is nie deur haar, maar deur my.
    <time id="T383E" value="00:27:01,517" />
  </s>
  <s id="500">
    <time id="T384S" value="00:27:01,717" />
Jy moes Ari doodmaak, 'n iemand wat van hom gehou het, verander dit nie.
    <time id="T384E" value="00:27:06,203" />
  </s>
  <s id="501">
    <time id="T385S" value="00:27:06,303" />
Ja, maar ek het van hom gehou.
    <time id="T385E" value="00:27:08,284" />
  </s>
  <s id="502">
    <time id="T386S" value="00:27:08,334" />
Net soos van my vader, moeder en Tali.
    <time id="T386E" value="00:27:11,641" />
  </s>
  <s id="503">
    <time id="T387S" value="00:27:11,941" />
Hoe kan ek nie dink dat vir elke man wat ek gedood het, daar iemand is wat vir hom ween.
  </s>
  <s id="504">
- Dit maak deel uit van die werk.
    <time id="T388E" value="00:27:18,948" />
  </s>
  <s id="505">
    <time id="T389S" value="00:27:18,998" />
Daar moet jy dit by laat.
  </s>
  <s id="506">
- Deena het my die skuld gegee.
    <time id="T389E" value="00:27:22,466" />
  </s>
  <s id="507">
    <time id="T390S" value="00:27:23,006" />
Ek het gedink deur na al die plekke te gaan, ek alles sou kon uitwis.
    <time id="T390E" value="00:27:27,079" />
  </s>
  <s id="508">
    <time id="T391S" value="00:27:27,129" />
Maar elke halte het me duidelik gemaak dat ze gelyk het.
    <time id="T391E" value="00:27:29,533" />
  </s>
  <s id="509">
    <time id="T392S" value="00:27:29,933" />
Die sentrum van al die pyn is ek.
  </s>
  <s id="510">
- Ziva, so is jy nie.
    <time id="T392E" value="00:27:34,738" />
  </s>
  <s id="511">
    <time id="T393S" value="00:27:34,788" />
So is ek, Tony.
  </s>
  <s id="512">
Dit is wat ek van myself gemaak het.
    <time id="T393E" value="00:27:39,290" />
  </s>
  <s id="513">
    <time id="T394S" value="00:27:41,548" />
Maar dit is nie wie ek wou wees.
    <time id="T394E" value="00:27:44,508" />
  </s>
  <s id="514">
    <time id="T395S" value="00:27:45,908" />
Dat weet ek.
    <time id="T395E" value="00:27:48,360" />
  </s>
  <s id="515">
    <time id="T396S" value="00:27:48,660" />
Ek weet dit.
    <time id="T396E" value="00:27:51,308" />
  </s>
  <s id="516">
    <time id="T397S" value="00:27:57,838" />
Jy wou 'n ballerina word.
    <time id="T397E" value="00:28:00,858" />
  </s>
  <s id="517">
    <time id="T398S" value="00:28:05,092" />
" Stop dit vir hom".
  </s>
  <s id="518">
Wie?
    <time id="T398E" value="00:28:08,736" />
  </s>
  <s id="519">
    <time id="T399S" value="00:28:08,786" />
Ari? 
  </s>
  <s id="520">
Eli?
  </s>
  <s id="521">
God?
    <time id="T399E" value="00:28:11,603" />
  </s>
  <s id="522">
    <time id="T400S" value="00:28:12,005" />
Dit is veronderstel om begrawe te bly.
  </s>
  <s id="523">
- Orli gesoek ook na jou.
    <time id="T400E" value="00:28:15,855" />
  </s>
  <s id="524">
    <time id="T401S" value="00:28:19,282" />
Hierdie meisie was sterk.
    <time id="T401E" value="00:28:21,041" />
  </s>
  <s id="525">
    <time id="T402S" value="00:28:21,091" />
Had sy kan weggaan uit die wêreld van haar vader, dit sou anders geloop is.
    <time id="T403E" value="00:28:26,236" />
  </s>
  <s id="526">
    <time id="T404S" value="00:28:29,065" />
Het is nooit te laat.
    <time id="T404E" value="00:28:31,313" />
  </s>
  <s id="527">
    <time id="T405S" value="00:28:34,230" />
Ja, tog wel.
    <time id="T405E" value="00:28:36,632" />
  </s>
  <s id="528">
    <time id="T406S" value="00:28:41,117" />
Dit is die huis waarin jy gebore is.
    <time id="T406E" value="00:28:44,584" />
  </s>
  <s id="529">
    <time id="T407S" value="00:28:44,634" />
Die heelal smeek jou prakties om die lei skoon te vee.
    <time id="T407E" value="00:28:49,219" />
  </s>
  <s id="530">
    <time id="T408S" value="00:28:51,333" />
Ek het opgemerk dat daar heel wat ruimte is op die agterkant van hierdie lys.
    <time id="T408E" value="00:28:56,994" />
  </s>
  <s id="531">
    <time id="T409S" value="00:28:58,997" />
Om 'n nuwe te begin.
    <time id="T409E" value="00:29:01,810" />
  </s>
  <s id="532">
    <time id="T410S" value="00:29:02,717" />
Miskien kan ek jou daarmee help
    <time id="T410E" value="00:29:05,972" />
  </s>
  <s id="533">
    <time id="T411S" value="00:29:10,535" />
Dit is so jammer, Gibbs.
  </s>
  <s id="534">
- Kon jy jou huwelik red?
    <time id="T411E" value="00:29:13,331" />
  </s>
  <s id="535">
    <time id="T412S" value="00:29:13,381" />
My kinders wil nie eens praat met my.
    <time id="T412E" value="00:29:15,754" />
  </s>
  <s id="536">
    <time id="T413S" value="00:29:15,854" />
Dit was dit eintlik nie die moeite werd, is dit nie?
    <time id="T413E" value="00:29:18,442" />
  </s>
  <s id="537">
    <time id="T414S" value="00:29:18,948" />
Luister, ek wag net op die datum van my proses.
    <time id="T414E" value="00:29:20,983" />
  </s>
  <s id="538">
    <time id="T415S" value="00:29:21,033" />
Om dit te probeer agter my te laat.
  </s>
  <s id="539">
- Niks is agter jou, Wayne.
    <time id="T415E" value="00:29:24,668" />
  </s>
  <s id="540">
    <time id="T416S" value="00:29:24,718" />
Niks is agter geen van ons.
  </s>
  <s id="541">
Jy moet begin met praat.
    <time id="T416E" value="00:29:28,331" />
  </s>
  <s id="542">
    <time id="T417S" value="00:29:28,381" />
Wie is die kêrels?
  </s>
  <s id="543">
Waar is Parsa?
    <time id="T417E" value="00:29:31,101" />
  </s>
  <s id="544">
    <time id="T418S" value="00:29:31,151" />
Die enigste ding wat ek het is teksboodskappe.
    <time id="T418E" value="00:29:32,769" />
  </s>
  <s id="545">
    <time id="T419S" value="00:29:32,819" />
Ek het probeer om met behulp van JSOC om enkele name te koppel, maar alle gesprekke was nie geregistreer nie.
    <time id="T420E" value="00:29:37,846" />
  </s>
  <s id="546">
    <time id="T421S" value="00:29:37,896" />
Slegs 'n 305 gebiedskode.
  </s>
  <s id="547">
- 305?
    <time id="T421E" value="00:29:41,605" />
  </s>
  <s id="548">
    <time id="T422S" value="00:29:41,705" />
Ek weet dat jy 'n skuilplek gevind in Arizona.
    <time id="T422E" value="00:29:44,335" />
  </s>
  <s id="549">
    <time id="T423S" value="00:29:44,435" />
Maar alle kommunikasie na me gekom het vanuit Florida.
    <time id="T423E" value="00:29:48,075" />
  </s>
  <s id="550">
    <time id="T424S" value="00:29:48,175" />
Nog iets?
    <time id="T424E" value="00:29:50,659" />
  </s>
  <s id="551">
    <time id="T425S" value="00:29:53,579" />
Jy kry hier die kans, Wayne, om iets goed te maak.
    <time id="T425E" value="00:29:56,783" />
  </s>
  <s id="552">
    <time id="T426S" value="00:29:58,333" />
Jy kry daar geen tweede.
    <time id="T426E" value="00:30:00,937" />
  </s>
  <s id="553">
    <time id="T427S" value="00:30:01,516" />
Ek wou dat ek dit kon.
    <time id="T427E" value="00:30:03,935" />
  </s>
  <s id="554">
    <time id="T428S" value="00:30:04,659" />
Ek wil dit goedmaak.
    <time id="T428E" value="00:30:07,235" />
  </s>
  <s id="555">
    <time id="T429S" value="00:30:07,285" />
Glo my, dit wil ek.
  </s>
  <s id="556">
- Doen dit dan volgende keer goed.
    <time id="T429E" value="00:30:11,194" />
  </s>
  <s id="557">
    <time id="T430S" value="00:30:12,607" />
Nie net wat vir jou goed is.
    <time id="T430E" value="00:30:15,307" />
  </s>
  <s id="558">
    <time id="T431S" value="00:30:26,031" />
Gee jou wapen af.
    <time id="T431E" value="00:30:27,947" />
  </s>
  <s id="559">
    <time id="T432S" value="00:30:47,930" />
Jy het geen idee wat jy vanaand te wag staan.
    <time id="T432E" value="00:30:51,523" />
  </s>
  <s id="560">
    <time id="T433S" value="00:30:56,052" />
Jy ook nie.
    <time id="T433E" value="00:30:57,985" />
  </s>
  <s id="561">
    <time id="T434S" value="00:31:27,847" />
Voel jy beter?
  </s>
  <s id="562">
- Nee.
    <time id="T434E" value="00:31:30,437" />
  </s>
  <s id="563">
    <time id="T435S" value="00:31:30,892" />
Maar dit is 'n begin.
    <time id="T435E" value="00:31:33,149" />
  </s>
  <s id="564">
    <time id="T436S" value="00:31:33,760" />
Jy hoef dit nie alleen te doen.
    <time id="T436E" value="00:31:36,084" />
  </s>
  <s id="565">
    <time id="T437S" value="00:31:38,107" />
Kom mee met me terug na Washington DC.
    <time id="T437E" value="00:31:40,747" />
  </s>
  <s id="566">
    <time id="T438S" value="00:31:41,335" />
Die eerste op my nuwe lys was,
    <time id="T438E" value="00:31:43,434" />
  </s>
  <s id="567">
    <time id="T439S" value="00:31:44,660" />
" Ek laat die penning vaar".
  </s>
  <s id="568">
- Ek het dit nie oor die NCIS.
    <time id="T439E" value="00:31:48,076" />
  </s>
  <s id="569">
    <time id="T440S" value="00:31:48,478" />
Luister, jy mag vir my part inkopiesakke vul.
    <time id="T440E" value="00:31:51,249" />
  </s>
  <s id="570">
    <time id="T441S" value="00:31:52,311" />
Kom net na huis.
    <time id="T441E" value="00:31:54,842" />
  </s>
  <s id="571">
    <time id="T442S" value="00:31:57,141" />
Ek sou graag wou dat jy met my na huis gaan.
    <time id="T442E" value="00:32:00,095" />
  </s>
  <s id="572">
    <time id="T443S" value="00:32:00,145" />
Ek dink nie dat dit 'n goed...
  </s>
  <s id="573">
- He, luister.
    <time id="T443E" value="00:32:03,065" />
  </s>
  <s id="574">
    <time id="T444S" value="00:32:03,115" />
Ek weet dat die moei...
    <time id="T444E" value="00:32:05,972" />
  </s>
  <s id="575">
    <time id="T445S" value="00:32:08,365" />
Ek weet dat jy ook wil verander.
    <time id="T445E" value="00:32:11,296" />
  </s>
  <s id="576">
    <time id="T446S" value="00:32:13,795" />
Ek kan saam met jou verander.
    <time id="T446E" value="00:32:16,442" />
  </s>
  <s id="577">
    <time id="T447S" value="00:32:39,955" />
Ek veg vir jou, Ziva.
  </s>
  <s id="578">
- Dat weet ek.
    <time id="T447E" value="00:32:43,396" />
  </s>
  <s id="579">
    <time id="T448S" value="00:32:47,434" />
Rooftogte.
  </s>
  <s id="580">
Aanrandings.
    <time id="T448E" value="00:32:51,528" />
  </s>
  <s id="581">
    <time id="T449S" value="00:32:51,578" />
Nie presies die internasionale sameswering tipe.
    <time id="T449E" value="00:32:54,507" />
  </s>
  <s id="582">
    <time id="T450S" value="00:32:54,557" />
Wat vir sameswering?
    <time id="T450E" value="00:32:56,256" />
  </s>
  <s id="583">
    <time id="T451S" value="00:32:56,306" />
Ek is net betaal om jou uit die beeld te haal, meer nie.
    <time id="T451E" value="00:32:59,467" />
  </s>
  <s id="584">
    <time id="T452S" value="00:32:59,920" />
Ja, maar dit het nie gewerk nie, of wel?
    <time id="T452E" value="00:33:02,373" />
  </s>
  <s id="585">
    <time id="T453S" value="00:33:04,828" />
Wie het jy betaal?
    <time id="T453E" value="00:33:06,570" />
  </s>
  <s id="586">
    <time id="T454S" value="00:33:06,770" />
Weet ek nie. 
  </s>
  <s id="587">
Ek kry sms-boodskappe en sakke vol geld nadien.
    <time id="T454E" value="00:33:10,862" />
  </s>
  <s id="588">
    <time id="T455S" value="00:33:10,962" />
Na wat?
    <time id="T455E" value="00:33:13,236" />
  </s>
  <s id="589">
    <time id="T456S" value="00:33:15,138" />
Wat gebeur vanaand?
  </s>
  <s id="590">
- Het jy maat Wayne het jy nie vertel?
    <time id="T456E" value="00:33:18,458" />
  </s>
  <s id="591">
    <time id="T457S" value="00:33:18,658" />
Luister, ek probeer jou geen hartseer te besorg.
    <time id="T457E" value="00:33:20,886" />
  </s>
  <s id="592">
    <time id="T458S" value="00:33:20,936" />
Wayne het nie geweet dat hy my na jou gelei het.
    <time id="T458E" value="00:33:23,668" />
  </s>
  <s id="593">
    <time id="T459S" value="00:33:23,718" />
Miskien moet jy hom die vrae wat harder probeer te stel.
    <time id="T459E" value="00:33:27,017" />
  </s>
  <s id="594">
    <time id="T460S" value="00:33:28,595" />
Baas, jy gaan dit nie glo nie.
    <time id="T460E" value="00:33:32,271" />
  </s>
  <s id="595">
    <time id="T461S" value="00:33:36,414" />
Die man het 'n hoop vercijferde nommers op sy selfoon.
    <time id="T461E" value="00:33:39,576" />
  </s>
  <s id="596">
    <time id="T462S" value="00:33:39,626" />
Opdrag om jou weg te hou van 'n vooraf bepaalde doel.
    <time id="T462E" value="00:33:42,614" />
  </s>
  <s id="597">
    <time id="T463S" value="00:33:42,664" />
Almal van vals getalle met dieselfde 305 gebiedskode.
    <time id="T463E" value="00:33:45,583" />
  </s>
  <s id="598">
    <time id="T464S" value="00:33:45,633" />
Watter deel gaan ek nie glo nie, McGee?
  </s>
  <s id="599">
- Dit deel dat ek nie geloof.
    <time id="T464E" value="00:33:49,186" />
  </s>
  <s id="600">
    <time id="T465S" value="00:33:49,236" />
Ek traceerde die geblokkeer getalle tot 'n mainframe, eiendom van 'n paar vals maatskappye.
    <time id="T466E" value="00:33:53,088" />
  </s>
  <s id="601">
    <time id="T467S" value="00:33:53,138" />
Die ene buffer na die ander, tot ek by 'n werklik maatskappy kom, genoem Gran Castillo.
  </s>
  <s id="602">
'n Real Estate maatskappy.
    <time id="T468E" value="00:33:59,405" />
  </s>
  <s id="603">
    <time id="T469S" value="00:33:59,777" />
Mendez.
    <time id="T469E" value="00:34:01,612" />
  </s>
  <s id="604">
    <time id="T470S" value="00:34:03,383" />
Ook dit nog, die kort afstand ontstekers gebruik in beide bomaanvalle, stuur met behulp van 'n selfoon sein.
  </s>
  <s id="605">
- Die telefoon van Mendez.
    <time id="T471E" value="00:34:09,481" />
  </s>
  <s id="606">
    <time id="T472S" value="00:34:09,531" />
Die oproep aan die hospitaal, dit was hy wat die bom veroorsaak.
    <time id="T472E" value="00:34:12,198" />
  </s>
  <s id="607">
    <time id="T473S" value="00:34:12,248" />
Die rede waarom hy by die anti terreurbeweging sit is dalk om manne soos Walters wat steun verleen teen te hou.
    <time id="T474E" value="00:34:17,110" />
  </s>
  <s id="608">
    <time id="T475S" value="00:34:17,160" />
Bel Fornell.
  </s>
  <s id="609">
Rig 'n span op.
    <time id="T475E" value="00:34:19,163" />
  </s>
  <s id="610">
    <time id="T476S" value="00:34:19,213" />
Stuur elke agent na die schuiladres, ook die FBI.
    <time id="T476E" value="00:34:22,214" />
  </s>
  <s id="611">
    <time id="T477S" value="00:34:22,264" />
En jy?
    <time id="T477E" value="00:34:24,068" />
  </s>
  <s id="612">
    <time id="T478S" value="00:34:32,164" />
Waar gebeur dit vanaand?
    <time id="T478E" value="00:34:34,768" />
  </s>
  <s id="613">
    <time id="T479S" value="00:34:35,662" />
Wat as ek dit vir jou nie vertel.
    <time id="T479E" value="00:34:37,695" />
  </s>
  <s id="614">
    <time id="T480S" value="00:34:54,525" />
Jy bereik agent Tobias Fornell van die FBI...
    <time id="T480E" value="00:34:57,927" />
  </s>
  <s id="615">
    <time id="T481S" value="00:34:58,027" />
Kom ons gaan.
    <time id="T481E" value="00:34:59,714" />
  </s>
  <s id="616">
    <time id="T482S" value="00:35:01,097" />
Nie die goeie oomblik?
  </s>
  <s id="617">
- Ek bel wel terug.
    <time id="T482E" value="00:35:03,348" />
  </s>
  <s id="618">
    <time id="T483S" value="00:35:03,398" />
Ek sit met die laaste besoek aan jou vriend Walters nog in my kop.
    <time id="T483E" value="00:35:06,882" />
  </s>
  <s id="619">
    <time id="T484S" value="00:35:06,932" />
Kon ek dit maar vergeet.
    <time id="T484E" value="00:35:09,192" />
  </s>
  <s id="620">
    <time id="T485S" value="00:35:19,905" />
Ek het die sekuriteit span van Walters in sig.
    <time id="T485E" value="00:35:22,328" />
  </s>
  <s id="621">
    <time id="T486S" value="00:35:22,378" />
Walters voel prettiger in die hospitaal.
    <time id="T486E" value="00:35:24,680" />
  </s>
  <s id="622">
    <time id="T487S" value="00:35:24,730" />
Ek sou my laaste dae liefst by die huis deurbring.
    <time id="T487E" value="00:35:26,963" />
  </s>
  <s id="623">
    <time id="T488S" value="00:35:27,013" />
Hoeveel skenk hy eintlik?
  </s>
  <s id="624">
- Twee miljard dollar teen terrorisme.
    <time id="T488E" value="00:35:31,250" />
  </s>
  <s id="625">
    <time id="T489S" value="00:35:39,075" />
Die doelwitte is afgeskakel.
  </s>
  <s id="626">
Die plek is heeltemal vir jou.
    <time id="T489E" value="00:35:41,649" />
  </s>
  <s id="627">
    <time id="T490S" value="00:35:41,699" />
Plant die toestel en gaan na buite.
    <time id="T490E" value="00:35:44,076" />
  </s>
  <s id="628">
    <time id="T491S" value="00:35:52,025" />
Coldwell.
    <time id="T491E" value="00:35:53,696" />
  </s>
  <s id="629">
    <time id="T492S" value="00:35:54,002" />
Wat doen jy hier, Wayne?
    <time id="T492E" value="00:35:55,570" />
  </s>
  <s id="630">
    <time id="T493S" value="00:35:55,620" />
Ons sit goed.
  </s>
  <s id="631">
Dit loop soos 'n klok.
    <time id="T493E" value="00:35:57,924" />
  </s>
  <s id="632">
    <time id="T494S" value="00:35:57,974" />
Ek kan daar nie mee voortgaan.
  </s>
  <s id="633">
Nou nie. 
  </s>
  <s id="634">
Dit is verkeerd.
    <time id="T494E" value="00:36:01,524" />
  </s>
  <s id="635">
    <time id="T495S" value="00:36:23,605" />
Gibbs, die telefoon van Mendez.
    <time id="T496E" value="00:36:29,882" />
  </s>
  <s id="636">
    <time id="T497S" value="00:36:35,832" />
Doen dit, Gibbs.
    <time id="T497E" value="00:36:37,825" />
  </s>
  <s id="637">
    <time id="T498S" value="00:36:38,025" />
Doen dit.
    <time id="T498E" value="00:36:40,326" />
  </s>
  <s id="638">
    <time id="T499S" value="00:37:16,153" />
Gaan die beveiligingsteam van Walters.
  </s>
  <s id="639">
Ek sien hulle nie.
    <time id="T499E" value="00:37:19,349" />
  </s>
  <s id="640">
    <time id="T500S" value="00:37:26,270" />
Laat me even die telefoon opneem.
  </s>
  <s id="641">
- Moet ons die reëls nog eens oorloop?
    <time id="T500E" value="00:37:28,811" />
  </s>
  <s id="642">
    <time id="T501S" value="00:37:28,861" />
Ek ken hulle uit my kop.
    <time id="T501E" value="00:37:30,953" />
  </s>
  <s id="643">
    <time id="T502S" value="00:37:44,643" />
Skote gevuurd, skote gevuurd.
    <time id="T502E" value="00:37:46,825" />
  </s>
  <s id="644">
    <time id="T503S" value="00:37:54,373" />
Mendez geleef het heeltemal in teenstelling van hoe hy hom voordoen aan die buitewêreld en almal vir die voordeel.
  </s>
  <s id="645">
- Wat die wêreld sien was nie regtig nie.
    <time id="T504E" value="00:38:00,731" />
  </s>
  <s id="646">
    <time id="T505S" value="00:38:01,028" />
Ek kan dit nie glo nie, hy het geskiet me in m'n gat.
    <time id="T505E" value="00:38:04,234" />
  </s>
  <s id="647">
    <time id="T506S" value="00:38:04,284" />
'n Oppervlakkige wonde, deur en deur.
  </s>
  <s id="648">
- Deur die gat.
    <time id="T506E" value="00:38:07,471" />
  </s>
  <s id="649">
    <time id="T507S" value="00:38:07,894" />
Pynstillers.
    <time id="T507E" value="00:38:09,374" />
  </s>
  <s id="650">
    <time id="T508S" value="00:38:09,424" />
Waarom sien ek dit nie, Gibbs?
  </s>
  <s id="651">
- Ons sien dit alles nie.
    <time id="T508E" value="00:38:11,960" />
  </s>
  <s id="652">
    <time id="T509S" value="00:38:12,010" />
Maar ek is daar voor in die gat geskiet.
    <time id="T509E" value="00:38:14,446" />
  </s>
  <s id="653">
    <time id="T510S" value="00:38:17,612" />
Dit was nie net Mendez.
  </s>
  <s id="654">
- Nee, Parsa trek aan die leisels.
    <time id="T510E" value="00:38:22,082" />
  </s>
  <s id="655">
    <time id="T511S" value="00:38:22,132" />
Hy loop nog iewers rond.
  </s>
  <s id="656">
- Ja.
    <time id="T511E" value="00:38:24,986" />
  </s>
  <s id="657">
    <time id="T512S" value="00:38:25,792" />
En nie alleen nie.
    <time id="T512E" value="00:38:28,024" />
  </s>
  <s id="658">
    <time id="T513S" value="00:38:38,362" />
Daar is nog tyd om van gedagtes te verander.
    <time id="T513E" value="00:38:40,892" />
  </s>
  <s id="659">
    <time id="T514S" value="00:38:47,514" />
Wat moet ek gaan vertel?
    <time id="T514E" value="00:38:49,727" />
  </s>
  <s id="660">
    <time id="T515S" value="00:38:50,121" />
Dat jy gelyk het.
    <time id="T515E" value="00:38:52,197" />
  </s>
  <s id="661">
    <time id="T516S" value="00:38:52,822" />
Ek moet weer begin.
  </s>
  <s id="662">
- Goed.
    <time id="T516E" value="00:38:55,808" />
  </s>
  <s id="663">
    <time id="T517S" value="00:38:55,858" />
Jy en ek weet dat dit vir Abby nie genoeg sal wees.
    <time id="T517E" value="00:38:58,727" />
  </s>
  <s id="664">
    <time id="T518S" value="00:39:00,791" />
Sê haar dat ek Gibbs eer.
    <time id="T518E" value="00:39:06,698" />
  </s>
  <s id="665">
    <time id="T519S" value="00:39:07,509" />
Gibbs?
    <time id="T519E" value="00:39:09,426" />
  </s>
  <s id="666">
    <time id="T520S" value="00:39:10,801" />
" Stop dit vir hom".
  </s>
  <s id="667">
- Natuurlik.
    <time id="T520E" value="00:39:14,661" />
  </s>
  <s id="668">
    <time id="T521S" value="00:39:15,034" />
Gibbs.
    <time id="T521E" value="00:39:17,142" />
  </s>
  <s id="669">
    <time id="T522S" value="00:39:17,497" />
Ek wil hom trots maak.
    <time id="T522E" value="00:39:19,305" />
  </s>
  <s id="670">
    <time id="T523S" value="00:39:19,355" />
Hy het my geleer om my hart te volg en ek weet dat ek...
    <time id="T523E" value="00:39:22,877" />
  </s>
  <s id="671">
    <time id="T524S" value="00:39:25,309" />
Ek moet dit, alleen doen.
    <time id="T525E" value="00:39:30,207" />
  </s>
  <s id="672">
    <time id="T526S" value="00:39:31,053" />
Ek moet alles loslaat, of ek word teruggetrek na waar ek begin het.
    <time id="T527E" value="00:39:38,188" />
  </s>
  <s id="673">
    <time id="T528S" value="00:39:38,460" />
Sê dat aan Abby vir me.
    <time id="T528E" value="00:39:41,176" />
  </s>
  <s id="674">
    <time id="T529S" value="00:39:41,604" />
Sy sal dit begryp.
    <time id="T529E" value="00:39:44,178" />
  </s>
  <s id="675">
    <time id="T530S" value="00:39:44,228" />
Dit doen ek.
    <time id="T530E" value="00:39:46,105" />
  </s>
  <s id="676">
    <time id="T531S" value="00:39:48,060" />
Dus, hoe gaan dit met Gibbs?
    <time id="T531E" value="00:39:50,648" />
  </s>
  <s id="677">
    <time id="T532S" value="00:39:50,698" />
Gaan jy hom bel?
    <time id="T532E" value="00:39:53,076" />
  </s>
  <s id="678">
    <time id="T533S" value="00:39:54,146" />
Dat weet ek nie.
  </s>
  <s id="679">
- Jy moet die man bel.
    <time id="T533E" value="00:39:56,115" />
  </s>
  <s id="680">
    <time id="T534S" value="00:39:56,165" />
Ek weet nie of ek dit kan.
  </s>
  <s id="681">
- Oh, dat kom wel in orde.
    <time id="T534E" value="00:39:59,598" />
  </s>
  <s id="682">
    <time id="T535S" value="00:39:59,648" />
Jy weet hoe hy is aan die telefoon, die funksionele zwijger.
    <time id="T535E" value="00:40:03,046" />
  </s>
  <s id="683">
    <time id="T536S" value="00:40:03,096" />
Jy gaan nouliks weet dat hy daar is.
    <time id="T536E" value="00:40:05,753" />
  </s>
  <s id="684">
    <time id="T537S" value="00:40:06,317" />
Hy is 'n goeie luisteraar.
    <time id="T537E" value="00:40:08,617" />
  </s>
  <s id="685">
    <time id="T538S" value="00:40:11,647" />
Tony, jy is so...
    <time id="T538E" value="00:40:15,213" />
  </s>
  <s id="686">
    <time id="T539S" value="00:40:17,192" />
Knap? 
  </s>
  <s id="687">
Snaaks?
  </s>
  <s id="688">
Wat?
    <time id="T539E" value="00:40:20,324" />
  </s>
  <s id="689">
    <time id="T540S" value="00:40:22,260" />
Lief.
    <time id="T540E" value="00:40:24,369" />
  </s>
  <s id="690">
    <time id="T541S" value="00:40:48,058" />
OK.
    <time id="T541E" value="00:40:49,851" />
  </s>
  <s id="691">
    <time id="T542S" value="00:40:51,995" />
Dit is nie maklik nie.
    <time id="T542E" value="00:40:54,681" />
  </s>
  <s id="692">
    <time id="T543S" value="00:41:01,215" />
Die moeilikste 180 grade van my lewe.
    <time id="T543E" value="00:41:04,242" />
  </s>
  <s id="693">
    <time id="T544S" value="00:42:52,146" />
He, Ziver.
    <time id="T544E" value="00:42:54,487" />
  </s>
  <s id="694">
    <time id="T545S" value="00:42:57,082" />
Vertaling en sync deur: 
  </s>
  <s id="695">
Rie van die Buggy's
    <time id="T545E" value="00:43:02,824" />
  </s>
  <meta>
    <conversion>
      <tokens>5759</tokens>
      <encoding>windows-1252</encoding>
      <corrected_words>0</corrected_words>
      <truecased_words>2</truecased_words>
      <unknown_words>0</unknown_words>
      <sentences>695</sentences>
      <ignored_blocks>0</ignored_blocks>
    </conversion>
    <subtitle>
      <machine_translated>0</machine_translated>
      <date>2013-11-25</date>
      <language>Afrikaans</language>
      <confidence>1.0</confidence>
      <duration>00:43:02,824</duration>
      <blocks>545</blocks>
      <version>1</version>
      <rating>1.0</rating>
    </subtitle>
    <source>
      <year>2013</year>
      <duration>44</duration>
      <cds>1/1</cds>
      <genre>Action,Comedy,Crime</genre>
      <HD>1</HD>
    </source>
  </meta>
</document>
