<?xml version="1.0" encoding="utf-8"?>
<document id="5707325">
  <s id="1">
    <time id="T1S" value="00:01:35,960" />
Vreemdelinge.
  </s>
  <s id="2">
- Waar?
    <time id="T1E" value="00:01:39,794" />
  </s>
  <s id="3">
    <time id="T2S" value="00:01:40,000" />
Daar, by die kruisbos.
    <time id="T2E" value="00:01:41,911" />
  </s>
  <s id="4">
    <time id="T3S" value="00:01:46,560" />
Dis Franse.
    <time id="T3E" value="00:01:47,913" />
  </s>
  <s id="5">
    <time id="T4S" value="00:01:50,760" />
God bewaar ons!
    <time id="T4E" value="00:01:52,398" />
  </s>
  <s id="6">
    <time id="T5S" value="00:01:52,600" />
Laat ons aangaan.
    <time id="T5E" value="00:01:53,555" />
  </s>
  <s id="7">
    <time id="T6S" value="00:02:30,160" />
Waar is die kasteel Wijnendaele?
    <time id="T6E" value="00:02:32,071" />
  </s>
  <s id="8">
    <time id="T7S" value="00:02:33,360" />
Meer diekant toe, dink ek.
    <time id="T7E" value="00:02:37,194" />
  </s>
  <s id="9">
    <time id="T8S" value="00:02:38,600" />
Dink jy? 
  </s>
  <s id="10">
Neem hom saam.
    <time id="T8E" value="00:02:40,670" />
  </s>
  <s id="11">
    <time id="T9S" value="00:03:33,400" />
Hulle het Willem saamgeneem!
    <time id="T9E" value="00:03:36,278" />
  </s>
  <s id="12">
    <time id="T10S" value="00:03:37,880" />
Wie? 
  </s>
  <s id="13">
Willem?
    <time id="T10E" value="00:03:38,995" />
  </s>
  <s id="14">
    <time id="T11S" value="00:03:39,200" />
Hulle gaan hom ophang.
    <time id="T11E" value="00:03:41,668" />
  </s>
  <s id="15">
    <time id="T12S" value="00:03:41,880" />
Was dit soldate?
    <time id="T12E" value="00:03:43,279" />
  </s>
  <s id="16">
    <time id="T13S" value="00:03:43,480" />
Dit is ridders, hulle dra 'n skild. 
  </s>
  <s id="17">
Met lelies.
    <time id="T13E" value="00:03:48,600" />
  </s>
  <s id="18">
    <time id="T14S" value="00:03:48,800" />
Waarom sou hulle hom doodmaak?
  </s>
  <s id="19">
- dis Franse.
    <time id="T14E" value="00:03:52,554" />
  </s>
  <s id="20">
    <time id="T15S" value="00:03:52,760" />
Hy moes hulle na die kasteel van Wijnendaele bring.
    <time id="T15E" value="00:03:57,390" />
  </s>
  <s id="21">
    <time id="T16S" value="00:03:57,600" />
Dan sal hulle hom tog nie hang nie.
  </s>
  <s id="22">
- Nee?
    <time id="T16E" value="00:04:02,151" />
  </s>
  <s id="23">
    <time id="T17S" value="00:04:02,640" />
Ek sal eers gaan kyk.
    <time id="T17E" value="00:04:04,153" />
  </s>
  <s id="24">
    <time id="T18S" value="00:04:05,080" />
Hou op met huil.
    <time id="T18E" value="00:04:06,991" />
  </s>
  <s id="25">
    <time id="T19S" value="00:04:07,200" />
Hulle is nog in die kruisbos.
    <time id="T19E" value="00:04:09,350" />
  </s>
  <s id="26">
    <time id="T20S" value="00:04:09,840" />
Pasop, Jan! 
  </s>
  <s id="27">
Die ridders is moordenaars.
    <time id="T20E" value="00:04:13,515" />
  </s>
  <s id="28">
    <time id="T21S" value="00:04:29,800" />
dit was die jaar 1300
    <time id="T21E" value="00:04:32,712" />
  </s>
  <s id="29">
    <time id="T22S" value="00:04:32,920" />
Swygend ry 'n groepie ridders deur die velde van Roeselare.
    <time id="T23E" value="00:04:37,349" />
  </s>
  <s id="30">
    <time id="T24S" value="00:04:37,560" />
die geluid van hul wapens en die voetval van hul drawwers laat die takbokke vlug.
    <time id="T25E" value="00:04:44,718" />
  </s>
  <s id="31">
    <time id="T26S" value="00:04:47,440" />
die geselskap bestaan uit afstammelinge van die vernaamste Franse adel en hulle kom na Vlaandere om die opstandige Graaf Gwijde van Dampierre te betig
    <time id="T29E" value="00:04:58,830" />
  </s>
  <s id="32">
    <time id="T30S" value="00:05:23,840" />
By hulle was monsieur de Châtillon, 'n neef van die Franse koningin, sy broer, monsieur de Saint-Paul, en laatste, en nie die minste, die broer van die Franse koning self, graaf Charles de Valois.
    <time id="T34E" value="00:05:42,239" />
  </s>
  <s id="33">
    <time id="T35S" value="00:06:03,000" />
Goeiemiddag. 
  </s>
  <s id="34">
Goeiemiddag.
    <time id="T35E" value="00:06:06,549" />
  </s>
  <s id="35">
    <time id="T36S" value="00:06:09,840" />
Goeiemiddag.
    <time id="T36E" value="00:06:11,239" />
  </s>
  <s id="36">
    <time id="T37S" value="00:06:14,120" />
Goeiemiddag, edele here.
    <time id="T37E" value="00:06:16,680" />
  </s>
  <s id="37">
    <time id="T38S" value="00:06:17,040" />
Welkom, edele here, in Vlaandere.
    <time id="T38E" value="00:06:20,669" />
  </s>
  <s id="38">
    <time id="T39S" value="00:06:21,560" />
U is 'n fees vir die oog.
    <time id="T39E" value="00:06:23,994" />
  </s>
  <s id="39">
    <time id="T40S" value="00:06:24,200" />
U het mooiweer saamgebring uit die verre suide
    <time id="T40E" value="00:06:28,637" />
  </s>
  <s id="40">
    <time id="T41S" value="00:06:32,120" />
Willem, laat jy ons mooi streek sien deur die edele here?
    <time id="T41E" value="00:06:37,274" />
  </s>
  <s id="41">
    <time id="T42S" value="00:06:37,480" />
Here, u het u vergis.
    <time id="T42E" value="00:06:39,869" />
  </s>
  <s id="42">
    <time id="T43S" value="00:06:40,080" />
Willem is gaaf, maar die slegste gids van Vlaandere.
    <time id="T43E" value="00:06:45,552" />
  </s>
  <s id="43">
    <time id="T44S" value="00:06:45,760" />
Maak dat jy wegkom!
  </s>
  <s id="44">
Maak dat jy wegkom! 
  </s>
  <s id="45">
Weg!
    <time id="T44E" value="00:06:49,230" />
  </s>
  <s id="46">
    <time id="T45S" value="00:06:50,200" />
Here, mag ek u my dienste aanbied?
    <time id="T45E" value="00:06:53,670" />
  </s>
  <s id="47">
    <time id="T46S" value="00:06:53,880" />
Ek ken die streek soos my handpalm
    <time id="T46E" value="00:06:55,518" />
  </s>
  <s id="48">
    <time id="T47S" value="00:06:55,720" />
Mag ek u voorgaan? 
  </s>
  <s id="49">
Kom.
    <time id="T47E" value="00:06:58,996" />
  </s>
  <s id="50">
    <time id="T48S" value="00:07:03,800" />
Ons ou Graaf sal tevrede wees.
    <time id="T48E" value="00:07:05,552" />
  </s>
  <s id="51">
    <time id="T49S" value="00:07:05,760" />
Hy hou van adellike besoek.
    <time id="T49E" value="00:07:10,072" />
  </s>
  <s id="52">
    <time id="T50S" value="00:07:10,720" />
hy hou ook van gewone mense, as hulle belasting betaal.
  </s>
  <s id="53">
Dit is vir hom die lekkerste!
    <time id="T51E" value="00:07:19,436" />
  </s>
  <s id="54">
    <time id="T52S" value="00:07:19,680" />
Stil!
    <time id="T52E" value="00:07:21,477" />
  </s>
  <s id="55">
    <time id="T53S" value="00:07:25,760" />
So so, 'n heer soos meneer de Châtillon verwerdig hom om my aan te raak.
  </s>
  <s id="56">
Wat 'n eer!
    <time id="T54E" value="00:07:34,789" />
  </s>
  <s id="57">
    <time id="T55S" value="00:07:35,000" />
Monsieur de Vonnet, leer die vent 'n lessie.
    <time id="T55E" value="00:07:37,468" />
  </s>
  <s id="58">
    <time id="T56S" value="00:07:57,920" />
Met die groete van Jan Breydel, leier van die slagters.
    <time id="T56E" value="00:08:01,196" />
  </s>
  <s id="59">
    <time id="T57S" value="00:08:01,400" />
Gryp hom!
    <time id="T57E" value="00:08:02,879" />
  </s>
  <s id="60">
    <time id="T58S" value="00:08:03,080" />
Meneer de Châtillon, kom terug!
    <time id="T58E" value="00:08:05,878" />
  </s>
  <s id="61">
    <time id="T59S" value="00:08:06,080" />
Meneer de Saint-Paul, kom terug!
    <time id="T59E" value="00:08:07,798" />
  </s>
  <s id="62">
    <time id="T60S" value="00:08:10,600" />
Meneer de Châtillon, u is nog nie die leenheer van Vlaandere nie!
    <time id="T60E" value="00:08:15,879" />
  </s>
  <s id="63">
    <time id="T61S" value="00:08:16,080" />
Dis ek!
    <time id="T61E" value="00:08:18,594" />
  </s>
  <s id="64">
    <time id="T62S" value="00:08:19,680" />
En ek beskik oor die lot van my vasalle
    <time id="T62E" value="00:08:22,558" />
  </s>
  <s id="65">
    <time id="T63S" value="00:08:23,640" />
Prins, u is die eerste ridder van Frankryk.
    <time id="T63E" value="00:08:27,952" />
  </s>
  <s id="66">
    <time id="T64S" value="00:08:28,520" />
Ons verloor tyd. 
  </s>
  <s id="67">
Dit word donker.
    <time id="T64E" value="00:08:31,876" />
  </s>
  <s id="68">
    <time id="T65S" value="00:08:42,320" />
Die aand kom die Franse in die kasteel aan, waar die 80-jarige opstandige Graaf hulle inwag.
    <time id="T66E" value="00:08:51,993" />
  </s>
  <s id="69">
    <time id="T67S" value="00:08:52,400" />
Langs hom staan sy seun, Robrecht de Béthune, bekend as "Die Leeu van Vlaandere"
    <time id="T68E" value="00:08:58,915" />
  </s>
  <s id="70">
    <time id="T69S" value="00:08:59,120" />
na sy wonderlike optrede in die oorlog van Sicilië.
    <time id="T69E" value="00:09:03,352" />
  </s>
  <s id="71">
    <time id="T70S" value="00:09:28,840" />
Die volgende dag ry die Franse ridders deur die domein van die Graaf soos deur hul eie tuine.
    <time id="T71E" value="00:09:35,754" />
  </s>
  <s id="72">
    <time id="T72S" value="00:09:37,400" />
Machteld, die dogter van Robrecht de Béthune, aanskou dit met lydende oë
    <time id="T73E" value="00:09:45,349" />
  </s>
  <s id="73">
    <time id="T74S" value="00:09:47,840" />
U lyk bedruk, vader.
    <time id="T74E" value="00:09:49,876" />
  </s>
  <s id="74">
    <time id="T75S" value="00:09:50,560" />
Omdat ek jou nie gesien het nie.
  </s>
  <s id="75">
- U is so galant.
    <time id="T75E" value="00:09:54,553" />
  </s>
  <s id="76">
    <time id="T76S" value="00:09:55,200" />
Die Franse...
    <time id="T76E" value="00:09:57,395" />
  </s>
  <s id="77">
    <time id="T77S" value="00:09:58,320" />
Ek kry gal in my mond as ek hulle sien
    <time id="T77E" value="00:10:00,515" />
  </s>
  <s id="78">
    <time id="T78S" value="00:10:04,760" />
Ek vertrek na 'n kaal landstreek met die ridders van my land.
    <time id="T79E" value="00:10:08,991" />
  </s>
  <s id="79">
    <time id="T80S" value="00:10:09,200" />
Ek beveg die Saracenen, oog om oog en tand om tand.
    <time id="T80E" value="00:10:13,079" />
  </s>
  <s id="80">
    <time id="T81S" value="00:10:13,280" />
'n Ystergordel vir my lief, die sleutel hou my vriend.
    <time id="T82E" value="00:10:17,598" />
  </s>
  <s id="81">
    <time id="T83S" value="00:10:17,800" />
Daar was ons ewige liefde die beste mee gediend.
    <time id="T84E" value="00:10:21,634" />
  </s>
  <s id="82">
    <time id="T85S" value="00:10:21,840" />
Ek sit haar op slot, slot, slot,
    <time id="T85E" value="00:10:23,831" />
  </s>
  <s id="83">
    <time id="T86S" value="00:10:24,040" />
Ek sou wag tot, tot, tot...
    <time id="T86E" value="00:10:25,996" />
  </s>
  <s id="84">
    <time id="T87S" value="00:10:29,680" />
Graaf Gwijde, my broer, die koning, is u nie ongunstig gesind.
    <time id="T88E" value="00:10:36,036" />
  </s>
  <s id="85">
    <time id="T89S" value="00:10:36,240" />
Ek kom persoonlik hierheen om u te vra:
    <time id="T89E" value="00:10:40,153" />
  </s>
  <s id="86">
    <time id="T90S" value="00:10:41,040" />
bly u die Franse kroon trotseer?
    <time id="T90E" value="00:10:44,874" />
  </s>
  <s id="87">
    <time id="T91S" value="00:10:45,800" />
Ons skatkis is leeg.
  </s>
  <s id="88">
- Dit is nie 'n antwoord nie.
    <time id="T91E" value="00:10:48,917" />
  </s>
  <s id="89">
    <time id="T92S" value="00:10:51,000" />
Die koning van Frankryk skuld my geld, my aandeel aan die belasting wat ek insamel in sy naam.
    <time id="T93E" value="00:11:01,077" />
  </s>
  <s id="90">
    <time id="T94S" value="00:11:01,800" />
Die koning konkel met die patrisiërs van ons stede, teen die wettige gesag van my vader.
    <time id="T95E" value="00:11:08,710" />
  </s>
  <s id="91">
    <time id="T96S" value="00:11:09,000" />
Filips die Skone konkel nie!
    <time id="T96E" value="00:11:12,231" />
  </s>
  <s id="92">
    <time id="T97S" value="00:11:12,440" />
Nee, hy het personeel daarvoor.
    <time id="T97E" value="00:11:14,635" />
  </s>
  <s id="93">
    <time id="T98S" value="00:11:14,840" />
Wie bedoel u daarmee?
  </s>
  <s id="94">
Antwoord!
    <time id="T98E" value="00:11:17,638" />
  </s>
  <s id="95">
    <time id="T99S" value="00:11:19,200" />
My heer, ek hoef u nie te antwoord nie!
    <time id="T99E" value="00:11:22,795" />
  </s>
  <s id="96">
    <time id="T100S" value="00:11:23,880" />
U vergeet u rang!
    <time id="T100E" value="00:11:25,472" />
  </s>
  <s id="97">
    <time id="T101S" value="00:11:26,240" />
Graaf Gwijde, na alle griewe wat Frankryk teen u het, na al u opstandigheid, u kwade trou, na al u arrogansie, wil dit voorkom asof Vlaandere 'n koninkryk is, met u as vors.
    <time id="T103E" value="00:11:41,673" />
  </s>
  <s id="98">
    <time id="T104S" value="00:11:41,880" />
As u tot inkeer kom, sou dit goed wees.
    <time id="T104E" value="00:11:46,271" />
  </s>
  <s id="99">
    <time id="T105S" value="00:11:46,480" />
Hoe kan Filips my sleggesind wees?
  </s>
  <s id="100">
Ek is sy peter.
    <time id="T105E" value="00:11:51,349" />
  </s>
  <s id="101">
    <time id="T106S" value="00:11:53,240" />
Ek het sy vader en sy grootvader gedien.
    <time id="T106E" value="00:11:56,198" />
  </s>
  <s id="102">
    <time id="T107S" value="00:11:56,600" />
Ons land is ingeneem en beset.
    <time id="T107E" value="00:12:00,115" />
  </s>
  <s id="103">
    <time id="T108S" value="00:12:01,800" />
Julle wil dit inlyf by die Frankryk van julle drome, die grootste koninkryk van die christendom.
    <time id="T109E" value="00:12:07,590" />
  </s>
  <s id="104">
    <time id="T110S" value="00:12:07,800" />
Maar dit gebeur ten koste van eer en trou.
    <time id="T110E" value="00:12:12,191" />
  </s>
  <s id="105">
    <time id="T111S" value="00:12:13,800" />
My vader soek sy heil nie in vervalsing en woordbreuk nie.
    <time id="T111E" value="00:12:18,669" />
  </s>
  <s id="106">
    <time id="T112S" value="00:12:19,520" />
Woordbreuk? 
  </s>
  <s id="107">
Wie?
    <time id="T112E" value="00:12:21,988" />
  </s>
  <s id="108">
    <time id="T113S" value="00:12:22,200" />
Die koning van die Franse?
  </s>
  <s id="109">
Ek eis dat u dit terugtrek!
    <time id="T113E" value="00:12:25,875" />
  </s>
  <s id="110">
    <time id="T114S" value="00:12:26,200" />
Ek bly die koning trou tot hy sy koningskap onteer, net soos die Franse munt.
    <time id="T115E" value="00:12:33,191" />
  </s>
  <s id="111">
    <time id="T116S" value="00:12:38,080" />
as die koning van Frankryk nie korrup is, dan is hy laks.
    <time id="T117E" value="00:12:46,919" />
  </s>
  <s id="112">
    <time id="T118S" value="00:12:47,120" />
En laat hy hom lei deur... deur? 
  </s>
  <s id="113">
deur?
  </s>
  <s id="114">
Waag om dit te sê.
    <time id="T119E" value="00:12:55,915" />
  </s>
  <s id="115">
    <time id="T120S" value="00:12:56,600" />
deur 'n hofhouding van bloedsuiers.
    <time id="T120E" value="00:12:58,591" />
  </s>
  <s id="116">
    <time id="T121S" value="00:12:58,840" />
Béthune!
    <time id="T121E" value="00:13:00,193" />
  </s>
  <s id="117">
    <time id="T122S" value="00:13:00,680" />
Aangevoer deur sy vrou, Johanna van Navarra.
    <time id="T122E" value="00:13:03,194" />
  </s>
  <s id="118">
    <time id="T123S" value="00:13:03,440" />
Ek duld nie dat my koningin en niggie belaster word nie!
    <time id="T123E" value="00:13:08,912" />
  </s>
  <s id="119">
    <time id="T124S" value="00:13:09,120" />
Dit, meneer de Béthune, dit roep om bloed!
    <time id="T124E" value="00:13:13,352" />
  </s>
  <s id="120">
    <time id="T125S" value="00:13:24,960" />
Meneer de Châtillon...
    <time id="T125E" value="00:13:26,757" />
  </s>
  <s id="121">
    <time id="T126S" value="00:13:28,040" />
Ek is u man!
    <time id="T126E" value="00:13:29,712" />
  </s>
  <s id="122">
    <time id="T127S" value="00:13:49,240" />
Graaf de Béthune kies as wapenmakker die jong Adolf van Nieuwland.
    <time id="T128E" value="00:13:56,073" />
  </s>
  <s id="123">
    <time id="T129S" value="00:13:57,080" />
Jacques die Châtillon kies sy broer, die gevaarlike Monsieur de Saint-Paul.
    <time id="T130E" value="00:14:04,149" />
  </s>
  <s id="124">
    <time id="T131S" value="00:14:36,200" />
Hier, jy is seker honger.
  </s>
  <s id="125">
- Dank u, heer.
    <time id="T131E" value="00:14:41,718" />
  </s>
  <s id="126">
    <time id="T132S" value="00:15:26,160" />
Staan op, meneer!
    <time id="T132E" value="00:15:27,195" />
  </s>
  <s id="127">
    <time id="T133S" value="00:16:11,400" />
My broer is vrygewig,
    <time id="T133E" value="00:16:14,358" />
  </s>
  <s id="128">
    <time id="T134S" value="00:16:15,320" />
Hy was altyd mild geweest teenoor Vlaandere.
    <time id="T134E" value="00:16:18,869" />
  </s>
  <s id="129">
    <time id="T135S" value="00:16:19,080" />
Hy is edelmoedig.
    <time id="T135E" value="00:16:20,593" />
  </s>
  <s id="130">
    <time id="T136S" value="00:16:21,840" />
Hy is so goed soos 'n koning maar kan wees.
    <time id="T136E" value="00:16:25,071" />
  </s>
  <s id="131">
    <time id="T137S" value="00:16:28,480" />
Maar hy vergeet uiteraard geen oomblik dat hy die kroon dra van die heilige Lodewyk.
    <time id="T138E" value="00:16:35,671" />
  </s>
  <s id="132">
    <time id="T139S" value="00:16:35,880" />
Wie hom wil dwarsboom, verpletter hy, soos 'n kewer.
    <time id="T139E" value="00:16:40,396" />
  </s>
  <s id="133">
    <time id="T140S" value="00:16:41,120" />
Was hy maar nooit met die heks van Navarra getroud.
    <time id="T140E" value="00:16:44,476" />
  </s>
  <s id="134">
    <time id="T141S" value="00:16:46,600" />
sy haat Vlaandere... en sy haat my.
    <time id="T141E" value="00:16:51,071" />
  </s>
  <s id="135">
    <time id="T142S" value="00:16:51,280" />
sy dink dat ek my broer bedreig.
    <time id="T142E" value="00:16:53,748" />
  </s>
  <s id="136">
    <time id="T143S" value="00:16:53,960" />
Dit doen jy mos.
  </s>
  <s id="137">
- Natuurlik.
    <time id="T143E" value="00:16:57,873" />
  </s>
  <s id="138">
    <time id="T144S" value="00:16:59,320" />
Johanna is in Navarra.
    <time id="T144E" value="00:17:01,880" />
  </s>
  <s id="139">
    <time id="T145S" value="00:17:02,080" />
Gaan na Compiégne, terwyl sy weg is.
    <time id="T145E" value="00:17:06,073" />
  </s>
  <s id="140">
    <time id="T146S" value="00:17:06,280" />
Filips is so onbetroubaar.
    <time id="T146E" value="00:17:09,272" />
  </s>
  <s id="141">
    <time id="T147S" value="00:17:12,840" />
Moenie bang wees nie, ou vriend.
    <time id="T147E" value="00:17:14,671" />
  </s>
  <s id="142">
    <time id="T148S" value="00:17:14,880" />
Ek waarborg u persoonlik:
    <time id="T148E" value="00:17:17,713" />
  </s>
  <s id="143">
    <time id="T149S" value="00:17:18,320" />
U sal niks oorkom nie.
    <time id="T149E" value="00:17:19,912" />
  </s>
  <s id="144">
    <time id="T150S" value="00:17:26,440" />
Van Filips die Skone sê mense dat hy soos die mooiste voël lyk, die sneeu-uil.
    <time id="T152E" value="00:17:34,111" />
  </s>
  <s id="145">
    <time id="T153S" value="00:17:34,320" />
wat die wêreld aankyk sonder aarsel, wat met moeite kan sing,en dan nog heel traag, en wat totaal nutteloos is.
    <time id="T155E" value="00:17:45,112" />
  </s>
  <s id="146">
    <time id="T156S" value="00:18:16,640" />
Sire.
    <time id="T156E" value="00:18:18,073" />
  </s>
  <s id="147">
    <time id="T157S" value="00:18:19,280" />
Filips.
    <time id="T157E" value="00:18:20,872" />
  </s>
  <s id="148">
    <time id="T158S" value="00:18:22,480" />
U het sterker geword, Filips, en mooier.
    <time id="T158E" value="00:18:26,632" />
  </s>
  <s id="149">
    <time id="T159S" value="00:18:27,440" />
Dankie dat u ons ontvang het.
    <time id="T159E" value="00:18:30,432" />
  </s>
  <s id="150">
    <time id="T160S" value="00:18:31,720" />
Ons is hier al twaalf dae.
    <time id="T160E" value="00:18:34,871" />
  </s>
  <s id="151">
    <time id="T161S" value="00:18:35,080" />
Sire, Vlaandere buig die hoof.
    <time id="T161E" value="00:18:40,632" />
  </s>
  <s id="152">
    <time id="T162S" value="00:18:42,520" />
Sy Majesteit sou u hoof kon opeis!
    <time id="T162E" value="00:18:46,069" />
  </s>
  <s id="153">
    <time id="T163S" value="00:18:46,280" />
Dat kan hy te alle tye doen.
    <time id="T163E" value="00:18:47,838" />
  </s>
  <s id="154">
    <time id="T164S" value="00:18:48,040" />
Die oorlog wat u teen Sy Majesteit ontketen het, het hom teen uself gekeer.
    <time id="T165E" value="00:18:54,633" />
  </s>
  <s id="155">
    <time id="T166S" value="00:18:54,840" />
U het u eie land verbeurdverklaar!
    <time id="T166E" value="00:18:58,594" />
  </s>
  <s id="156">
    <time id="T167S" value="00:18:58,800" />
en uself voëlvry verklaar!
    <time id="T167E" value="00:19:01,075" />
  </s>
  <s id="157">
    <time id="T168S" value="00:19:01,480" />
Daar was misverstande waar ons nie skuld aan gehad het nie.
    <time id="T168E" value="00:19:04,278" />
  </s>
  <s id="158">
    <time id="T169S" value="00:19:05,400" />
By die eer van my huis van Dampierre sweer ek dat ek en my landgenote trou sal bly aan die Franse kroon.
    <time id="T171E" value="00:19:14,509" />
  </s>
  <s id="159">
    <time id="T172S" value="00:19:14,720" />
Die trou moet uitgedruk word in substansie, in goedere en geld.
    <time id="T173E" value="00:19:22,196" />
  </s>
  <s id="160">
    <time id="T174S" value="00:19:22,400" />
Vlaandere is kaal, leeggeroof.
    <time id="T174E" value="00:19:25,756" />
  </s>
  <s id="161">
    <time id="T175S" value="00:19:26,080" />
die skuld van die Vlaamse stede moet vereffen word, en dit sonder verwyl en sonder uitstel.
    <time id="T176E" value="00:19:32,674" />
  </s>
  <s id="162">
    <time id="T177S" value="00:20:24,200" />
Verder mag u nie gaan, liefste biegvader.
    <time id="T177E" value="00:20:27,317" />
  </s>
  <s id="163">
    <time id="T178S" value="00:20:32,680" />
My liewe klein koning,
    <time id="T178E" value="00:20:35,353" />
  </s>
  <s id="164">
    <time id="T179S" value="00:20:40,040" />
het jy my gemis?
    <time id="T179E" value="00:20:41,792" />
  </s>
  <s id="165">
    <time id="T180S" value="00:20:42,000" />
Elke uur, liefling.
  </s>
  <s id="166">
Elke dag, elke nag.
    <time id="T180E" value="00:20:45,675" />
  </s>
  <s id="167">
    <time id="T181S" value="00:20:55,240" />
Ek is doodmoeg.
    <time id="T181E" value="00:20:57,231" />
  </s>
  <s id="168">
    <time id="T182S" value="00:20:58,120" />
Ons het 20 uur gery.
    <time id="T182E" value="00:21:00,839" />
  </s>
  <s id="169">
    <time id="T183S" value="00:21:01,040" />
Dan moet jy rus, liefling.
    <time id="T183E" value="00:21:03,235" />
  </s>
  <s id="170">
    <time id="T184S" value="00:21:07,280" />
Rus?
    <time id="T184E" value="00:21:08,838" />
  </s>
  <s id="171">
    <time id="T185S" value="00:21:22,160" />
Filips?
    <time id="T185E" value="00:21:23,309" />
  </s>
  <s id="172">
    <time id="T186S" value="00:21:25,960" />
Terwyl ek in Navarra was, het jy die graaf van Vlaandere ontvang?
    <time id="T187E" value="00:21:30,234" />
  </s>
  <s id="173">
    <time id="T188S" value="00:21:30,600" />
Ja.
    <time id="T188E" value="00:21:32,192" />
  </s>
  <s id="174">
    <time id="T189S" value="00:21:34,320" />
Is hy nog steeds hier?
  </s>
  <s id="175">
- Dit is so.
    <time id="T189E" value="00:21:38,950" />
  </s>
  <s id="176">
    <time id="T190S" value="00:21:41,680" />
Jaag jy hom nie weg soos die brandsiek hond wat hy is nie?
    <time id="T190E" value="00:21:45,195" />
  </s>
  <s id="177">
    <time id="T191S" value="00:21:47,000" />
Nee.
    <time id="T191E" value="00:21:47,955" />
  </s>
  <s id="178">
    <time id="T192S" value="00:21:50,080" />
Volgens my biegvader oorweeg jy om hom vergifnis te skenk.
    <time id="T193E" value="00:21:55,873" />
  </s>
  <s id="179">
    <time id="T194S" value="00:22:01,880" />
Vergifnis!
    <time id="T194E" value="00:22:03,632" />
  </s>
  <s id="180">
    <time id="T195S" value="00:22:04,360" />
Liefling, spaar my jou Spaanse kure!
    <time id="T195E" value="00:22:08,194" />
  </s>
  <s id="181">
    <time id="T196S" value="00:22:22,960" />
Beteken ek dan heeltemaal niks vir jou nie, dat jy die rebelse, skaamtelose ras van Vlaminge onder jou dak duld?
    <time id="T198E" value="00:22:32,958" />
  </s>
  <s id="182">
    <time id="T199S" value="00:22:41,600" />
Vlaandere en Dampierre betwis jou gesag, die gesag van 'n gesalfde van God.
    <time id="T200E" value="00:22:47,433" />
  </s>
  <s id="183">
    <time id="T201S" value="00:22:47,640" />
Die heer Enguerrand de Marigny.
    <time id="T201E" value="00:22:50,632" />
  </s>
  <s id="184">
    <time id="T202S" value="00:22:56,760" />
Majesteit.
  </s>
  <s id="185">
- Enguerrand.
    <time id="T202E" value="00:23:00,355" />
  </s>
  <s id="186">
    <time id="T203S" value="00:23:00,560" />
Ek weet nie wat sy in haar koppie het nie, maar bring haar tot bedaring
    <time id="T203E" value="00:23:05,031" />
  </s>
  <s id="187">
    <time id="T204S" value="00:23:05,720" />
Enguerrand, vertel hom maar.
    <time id="T204E" value="00:23:10,032" />
  </s>
  <s id="188">
    <time id="T205S" value="00:23:10,880" />
Kom, man. 
  </s>
  <s id="189">
Sê dit aan jou koning.
    <time id="T205E" value="00:23:14,668" />
  </s>
  <s id="190">
    <time id="T206S" value="00:23:14,960" />
Ons kon die tolgeld verhoog, die goedere van die Klauwaerts en die aanhangers van Graaf Gwijde belas.
    <time id="T207E" value="00:23:24,271" />
  </s>
  <s id="191">
    <time id="T208S" value="00:23:24,480" />
Daar is nog 'n middel.
    <time id="T208E" value="00:23:27,392" />
  </s>
  <s id="192">
    <time id="T209S" value="00:23:27,680" />
Ons kon van die Graaf en sy ridders in Compiégne losgeld vra eweredig aan hul rang en stand.
    <time id="T210E" value="00:23:39,712" />
  </s>
  <s id="193">
    <time id="T211S" value="00:23:40,160" />
Voor u geld die wetten van die gepeupel en van die ridderskap nie.
    <time id="T212E" value="00:23:46,830" />
  </s>
  <s id="194">
    <time id="T213S" value="00:23:47,200" />
U is Frankryk.
    <time id="T213E" value="00:23:48,428" />
  </s>
  <s id="195">
    <time id="T214S" value="00:23:50,040" />
Frankryk gebied!
    <time id="T214E" value="00:23:51,712" />
  </s>
  <s id="196">
    <time id="T215S" value="00:23:53,760" />
"Gesta Dei per Francos".
    <time id="T215E" value="00:23:56,149" />
  </s>
  <s id="197">
    <time id="T216S" value="00:23:58,760" />
God werk deur die Franse!
    <time id="T216E" value="00:24:01,479" />
  </s>
  <s id="198">
    <time id="T217S" value="00:25:27,280" />
Buig, edeles, voor Sy Majesteit, die koning van Frankryk!
    <time id="T217E" value="00:25:32,752" />
  </s>
  <s id="199">
    <time id="T218S" value="00:26:04,480" />
Majesteit.
    <time id="T218E" value="00:26:05,959" />
  </s>
  <s id="200">
    <time id="T219S" value="00:26:06,280" />
Op die belangrikste dag in die geskiedenis van die graafskap, Vlaandere, wil die vasals, wat u vereer...
  </s>
  <s id="201">
- Hou op, ou man!
    <time id="T221E" value="00:26:16,394" />
  </s>
  <s id="202">
    <time id="T222S" value="00:26:16,800" />
Moenie verder gaan, valsbek!
    <time id="T222E" value="00:26:18,711" />
  </s>
  <s id="203">
    <time id="T223S" value="00:26:20,640" />
U Majesteit, ek... begryp nie...
    <time id="T223E" value="00:26:24,599" />
  </s>
  <s id="204">
    <time id="T224S" value="00:26:24,920" />
Hou jou mond, sê ek, Vasal!
    <time id="T224E" value="00:26:27,514" />
  </s>
  <s id="205">
    <time id="T225S" value="00:26:30,560" />
Vlaandere...
    <time id="T225E" value="00:26:31,675" />
  </s>
  <s id="206">
    <time id="T226S" value="00:26:32,320" />
In alle onpartydigheid en vervul met ons koninklike genade, het ons jou misdade ondersoek.
    <time id="T227E" value="00:26:41,034" />
  </s>
  <s id="207">
    <time id="T228S" value="00:26:42,240" />
Tot vandag het jy jou getoon as 'n valse en bedrieglike leenman.
    <time id="T229E" value="00:26:48,836" />
  </s>
  <s id="208">
    <time id="T230S" value="00:26:50,680" />
Ek is nie lus vir jou gevlei en jou praatjies nie.
    <time id="T230E" value="00:26:55,708" />
  </s>
  <s id="209">
    <time id="T231S" value="00:27:05,240" />
Gwijde van Dampierre, jou lewe is verbeurdverklaar!
    <time id="T231E" value="00:27:09,791" />
  </s>
  <s id="210">
    <time id="T232S" value="00:27:11,600" />
Die dag van die eksekusie word later bepaal.
    <time id="T232E" value="00:27:14,717" />
  </s>
  <s id="211">
    <time id="T233S" value="00:27:15,160" />
Jy word solank met die edele here in hegtenis geneem.
    <time id="T233E" value="00:27:19,472" />
  </s>
  <s id="212">
    <time id="T234S" value="00:27:19,840" />
My heer...
    <time id="T234E" value="00:27:21,239" />
  </s>
  <s id="213">
    <time id="T235S" value="00:27:23,440" />
Hoe kan u so die eer van u broer in die gedrang bring?
    <time id="T235E" value="00:27:26,796" />
  </s>
  <s id="214">
    <time id="T236S" value="00:27:27,040" />
Ek het aan hom persoonlik 'n vrygeleide verskaf!
    <time id="T236E" value="00:27:30,396" />
  </s>
  <s id="215">
    <time id="T237S" value="00:27:30,760" />
Meneer de Valois,
    <time id="T237E" value="00:27:32,591" />
  </s>
  <s id="216">
    <time id="T238S" value="00:27:32,800" />
Dit is nie aan u om 'n volk te verdedig wat Frankryk beledig nie!
    <time id="T238E" value="00:27:37,430" />
  </s>
  <s id="217">
    <time id="T239S" value="00:27:37,640" />
Broeder, ek vra u dringend...
  </s>
  <s id="218">
- De Valois!
    <time id="T239E" value="00:27:41,269" />
  </s>
  <s id="219">
    <time id="T240S" value="00:27:41,480" />
Mens onderbreek die koningin van Frankryk nie!
    <time id="T240E" value="00:27:44,517" />
  </s>
  <s id="220">
    <time id="T241S" value="00:27:46,280" />
Wagte! 
  </s>
  <s id="221">
die wil van die koning!
    <time id="T241E" value="00:27:48,953" />
  </s>
  <s id="222">
    <time id="T242S" value="00:27:53,840" />
Graaf, in naam van die koning...
    <time id="T242E" value="00:27:56,559" />
  </s>
  <s id="223">
    <time id="T243S" value="00:27:56,760" />
Maar ek het nog nie gepraat nie!
    <time id="T243E" value="00:27:58,671" />
  </s>
  <s id="224">
    <time id="T244S" value="00:27:58,880" />
Ek het hier gekom uit vrye wil!
  </s>
  <s id="225">
Ek eis om gehoor te word.
    <time id="T244E" value="00:28:03,192" />
  </s>
  <s id="226">
    <time id="T245S" value="00:28:03,400" />
Neem hom weg!
    <time id="T245E" value="00:28:05,152" />
  </s>
  <s id="227">
    <time id="T246S" value="00:28:05,640" />
Raak nie aan my vader nie!
    <time id="T246E" value="00:28:07,596" />
  </s>
  <s id="228">
    <time id="T247S" value="00:28:11,680" />
Vlaminge, red uself!
    <time id="T247E" value="00:28:13,159" />
  </s>
  <s id="229">
    <time id="T248S" value="00:28:24,000" />
De Béthune, gee jou oor!
    <time id="T248E" value="00:28:26,639" />
  </s>
  <s id="230">
    <time id="T249S" value="00:28:28,000" />
Soldate!
    <time id="T249E" value="00:28:28,955" />
  </s>
  <s id="231">
    <time id="T250S" value="00:28:30,200" />
Robrecht, gee jou oor, anders sterf al die ridders!
    <time id="T250E" value="00:28:36,389" />
  </s>
  <s id="232">
    <time id="T251S" value="00:28:55,400" />
Here van Vlaandere...
    <time id="T251E" value="00:28:57,311" />
  </s>
  <s id="233">
    <time id="T252S" value="00:29:00,160" />
Here, u is getuie van 'n koninklike verraad waaraan ek geen deel het nie.
    <time id="T253E" value="00:29:05,398" />
  </s>
  <s id="234">
    <time id="T254S" value="00:29:05,600" />
De Valois! 
  </s>
  <s id="235">
U eer gebied u om daardie woorde terug te trek!
    <time id="T254E" value="00:29:11,869" />
  </s>
  <s id="236">
    <time id="T255S" value="00:29:14,320" />
Dit is my eer!
    <time id="T255E" value="00:29:16,072" />
  </s>
  <s id="237">
    <time id="T256S" value="00:29:16,760" />
Ontaarde broeder!
    <time id="T256E" value="00:29:19,479" />
  </s>
  <s id="238">
    <time id="T257S" value="00:29:19,680" />
Mislukte prins!
    <time id="T257E" value="00:29:22,035" />
  </s>
  <s id="239">
    <time id="T258S" value="00:29:23,040" />
Here, Vlaminge,
    <time id="T258E" value="00:29:24,996" />
  </s>
  <s id="240">
    <time id="T259S" value="00:29:26,000" />
Ons sou u liever almal genade wou verleen, maar tot ons droefheid kan dit nie.
    <time id="T260E" value="00:29:36,319" />
  </s>
  <s id="241">
    <time id="T261S" value="00:29:39,360" />
Gesta Dei per Francos!
    <time id="T261E" value="00:29:42,591" />
  </s>
  <s id="242">
    <time id="T262S" value="00:29:43,080" />
Daarna kom koning Filips die Skone na Brugge, wat groot beroering verwek het.
    <time id="T263E" value="00:29:49,990" />
  </s>
  <s id="243">
    <time id="T264S" value="00:29:50,200" />
Onder andere by die burgemeester van Brugge.
    <time id="T264E" value="00:29:53,317" />
  </s>
  <s id="244">
    <time id="T265S" value="00:29:53,520" />
Here, dit vind ek onvoorstelbaar!
    <time id="T265E" value="00:29:55,954" />
  </s>
  <s id="245">
    <time id="T266S" value="00:29:56,160" />
Dit kon ek nooit durf droom nie.
  </s>
  <s id="246">
Ek het ten minste gehoop dat, teen hierdie heuglike dag, waarop ons die koning ontvang, dat dit klaar sou wees.
    <time id="T268E" value="00:30:09,316" />
  </s>
  <s id="247">
    <time id="T269S" value="00:30:09,560" />
hulle het hulle bes gedoen.
  </s>
  <s id="248">
- Dit kan.
    <time id="T269E" value="00:30:11,357" />
  </s>
  <s id="249">
    <time id="T270S" value="00:30:11,560" />
Maar die afspraak was dat dit vandag klaar sou wees!
    <time id="T270E" value="00:30:16,714" />
  </s>
  <s id="250">
    <time id="T271S" value="00:30:16,920" />
Dit is altyd dieselfde in Brugge!
  </s>
  <s id="251">
Dit is pateties!
    <time id="T271E" value="00:30:20,913" />
  </s>
  <s id="252">
    <time id="T272S" value="00:31:20,440" />
Sire... 
  </s>
  <s id="253">
Mevrou...
    <time id="T272E" value="00:31:24,911" />
  </s>
  <s id="254">
    <time id="T273S" value="00:31:25,600" />
Dit is voorwaar die heuglikste dag uit die reeds so blye geskiedenis van ons stad
    <time id="T274E" value="00:31:35,108" />
  </s>
  <s id="255">
    <time id="T275S" value="00:32:17,160" />
Die allerheuglikste dag, sê ek...
  </s>
  <s id="256">
Sire... 
  </s>
  <s id="257">
Majesteit...
    <time id="T275E" value="00:32:22,757" />
  </s>
  <s id="258">
    <time id="T276S" value="00:32:22,960" />
Wat ons sal verheug...
  </s>
  <s id="259">
in ons geheue...
    <time id="T276E" value="00:32:28,557" />
  </s>
  <s id="260">
    <time id="T277S" value="00:32:28,760" />
Majesteit, Sire, Koningin...
    <time id="T277E" value="00:32:33,834" />
  </s>
  <s id="261">
    <time id="T278S" value="00:32:34,040" />
Van harte welkom...
    <time id="T278E" value="00:32:37,350" />
  </s>
  <s id="262">
    <time id="T279S" value="00:32:37,560" />
In ons harte...
    <time id="T279E" value="00:32:39,198" />
  </s>
  <s id="263">
    <time id="T280S" value="00:32:40,640" />
Heel hartlik...
    <time id="T280E" value="00:32:44,633" />
  </s>
  <s id="264">
    <time id="T281S" value="00:32:48,240" />
Ons moet Frankryk se kroon waardig wees, as ons...
    <time id="T282E" value="00:32:56,430" />
  </s>
  <s id="265">
    <time id="T283S" value="00:32:56,640" />
Wie is die mens daar?
  </s>
  <s id="266">
- Wie bedoel u, Majesteit?
    <time id="T283E" value="00:33:00,952" />
  </s>
  <s id="267">
    <time id="T284S" value="00:33:01,160" />
Sy daar, op die punt. 
  </s>
  <s id="268">
Die blonde.
    <time id="T284E" value="00:33:04,470" />
  </s>
  <s id="269">
    <time id="T285S" value="00:33:04,840" />
Dat is Machteld, die dogter van Robrecht de Béthune.
    <time id="T285E" value="00:33:09,470" />
  </s>
  <s id="270">
    <time id="T286S" value="00:33:09,680" />
En die andere vroue?
    <time id="T286E" value="00:33:12,069" />
  </s>
  <s id="271">
    <time id="T287S" value="00:33:12,280" />
Dit is die eggenote van die here van Vlaandere.
    <time id="T287E" value="00:33:17,195" />
  </s>
  <s id="272">
    <time id="T288S" value="00:33:17,400" />
Waar is die manne?
  </s>
  <s id="273">
- In ons gevangenis, liefling.
    <time id="T288E" value="00:33:22,155" />
  </s>
  <s id="274">
    <time id="T289S" value="00:33:22,720" />
Ek dag dat ek hier die koningin sou wees!
    <time id="T289E" value="00:33:25,871" />
  </s>
  <s id="275">
    <time id="T290S" value="00:33:26,560" />
Ten slotte het ek die eer... u in naam van die magistrate van ons stad van ganser harte die sleutels van ons stad Brugge aan te bied.
    <time id="T292E" value="00:33:39,517" />
  </s>
  <s id="276">
    <time id="T293S" value="00:33:39,720" />
Lewe die koning!
    <time id="T293E" value="00:33:42,075" />
  </s>
  <s id="277">
    <time id="T294S" value="00:34:06,080" />
Dat Haar Majesteit in die openbaar gehoon word, verheug Pieter de Coninck, leier van die wewers en leier van die Vlaamse opstand.
    <time id="T296E" value="00:34:15,879" />
  </s>
  <s id="278">
    <time id="T297S" value="00:34:18,120" />
De Châtillon! 
  </s>
  <s id="279">
Nog nooit word die koningin so geteiken nie!
    <time id="T297E" value="00:34:24,389" />
  </s>
  <s id="280">
    <time id="T298S" value="00:34:25,120" />
Die boerinne was rykeliker gekleed as ek!
    <time id="T298E" value="00:34:28,192" />
  </s>
  <s id="281">
    <time id="T299S" value="00:34:30,520" />
In Parys sou hulle die vrouens van hul perde afgetrek het!
    <time id="T299E" value="00:34:34,991" />
  </s>
  <s id="282">
    <time id="T300S" value="00:34:35,200" />
Jy kan Vlaandere nie vergelyk met die suidelike provinsies nie.
    <time id="T300E" value="00:34:38,397" />
  </s>
  <s id="283">
    <time id="T301S" value="00:34:38,600" />
Waarom nie?
    <time id="T301E" value="00:34:40,397" />
  </s>
  <s id="284">
    <time id="T302S" value="00:34:40,600" />
hulle het nou eenmaal meer selfstandigheid.
    <time id="T302E" value="00:34:44,195" />
  </s>
  <s id="285">
    <time id="T303S" value="00:34:44,520" />
Vlaandere is 'n deel van Frankryk, 'n provinsie soos die ander.
    <time id="T304E" value="00:34:49,077" />
  </s>
  <s id="286">
    <time id="T305S" value="00:34:54,720" />
Pas dit my goed?
  </s>
  <s id="287">
- Prachtig!
    <time id="T305E" value="00:34:57,154" />
  </s>
  <s id="288">
    <time id="T306S" value="00:35:06,720" />
Jy moet maar so dink:
    <time id="T306E" value="00:35:07,835" />
  </s>
  <s id="289">
    <time id="T307S" value="00:35:08,120" />
"Al dra 'n aap 'n goue ring, dit bly maar 'n lelike ding."
    <time id="T307E" value="00:35:13,274" />
  </s>
  <s id="290">
    <time id="T308S" value="00:35:20,320" />
Daar moet in Vlaandere iemand met 'n sterk hand kom.
    <time id="T308E" value="00:35:24,029" />
  </s>
  <s id="291">
    <time id="T309S" value="00:35:26,520" />
Iemand wat hom nie laat beïnvloed nie, en wat ons regmatige eise bo alles stel.
    <time id="T310E" value="00:35:34,750" />
  </s>
  <s id="292">
    <time id="T311S" value="00:35:38,800" />
Maar wie?
    <time id="T311E" value="00:35:39,755" />
  </s>
  <s id="293">
    <time id="T312S" value="00:35:41,720" />
Wie het tegelikertyd takt en krag... en tegelikertyd... diplomasie en vasberadenheid?
    <time id="T314E" value="00:35:58,628" />
  </s>
  <s id="294">
    <time id="T315S" value="00:36:00,000" />
Ja, wie?
    <time id="T315E" value="00:36:03,390" />
  </s>
  <s id="295">
    <time id="T316S" value="00:36:04,280" />
Die wewers word lastig.
    <time id="T316E" value="00:36:06,714" />
  </s>
  <s id="296">
    <time id="T317S" value="00:36:08,280" />
Dit is goed.
    <time id="T317E" value="00:36:09,872" />
  </s>
  <s id="297">
    <time id="T318S" value="00:36:12,080" />
Die belastings word steeds swaarder.
    <time id="T318E" value="00:36:14,469" />
  </s>
  <s id="298">
    <time id="T319S" value="00:36:15,400" />
Dit is goed.
    <time id="T319E" value="00:36:16,674" />
  </s>
  <s id="299">
    <time id="T320S" value="00:36:16,880" />
Dit is maar net die wewers alleen.
    <time id="T320E" value="00:36:19,155" />
  </s>
  <s id="300">
    <time id="T321S" value="00:36:19,360" />
Saam met hul families is hulle 'n kwart van die bevolking van die stad.
    <time id="T321E" value="00:36:25,071" />
  </s>
  <s id="301">
    <time id="T322S" value="00:36:25,280" />
Ook die ander ambagte sien in dat hulle net pakdiere is.
    <time id="T322E" value="00:36:29,796" />
  </s>
  <s id="302">
    <time id="T323S" value="00:36:31,120" />
Ons moet die Vlaamse edeles deeglik bearbei.
    <time id="T323E" value="00:36:35,318" />
  </s>
  <s id="303">
    <time id="T324S" value="00:36:35,520" />
Daar is maar één middel om die edeles uit hul nes te lok, beloof hul nog meer geld en goed!
    <time id="T325E" value="00:36:41,997" />
  </s>
  <s id="304">
    <time id="T326S" value="00:36:42,200" />
Waar of nie?
  </s>
  <s id="305">
- Dis waar, Bekka.
    <time id="T326E" value="00:36:45,715" />
  </s>
  <s id="306">
    <time id="T327S" value="00:36:50,200" />
Dit is maar één man wat dit kan doen, wat hulle sal vertrou,
    <time id="T327E" value="00:36:54,751" />
  </s>
  <s id="307">
    <time id="T328S" value="00:36:54,960" />
Robrecht de Béthune.
    <time id="T328E" value="00:36:56,678" />
  </s>
  <s id="308">
    <time id="T329S" value="00:36:58,120" />
Die Vlaamse edeles moet met de Béthune praat
    <time id="T329E" value="00:37:01,908" />
  </s>
  <s id="309">
    <time id="T330S" value="00:37:02,120" />
Ons kan hulle nie vra om na Chinon te ry nie.
    <time id="T330E" value="00:37:06,272" />
  </s>
  <s id="310">
    <time id="T331S" value="00:37:10,040" />
Daar word iets bekook.
    <time id="T331E" value="00:37:11,996" />
  </s>
  <s id="311">
    <time id="T332S" value="00:37:12,600" />
die Franse heer van Chinon, meneer de Houssy, laat Graaf de Béthune 'n maand na Vlaandere teruggaan, op voorwaarde dat iemand 'n maand lank sy plek inneem.
    <time id="T334E" value="00:37:25,677" />
  </s>
  <s id="312">
    <time id="T335S" value="00:37:25,880" />
En wie neem sy plek in?
    <time id="T335E" value="00:37:27,279" />
  </s>
  <s id="313">
    <time id="T336S" value="00:37:28,360" />
Niemand minder as die troue...
  </s>
  <s id="314">
Adolf van Nieuwland.
    <time id="T336E" value="00:37:33,354" />
  </s>
  <s id="315">
    <time id="T337S" value="00:37:40,520" />
Adolf.
    <time id="T337E" value="00:37:41,953" />
  </s>
  <s id="316">
    <time id="T338S" value="00:37:43,720" />
Nooit sal die huis van de Béthune hierdie edele daad vergeet nie.
    <time id="T338E" value="00:37:47,838" />
  </s>
  <s id="317">
    <time id="T339S" value="00:37:48,240" />
Tot u diens, heer Graaf.
    <time id="T339E" value="00:37:49,719" />
  </s>
  <s id="318">
    <time id="T340S" value="00:38:09,240" />
Dit sou wenslik wees, nuwe landvoog van Vlaandere,
    <time id="T340E" value="00:38:13,756" />
  </s>
  <s id="319">
    <time id="T341S" value="00:38:13,960" />
Dat die dogter van de Béthune...
  </s>
  <s id="320">
- Machteld.
    <time id="T341E" value="00:38:18,078" />
  </s>
  <s id="321">
    <time id="T342S" value="00:38:18,280" />
Ja, Machteld... 
  </s>
  <s id="322">
Dat sy 'n tyd in die Franse hof deurbring.
    <time id="T342E" value="00:38:24,389" />
  </s>
  <s id="323">
    <time id="T343S" value="00:38:24,600" />
Dit sou haar opvoeding bevorder.
    <time id="T343E" value="00:38:28,354" />
  </s>
  <s id="324">
    <time id="T344S" value="00:38:29,880" />
Sy sal opgevoed word deur die mees wellustige hofdames.
    <time id="T345E" value="00:38:36,829" />
  </s>
  <s id="325">
    <time id="T346S" value="00:39:25,720" />
Wie is u?
    <time id="T346E" value="00:39:26,709" />
  </s>
  <s id="326">
    <time id="T347S" value="00:39:28,080" />
Wie is u?
    <time id="T347E" value="00:39:29,433" />
  </s>
  <s id="327">
    <time id="T348S" value="00:39:30,560" />
Gaan onmiddellik weg!
    <time id="T348E" value="00:39:32,073" />
  </s>
  <s id="328">
    <time id="T349S" value="00:39:32,280" />
Nee! 
  </s>
  <s id="329">
Nee!
    <time id="T349E" value="00:39:36,353" />
  </s>
  <s id="330">
    <time id="T350S" value="00:39:43,600" />
In die ruïne van Nieuwenhove woon twee kluisenaars:
    <time id="T350E" value="00:39:48,230" />
  </s>
  <s id="331">
    <time id="T351S" value="00:39:48,440" />
Diederik, wat by sy geboorte nie 'n stem gekry het nie, en Lodewijk, 'n senulyer.
    <time id="T352E" value="00:39:56,596" />
  </s>
  <s id="332">
    <time id="T353S" value="00:39:57,440" />
Op 'n dag kry hulle besoek van 'n dwalende ridder.
    <time id="T353E" value="00:40:01,831" />
  </s>
  <s id="333">
    <time id="T354S" value="00:40:08,080" />
Hé, dwalende ridder...
    <time id="T354E" value="00:40:10,878" />
  </s>
  <s id="334">
    <time id="T355S" value="00:40:11,720" />
Is dit waar dat daar 'n siekte is in Italië waarby die asem van 'n sieke jou kan tref soos 'n dolk?
    <time id="T356E" value="00:40:21,029" />
  </s>
  <s id="335">
    <time id="T357S" value="00:40:22,440" />
Mense praat van duisende dooies.
    <time id="T357E" value="00:40:24,670" />
  </s>
  <s id="336">
    <time id="T358S" value="00:40:24,880" />
Die pes!
  </s>
  <s id="337">
- Ja, ja, die pes.
    <time id="T358E" value="00:40:27,314" />
  </s>
  <s id="338">
    <time id="T359S" value="00:40:29,760" />
Hulle sit glo in die huise, sê hulle.
    <time id="T359E" value="00:40:32,115" />
  </s>
  <s id="339">
    <time id="T360S" value="00:40:34,080" />
Daarom wil ek geen deure hê nie. 
  </s>
  <s id="340">
Geen mure.
    <time id="T360E" value="00:40:38,471" />
  </s>
  <s id="341">
    <time id="T361S" value="00:40:38,680" />
Ek wil lewe in die lug, in die asem van God.
    <time id="T361E" value="00:40:43,834" />
  </s>
  <s id="342">
    <time id="T362S" value="00:41:03,480" />
Ah, daar kom mense aan.
    <time id="T362E" value="00:41:06,790" />
  </s>
  <s id="343">
    <time id="T363S" value="00:41:07,200" />
Dit word besig hier in Nieuwenhove.
    <time id="T363E" value="00:41:08,997" />
  </s>
  <s id="344">
    <time id="T364S" value="00:41:09,200" />
Maandelank geen hond, en nou lyk dit soos 'n herberg.
    <time id="T364E" value="00:41:13,239" />
  </s>
  <s id="345">
    <time id="T365S" value="00:41:14,280" />
Vyf man te perd. 
  </s>
  <s id="346">
Eén perd is swaar gelaai.
    <time id="T365E" value="00:41:17,590" />
  </s>
  <s id="347">
    <time id="T366S" value="00:41:18,760" />
Nou kyk u op, hé?
    <time id="T366E" value="00:41:20,557" />
  </s>
  <s id="348">
    <time id="T367S" value="00:41:20,760" />
Diederek hoor dit.
  </s>
  <s id="349">
Diederik hoor alles.
    <time id="T367E" value="00:41:24,036" />
  </s>
  <s id="350">
    <time id="T368S" value="00:41:27,640" />
Bly stil van my!
  </s>
  <s id="351">
- Jy hoor wat hy sê. 
  </s>
  <s id="352">
Niks oor hom!
    <time id="T368E" value="00:41:32,077" />
  </s>
  <s id="353">
    <time id="T369S" value="00:41:35,120" />
Jy bly hier!
  </s>
  <s id="354">
- Natuurlik, heer.
    <time id="T369E" value="00:41:37,475" />
  </s>
  <s id="355">
    <time id="T370S" value="00:42:14,720" />
Crevel, maak haar los.
    <time id="T370E" value="00:42:17,109" />
  </s>
  <s id="356">
    <time id="T371S" value="00:42:39,560" />
Meneer de Saint-Paul, wat doen die meisie hier?
    <time id="T371E" value="00:42:44,190" />
  </s>
  <s id="357">
    <time id="T372S" value="00:42:44,400" />
Wat het met haar gebeur?
    <time id="T372E" value="00:42:45,435" />
  </s>
  <s id="358">
    <time id="T373S" value="00:42:45,640" />
Meneer, dit lyk of u my ken.
    <time id="T373E" value="00:42:48,200" />
  </s>
  <s id="359">
    <time id="T374S" value="00:42:50,240" />
Maar ek ken u nie.
    <time id="T374E" value="00:42:51,992" />
  </s>
  <s id="360">
    <time id="T375S" value="00:42:55,480" />
Wie is u dan?
    <time id="T375E" value="00:42:56,833" />
  </s>
  <s id="361">
    <time id="T376S" value="00:42:58,480" />
'n Dwalende ridder sonder naam.
    <time id="T376E" value="00:43:00,675" />
  </s>
  <s id="362">
    <time id="T377S" value="00:43:08,760" />
Machteld.
    <time id="T377E" value="00:43:10,273" />
  </s>
  <s id="363">
    <time id="T378S" value="00:43:16,200" />
Gaan weg van haar. 
  </s>
  <s id="364">
Sy behoort aan die kroon van Frankryk.
    <time id="T378E" value="00:43:18,839" />
  </s>
  <s id="365">
    <time id="T379S" value="00:43:19,160" />
Sy? 
  </s>
  <s id="366">
Machteld de Béthune?
    <time id="T379E" value="00:43:22,914" />
  </s>
  <s id="367">
    <time id="T380S" value="00:43:23,120" />
Jy is Robrecht de Béthune!
    <time id="T380E" value="00:43:24,678" />
  </s>
  <s id="368">
    <time id="T381S" value="00:43:25,960" />
Jy het jou ridderwoord gebreek.
    <time id="T381E" value="00:43:27,916" />
  </s>
  <s id="369">
    <time id="T382S" value="00:43:28,320" />
Jy het gevlug uit Chinon!
    <time id="T382E" value="00:43:30,151" />
  </s>
  <s id="370">
    <time id="T383S" value="00:43:30,360" />
Ja. 
  </s>
  <s id="371">
Want ek is die geregtigheid!
    <time id="T383E" value="00:43:34,956" />
  </s>
  <s id="372">
    <time id="T384S" value="00:43:35,200" />
Arresteer hom, in naam van die koning!
    <time id="T384E" value="00:43:37,270" />
  </s>
  <s id="373">
    <time id="T385S" value="00:43:41,160" />
Crevel, neem die meisie saam.
    <time id="T385E" value="00:43:42,718" />
  </s>
  <s id="374">
    <time id="T386S" value="00:44:50,800" />
Machteld?
    <time id="T386E" value="00:44:52,233" />
  </s>
  <s id="375">
    <time id="T387S" value="00:46:15,440" />
Machteld.
    <time id="T387E" value="00:46:17,078" />
  </s>
  <s id="376">
    <time id="T388S" value="00:46:17,520" />
Hoor jy my, liefste?
    <time id="T388E" value="00:46:19,317" />
  </s>
  <s id="377">
    <time id="T389S" value="00:46:29,480" />
Raak nie aan haar nie. 
  </s>
  <s id="378">
Sy het die pes, die vrouepes.
    <time id="T389E" value="00:46:32,950" />
  </s>
  <s id="379">
    <time id="T390S" value="00:46:54,040" />
In die geheim kom die Vlaamse edeles saam.
    <time id="T390E" value="00:46:57,510" />
  </s>
  <s id="380">
    <time id="T391S" value="00:46:57,920" />
Eindelik.
    <time id="T391E" value="00:46:58,875" />
  </s>
  <s id="381">
    <time id="T392S" value="00:46:59,640" />
Jan van Renesse en sy ruiters uit die moerasse van Zeeland,
    <time id="T392E" value="00:47:03,315" />
  </s>
  <s id="382">
    <time id="T393S" value="00:47:03,880" />
Die bekwame Jan van Namen, broer van de Béthune.
    <time id="T393E" value="00:47:07,793" />
  </s>
  <s id="383">
    <time id="T394S" value="00:47:16,480" />
En ook die mooiste man van die weste, priester-soldaat Kanunnik Willem van Gullik.
    <time id="T395E" value="00:47:25,191" />
  </s>
  <s id="384">
    <time id="T396S" value="00:47:43,160" />
En hulle vergader, vergader, want hulle het geweet dat die Fransman aan die kom was.
    <time id="T397E" value="00:47:49,916" />
  </s>
  <s id="385">
    <time id="T398S" value="00:48:05,720" />
die werk van de Béthune was gedoen, hy gaan terug tronktoe, hy het sy ridderwoord gegee aan sy sipier, Graaf de Houssy.
    <time id="T399E" value="00:48:14,435" />
  </s>
  <s id="386">
    <time id="T400S" value="00:48:14,640" />
Hy neem afskeid van Pieter de Coninck.
    <time id="T400E" value="00:48:16,870" />
  </s>
  <s id="387">
    <time id="T401S" value="00:48:17,080" />
Pieter, sê hy, doen u werk.
  </s>
  <s id="388">
Sorg vir Vlaandere.
    <time id="T401E" value="00:48:22,871" />
  </s>
  <s id="389">
    <time id="T402S" value="00:48:29,280" />
Toen hy van die dood van sy broer verneem, het Jacques de Châtillon, landvoogd van Vlaandere, in toorn ontbrand.
    <time id="T404E" value="00:48:36,876" />
  </s>
  <s id="390">
    <time id="T405S" value="00:48:37,680" />
Hy beveel dat alle Klauwaerts Brugge moes verlaat, so nie sou hy die stad met die grond gelykmaak.
    <time id="T406E" value="00:48:46,358" />
  </s>
  <s id="391">
    <time id="T407S" value="00:48:47,480" />
die Klauwaerts verlaat Brugge en trek hulle terug in die bosse van Damme.
    <time id="T408E" value="00:48:53,872" />
  </s>
  <s id="392">
    <time id="T409S" value="00:49:02,600" />
die sterkste van alle Klauwaerts, Jan Breydel, vertrek ook na Damme.
    <time id="T410E" value="00:49:08,675" />
  </s>
  <s id="393">
    <time id="T411S" value="00:49:11,120" />
Dag, moeder.
    <time id="T411E" value="00:49:12,348" />
  </s>
  <s id="394">
    <time id="T412S" value="00:49:13,920" />
Dag, seun.
    <time id="T412E" value="00:49:15,148" />
  </s>
  <s id="395">
    <time id="T413S" value="00:49:16,240" />
Dit sal nie lank duur nie.
    <time id="T413E" value="00:49:17,912" />
  </s>
  <s id="396">
    <time id="T414S" value="00:49:18,960" />
Moet jou nie oor ons kwel nie.
    <time id="T414E" value="00:49:21,315" />
  </s>
  <s id="397">
    <time id="T415S" value="00:49:30,840" />
Gerard, jy is nou die man in die huis.
    <time id="T415E" value="00:49:34,958" />
  </s>
  <s id="398">
    <time id="T416S" value="00:49:35,160" />
Pas Katrien en jou moeder op.
  </s>
  <s id="399">
Belowe?
    <time id="T416E" value="00:49:39,950" />
  </s>
  <s id="400">
    <time id="T417S" value="00:49:40,160" />
Ek beloof.
  </s>
  <s id="401">
- Hier.
    <time id="T417E" value="00:49:42,435" />
  </s>
  <s id="402">
    <time id="T418S" value="00:49:46,520" />
Broer, waarom mag ek nie saamgaan nie?
    <time id="T418E" value="00:49:49,478" />
  </s>
  <s id="403">
    <time id="T419S" value="00:49:50,600" />
Jy is hier nodig, man.
    <time id="T419E" value="00:49:54,115" />
  </s>
  <s id="404">
    <time id="T420S" value="00:49:54,320" />
Begryp jy?
  </s>
  <s id="405">
- Ek begryp.
    <time id="T420E" value="00:49:57,630" />
  </s>
  <s id="406">
    <time id="T421S" value="00:50:14,320" />
Kom jy gou terug?
    <time id="T421E" value="00:50:16,436" />
  </s>
  <s id="407">
    <time id="T422S" value="00:50:16,640" />
Asseblief?
    <time id="T422E" value="00:50:18,596" />
  </s>
  <s id="408">
    <time id="T423S" value="00:50:21,000" />
Moenie bang wees nie, Katrien.
    <time id="T423E" value="00:50:23,355" />
  </s>
  <s id="409">
    <time id="T424S" value="00:50:35,280" />
Snags sal dit koud wees in die bosse.
    <time id="T424E" value="00:50:39,512" />
  </s>
  <s id="410">
    <time id="T425S" value="00:51:04,440" />
Ek wil ook 'n byl hê.
  </s>
  <s id="411">
- gaan weg, snotneus.
    <time id="T425E" value="00:51:08,069" />
  </s>
  <s id="412">
    <time id="T426S" value="00:51:08,280" />
Ek moet moeder en Katrien tog oppas?
    <time id="T426E" value="00:51:10,635" />
  </s>
  <s id="413">
    <time id="T427S" value="00:51:12,840" />
'n Byl is veel te swaar vir jou.
    <time id="T427E" value="00:51:14,558" />
  </s>
  <s id="414">
    <time id="T428S" value="00:51:17,960" />
Nee, 'n byl soos jy.
    <time id="T428E" value="00:51:19,916" />
  </s>
  <s id="415">
    <time id="T429S" value="00:51:25,040" />
Goed. 
  </s>
  <s id="416">
Dan maar 'n byl.
    <time id="T429E" value="00:51:27,508" />
  </s>
  <s id="417">
    <time id="T430S" value="00:52:05,440" />
Jacques de Châtillon breek sy ridderwoord en saai dood en verwoesting in die magtelose stad Brugge.
    <time id="T431E" value="00:52:13,511" />
  </s>
  <s id="418">
    <time id="T432S" value="00:52:16,320" />
Ek het niks verkeerd gedoen!
    <time id="T432E" value="00:52:18,231" />
  </s>
  <s id="419">
    <time id="T433S" value="00:53:38,360" />
Ha, 'n nessie Vlaminge!
    <time id="T433E" value="00:53:40,669" />
  </s>
  <s id="420">
    <time id="T434S" value="00:53:42,000" />
Laat my los!
  </s>
  <s id="421">
- Geert, kom hier!
    <time id="T434E" value="00:53:46,232" />
  </s>
  <s id="422">
    <time id="T435S" value="00:53:46,440" />
Bly hier!
    <time id="T435E" value="00:53:48,795" />
  </s>
  <s id="423">
    <time id="T436S" value="00:53:49,960" />
Kom hier!
    <time id="T436E" value="00:53:50,949" />
  </s>
  <s id="424">
    <time id="T437S" value="00:53:51,160" />
Gaan weg! 
  </s>
  <s id="425">
Los ons uit!
    <time id="T437E" value="00:53:53,674" />
  </s>
  <s id="426">
    <time id="T438S" value="00:53:53,880" />
Nee!
    <time id="T438E" value="00:53:55,154" />
  </s>
  <s id="427">
    <time id="T439S" value="00:53:55,360" />
Nee!
  </s>
  <s id="428">
- Geert.
    <time id="T439E" value="00:53:56,839" />
  </s>
  <s id="429">
    <time id="T440S" value="00:53:58,200" />
Kyk eers na hierdie leeumannetjie!
    <time id="T440E" value="00:54:00,998" />
  </s>
  <s id="430">
    <time id="T441S" value="00:54:01,200" />
Hy gaan jou beseer.
    <time id="T441E" value="00:54:02,918" />
  </s>
  <s id="431">
    <time id="T442S" value="00:54:03,120" />
Ek maak jou plat!
  </s>
  <s id="432">
- Seun, sit die byl neer!
    <time id="T442E" value="00:54:06,908" />
  </s>
  <s id="433">
    <time id="T443S" value="00:54:07,120" />
Gryp hom!
    <time id="T443E" value="00:54:08,075" />
  </s>
  <s id="434">
    <time id="T444S" value="00:54:08,280" />
Nooit! 
  </s>
  <s id="435">
Ek is Gerard Breydel, die broer van Jan Breydel!
    <time id="T444E" value="00:54:12,239" />
  </s>
  <s id="436">
    <time id="T445S" value="00:54:13,040" />
Los my moeder!
  </s>
  <s id="437">
- Charles, gryp hom.
    <time id="T445E" value="00:54:15,270" />
  </s>
  <s id="438">
    <time id="T446S" value="00:54:19,560" />
Geert!
    <time id="T446E" value="00:54:21,869" />
  </s>
  <s id="439">
    <time id="T447S" value="00:54:28,760" />
Nee, Gerard, nee!
    <time id="T447E" value="00:54:30,398" />
  </s>
  <s id="440">
    <time id="T448S" value="00:55:00,200" />
Vrou, as u ons u geld gee, gebeur daar niks.
    <time id="T448E" value="00:55:03,829" />
  </s>
  <s id="441">
    <time id="T449S" value="00:55:15,400" />
Moeder!
    <time id="T449E" value="00:55:17,789" />
  </s>
  <s id="442">
    <time id="T450S" value="00:55:18,520" />
Hier is alles wat ons het.
    <time id="T450E" value="00:55:20,351" />
  </s>
  <s id="443">
    <time id="T451S" value="00:55:21,040" />
Moeder!
    <time id="T451E" value="00:55:22,871" />
  </s>
  <s id="444">
    <time id="T452S" value="00:55:39,560" />
Is dat nie mooi juwele nie?
    <time id="T452E" value="00:55:41,676" />
  </s>
  <s id="445">
    <time id="T453S" value="00:55:42,720" />
Laat ons nou met rus.
    <time id="T453E" value="00:55:44,358" />
  </s>
  <s id="446">
    <time id="T454S" value="00:55:46,120" />
Moeder!
    <time id="T454E" value="00:55:47,075" />
  </s>
  <s id="447">
    <time id="T455S" value="00:55:47,280" />
Kom jy eers hier, jong geitjie!
    <time id="T455E" value="00:55:49,316" />
  </s>
  <s id="448">
    <time id="T456S" value="00:55:52,080" />
Los haar uit! 
  </s>
  <s id="449">
Laat haar los!
    <time id="T456E" value="00:55:54,913" />
  </s>
  <s id="450">
    <time id="T457S" value="00:56:06,600" />
Los haar uit, sê ek!
    <time id="T457E" value="00:56:09,478" />
  </s>
  <s id="451">
    <time id="T458S" value="00:56:47,760" />
Nooit!
    <time id="T458E" value="00:56:49,113" />
  </s>
  <s id="452">
    <time id="T459S" value="00:56:50,240" />
Julle sal haar nooit lewend kry nie!
    <time id="T459E" value="00:56:52,595" />
  </s>
  <s id="453">
    <time id="T460S" value="00:57:08,480" />
Kindjie.
    <time id="T460E" value="00:57:10,198" />
  </s>
  <s id="454">
    <time id="T461S" value="00:58:06,480" />
Hulle het die familie Breydel vermoor!
    <time id="T461E" value="00:58:08,994" />
  </s>
  <s id="455">
    <time id="T462S" value="00:58:12,360" />
Hulle het die familie Breydel vermoor!
    <time id="T462E" value="00:58:15,238" />
  </s>
  <s id="456">
    <time id="T463S" value="00:59:16,960" />
Dit is my skuld! 
  </s>
  <s id="457">
Net my skuld!
    <time id="T463E" value="00:59:20,509" />
  </s>
  <s id="458">
    <time id="T464S" value="00:59:25,800" />
Ek was onnosel!
    <time id="T464E" value="00:59:27,791" />
  </s>
  <s id="459">
    <time id="T465S" value="00:59:31,520" />
Niks anders.
    <time id="T465E" value="00:59:33,112" />
  </s>
  <s id="460">
    <time id="T466S" value="00:59:43,280" />
Ek het hulle...
    <time id="T466E" value="00:59:45,430" />
  </s>
  <s id="461">
    <time id="T467S" value="00:59:46,040" />
Ek het hulle in die steek gelaat.
    <time id="T467E" value="00:59:48,508" />
  </s>
  <s id="462">
    <time id="T468S" value="00:59:48,720" />
Niemand kon voorsien dat die Franse alle eergevoel oorboord sou gooi, en geen ridderlike belofte sou nakom nie
    <time id="T470E" value="00:59:59,111" />
  </s>
  <s id="463">
    <time id="T471S" value="01:00:00,720" />
Dat hulle gyselaars sou doodmaak, teen elke christelike gebod,
    <time id="T472E" value="01:00:06,793" />
  </s>
  <s id="464">
    <time id="T473S" value="01:00:07,920" />
teen elke wet.
    <time id="T473E" value="01:00:09,717" />
  </s>
  <s id="465">
    <time id="T474S" value="01:00:11,200" />
"Moet jou nie oor ons kwel nie."
    <time id="T474E" value="01:00:13,350" />
  </s>
  <s id="466">
    <time id="T475S" value="01:00:15,880" />
Dit het sy gesê!
    <time id="T475E" value="01:00:17,518" />
  </s>
  <s id="467">
    <time id="T476S" value="01:00:21,040" />
"Moet jou nie oor ons kwel nie."
    <time id="T476E" value="01:00:24,157" />
  </s>
  <s id="468">
    <time id="T477S" value="01:00:26,760" />
Dit... 
  </s>
  <s id="469">
Dit het sy gesê.
    <time id="T477E" value="01:00:29,274" />
  </s>
  <s id="470">
    <time id="T478S" value="01:00:32,680" />
Dit het sy gesê.
    <time id="T478E" value="01:00:33,829" />
  </s>
  <s id="471">
    <time id="T479S" value="01:00:34,080" />
Jan...
    <time id="T479E" value="01:00:35,479" />
  </s>
  <s id="472">
    <time id="T480S" value="01:00:36,040" />
Ons moet niks meer van hulle verdra nie!
    <time id="T480E" value="01:00:38,554" />
  </s>
  <s id="473">
    <time id="T481S" value="01:00:38,760" />
Ons moet niks meer duld nie!
    <time id="T481E" value="01:00:41,638" />
  </s>
  <s id="474">
    <time id="T482S" value="01:00:43,880" />
Ons kan ons wraak nie langer uitstel nie!
    <time id="T482E" value="01:00:46,678" />
  </s>
  <s id="475">
    <time id="T483S" value="01:00:47,560" />
Die omstandighede...
    <time id="T483E" value="01:00:49,278" />
  </s>
  <s id="476">
    <time id="T484S" value="01:00:53,320" />
Ons moet self die omstandighede bepaal.
    <time id="T484E" value="01:00:56,118" />
  </s>
  <s id="477">
    <time id="T485S" value="01:00:56,320" />
Nou!
    <time id="T485E" value="01:00:57,469" />
  </s>
  <s id="478">
    <time id="T486S" value="01:01:04,320" />
Ons gaan tot die aanval oor, Jan!
    <time id="T486E" value="01:01:07,676" />
  </s>
  <s id="479">
    <time id="T487S" value="01:01:10,920" />
Bedoel jy dit?
    <time id="T487E" value="01:01:12,592" />
  </s>
  <s id="480">
    <time id="T488S" value="01:01:13,440" />
Regtig?
    <time id="T488E" value="01:01:14,839" />
  </s>
  <s id="481">
    <time id="T489S" value="01:01:16,360" />
Nou?
    <time id="T489E" value="01:01:17,759" />
  </s>
  <s id="482">
    <time id="T490S" value="01:01:19,040" />
Vannag!
    <time id="T490E" value="01:01:20,359" />
  </s>
  <s id="483">
    <time id="T491S" value="01:01:46,120" />
Vannag!
    <time id="T491E" value="01:01:47,439" />
  </s>
  <s id="484">
    <time id="T492S" value="01:02:47,640" />
Owerstes... 'n Boer wag tot die môre... as dit koud is...
    <time id="T494E" value="01:03:00,312" />
  </s>
  <s id="485">
    <time id="T495S" value="01:03:02,560" />
En dan, as die ruspes saam in één nes slaap... kap die boer die nes uit die boom... en vertrap hy die ongedierte.
    <time id="T497E" value="01:03:14,719" />
  </s>
  <s id="486">
    <time id="T498S" value="01:03:18,240" />
So moet ons wees.
    <time id="T498E" value="01:03:20,196" />
  </s>
  <s id="487">
    <time id="T499S" value="01:03:22,760" />
In die koue van die môre.
    <time id="T499E" value="01:03:24,716" />
  </s>
  <s id="488">
    <time id="T500S" value="01:03:26,200" />
Die Franse ongedierte lê nou en slaap, die slaap van die bose.
    <time id="T501E" value="01:03:33,148" />
  </s>
  <s id="489">
    <time id="T502S" value="01:03:33,360" />
Voordat die son môre opgaan, moet ons die ongedierte, die ruspe-nes vertrap.
    <time id="T503E" value="01:03:39,879" />
  </s>
  <s id="490">
    <time id="T504S" value="01:03:41,520" />
Hoe fel die geveg ook mag wees, onthou, geen Vlaming mag gedood word.
    <time id="T505E" value="01:03:47,357" />
  </s>
  <s id="491">
    <time id="T506S" value="01:03:47,560" />
Ons het alle Vlaminge nodig, ook hulle wat nog teen ons werk.
    <time id="T507E" value="01:03:53,353" />
  </s>
  <s id="492">
    <time id="T508S" value="01:03:53,560" />
Pieter, jy praat maklik.
  </s>
  <s id="493">
As ons aan die veg is...
    <time id="T508E" value="01:03:57,951" />
  </s>
  <s id="494">
    <time id="T509S" value="01:03:58,160" />
Ja. 
  </s>
  <s id="495">
Hoe weet ons of dit 'n Fransman of 'n Vlaming is, in die donker, as jy aan die veg is?
    <time id="T510E" value="01:04:04,439" />
  </s>
  <s id="496">
    <time id="T511S" value="01:04:04,720" />
As jy hom nie aan sy uiterlike herken nie, of as jy hom nie onmiddellik kan hoor nie, vra hom om die wagwoord uit te spreek.
    <time id="T513E" value="01:04:15,316" />
  </s>
  <s id="497">
    <time id="T514S" value="01:04:15,520" />
"skild en vriend"
    <time id="T514E" value="01:04:16,748" />
  </s>
  <s id="498">
    <time id="T515S" value="01:04:17,040" />
skild en vriend?
    <time id="T515E" value="01:04:18,519" />
  </s>
  <s id="499">
    <time id="T516S" value="01:04:19,120" />
Sê hy "Scilt en vrient"...
    <time id="T516E" value="01:04:24,399" />
  </s>
  <s id="500">
    <time id="T517S" value="01:04:24,600" />
Dan trek ek sy tong uit!
    <time id="T517E" value="01:04:26,795" />
  </s>
  <s id="501">
    <time id="T518S" value="01:04:31,520" />
Toen steek die Klauwaerts 'n groot vuur aan in die veld.
    <time id="T518E" value="01:04:35,354" />
  </s>
  <s id="502">
    <time id="T519S" value="01:04:36,040" />
Daardie vuur word gesien vanaf die toring van St. Blandijns.
    <time id="T519E" value="01:04:40,113" />
  </s>
  <s id="503">
    <time id="T520S" value="01:04:40,320" />
By die kloktoring.
    <time id="T520E" value="01:04:41,799" />
  </s>
  <s id="504">
    <time id="T521S" value="01:04:42,000" />
Alles gereed.
    <time id="T521E" value="01:04:42,955" />
  </s>
  <s id="505">
    <time id="T522S" value="01:05:50,680" />
"Vlaandere die leeu", my goede vriend.
    <time id="T522E" value="01:05:53,956" />
  </s>
  <s id="506">
    <time id="T523S" value="01:05:55,880" />
Nou is dit jy, Jan. Laat ons dit hoor!
    <time id="T523E" value="01:06:00,670" />
  </s>
  <s id="507">
    <time id="T524S" value="01:06:41,160" />
"Vlaandere die leeu!"
    <time id="T524E" value="01:06:45,119" />
  </s>
  <s id="508">
    <time id="T525S" value="01:06:45,440" />
"Vlaandere die leeu!"
    <time id="T525E" value="01:06:48,079" />
  </s>
  <s id="509">
    <time id="T526S" value="01:06:49,160" />
"Vlaandere die leeu!"
    <time id="T526E" value="01:06:50,798" />
  </s>
  <s id="510">
    <time id="T527S" value="01:07:30,160" />
"skild en vriend" 
  </s>
  <s id="511">
- Sê dit, "skild en vriend"
    <time id="T527E" value="01:07:33,152" />
  </s>
  <s id="512">
    <time id="T528S" value="01:07:33,400" />
"scilt en vrient"
    <time id="T528E" value="01:07:34,913" />
  </s>
  <s id="513">
    <time id="T529S" value="01:07:35,360" />
"scilt en vrient!"
    <time id="T529E" value="01:07:37,635" />
  </s>
  <s id="514">
    <time id="T530S" value="01:07:52,160" />
Leroux... 
  </s>
  <s id="515">
Kom uit!
    <time id="T530E" value="01:07:54,515" />
  </s>
  <s id="516">
    <time id="T531S" value="01:07:55,200" />
Wat gebeur hier?
    <time id="T531E" value="01:07:57,077" />
  </s>
  <s id="517">
    <time id="T532S" value="01:07:57,480" />
So, is jy die wurger, die beul?
    <time id="T532E" value="01:08:00,233" />
  </s>
  <s id="518">
    <time id="T533S" value="01:08:00,520" />
Ja. 
  </s>
  <s id="519">
Ek is Emile Leroux, die wurger. 
  </s>
  <s id="520">
En wie is jy?
    <time id="T533E" value="01:08:04,399" />
  </s>
  <s id="521">
    <time id="T534S" value="01:08:04,760" />
Ek is Jan Breydel, leier van die slagters.
    <time id="T534E" value="01:08:08,116" />
  </s>
  <s id="522">
    <time id="T535S" value="01:10:18,520" />
Vriende...
    <time id="T535E" value="01:10:19,748" />
  </s>
  <s id="523">
    <time id="T536S" value="01:10:24,480" />
Nou is die lug in ons stad suiwer.
    <time id="T536E" value="01:10:28,917" />
  </s>
  <s id="524">
    <time id="T537S" value="01:10:30,160" />
Die asem van die vreemdeling besmet dit nie meer nie.
    <time id="T537E" value="01:10:33,948" />
  </s>
  <s id="525">
    <time id="T538S" value="01:10:34,160" />
Vriende, ons Bruggelinge is nie meer slave nie.
    <time id="T538E" value="01:10:38,995" />
  </s>
  <s id="526">
    <time id="T539S" value="01:10:45,680" />
Maar ons triomf mag ons nie verblind nie.
    <time id="T539E" value="01:10:50,231" />
  </s>
  <s id="527">
    <time id="T540S" value="01:10:51,520" />
Ons vyand leef nog.
    <time id="T540E" value="01:10:53,636" />
  </s>
  <s id="528">
    <time id="T541S" value="01:10:53,840" />
Hy sal gewapende huurleërs na ons streke stuur.
    <time id="T541E" value="01:10:58,868" />
  </s>
  <s id="529">
    <time id="T542S" value="01:11:00,480" />
Want bloed vra na meer bloed.
    <time id="T542E" value="01:11:02,596" />
  </s>
  <s id="530">
    <time id="T543S" value="01:11:02,800" />
Daarom, Bruggelinge, bly waaksaam!
    <time id="T543E" value="01:11:06,759" />
  </s>
  <s id="531">
    <time id="T544S" value="01:11:08,680" />
Vir die komende fel, wrede stryd reken ons op u.
    <time id="T545E" value="01:11:14,119" />
  </s>
  <s id="532">
    <time id="T546S" value="01:11:14,320" />
Leef Pieter de Coninck!
    <time id="T546E" value="01:11:16,959" />
  </s>
  <s id="533">
    <time id="T547S" value="01:11:17,160" />
Leef Jan Breydel!
    <time id="T547E" value="01:11:19,355" />
  </s>
  <s id="534">
    <time id="T548S" value="01:11:22,840" />
Onthou, stadsgenote... vryheid word nie geskenk aan die mens nie.
    <time id="T549E" value="01:11:35,359" />
  </s>
  <s id="535">
    <time id="T550S" value="01:11:38,680" />
Jy moet daarvoor veg!
    <time id="T550E" value="01:11:40,750" />
  </s>
  <s id="536">
    <time id="T551S" value="01:11:43,520" />
Vryheid... word in bloed gedrenk.
    <time id="T552E" value="01:11:50,634" />
  </s>
  <s id="537">
    <time id="T553S" value="01:11:55,600" />
"Vlaandere die leeu!"
    <time id="T553E" value="01:11:58,910" />
  </s>
  <s id="538">
    <time id="T554S" value="01:11:59,160" />
"Vlaandere die leeu!"
    <time id="T554E" value="01:12:01,754" />
  </s>
  <s id="539">
    <time id="T555S" value="01:12:14,000" />
Manne... 
  </s>
  <s id="540">
Vroue...
    <time id="T555E" value="01:12:17,549" />
  </s>
  <s id="541">
    <time id="T556S" value="01:12:22,080" />
Wees bly!
    <time id="T556E" value="01:12:23,911" />
  </s>
  <s id="542">
    <time id="T557S" value="01:12:24,840" />
Ons is, Jan!
    <time id="T557E" value="01:12:26,239" />
  </s>
  <s id="543">
    <time id="T558S" value="01:12:28,400" />
Gaan huistoe... 
  </s>
  <s id="544">
En drink!
    <time id="T558E" value="01:12:31,756" />
  </s>
  <s id="545">
    <time id="T559S" value="01:12:32,680" />
Drink! 
  </s>
  <s id="546">
Dans!
    <time id="T559E" value="01:12:35,478" />
  </s>
  <s id="547">
    <time id="T560S" value="01:12:37,200" />
Dans!
    <time id="T560E" value="01:12:38,679" />
  </s>
  <s id="548">
    <time id="T561S" value="01:12:39,440" />
Dans!
    <time id="T561E" value="01:12:40,839" />
  </s>
  <s id="549">
    <time id="T562S" value="01:12:45,840" />
Dans!
    <time id="T562E" value="01:12:47,478" />
  </s>
  <s id="550">
    <time id="T563S" value="01:12:55,800" />
Jacques de Châtillon.
    <time id="T563E" value="01:12:58,189" />
  </s>
  <s id="551">
    <time id="T564S" value="01:12:59,280" />
Deur voorspraak en intriges
    <time id="T564E" value="01:13:03,637" />
  </s>
  <s id="552">
    <time id="T565S" value="01:13:04,280" />
Het u verkry dat ons u die hoogste waardigheid verleen, van goewerneur van ons rykste provinsie.
    <time id="T566E" value="01:13:14,629" />
  </s>
  <s id="553">
    <time id="T567S" value="01:13:16,240" />
Vlaandere.
    <time id="T567E" value="01:13:17,958" />
  </s>
  <s id="554">
    <time id="T568S" value="01:13:20,600" />
Alle berigte wys daarop dat u u taak ligsinnig, stompsinnig opgevat het.
    <time id="T569E" value="01:13:28,998" />
  </s>
  <s id="555">
    <time id="T570S" value="01:13:30,440" />
Waar 'n harde hand nodig was, laat u die teuels los.
    <time id="T570E" value="01:13:34,353" />
  </s>
  <s id="556">
    <time id="T571S" value="01:13:35,000" />
Waar takt en versigtigheid nodig was, gaan u tekere soos 'n eiemagtige tiran.
    <time id="T572E" value="01:13:43,512" />
  </s>
  <s id="557">
    <time id="T573S" value="01:13:43,880" />
Filips, hy het die omstandighede teen hom gehad.
    <time id="T573E" value="01:13:47,190" />
  </s>
  <s id="558">
    <time id="T574S" value="01:13:47,400" />
'n Bestuurder maak sy omstandighede self.
    <time id="T574E" value="01:13:50,358" />
  </s>
  <s id="559">
    <time id="T575S" value="01:13:50,880" />
Jacques was te mild, te ruiterlik gewees teenoor heidene en barbare, wat mens nooit volgens christelike begisels moet behandel nie!
    <time id="T577E" value="01:14:00,839" />
  </s>
  <s id="560">
    <time id="T578S" value="01:14:02,080" />
Here, ons moet besin oor die middele om die gebroesels in die noorde te laat voel wie hul koning is!
    <time id="T580E" value="01:14:13,399" />
  </s>
  <s id="561">
    <time id="T581S" value="01:14:14,880" />
die leër wat na Vlaandere sal gaan om hulle te straf, sal die grootste wees wat ooit in die christendom saamgebring is.
    <time id="T583E" value="01:14:25,319" />
  </s>
  <s id="562">
    <time id="T584S" value="01:14:28,280" />
ons het 'n naggie daaroor geslaap, en lang redenasies gehad met ons raadgewers.
    <time id="T585E" value="01:14:36,239" />
  </s>
  <s id="563">
    <time id="T586S" value="01:14:38,200" />
En uiteindelik het ons besluit om die opperbevel van daardie leër toe te vertrou
    <time id="T587E" value="01:14:48,391" />
  </s>
  <s id="564">
    <time id="T588S" value="01:14:50,000" />
aan ons dierbare vriend, die oorwinnaar van Veurne en Gascogne,
    <time id="T589E" value="01:14:58,794" />
  </s>
  <s id="565">
    <time id="T590S" value="01:14:59,000" />
Die eerste kryger van Frankryk, Robert d'Artois.
    <time id="T590E" value="01:15:03,471" />
  </s>
  <s id="566">
    <time id="T591S" value="01:15:03,960" />
Majesteit!
    <time id="T591E" value="01:15:05,439" />
  </s>
  <s id="567">
    <time id="T592S" value="01:15:09,400" />
Here, dood in Vlaandere elke man... elke vrou... en elke kind.
    <time id="T594E" value="01:15:21,239" />
  </s>
  <s id="568">
    <time id="T595S" value="01:15:21,760" />
Ook die vroue en die kinders, want daar skuil die saad van die kwaad.
    <time id="T596E" value="01:15:28,478" />
  </s>
  <s id="569">
    <time id="T597S" value="01:15:30,200" />
Die Vlaamse vroue, is sôe,
    <time id="T598E" value="01:15:35,552" />
  </s>
  <s id="570">
    <time id="T599S" value="01:15:36,680" />
waarvan die uier afgesny moet word.
    <time id="T599E" value="01:15:39,353" />
  </s>
  <s id="571">
    <time id="T600S" value="01:15:40,400" />
En die kinders, speenvarke, wat aan die spit gerooster moet word!
    <time id="T601E" value="01:15:47,269" />
  </s>
  <s id="572">
    <time id="T602S" value="01:15:49,240" />
die Franse voorposte het besems op hul lanse gedra, om daarmee te sê dat hulle Vlaandere sou wegvee.
    <time id="T603E" value="01:15:56,836" />
  </s>
  <s id="573">
    <time id="T604S" value="01:16:15,680" />
Die Vlaminge wag hul aartsvyand in by die beek van Groeninge.
    <time id="T605E" value="01:16:20,356" />
  </s>
  <s id="574">
    <time id="T606S" value="01:16:20,560" />
die nag daal oor hulle.
    <time id="T606E" value="01:16:22,198" />
  </s>
  <s id="575">
    <time id="T607S" value="01:16:25,800" />
Pieter de Coninck was gereed.
    <time id="T607E" value="01:16:28,758" />
  </s>
  <s id="576">
    <time id="T608S" value="01:18:28,080" />
Die mis lig.
    <time id="T608E" value="01:18:30,230" />
  </s>
  <s id="577">
    <time id="T609S" value="01:18:31,320" />
Ja.
    <time id="T609E" value="01:18:33,038" />
  </s>
  <s id="578">
    <time id="T610S" value="01:18:36,520" />
Dit beloof om 'n warm dag te word.
    <time id="T610E" value="01:18:39,432" />
  </s>
  <s id="579">
    <time id="T611S" value="01:18:53,680" />
Ja, 'n warm dag.
    <time id="T611E" value="01:18:57,070" />
  </s>
  <s id="580">
    <time id="T612S" value="01:19:22,440" />
Alles reg, manne?
    <time id="T612E" value="01:19:23,873" />
  </s>
  <s id="581">
    <time id="T613S" value="01:19:24,080" />
As jy vir ons bier bring, kan dit nie beter nie.
    <time id="T613E" value="01:19:26,469" />
  </s>
  <s id="582">
    <time id="T614S" value="01:19:26,680" />
As jou slagters nie te moeg is vir die slag nie.
    <time id="T614E" value="01:19:29,831" />
  </s>
  <s id="583">
    <time id="T615S" value="01:19:30,040" />
Hulle kan uithou.
    <time id="T615E" value="01:19:31,439" />
  </s>
  <s id="584">
    <time id="T616S" value="01:19:31,640" />
Daar is ook diegene wat die laaste keer moeg sal wees!
    <time id="T616E" value="01:19:35,235" />
  </s>
  <s id="585">
    <time id="T617S" value="01:19:45,640" />
Ons Heer Jesus Christus, wat hierdie regverdige oorlog seën, sal ons liewe koning beskerm.
    <time id="T619E" value="01:19:54,554" />
  </s>
  <s id="586">
    <time id="T620S" value="01:20:30,440" />
Ho.
    <time id="T620E" value="01:20:31,793" />
  </s>
  <s id="587">
    <time id="T621S" value="01:20:59,320" />
Edeles van Vlaandere, welkom op die slagveld.
    <time id="T621E" value="01:21:03,313" />
  </s>
  <s id="588">
    <time id="T622S" value="01:21:26,480" />
Edeles van Vlaandere, saal af!
    <time id="T622E" value="01:21:30,393" />
  </s>
  <s id="589">
    <time id="T623S" value="01:21:40,320" />
Manne, die vyand kom!
    <time id="T623E" value="01:21:43,312" />
  </s>
  <s id="590">
    <time id="T624S" value="01:21:44,160" />
Die monster wat ons nader, is een met baie koppe, en almal is kwaadaardig.
    <time id="T625E" value="01:21:49,432" />
  </s>
  <s id="591">
    <time id="T626S" value="01:21:49,880" />
Daarom, aarsel nie.
    <time id="T626E" value="01:21:51,632" />
  </s>
  <s id="592">
    <time id="T627S" value="01:21:51,880" />
Val aan!
    <time id="T627E" value="01:21:52,915" />
  </s>
  <s id="593">
    <time id="T628S" value="01:21:53,280" />
Elkeen van u weet wat om te verwag.
    <time id="T628E" value="01:21:57,796" />
  </s>
  <s id="594">
    <time id="T629S" value="01:21:59,000" />
Slaan om dood te slaan, tot jy geen asem meer het nie!
    <time id="T629E" value="01:22:03,915" />
  </s>
  <s id="595">
    <time id="T630S" value="01:22:04,480" />
Vriende, onthou...
    <time id="T630E" value="01:22:08,268" />
  </s>
  <s id="596">
    <time id="T631S" value="01:22:09,880" />
Onthou die tempels wat die Fransman geskend het!
    <time id="T631E" value="01:22:15,318" />
  </s>
  <s id="597">
    <time id="T632S" value="01:22:17,080" />
Gedenk u kinders, wat die Fransman keelaf sal sny as hy kan.
    <time id="T633E" value="01:22:23,035" />
  </s>
  <s id="598">
    <time id="T634S" value="01:22:23,760" />
Onthou u benoude vroue...
    <time id="T634E" value="01:22:26,194" />
  </s>
  <s id="599">
    <time id="T635S" value="01:22:26,400" />
En dan, met ons Liewe Heer, sal die Franse dier wat daar kom, doodbloei aan ons voete.
    <time id="T637E" value="01:22:34,788" />
  </s>
  <s id="600">
    <time id="T638S" value="01:22:35,000" />
Geen genade!
  </s>
  <s id="601">
Slaan ridders en perde dood!
    <time id="T638E" value="01:22:39,915" />
  </s>
  <s id="602">
    <time id="T639S" value="01:22:40,240" />
Daar mag geen buit geneem word nie!
    <time id="T639E" value="01:22:42,196" />
  </s>
  <s id="603">
    <time id="T640S" value="01:22:43,760" />
Hy wat sy wapen laat val, raap dit weer op.
    <time id="T640E" value="01:22:48,754" />
  </s>
  <s id="604">
    <time id="T641S" value="01:22:50,080" />
Maar wie wegloop van die geveg, gryp hom en slaan hom ook dood!
    <time id="T642E" value="01:22:55,200" />
  </s>
  <s id="605">
    <time id="T643S" value="01:22:55,400" />
sy bloed kom oor my!
    <time id="T643E" value="01:22:57,914" />
  </s>
  <s id="606">
    <time id="T644S" value="01:26:13,360" />
Maak gereed! 
  </s>
  <s id="607">
Maak oop!
    <time id="T644E" value="01:26:17,035" />
  </s>
  <s id="608">
    <time id="T645S" value="01:26:22,400" />
Skiet!
    <time id="T645E" value="01:26:23,833" />
  </s>
  <s id="609">
    <time id="T646S" value="01:26:35,440" />
Na regs!
    <time id="T646E" value="01:26:36,429" />
  </s>
  <s id="610">
    <time id="T647S" value="01:26:38,640" />
Maak gereed!
    <time id="T647E" value="01:26:39,914" />
  </s>
  <s id="611">
    <time id="T648S" value="01:26:40,920" />
Maak oop!
    <time id="T648E" value="01:26:42,876" />
  </s>
  <s id="612">
    <time id="T649S" value="01:26:43,080" />
Skiet!
    <time id="T649E" value="01:26:44,752" />
  </s>
  <s id="613">
    <time id="T650S" value="01:26:46,560" />
Maak gereed!
    <time id="T650E" value="01:26:48,152" />
  </s>
  <s id="614">
    <time id="T651S" value="01:26:49,240" />
Maak oop!
    <time id="T651E" value="01:26:50,229" />
  </s>
  <s id="615">
    <time id="T652S" value="01:26:51,680" />
Vorentoe!
    <time id="T652E" value="01:26:52,635" />
  </s>
  <s id="616">
    <time id="T653S" value="01:26:53,760" />
Skiet!
    <time id="T653E" value="01:26:55,239" />
  </s>
  <s id="617">
    <time id="T654S" value="01:26:55,880" />
Skiet!
    <time id="T654E" value="01:26:57,108" />
  </s>
  <s id="618">
    <time id="T655S" value="01:26:59,280" />
Maak gereed!
    <time id="T655E" value="01:27:00,793" />
  </s>
  <s id="619">
    <time id="T656S" value="01:27:01,520" />
Maak oop!
    <time id="T656E" value="01:27:02,839" />
  </s>
  <s id="620">
    <time id="T657S" value="01:27:03,960" />
Skiet!
  </s>
  <s id="621">
- Maak gereed!
    <time id="T657E" value="01:27:05,632" />
  </s>
  <s id="622">
    <time id="T658S" value="01:27:07,680" />
Maak oop!
    <time id="T658E" value="01:27:08,999" />
  </s>
  <s id="623">
    <time id="T659S" value="01:27:09,760" />
Vorentoe!
    <time id="T659E" value="01:27:11,034" />
  </s>
  <s id="624">
    <time id="T660S" value="01:27:11,840" />
Skiet!
    <time id="T660E" value="01:27:13,273" />
  </s>
  <s id="625">
    <time id="T661S" value="01:27:14,000" />
Skiet!
  </s>
  <s id="626">
- Dekking!
    <time id="T661E" value="01:27:15,797" />
  </s>
  <s id="627">
    <time id="T662S" value="01:27:20,720" />
Voorwaarts!
    <time id="T662E" value="01:27:23,598" />
  </s>
  <s id="628">
    <time id="T663S" value="01:29:08,560" />
Sien jy dat ek reg was?
  </s>
  <s id="629">
hulle trek terug, hulle vlug!
    <time id="T663E" value="01:29:13,031" />
  </s>
  <s id="630">
    <time id="T664S" value="01:29:13,240" />
Ons het nog nie begin nie!
    <time id="T664E" value="01:29:15,595" />
  </s>
  <s id="631">
    <time id="T665S" value="01:29:15,800" />
Ons ridders kry nie 'n beurt nie!
    <time id="T665E" value="01:29:19,793" />
  </s>
  <s id="632">
    <time id="T666S" value="01:29:20,000" />
Die boogskutters moet terugkeer!
    <time id="T666E" value="01:29:21,752" />
  </s>
  <s id="633">
    <time id="T667S" value="01:29:21,960" />
Boogskutters, omkeer!
    <time id="T667E" value="01:29:23,632" />
  </s>
  <s id="634">
    <time id="T668S" value="01:29:23,840" />
En ook die voetsoldate!
  </s>
  <s id="635">
Ons is nou aan die beurt!
    <time id="T668E" value="01:29:28,311" />
  </s>
  <s id="636">
    <time id="T669S" value="01:29:29,640" />
Ruiters, maak gereed!
    <time id="T669E" value="01:29:31,995" />
  </s>
  <s id="637">
    <time id="T670S" value="01:29:37,640" />
Edeles... 
  </s>
  <s id="638">
Vorentoe!
    <time id="T670E" value="01:29:41,235" />
  </s>
  <s id="639">
    <time id="T671S" value="01:29:41,440" />
Vorentoe! 
  </s>
  <s id="640">
Vorentoe!
    <time id="T671E" value="01:29:46,355" />
  </s>
  <s id="641">
    <time id="T672S" value="01:31:18,280" />
Morel, liewe Morel.
    <time id="T672E" value="01:31:21,989" />
  </s>
  <s id="642">
    <time id="T673S" value="01:31:22,840" />
Nou kan jy wys hoeveel jy van my hou.
    <time id="T673E" value="01:31:26,719" />
  </s>
  <s id="643">
    <time id="T674S" value="01:32:34,600" />
Gwijde van Namen!
    <time id="T674E" value="01:32:36,431" />
  </s>
  <s id="644">
    <time id="T675S" value="01:32:38,880" />
Gwijde van Namen!
    <time id="T675E" value="01:32:40,029" />
  </s>
  <s id="645">
    <time id="T676S" value="01:33:11,120" />
Breydel, wat beteken dit?
    <time id="T676E" value="01:33:13,190" />
  </s>
  <s id="646">
    <time id="T677S" value="01:33:13,640" />
Vergeef my, Graaf, daardie man was myne!
    <time id="T677E" value="01:33:17,235" />
  </s>
  <s id="647">
    <time id="T678S" value="01:36:04,760" />
Ek is d'Artois. 
  </s>
  <s id="648">
Ek gee oor.
    <time id="T678E" value="01:36:08,116" />
  </s>
  <s id="649">
    <time id="T679S" value="01:36:08,320" />
Neem my gevange.
    <time id="T679E" value="01:36:09,275" />
  </s>
  <s id="650">
    <time id="T680S" value="01:36:09,560" />
Heer, ons is nie toegelaat om gevanges te neem nie.
    <time id="T680E" value="01:36:12,518" />
  </s>
  <s id="651">
    <time id="T681S" value="01:36:14,560" />
Ek is 'n ridder, edelman... en pére van Frankryk.
    <time id="T682E" value="01:36:20,233" />
  </s>
  <s id="652">
    <time id="T683S" value="01:36:20,520" />
Ego te absolvo.
    <time id="T683E" value="01:36:23,193" />
  </s>
  <s id="653">
    <time id="T684S" value="01:37:25,760" />
Honderde goue spore is daar opgetel.
    <time id="T684E" value="01:37:30,038" />
  </s>
  <s id="654">
    <time id="T685S" value="01:37:30,840" />
So veel dat die slag die naam kry van die "Slag van die Goue Spore".
    <time id="T686E" value="01:37:36,670" />
  </s>
  <s id="655">
    <time id="T687S" value="01:39:02,760" />
Dit was nie 'n visioen nie, Aartsengel Michael was by ons!
    <time id="T687E" value="01:39:06,833" />
  </s>
  <s id="656">
    <time id="T688S" value="01:39:07,040" />
Nee, die heilige Joris.
  </s>
  <s id="657">
Nie 'n engel nie, maar 'n heilige.
    <time id="T688E" value="01:39:10,953" />
  </s>
  <s id="658">
    <time id="T689S" value="01:39:11,640" />
Dink jy, Pieter, dat dit 'n bomenselike wese was?
    <time id="T689E" value="01:39:14,791" />
  </s>
  <s id="659">
    <time id="T690S" value="01:39:19,280" />
Natuurlik.
    <time id="T690E" value="01:39:20,633" />
  </s>
  <s id="660">
    <time id="T691S" value="01:39:23,880" />
Watter menselike wese kon doen wat hy gedoen het?
    <time id="T691E" value="01:39:27,589" />
  </s>
  <s id="661">
    <time id="T692S" value="01:39:44,720" />
Vader!
    <time id="T692E" value="01:39:46,039" />
  </s>
  <s id="662">
    <time id="T693S" value="01:39:47,200" />
My liewe, liewe dogtertjie!
    <time id="T693E" value="01:39:49,919" />
  </s>
  <s id="663">
    <time id="T694S" value="01:39:51,160" />
Maar... 
  </s>
  <s id="664">
Hoe?
    <time id="T694E" value="01:39:53,196" />
  </s>
  <s id="665">
    <time id="T695S" value="01:39:54,120" />
Was u dan die hele tyd hier gewees?
    <time id="T695E" value="01:39:55,997" />
  </s>
  <s id="666">
    <time id="T696S" value="01:39:56,360" />
Op die slagveld?
    <time id="T696E" value="01:39:57,873" />
  </s>
  <s id="667">
    <time id="T697S" value="01:39:58,080" />
Ja. 
  </s>
  <s id="668">
Net voor die slag.
    <time id="T697E" value="01:40:01,550" />
  </s>
  <s id="669">
    <time id="T698S" value="01:40:02,400" />
Maar... was u die goue ridder?
    <time id="T698E" value="01:40:05,472" />
  </s>
  <s id="670">
    <time id="T699S" value="01:40:09,080" />
Hulle dink dat u 'n engel was.
    <time id="T699E" value="01:40:11,150" />
  </s>
  <s id="671">
    <time id="T700S" value="01:40:11,360" />
En dit was u, my allerliefste vader.
  </s>
  <s id="672">
My engel!
    <time id="T700E" value="01:40:16,275" />
  </s>
  <s id="673">
    <time id="T701S" value="01:41:28,400" />
En dan het ons gekniel en gesing... en ons gebede vol dank en trots gestuur na die genadige hemel,
    <time id="T703E" value="01:41:39,396" />
  </s>
  <s id="674">
    <time id="T704S" value="01:41:40,480" />
waar die heiliges woon, waaronder ons goue ridder.
    <time id="T705E" value="01:41:46,751" />
  </s>
  <s id="675">
    <time id="T706S" value="01:41:48,080" />
God seën hom in ewigheid.
    <time id="T706E" value="01:41:52,039" />
  </s>
  <meta>
    <conversion>
      <tokens>5219</tokens>
      <encoding>windows-1252</encoding>
      <corrected_words>0</corrected_words>
      <truecased_words>0</truecased_words>
      <unknown_words>0</unknown_words>
      <sentences>675</sentences>
      <ignored_blocks>0</ignored_blocks>
    </conversion>
    <subtitle>
      <machine_translated>0</machine_translated>
      <date>2014-05-31</date>
      <language>Afrikaans</language>
      <confidence>1.0</confidence>
      <duration>01:41:52,039</duration>
      <blocks>706</blocks>
      <version>1</version>
      <rating>3.0</rating>
    </subtitle>
    <source>
      <duration>90</duration>
      <genre>Drama,War</genre>
      <country>Belgium, Netherlands</country>
      <year>1985</year>
      <HD>0</HD>
      <cds>1/1</cds>
      <original>Dutch</original>
    </source>
  </meta>
</document>
