<?xml version="1.0" encoding="utf-8"?>
<document id="6713843">
  <s id="1">
    <time id="T1S" value="00:03:24,486" />
Die wond is veroorsaak deur 'n vuurwapen
    <time id="T1E" value="00:03:27,720" />
  </s>
  <s id="2">
    <time id="T2S" value="00:03:27,833" />
Hulle het gedink jy is dood, jy was gelukkig
    <time id="T2E" value="00:03:31,751" />
  </s>
  <s id="3">
    <time id="T3S" value="00:03:32,543" />
Kan jy sien?
    <time id="T3E" value="00:03:34,834" />
  </s>
  <s id="4">
    <time id="T4S" value="00:03:36,344" />
Dis goed
    <time id="T4E" value="00:03:37,989" />
  </s>
  <s id="5">
    <time id="T5S" value="00:03:38,089" />
Die pasiënt het wondkoors Binneaarse penisillin
    <time id="T5E" value="00:03:42,018" />
  </s>
  <s id="6">
    <time id="T6S" value="00:03:43,663" />
Wangbeen en neusbeen is verpletter
    <time id="T6E" value="00:03:46,584" />
  </s>
  <s id="7">
    <time id="T7S" value="00:03:46,684" />
Splinters aan die linkerkant van die skedelbeen
    <time id="T7E" value="00:03:49,209" />
  </s>
  <s id="8">
    <time id="T8S" value="00:03:49,791" />
Jy was 'n sangeres?
    <time id="T8E" value="00:03:52,501" />
  </s>
  <s id="9">
    <time id="T9S" value="00:03:54,614" />
Waar was dit?
    <time id="T9E" value="00:03:56,834" />
  </s>
  <s id="10">
    <time id="T10S" value="00:03:56,934" />
Laaste by die St Michaelskoor 
  </s>
  <s id="11">
- In London?
    <time id="T10E" value="00:04:00,626" />
  </s>
  <s id="12">
    <time id="T11S" value="00:04:00,726" />
Ja 
  </s>
  <s id="13">
- Wanneer?
    <time id="T11E" value="00:04:02,954" />
  </s>
  <s id="14">
    <time id="T12S" value="00:04:03,408" />
Tot '38.
    <time id="T12E" value="00:04:05,001" />
  </s>
  <s id="15">
    <time id="T13S" value="00:04:05,281" />
Toe het jy, 'n Jodin, teruggekom hiernatoe, Waarom?
    <time id="T13E" value="00:04:08,543" />
  </s>
  <s id="16">
    <time id="T14S" value="00:04:14,416" />
Hulle het meesterlike koel kelders, en daar's 'n regte plantasie in die park
    <time id="T15E" value="00:04:21,668" />
  </s>
  <s id="17">
    <time id="T16S" value="00:04:22,473" />
Ons sal gou daar kan rondstap, en jy sal kan...
  </s>
  <s id="18">
- Wie betaal hiervoor, Lene?
    <time id="T17E" value="00:04:28,584" />
  </s>
  <s id="19">
    <time id="T18S" value="00:04:30,473" />
Jy?
  </s>
  <s id="20">
- Nee
    <time id="T18E" value="00:04:33,310" />
  </s>
  <s id="21">
    <time id="T19S" value="00:04:34,388" />
Jy het ge-erf
    <time id="T19E" value="00:04:36,626" />
  </s>
  <s id="22">
    <time id="T20S" value="00:04:39,097" />
Jou hele familie is dood
    <time id="T20E" value="00:04:41,751" />
  </s>
  <s id="23">
    <time id="T21S" value="00:04:45,849" />
En Herbert en Marie... die tweeling...
  </s>
  <s id="24">
- Esther?
    <time id="T22E" value="00:04:52,876" />
  </s>
  <s id="25">
    <time id="T23S" value="00:04:54,870" />
Ek het haar nog nie gekry nie
    <time id="T23E" value="00:04:57,334" />
  </s>
  <s id="26">
    <time id="T24S" value="00:05:15,637" />
Waar is Johnny?
    <time id="T24E" value="00:05:18,168" />
  </s>
  <s id="27">
    <time id="T25S" value="00:05:20,119" />
So, hoe wil jy lyk?
    <time id="T25E" value="00:05:22,793" />
  </s>
  <s id="28">
    <time id="T26S" value="00:05:22,893" />
Dis jou keuse
    <time id="T26E" value="00:05:24,459" />
  </s>
  <s id="29">
    <time id="T27S" value="00:05:24,559" />
Party van my pasiënte verkies Zarah Leander, ander weer Mej Söderbaum
    <time id="T28E" value="00:05:29,992" />
  </s>
  <s id="30">
    <time id="T29S" value="00:05:30,218" />
Ek raai hulle is beide nie meer mode nie 'n Klomp mans sou waarskynlik ook hou van nuwe gesigte
    <time id="T30E" value="00:05:38,001" />
  </s>
  <s id="31">
    <time id="T31S" value="00:05:38,101" />
Ek wil lyk soos ek gelyk het
    <time id="T31E" value="00:05:40,918" />
  </s>
  <s id="32">
    <time id="T32S" value="00:05:42,077" />
Dis moeilik, Ek reken jy moet daaroor dink
    <time id="T32E" value="00:05:46,251" />
  </s>
  <s id="33">
    <time id="T33S" value="00:05:46,351" />
Waarom?
    <time id="T33E" value="00:05:47,709" />
  </s>
  <s id="34">
    <time id="T34S" value="00:05:47,918" />
Eerstens, dis nooit heeltemal dieselfde nie, en tweedens, 'n nuwe gesig is 'n voordeel
    <time id="T35E" value="00:05:54,043" />
  </s>
  <s id="35">
    <time id="T36S" value="00:05:55,070" />
Hoe is dit 'n voordeel?
  </s>
  <s id="36">
- Jy word 'n nuwe en ander persoon
    <time id="T36E" value="00:05:59,876" />
  </s>
  <s id="37">
    <time id="T37S" value="00:05:59,976" />
Jy sal nie herkenbaar wees nie, wat beteken...
    <time id="T37E" value="00:06:02,219" />
  </s>
  <s id="38">
    <time id="T38S" value="00:06:02,319" />
Ek wil lyk presies soos ek gelyk het
    <time id="T38E" value="00:06:05,251" />
  </s>
  <s id="39">
    <time id="T39S" value="00:06:10,957" />
Jy sal binneaarse verdowing ontvang 'n etermasker kan nie gebruik word weens jou gesig se toestand, maar moenie bekommerd wees nie, jy sal diep slaap
    <time id="T41E" value="00:06:21,536" />
  </s>
  <s id="40">
    <time id="T42S" value="00:06:21,902" />
Tel net agteruit: tien... nege, agt, ens.
    <time id="T43E" value="00:06:26,293" />
  </s>
  <s id="41">
    <time id="T44S" value="00:06:26,393" />
Weet jy wat die Amerikaners dit noem?
  </s>
  <s id="42">
'n "countdown"
    <time id="T44E" value="00:06:29,241" />
  </s>
  <s id="43">
    <time id="T45S" value="00:06:29,341" />
Dit kom uit 'n Duitse film, "Vrou in die Maan"
    <time id="T45E" value="00:06:32,918" />
  </s>
  <s id="44">
    <time id="T46S" value="00:06:34,815" />
So, tel nou, tien...
    <time id="T46E" value="00:06:36,876" />
  </s>
  <s id="45">
    <time id="T47S" value="00:06:37,543" />
Tien 
  </s>
  <s id="46">
- Nege...
    <time id="T47E" value="00:06:38,736" />
  </s>
  <s id="47">
    <time id="T48S" value="00:06:39,209" />
Nege 
  </s>
  <s id="48">
- Gaan aan
    <time id="T48E" value="00:06:40,709" />
  </s>
  <s id="49">
    <time id="T49S" value="00:06:40,918" />
Agt, sewe... ses, vyf...
    <time id="T50E" value="00:06:46,043" />
  </s>
  <s id="50">
    <time id="T51S" value="00:10:03,059" />
JOOD. 
  </s>
  <s id="51">
JOOD. 
  </s>
  <s id="52">
JOOD...
    <time id="T51E" value="00:10:05,459" />
  </s>
  <s id="53">
    <time id="T52S" value="00:11:16,219" />
JOHANNES LENZ, PIANIS, GESKEI OKTOBER, 04, 1944
    <time id="T52E" value="00:11:19,636" />
  </s>
  <s id="54">
    <time id="T53S" value="00:11:29,659" />
Dit lyk alreeds goed
    <time id="T53E" value="00:11:31,876" />
  </s>
  <s id="55">
    <time id="T54S" value="00:11:43,075" />
'n paar dae, en die verbande kom af
    <time id="T54E" value="00:11:46,209" />
  </s>
  <s id="56">
    <time id="T55S" value="00:11:49,566" />
Ek het 'n woonstel gekry, so tussen hakies, in Haifa
    <time id="T56E" value="00:11:54,043" />
  </s>
  <s id="57">
    <time id="T57S" value="00:11:55,712" />
Jy kan die see sien
    <time id="T57E" value="00:11:57,543" />
  </s>
  <s id="58">
    <time id="T58S" value="00:11:58,235" />
Pragtig, skoon argitektuur,
    <time id="T58E" value="00:12:01,377" />
  </s>
  <s id="59">
    <time id="T59S" value="00:12:01,477" />
Bernstein het dit ontwerp
    <time id="T59E" value="00:12:03,543" />
  </s>
  <s id="60">
    <time id="T60S" value="00:12:04,427" />
Ek het fotos. 
  </s>
  <s id="61">
Wil jy kyk?
    <time id="T60E" value="00:12:06,459" />
  </s>
  <s id="62">
    <time id="T61S" value="00:12:09,771" />
Hier
    <time id="T61E" value="00:12:11,293" />
  </s>
  <s id="63">
    <time id="T62S" value="00:12:28,829" />
Nee, ek het hom nie gesien nie
    <time id="T62E" value="00:12:30,876" />
  </s>
  <s id="64">
    <time id="T63S" value="00:12:44,975" />
Nelly, dit was gebombardeer, dit bestaan nie meer nie
    <time id="T63E" value="00:12:48,501" />
  </s>
  <s id="65">
    <time id="T64S" value="00:14:03,158" />
Ek bestaan ook nie meer nie
    <time id="T64E" value="00:14:04,876" />
  </s>
  <s id="66">
    <time id="T65S" value="00:14:11,231" />
Nelly, onthou jy hoe jy gevoel het 3 maande gelede?
    <time id="T65E" value="00:14:14,293" />
  </s>
  <s id="67">
    <time id="T66S" value="00:14:15,956" />
Hoe desperaat jy was?
    <time id="T66E" value="00:14:17,876" />
  </s>
  <s id="68">
    <time id="T67S" value="00:14:20,313" />
Dis buitengewoon wat Dr Bongartz... met jou reggekry het 
  </s>
  <s id="69">
- Sou jy my kon herken?
    <time id="T68E" value="00:14:30,918" />
  </s>
  <s id="70">
    <time id="T69S" value="00:14:31,987" />
Sou jy my kon herken?
    <time id="T69E" value="00:14:34,668" />
  </s>
  <s id="71">
    <time id="T70S" value="00:14:34,768" />
Ja
    <time id="T70E" value="00:14:36,293" />
  </s>
  <s id="72">
    <time id="T71S" value="00:14:37,399" />
Nee
    <time id="T71E" value="00:14:39,043" />
  </s>
  <s id="73">
    <time id="T72S" value="00:14:43,867" />
Dit is ek
    <time id="T72E" value="00:14:45,584" />
  </s>
  <s id="74">
    <time id="T73S" value="00:14:47,284" />
Waar het jy dit gekry?
    <time id="T73E" value="00:14:49,376" />
  </s>
  <s id="75">
    <time id="T74S" value="00:14:54,371" />
Die kliniek het prente nodig gehad vir die rekonstruksie
    <time id="T74E" value="00:14:57,793" />
  </s>
  <s id="76">
    <time id="T75S" value="00:15:01,687" />
Jammer, dis die verkeerde woord
    <time id="T75E" value="00:15:04,043" />
  </s>
  <s id="77">
    <time id="T76S" value="00:15:04,143" />
Dr Bongartz het dit gebruik, en ek...
    <time id="T76E" value="00:15:06,543" />
  </s>
  <s id="78">
    <time id="T77S" value="00:15:08,797" />
Herskepping is beter, reg?
  </s>
  <s id="79">
- Herskepping
    <time id="T77E" value="00:15:11,834" />
  </s>
  <s id="80">
    <time id="T78S" value="00:15:11,934" />
Kyk net na my
    <time id="T78E" value="00:15:14,293" />
  </s>
  <s id="81">
    <time id="T79S" value="00:15:15,287" />
Nelly, jy's pragtig!
    <time id="T79E" value="00:15:17,293" />
  </s>
  <s id="82">
    <time id="T80S" value="00:15:19,392" />
Dis nie die punt nie
    <time id="T80E" value="00:15:22,001" />
  </s>
  <s id="83">
    <time id="T81S" value="00:15:24,896" />
Wat beteken die sirkels?
    <time id="T81E" value="00:15:26,918" />
  </s>
  <s id="84">
    <time id="T82S" value="00:15:28,038" />
Daardie is Nazis
    <time id="T82E" value="00:15:29,376" />
  </s>
  <s id="85">
    <time id="T83S" value="00:15:35,905" />
En die kruise is vir die dooies?
    <time id="T83E" value="00:15:38,751" />
  </s>
  <s id="86">
    <time id="T84S" value="00:15:39,093" />
Ja
    <time id="T84E" value="00:15:40,584" />
  </s>
  <s id="87">
    <time id="T85S" value="00:15:42,005" />
Ons benodig 'n kruis bokant Esther ook
    <time id="T85E" value="00:15:44,334" />
  </s>
  <s id="88">
    <time id="T86S" value="00:15:49,918" />
Dis so 'n wonder jy't oorleef!
    <time id="T86E" value="00:15:52,501" />
  </s>
  <s id="89">
    <time id="T87S" value="00:16:03,495" />
Daar's geen kruis bokant Johnny nie
    <time id="T87E" value="00:16:05,626" />
  </s>
  <s id="90">
    <time id="T88S" value="00:16:05,726" />
Johnny interesseer my nie
    <time id="T88E" value="00:16:07,501" />
  </s>
  <s id="91">
    <time id="T89S" value="00:16:18,953" />
Hier is rokke, 'n jassie van Engelse materiaal, en daar is twee baadjies, 'n somerrok en een met 'n voering, om jou aan die gang te kry, almal aangekoop deur Mev Winter
    <time id="T93E" value="00:16:31,709" />
  </s>
  <s id="92">
    <time id="T94S" value="00:16:31,888" />
Wonderlike materiaal
    <time id="T94E" value="00:16:33,668" />
  </s>
  <s id="93">
    <time id="T95S" value="00:16:34,846" />
Jy is 'n 38, reg?
    <time id="T95E" value="00:16:36,668" />
  </s>
  <s id="94">
    <time id="T96S" value="00:16:38,745" />
En wanneer gaan jy na Palistina?
    <time id="T96E" value="00:16:41,043" />
  </s>
  <s id="95">
    <time id="T97S" value="00:16:43,538" />
Ek weet nog nie
    <time id="T97E" value="00:16:45,376" />
  </s>
  <s id="96">
    <time id="T98S" value="00:16:48,630" />
Hier is die badkamer, ten volle toegerus, en in werkende orde
    <time id="T100E" value="00:16:55,251" />
  </s>
  <s id="97">
    <time id="T101S" value="00:16:55,602" />
As jy iets benodig, laat my net weet
    <time id="T101E" value="00:16:58,251" />
  </s>
  <s id="98">
    <time id="T102S" value="00:17:02,459" />
Nee, dit doen ons nie
    <time id="T102E" value="00:17:04,876" />
  </s>
  <s id="99">
    <time id="T103S" value="00:17:05,349" />
Die lig bly af
    <time id="T103E" value="00:17:07,001" />
  </s>
  <s id="100">
    <time id="T104S" value="00:17:07,344" />
Ons het 'n regte vliëeplaag
    <time id="T104E" value="00:17:10,709" />
  </s>
  <s id="101">
    <time id="T105S" value="00:17:11,151" />
Die oorlog pla hulle gladnie
    <time id="T105E" value="00:17:14,334" />
  </s>
  <s id="102">
    <time id="T106S" value="00:17:14,500" />
Hulle kom uit die meer in swerms
    <time id="T106E" value="00:17:16,793" />
  </s>
  <s id="103">
    <time id="T107S" value="00:17:21,174" />
Nee, asseblief moenie, ek sal liewer self
    <time id="T107E" value="00:17:24,251" />
  </s>
  <s id="104">
    <time id="T108S" value="00:17:25,577" />
Wanneer eet ons, Elisabeth?
    <time id="T108E" value="00:17:27,687" />
  </s>
  <s id="105">
    <time id="T109S" value="00:17:27,787" />
Seweuur, as dit u pas, mevrou
    <time id="T109E" value="00:17:30,003" />
  </s>
  <s id="106">
    <time id="T110S" value="00:17:30,164" />
Wat het jy gekook vir ons?
    <time id="T110E" value="00:17:31,655" />
  </s>
  <s id="107">
    <time id="T111S" value="00:17:31,755" />
Gestopte kool met soetbrood
    <time id="T111E" value="00:17:33,879" />
  </s>
  <s id="108">
    <time id="T112S" value="00:17:34,040" />
Waar het die soetbrood vandaan gekom?
    <time id="T112E" value="00:17:36,334" />
  </s>
  <s id="109">
    <time id="T113S" value="00:17:36,608" />
Ek het geen koljander, geen botter, geen swartpeper, dis vreeslik!
    <time id="T114E" value="00:17:41,501" />
  </s>
  <s id="110">
    <time id="T115S" value="00:17:41,883" />
Maar jy improviseer so meesterlik
    <time id="T115E" value="00:17:44,293" />
  </s>
  <s id="111">
    <time id="T116S" value="00:17:44,393" />
Improviseer, improviseer!
    <time id="T116E" value="00:17:46,929" />
  </s>
  <s id="112">
    <time id="T117S" value="00:17:47,709" />
Ek het genoeg gehad van improvisering
    <time id="T117E" value="00:17:50,543" />
  </s>
  <s id="113">
    <time id="T118S" value="00:17:54,543" />
Elisabeth is regtig 'n juweel!
    <time id="T118E" value="00:17:56,699" />
  </s>
  <s id="114">
    <time id="T119S" value="00:17:57,410" />
Is sy nie 'n Nazi nie?
    <time id="T119E" value="00:17:59,520" />
  </s>
  <s id="115">
    <time id="T120S" value="00:17:59,620" />
Sy het altyd die Nazis gehaat
    <time id="T120E" value="00:18:01,905" />
  </s>
  <s id="116">
    <time id="T121S" value="00:18:05,689" />
So, hou jy daarvan?
    <time id="T121E" value="00:18:07,418" />
  </s>
  <s id="117">
    <time id="T122S" value="00:18:09,749" />
Ja
    <time id="T122E" value="00:18:11,251" />
  </s>
  <s id="118">
    <time id="T123S" value="00:18:11,882" />
Goed so
    <time id="T123E" value="00:18:13,251" />
  </s>
  <s id="119">
    <time id="T124S" value="00:18:14,886" />
Ek sit die dokumente vir die Haifa-woonstel op die lessenaar
    <time id="T124E" value="00:18:18,793" />
  </s>
  <s id="120">
    <time id="T125S" value="00:18:20,069" />
En ek het nog 2 ander in Tel Aviv gekry
    <time id="T125E" value="00:18:23,626" />
  </s>
  <s id="121">
    <time id="T126S" value="00:18:24,358" />
Een is op 'n behuisingsprojek, ons het 'n perseel gekry
    <time id="T126E" value="00:18:28,376" />
  </s>
  <s id="122">
    <time id="T127S" value="00:18:38,371" />
Jy weet, dit was nie maklik om vir ons beide visas te kry nie
    <time id="T127E" value="00:18:41,418" />
  </s>
  <s id="123">
    <time id="T128S" value="00:19:06,282" />
So, daar 
  </s>
  <s id="124">
- Dankie, Elisabeth
    <time id="T128E" value="00:19:09,057" />
  </s>
  <s id="125">
    <time id="T129S" value="00:19:47,266" />
Kan jy regkom?
    <time id="T129E" value="00:19:49,043" />
  </s>
  <s id="126">
    <time id="T130S" value="00:19:49,143" />
Ja
    <time id="T130E" value="00:19:50,501" />
  </s>
  <s id="127">
    <time id="T131S" value="00:20:01,072" />
Kan ek dit weer hoor?
    <time id="T131E" value="00:20:03,043" />
  </s>
  <s id="128">
    <time id="T132S" value="00:20:05,269" />
Dis mooi, nê?
    <time id="T132E" value="00:20:07,001" />
  </s>
  <s id="129">
    <time id="T133S" value="00:20:24,213" />
Ek het daarna geluister in London voordat ek slaap
    <time id="T133E" value="00:20:27,626" />
  </s>
  <s id="130">
    <time id="T134S" value="00:20:35,588" />
Sal jy dit vir my sing?
    <time id="T134E" value="00:20:37,584" />
  </s>
  <s id="131">
    <time id="T135S" value="00:20:42,308" />
Goed
    <time id="T135E" value="00:20:43,793" />
  </s>
  <s id="132">
    <time id="T136S" value="00:20:48,156" />
Ek kan nie meer Duitse liedere verdra nie
    <time id="T136E" value="00:20:50,918" />
  </s>
  <s id="133">
    <time id="T137S" value="00:20:57,697" />
Wanneer jy beter voel, sal ons na jou bates omsien
    <time id="T137E" value="00:21:00,876" />
  </s>
  <s id="134">
    <time id="T138S" value="00:21:06,137" />
Is dit baie?
    <time id="T138E" value="00:21:07,626" />
  </s>
  <s id="135">
    <time id="T139S" value="00:21:09,072" />
Dis nogal, dit sal tyd neem om die Nazis uit die eiendomme te kry, maar daar is genoeg geld in Switserland
    <time id="T141E" value="00:21:17,318" />
  </s>
  <s id="136">
    <time id="T142S" value="00:21:17,418" />
Dis die sg. slagoffer-geld, maar dit bring 'n verpligting mee
    <time id="T143E" value="00:21:21,943" />
  </s>
  <s id="137">
    <time id="T144S" value="00:21:22,043" />
Om wat te doen?
    <time id="T144E" value="00:21:23,668" />
  </s>
  <s id="138">
    <time id="T145S" value="00:21:27,512" />
Om na Palistina te gaan , en 'n staat te help skep waar Jode veilig kan lewe
    <time id="T146E" value="00:21:32,970" />
  </s>
  <s id="139">
    <time id="T147S" value="00:21:33,337" />
As ons dit doen, kry ons alles terug wat hulle weggeneem het
    <time id="T147E" value="00:21:37,075" />
  </s>
  <s id="140">
    <time id="T148S" value="00:21:38,039" />
Miskien sal ons dan weer Duitse liedjies kan sing
    <time id="T148E" value="00:21:42,006" />
  </s>
  <s id="141">
    <time id="T149S" value="00:22:54,708" />
Het jy daarvan gehou?
    <time id="T149E" value="00:22:56,418" />
  </s>
  <s id="142">
    <time id="T150S" value="00:22:58,194" />
Ja
    <time id="T150E" value="00:22:59,501" />
  </s>
  <s id="143">
    <time id="T151S" value="00:22:59,822" />
Gee my dan iets
    <time id="T151E" value="00:23:01,584" />
  </s>
  <s id="144">
    <time id="T152S" value="00:23:03,010" />
Ja
    <time id="T152E" value="00:23:04,334" />
  </s>
  <s id="145">
    <time id="T153S" value="00:23:15,601" />
Ek soek na my man, hy's ook 'n musikant
    <time id="T154E" value="00:23:21,293" />
  </s>
  <s id="146">
    <time id="T155S" value="00:23:22,229" />
Wat speel hy?
    <time id="T155E" value="00:23:23,959" />
  </s>
  <s id="147">
    <time id="T156S" value="00:23:25,738" />
Hy's 'n pianis
    <time id="T156E" value="00:23:27,626" />
  </s>
  <s id="148">
    <time id="T157S" value="00:23:27,848" />
As hy gelukkig is, is hy in een van die kabarets of klubs
    <time id="T158E" value="00:23:31,632" />
  </s>
  <s id="149">
    <time id="T159S" value="00:23:32,137" />
So nie staan hy op 'n hoek met 'n trekklavier
    <time id="T159E" value="00:23:35,990" />
  </s>
  <s id="150">
    <time id="T160S" value="00:23:39,430" />
Watter klubs?
    <time id="T160E" value="00:23:41,418" />
  </s>
  <s id="151">
    <time id="T161S" value="00:23:41,999" />
Ek sou die Amerikaanse sektor probeer
    <time id="T161E" value="00:23:44,334" />
  </s>
  <s id="152">
    <time id="T162S" value="00:24:52,728" />
Johnny, wat het ek gedoen?
    <time id="T162E" value="00:24:54,459" />
  </s>
  <s id="153">
    <time id="T163S" value="00:24:54,930" />
Ek wou net 'n bietjie dans!
    <time id="T163E" value="00:24:56,918" />
  </s>
  <s id="154">
    <time id="T164S" value="00:24:57,522" />
Los my uit! 
  </s>
  <s id="155">
Johnny! 
  </s>
  <s id="156">
Los!
    <time id="T164E" value="00:25:00,209" />
  </s>
  <s id="157">
    <time id="T165S" value="00:26:30,334" />
Ja
    <time id="T165E" value="00:26:31,293" />
  </s>
  <s id="158">
    <time id="T166S" value="00:26:35,520" />
Verskoon my, ek het jou aangesien vir iemand anders
    <time id="T167E" value="00:26:40,520" />
  </s>
  <s id="159">
    <time id="T168S" value="00:26:41,070" />
Bly waar jy is!
    <time id="T168E" value="00:26:42,793" />
  </s>
  <s id="160">
    <time id="T169S" value="00:26:43,891" />
Ek het gesê 'Bly net daar'!
    <time id="T169E" value="00:26:46,334" />
  </s>
  <s id="161">
    <time id="T170S" value="00:27:03,729" />
Wat het jy in jou sak?
    <time id="T170E" value="00:27:06,293" />
  </s>
  <s id="162">
    <time id="T171S" value="00:27:07,307" />
Wys my!
    <time id="T171E" value="00:27:09,209" />
  </s>
  <s id="163">
    <time id="T172S" value="00:27:26,090" />
Die mooi jas!
    <time id="T172E" value="00:27:27,876" />
  </s>
  <s id="164">
    <time id="T173S" value="00:27:29,622" />
Ek sal dit nooit afkry nie!
    <time id="T173E" value="00:27:32,512" />
  </s>
  <s id="165">
    <time id="T174S" value="00:27:33,131" />
Dis teer!
    <time id="T174E" value="00:27:34,834" />
  </s>
  <s id="166">
    <time id="T175S" value="00:27:35,402" />
Waar het sy baljaar?
    <time id="T175E" value="00:27:37,543" />
  </s>
  <s id="167">
    <time id="T176S" value="00:27:38,773" />
Sal jy ons vir 'n moment alleen los, Elisabeth?
    <time id="T176E" value="00:27:41,543" />
  </s>
  <s id="168">
    <time id="T177S" value="00:27:48,107" />
So, het jy hom gekry?
    <time id="T177E" value="00:27:50,043" />
  </s>
  <s id="169">
    <time id="T178S" value="00:27:53,291" />
Jy kan nie net snags rondloop nie, daar is alle tipes daar!
    <time id="T179E" value="00:27:57,818" />
  </s>
  <s id="170">
    <time id="T180S" value="00:27:57,918" />
Ek gaan nie saans uit sonder 'n pistool nie
    <time id="T180E" value="00:28:00,286" />
  </s>
  <s id="171">
    <time id="T181S" value="00:28:01,134" />
Ek kan nie altyd na jou omsien nie, ek gaan eersdaags Pole toe
    <time id="T182E" value="00:28:04,609" />
  </s>
  <s id="172">
    <time id="T183S" value="00:28:04,709" />
Ek mag 'n rukkie daar bly
    <time id="T183E" value="00:28:06,134" />
  </s>
  <s id="173">
    <time id="T184S" value="00:28:06,234" />
Vir hoe lank?
    <time id="T184E" value="00:28:07,854" />
  </s>
  <s id="174">
    <time id="T185S" value="00:28:08,152" />
'n week, twee, miskien langer
    <time id="T185E" value="00:28:11,043" />
  </s>
  <s id="175">
    <time id="T186S" value="00:28:16,225" />
Het jy gedink oor Haifa of Tel Aviv?
    <time id="T186E" value="00:28:19,209" />
  </s>
  <s id="176">
    <time id="T187S" value="00:28:20,880" />
In Tel Aviv is daar 'n Joodse koor geskep deur Vera Stroux
    <time id="T187E" value="00:28:24,543" />
  </s>
  <s id="177">
    <time id="T188S" value="00:28:24,643" />
Dit mag jou pas
    <time id="T188E" value="00:28:26,155" />
  </s>
  <s id="178">
    <time id="T189S" value="00:28:26,255" />
Wat sou ek doen in 'n Joodse koor?
    <time id="T189E" value="00:28:27,943" />
  </s>
  <s id="179">
    <time id="T190S" value="00:28:28,043" />
Ek's nie 'n Jood nie
    <time id="T190E" value="00:28:29,481" />
  </s>
  <s id="180">
    <time id="T191S" value="00:28:29,581" />
Jy is, of jy daarvan hou of nie
    <time id="T191E" value="00:28:31,430" />
  </s>
  <s id="181">
    <time id="T192S" value="00:28:31,545" />
Hulle het probeer om jou te dood omdat jy 'n Jood is
    <time id="T192E" value="00:28:34,418" />
  </s>
  <s id="182">
    <time id="T193S" value="00:28:34,518" />
Ons kan nie hier bly nie, Nelly
    <time id="T193E" value="00:28:36,980" />
  </s>
  <s id="183">
    <time id="T194S" value="00:28:57,897" />
Johnny het jou verraai
    <time id="T194E" value="00:29:00,209" />
  </s>
  <s id="184">
    <time id="T195S" value="00:29:04,410" />
Jy was gearresteer op 6 Oktober, 1944
    <time id="T195E" value="00:29:08,001" />
  </s>
  <s id="185">
    <time id="T196S" value="00:29:08,859" />
Johnny was gearresteer op 4 Oktober, 1944
    <time id="T196E" value="00:29:11,749" />
  </s>
  <s id="186">
    <time id="T197S" value="00:29:11,849" />
Hy was ondervra en toe losgelaat net na jou arres op 6 Oktober
    <time id="T198E" value="00:29:16,130" />
  </s>
  <s id="187">
    <time id="T199S" value="00:29:16,749" />
Hy was nie in die tronk gesit nie, geen straf nie, inteendeel, hy is toegelaat om weer te speel, nou wil hy jou geld hê
    <time id="T200E" value="00:29:24,271" />
  </s>
  <s id="188">
    <time id="T201S" value="00:29:24,455" />
Het jy hom gesien?
    <time id="T201E" value="00:29:26,209" />
  </s>
  <s id="189">
    <time id="T202S" value="00:29:26,840" />
Ja
    <time id="T202E" value="00:29:28,170" />
  </s>
  <s id="190">
    <time id="T203S" value="00:29:28,270" />
Wanneer?
    <time id="T203E" value="00:29:30,051" />
  </s>
  <s id="191">
    <time id="T204S" value="00:29:31,312" />
Twee maande gelede
    <time id="T204E" value="00:29:33,334" />
  </s>
  <s id="192">
    <time id="T205S" value="00:29:37,252" />
Het jy gepraat met hom?
    <time id="T205E" value="00:29:39,584" />
  </s>
  <s id="193">
    <time id="T206S" value="00:29:40,577" />
Ek praat nie met verraaiers nie
    <time id="T206E" value="00:29:42,709" />
  </s>
  <s id="194">
    <time id="T207S" value="00:30:23,946" />
Winkelvenster-mannekyn
    <time id="T207E" value="00:30:25,918" />
  </s>
  <s id="195">
    <time id="T208S" value="00:30:26,377" />
Wonderbaar! 
  </s>
  <s id="196">
Wonderbaar!
    <time id="T208E" value="00:30:28,959" />
  </s>
  <s id="197">
    <time id="T209S" value="00:30:29,313" />
Ons het bier!
    <time id="T209E" value="00:30:31,251" />
  </s>
  <s id="198">
    <time id="T210S" value="00:30:31,354" />
Ons het koue bier!
  </s>
  <s id="199">
Ons het whisky!
    <time id="T210E" value="00:30:34,244" />
  </s>
  <s id="200">
    <time id="T211S" value="00:30:34,634" />
Ons het sjampanje!
    <time id="T211E" value="00:30:36,709" />
  </s>
  <s id="201">
    <time id="T212S" value="00:30:43,097" />
En nou gaan ons heerlike Vicky en Lola sing; 
  </s>
  <s id="202">
Cole Porter se
    <time id="T213E" value="00:30:52,293" />
  </s>
  <s id="203">
    <time id="T214S" value="00:30:52,393" />
"Night and Day"
    <time id="T214E" value="00:30:54,288" />
  </s>
  <s id="204">
    <time id="T215S" value="00:30:54,388" />
Night and Day
    <time id="T215E" value="00:30:56,720" />
  </s>
  <s id="205">
    <time id="T216S" value="00:32:15,959" />
Johnny!
    <time id="T216E" value="00:32:17,403" />
  </s>
  <s id="206">
    <time id="T217S" value="00:33:30,059" />
Nelly?
    <time id="T217E" value="00:33:31,918" />
  </s>
  <s id="207">
    <time id="T218S" value="00:33:32,719" />
Alles reg?
    <time id="T218E" value="00:33:34,626" />
  </s>
  <s id="208">
    <time id="T219S" value="00:33:36,733" />
Ja
    <time id="T219E" value="00:33:38,543" />
  </s>
  <s id="209">
    <time id="T220S" value="00:33:40,127" />
Wag, ek is nou terug
    <time id="T220E" value="00:33:42,209" />
  </s>
  <s id="210">
    <time id="T221S" value="00:33:57,374" />
Ek het vir jou 'n rewolver ook.
    <time id="T221E" value="00:33:59,418" />
  </s>
  <s id="211">
    <time id="T222S" value="00:34:01,295" />
Weet jy hoe om dit te gebruik?
    <time id="T222E" value="00:34:03,126" />
  </s>
  <s id="212">
    <time id="T223S" value="00:34:05,836" />
Om dit net te wys is al genoeg
    <time id="T223E" value="00:34:08,584" />
  </s>
  <s id="213">
    <time id="T224S" value="00:34:55,352" />
Ek soek vir Johnny
    <time id="T224E" value="00:34:57,001" />
  </s>
  <s id="214">
    <time id="T225S" value="00:35:00,282" />
Het hy jou daardie swart oë gegee?
    <time id="T225E" value="00:35:02,834" />
  </s>
  <s id="215">
    <time id="T226S" value="00:35:04,319" />
Hy werk hier
    <time id="T226E" value="00:35:06,168" />
  </s>
  <s id="216">
    <time id="T227S" value="00:35:06,612" />
Daar's geen Johnny hier nie
    <time id="T227E" value="00:35:08,709" />
  </s>
  <s id="217">
    <time id="T228S" value="00:35:13,424" />
Maar ek het hom gesien
    <time id="T228E" value="00:35:15,626" />
  </s>
  <s id="218">
    <time id="T229S" value="00:35:15,726" />
Ek ken nie 'n Johnny nie, en jy?
    <time id="T229E" value="00:35:18,378" />
  </s>
  <s id="219">
    <time id="T230S" value="00:35:18,836" />
Johnny, jou swyn, jou sakke is leeg,
    <time id="T230E" value="00:35:22,584" />
  </s>
  <s id="220">
    <time id="T231S" value="00:35:22,684" />
Maar die kelder is vol, so regtig daar's baie
    <time id="T231E" value="00:35:25,793" />
  </s>
  <s id="221">
    <time id="T232S" value="00:35:25,893" />
Die wêreld is 'n kaai vol met meisies
    <time id="T232E" value="00:35:29,584" />
  </s>
  <s id="222">
    <time id="T233S" value="00:35:29,684" />
Die matrose word skeel-oog wanneer hulle 'n draai maak
    <time id="T233E" value="00:35:33,626" />
  </s>
  <s id="223">
    <time id="T234S" value="00:35:43,399" />
Hoe lyk dit met 'n koffie?
  </s>
  <s id="224">
- Of twee?
    <time id="T234E" value="00:35:45,555" />
  </s>
  <s id="225">
    <time id="T235S" value="00:35:45,655" />
Ek bring 
  </s>
  <s id="226">
- Is jy Johnny?
    <time id="T235E" value="00:35:47,918" />
  </s>
  <s id="227">
    <time id="T236S" value="00:35:48,018" />
Die meisie hier soek werk
    <time id="T236E" value="00:35:49,500" />
  </s>
  <s id="228">
    <time id="T237S" value="00:35:49,600" />
Maar moet haar nie weer slaan nie!
    <time id="T237E" value="00:35:51,234" />
  </s>
  <s id="229">
    <time id="T238S" value="00:35:51,334" />
Johannes, kry bietjie lewe!
    <time id="T238E" value="00:35:53,251" />
  </s>
  <s id="230">
    <time id="T239S" value="00:35:56,311" />
Hy's die een om mee te praat, Mej
    <time id="T239E" value="00:35:58,501" />
  </s>
  <s id="231">
    <time id="T240S" value="00:37:51,854" />
Soek jy werk?
    <time id="T240E" value="00:37:53,918" />
  </s>
  <s id="232">
    <time id="T241S" value="00:38:14,169" />
Het jy 'n woonstel?
    <time id="T241E" value="00:38:16,418" />
  </s>
  <s id="233">
    <time id="T242S" value="00:38:19,032" />
Jy alleen?
    <time id="T242E" value="00:38:21,043" />
  </s>
  <s id="234">
    <time id="T243S" value="00:38:25,407" />
Wag bietjie
    <time id="T243E" value="00:38:26,834" />
  </s>
  <s id="235">
    <time id="T244S" value="00:38:34,788" />
Kom saam, ek het nie baie tyd nie
    <time id="T244E" value="00:38:37,001" />
  </s>
  <s id="236">
    <time id="T245S" value="00:38:41,415" />
Saam kan ons geld maak
    <time id="T245E" value="00:38:43,626" />
  </s>
  <s id="237">
    <time id="T246S" value="00:38:45,154" />
Jy lyk baie na iemand
    <time id="T246E" value="00:38:47,057" />
  </s>
  <s id="238">
    <time id="T247S" value="00:38:47,157" />
Wie?
  </s>
  <s id="239">
- My vrou
    <time id="T247E" value="00:38:49,126" />
  </s>
  <s id="240">
    <time id="T248S" value="00:38:49,351" />
Lewendig was sy arm, dood is sy ryk
    <time id="T248E" value="00:38:52,376" />
  </s>
  <s id="241">
    <time id="T249S" value="00:38:52,476" />
Wat? 
  </s>
  <s id="242">
Waarom?
    <time id="T249E" value="00:38:54,328" />
  </s>
  <s id="243">
    <time id="T250S" value="00:38:54,786" />
Sy en haar hele familie is doodgemaak
    <time id="T250E" value="00:38:57,751" />
  </s>
  <s id="244">
    <time id="T251S" value="00:38:59,304" />
Hiernatoe
    <time id="T251E" value="00:39:00,918" />
  </s>
  <s id="245">
    <time id="T252S" value="00:39:32,720" />
Jy kan die agterste kamer gebruik
    <time id="T252E" value="00:39:34,501" />
  </s>
  <s id="246">
    <time id="T253S" value="00:39:37,054" />
Ek slaap hier
    <time id="T253E" value="00:39:39,209" />
  </s>
  <s id="247">
    <time id="T254S" value="00:39:39,485" />
Ek kan nie haar erflating kry nie
    <time id="T254E" value="00:39:42,031" />
  </s>
  <s id="248">
    <time id="T255S" value="00:39:42,215" />
Daar's geen bewys van haar dood nie
    <time id="T255E" value="00:39:44,584" />
  </s>
  <s id="249">
    <time id="T256S" value="00:39:45,311" />
Miskien is sy nog lewend
    <time id="T256E" value="00:39:47,352" />
  </s>
  <s id="250">
    <time id="T257S" value="00:39:47,452" />
Sy is dood
    <time id="T257E" value="00:39:50,058" />
  </s>
  <s id="251">
    <time id="T258S" value="00:39:50,792" />
Jy moet die rol van my vrou speel
    <time id="T258E" value="00:39:52,626" />
  </s>
  <s id="252">
    <time id="T259S" value="00:39:53,177" />
Ek sal jou afrig, jy moet terugkeer as 'n oorlewende, en haar erflating eis
    <time id="T261E" value="00:39:58,842" />
  </s>
  <s id="253">
    <time id="T262S" value="00:39:58,942" />
Ons sal dit deel
    <time id="T262E" value="00:40:00,626" />
  </s>
  <s id="254">
    <time id="T263S" value="00:40:00,726" />
Daar's 20,000 dollar vir jou
    <time id="T263E" value="00:40:03,709" />
  </s>
  <s id="255">
    <time id="T264S" value="00:40:06,433" />
Maar jy kan nie vir die volgende paar weke uitgaan nie
    <time id="T264E" value="00:40:09,185" />
  </s>
  <s id="256">
    <time id="T265S" value="00:40:09,285" />
Niemand mag jou sien nie!
    <time id="T265E" value="00:40:11,251" />
  </s>
  <s id="257">
    <time id="T266S" value="00:40:11,685" />
Ek sal sorg vir kos
    <time id="T266E" value="00:40:13,626" />
  </s>
  <s id="258">
    <time id="T267S" value="00:40:15,263" />
Daar's 'n Amerikaanse bier daarin
    <time id="T267E" value="00:40:17,281" />
  </s>
  <s id="259">
    <time id="T268S" value="00:40:17,877" />
Moet my asseblief nie so noem nie
    <time id="T268E" value="00:40:19,626" />
  </s>
  <s id="260">
    <time id="T269S" value="00:40:20,793" />
Nou... wat moet ek jou noem?
    <time id="T269E" value="00:40:23,209" />
  </s>
  <s id="261">
    <time id="T270S" value="00:40:23,309" />
Johannes
    <time id="T270E" value="00:40:24,543" />
  </s>
  <s id="262">
    <time id="T271S" value="00:40:25,446" />
Jy sal my later openlik Johnny noem
    <time id="T271E" value="00:40:27,709" />
  </s>
  <s id="263">
    <time id="T272S" value="00:40:27,877" />
Tot dan is ek Johannes
    <time id="T272E" value="00:40:29,826" />
  </s>
  <s id="264">
    <time id="T273S" value="00:40:29,926" />
Later?
    <time id="T273E" value="00:40:30,776" />
  </s>
  <s id="265">
    <time id="T274S" value="00:40:30,876" />
Ja, wanneer jy teruggekom het as 'n oorlewende
    <time id="T274E" value="00:40:33,152" />
  </s>
  <s id="266">
    <time id="T275S" value="00:40:35,950" />
Wat's jou naam, in elk geval?
    <time id="T275E" value="00:40:37,918" />
  </s>
  <s id="267">
    <time id="T276S" value="00:40:41,271" />
Esther
    <time id="T276E" value="00:40:42,959" />
  </s>
  <s id="268">
    <time id="T277S" value="00:40:45,192" />
Daar is nie meer baie Esthers oor nie
    <time id="T277E" value="00:40:47,793" />
  </s>
  <s id="269">
    <time id="T278S" value="00:40:50,100" />
Wat was jou vrou se naam?
    <time id="T278E" value="00:40:52,004" />
  </s>
  <s id="270">
    <time id="T279S" value="00:40:52,715" />
Nelly
    <time id="T279E" value="00:40:53,959" />
  </s>
  <s id="271">
    <time id="T280S" value="00:40:55,077" />
Ek sal vieruur terug wees
    <time id="T280E" value="00:40:56,959" />
  </s>
  <s id="272">
    <time id="T281S" value="00:40:57,348" />
Gaan slaap asb.
    <time id="T281E" value="00:40:59,418" />
  </s>
  <s id="273">
    <time id="T282S" value="00:41:00,765" />
Lyk ek... regtig soos sy?
    <time id="T283E" value="00:41:04,709" />
  </s>
  <s id="274">
    <time id="T284S" value="00:41:04,809" />
Nee, maar jy sal
    <time id="T284E" value="00:41:06,668" />
  </s>
  <s id="275">
    <time id="T285S" value="00:42:00,853" />
Lene?
    <time id="T285E" value="00:42:02,252" />
  </s>
  <s id="276">
    <time id="T286S" value="00:42:07,412" />
Lene!
    <time id="T286E" value="00:42:08,793" />
  </s>
  <s id="277">
    <time id="T287S" value="00:42:16,127" />
Nelly?
  </s>
  <s id="278">
- Ja
    <time id="T287E" value="00:42:18,604" />
  </s>
  <s id="279">
    <time id="T288S" value="00:42:22,342" />
Nee, moenie die lig aansit nie
    <time id="T288E" value="00:42:24,376" />
  </s>
  <s id="280">
    <time id="T289S" value="00:42:35,140" />
Jy het hom gesien
    <time id="T289E" value="00:42:36,959" />
  </s>
  <s id="281">
    <time id="T290S" value="00:42:38,557" />
Ja
    <time id="T290E" value="00:42:40,334" />
  </s>
  <s id="282">
    <time id="T291S" value="00:42:44,038" />
Wat het gebeur?
    <time id="T291E" value="00:42:46,126" />
  </s>
  <s id="283">
    <time id="T292S" value="00:43:23,141" />
Die deur is oop
    <time id="T292E" value="00:43:24,876" />
  </s>
  <s id="284">
    <time id="T293S" value="00:43:40,411" />
Gaan asseblief eers uit
    <time id="T293E" value="00:43:42,501" />
  </s>
  <s id="285">
    <time id="T294S" value="00:43:42,601" />
Kom weer in
    <time id="T294E" value="00:43:44,334" />
  </s>
  <s id="286">
    <time id="T295S" value="00:43:45,869" />
Kom weer in
    <time id="T295E" value="00:43:48,418" />
  </s>
  <s id="287">
    <time id="T296S" value="00:43:52,084" />
Sonder die sakke
    <time id="T296E" value="00:43:54,293" />
  </s>
  <s id="288">
    <time id="T297S" value="00:44:17,565" />
Moenie na my kyk nie, kom net in en stap die trappe af
    <time id="T298E" value="00:44:22,496" />
  </s>
  <s id="289">
    <time id="T299S" value="00:44:23,275" />
Gaan net met die trappe af
    <time id="T299E" value="00:44:26,050" />
  </s>
  <s id="290">
    <time id="T300S" value="00:44:51,232" />
Weet jy, ek het gehoop jy sou nie terugkom nie
    <time id="T300E" value="00:44:54,293" />
  </s>
  <s id="291">
    <time id="T301S" value="00:44:54,947" />
Waarom?
    <time id="T301E" value="00:44:56,530" />
  </s>
  <s id="292">
    <time id="T302S" value="00:44:56,630" />
Dit sal nie werk nie
    <time id="T302E" value="00:44:59,833" />
  </s>
  <s id="293">
    <time id="T303S" value="00:44:59,933" />
Hier is twee dollar,
    <time id="T303E" value="00:45:01,751" />
  </s>
  <s id="294">
    <time id="T304S" value="00:45:04,236" />
En 'n rantsoenkaart, ...ek is jammer
    <time id="T304E" value="00:45:07,709" />
  </s>
  <s id="295">
    <time id="T305S" value="00:45:07,837" />
Goed, vat dit!
    <time id="T305E" value="00:45:09,793" />
  </s>
  <s id="296">
    <time id="T306S" value="00:45:11,575" />
Gaan nou!
    <time id="T306E" value="00:45:13,459" />
  </s>
  <s id="297">
    <time id="T307S" value="00:45:13,559" />
Maar ons wou oefen!
  </s>
  <s id="298">
- Dit gaan nie werk nie
    <time id="T307E" value="00:45:16,751" />
  </s>
  <s id="299">
    <time id="T308S" value="00:45:18,822" />
Waarom nie?
  </s>
  <s id="300">
- Omdat jy dit nie wil laat werk nie!
    <time id="T308E" value="00:45:21,918" />
  </s>
  <s id="301">
    <time id="T309S" value="00:45:22,377" />
Vat dit net, ...vat die geld, en gaan
    <time id="T310E" value="00:45:26,964" />
  </s>
  <s id="302">
    <time id="T311S" value="00:45:27,064" />
Ons kon ten minste probeer het...
    <time id="T311E" value="00:45:28,568" />
  </s>
  <s id="303">
    <time id="T312S" value="00:45:28,668" />
Vat jou sak 
  </s>
  <s id="304">
- Net vir 'n paar dae
    <time id="T312E" value="00:45:30,918" />
  </s>
  <s id="305">
    <time id="T313S" value="00:45:31,018" />
As dit nie werk nie, sal ek gaan
    <time id="T313E" value="00:45:33,798" />
  </s>
  <s id="306">
    <time id="T314S" value="00:45:41,458" />
Asseblief
    <time id="T314E" value="00:45:43,293" />
  </s>
  <s id="307">
    <time id="T315S" value="00:45:46,733" />
Asseblief
    <time id="T315E" value="00:45:48,543" />
  </s>
  <s id="308">
    <time id="T316S" value="00:46:01,251" />
Sit aan die anderkant
    <time id="T316E" value="00:46:03,293" />
  </s>
  <s id="309">
    <time id="T317S" value="00:46:29,483" />
Hier's 'n voorbeeld
    <time id="T317E" value="00:46:31,959" />
  </s>
  <s id="310">
    <time id="T318S" value="00:46:33,152" />
Jy moet kan skryf soos sy
    <time id="T318E" value="00:46:35,709" />
  </s>
  <s id="311">
    <time id="T319S" value="00:46:35,928" />
Oefen dit
    <time id="T319E" value="00:46:37,751" />
  </s>
  <s id="312">
    <time id="T320S" value="00:46:42,120" />
Dis 'n inkopielys
    <time id="T320E" value="00:46:44,293" />
  </s>
  <s id="313">
    <time id="T321S" value="00:46:44,393" />
Ja, dis waarmee ons sal begin
    <time id="T321E" value="00:46:46,334" />
  </s>
  <s id="314">
    <time id="T322S" value="00:46:48,427" />
Toe, oefen
    <time id="T322E" value="00:46:50,334" />
  </s>
  <s id="315">
    <time id="T323S" value="00:46:57,669" />
Is dit al wat jy besit?
    <time id="T323E" value="00:46:59,584" />
  </s>
  <s id="316">
    <time id="T324S" value="00:47:02,600" />
Ek sal sien wat ek kan kry
    <time id="T324E" value="00:47:05,043" />
  </s>
  <s id="317">
    <time id="T325S" value="00:47:05,283" />
Oefen
    <time id="T325E" value="00:47:06,834" />
  </s>
  <s id="318">
    <time id="T326S" value="00:47:07,393" />
Daar's 'n bietjie kos oor
    <time id="T326E" value="00:47:10,043" />
  </s>
  <s id="319">
    <time id="T327S" value="00:47:13,425" />
Dankie
    <time id="T327E" value="00:47:15,418" />
  </s>
  <s id="320">
    <time id="T328S" value="00:48:30,233" />
Jy hoef nie te snuffel nie,
    <time id="T328E" value="00:48:32,209" />
  </s>
  <s id="321">
    <time id="T329S" value="00:48:32,309" />
Daar's nie geld in die laai nie
    <time id="T329E" value="00:48:34,543" />
  </s>
  <s id="322">
    <time id="T330S" value="00:48:34,643" />
Wat?
    <time id="T330E" value="00:48:36,334" />
  </s>
  <s id="323">
    <time id="T331S" value="00:48:36,952" />
O, dit?
    <time id="T331E" value="00:48:40,251" />
  </s>
  <s id="324">
    <time id="T332S" value="00:48:40,484" />
Ek benodig voorbeelde
    <time id="T332E" value="00:48:41,975" />
  </s>
  <s id="325">
    <time id="T333S" value="00:48:42,075" />
Waarvan?
    <time id="T333E" value="00:48:43,443" />
  </s>
  <s id="326">
    <time id="T334S" value="00:48:43,543" />
Haar handskrif
    <time id="T334E" value="00:48:45,117" />
  </s>
  <s id="327">
    <time id="T335S" value="00:48:45,217" />
Ek het die lysie klaargemaak, en toe soek ek meer materiaal
    <time id="T336E" value="00:48:50,644" />
  </s>
  <s id="328">
    <time id="T337S" value="00:48:50,744" />
Wys my
    <time id="T337E" value="00:48:52,754" />
  </s>
  <s id="329">
    <time id="T338S" value="00:48:53,465" />
Dis... dis op die tafel
    <time id="T338E" value="00:48:56,376" />
  </s>
  <s id="330">
    <time id="T339S" value="00:49:08,991" />
Jy het dit nie afgetrek nie?
    <time id="T339E" value="00:49:10,959" />
  </s>
  <s id="331">
    <time id="T340S" value="00:49:11,059" />
Nee
    <time id="T340E" value="00:49:12,459" />
  </s>
  <s id="332">
    <time id="T341S" value="00:49:17,110" />
200 G MARGARIEN, 4 EIERS, SUIKER, ROSYNE, 1 SUURLEMOEN
    <time id="T341E" value="00:49:20,665" />
  </s>
  <s id="333">
    <time id="T342S" value="00:49:23,738" />
Sit asseblief
    <time id="T342E" value="00:49:25,834" />
  </s>
  <s id="334">
    <time id="T343S" value="00:49:41,237" />
Ek sal nooit gewoond raak om aan die linkerkant te ry nie
    <time id="T343E" value="00:49:44,746" />
  </s>
  <s id="335">
    <time id="T344S" value="00:49:46,329" />
Skryf dit
    <time id="T344E" value="00:49:47,709" />
  </s>
  <s id="336">
    <time id="T345S" value="00:49:49,218" />
O, ek sien!
    <time id="T345E" value="00:49:51,053" />
  </s>
  <s id="337">
    <time id="T346S" value="00:49:53,415" />
Ek sal nooit gewoond raak om aan die linkerkant te ry nie
    <time id="T346E" value="00:49:57,245" />
  </s>
  <s id="338">
    <time id="T347S" value="00:50:27,679" />
Skryf:
    <time id="T347E" value="00:50:29,334" />
  </s>
  <s id="339">
    <time id="T348S" value="00:50:30,454" />
Ek leef, en sal gou huistoe kom
    <time id="T348E" value="00:50:32,668" />
  </s>
  <s id="340">
    <time id="T349S" value="00:50:32,954" />
Geteken, Nelly Lenz
    <time id="T349E" value="00:50:34,709" />
  </s>
  <s id="341">
    <time id="T350S" value="00:50:41,601" />
Dit is haar handtekening
    <time id="T350E" value="00:50:44,043" />
  </s>
  <s id="342">
    <time id="T351S" value="00:51:14,878" />
Dis byna identies
    <time id="T351E" value="00:51:16,626" />
  </s>
  <s id="343">
    <time id="T352S" value="00:51:17,951" />
Goed, jy kan hier slaap, ons sal môre aangaan
    <time id="T352E" value="00:51:21,873" />
  </s>
  <s id="344">
    <time id="T353S" value="00:51:49,142" />
Goeie môre 
  </s>
  <s id="345">
- Goeie môre
    <time id="T353E" value="00:51:52,192" />
  </s>
  <s id="346">
    <time id="T354S" value="00:51:54,394" />
Ek het vir jou 'n paar goed gebring
    <time id="T354E" value="00:51:56,626" />
  </s>
  <s id="347">
    <time id="T355S" value="00:51:59,761" />
Is dit... 
  </s>
  <s id="348">
Nelly se goed?
    <time id="T355E" value="00:52:02,876" />
  </s>
  <s id="349">
    <time id="T356S" value="00:52:02,994" />
Hulle is verbrand
    <time id="T356E" value="00:52:04,626" />
  </s>
  <s id="350">
    <time id="T357S" value="00:52:05,150" />
Daar is net die skoene
    <time id="T357E" value="00:52:07,043" />
  </s>
  <s id="351">
    <time id="T358S" value="00:52:16,503" />
Hulle is van Parys!
    <time id="T358E" value="00:52:18,459" />
  </s>
  <s id="352">
    <time id="T359S" value="00:52:18,659" />
Pas hulle aan, ...probeer die skoene
    <time id="T359E" value="00:52:22,236" />
  </s>
  <s id="353">
    <time id="T360S" value="00:52:28,910" />
Het jy dit vir haar gekoop?
  </s>
  <s id="354">
- Ek dink so
    <time id="T360E" value="00:52:32,305" />
  </s>
  <s id="355">
    <time id="T361S" value="00:52:47,051" />
Pas dit?
    <time id="T361E" value="00:52:48,793" />
  </s>
  <s id="356">
    <time id="T362S" value="00:52:52,808" />
Het julle saam Parys toe gegaan?
    <time id="T362E" value="00:52:55,514" />
  </s>
  <s id="357">
    <time id="T363S" value="00:52:59,849" />
Ek moet hierdie dinge weet
    <time id="T363E" value="00:53:02,922" />
  </s>
  <s id="358">
    <time id="T364S" value="00:53:03,022" />
Probeer die ander, loop rond
    <time id="T364E" value="00:53:05,376" />
  </s>
  <s id="359">
    <time id="T365S" value="00:53:39,044" />
Druk hulle?
    <time id="T365E" value="00:53:40,834" />
  </s>
  <s id="360">
    <time id="T366S" value="00:53:48,539" />
So, waarom loop jy so snaaks?
    <time id="T366E" value="00:53:51,501" />
  </s>
  <s id="361">
    <time id="T367S" value="00:53:51,601" />
Ons sal dit ook moet oefen
    <time id="T367E" value="00:53:53,501" />
  </s>
  <s id="362">
    <time id="T368S" value="00:53:55,671" />
Ek het nou-net opgestaan, en nog nie ge-eet nie
    <time id="T369E" value="00:54:00,694" />
  </s>
  <s id="363">
    <time id="T370S" value="00:54:00,794" />
Die water kook, ons sal nou eet
    <time id="T370E" value="00:54:03,079" />
  </s>
  <s id="364">
    <time id="T371S" value="00:54:03,239" />
Stap nou normaal, asseblief,
    <time id="T371E" value="00:54:05,166" />
  </s>
  <s id="365">
    <time id="T372S" value="00:54:47,755" />
Dis te lank
    <time id="T372E" value="00:54:49,376" />
  </s>
  <s id="366">
    <time id="T373S" value="00:54:58,282" />
Kan jy naaldwerk doen?
    <time id="T373E" value="00:55:00,543" />
  </s>
  <s id="367">
    <time id="T374S" value="00:55:00,988" />
Ek bedoel, dit korter maak 
  </s>
  <s id="368">
- Die rok?
    <time id="T374E" value="00:55:05,024" />
  </s>
  <s id="369">
    <time id="T375S" value="00:55:09,474" />
Haar rokke was net onder die knie
    <time id="T375E" value="00:55:12,168" />
  </s>
  <s id="370">
    <time id="T376S" value="00:55:12,268" />
Altyd mooi en kort en wyd
    <time id="T376E" value="00:55:14,584" />
  </s>
  <s id="371">
    <time id="T377S" value="00:55:15,207" />
Kan jy dit doen?
    <time id="T377E" value="00:55:16,354" />
  </s>
  <s id="372">
    <time id="T378S" value="00:55:16,454" />
Is dit my koffie?
    <time id="T378E" value="00:55:18,258" />
  </s>
  <s id="373">
    <time id="T379S" value="00:55:21,147" />
Jou hare lyk naar!
    <time id="T379E" value="00:55:23,168" />
  </s>
  <s id="374">
    <time id="T380S" value="00:55:23,268" />
Ons sal daaraan iets moet doen
    <time id="T380E" value="00:55:25,668" />
  </s>
  <s id="375">
    <time id="T381S" value="00:55:26,032" />
Nelly het altyd haar hare gekleur
    <time id="T381E" value="00:55:28,543" />
  </s>
  <s id="376">
    <time id="T382S" value="00:55:28,830" />
Nog iets?
    <time id="T382E" value="00:55:30,550" />
  </s>
  <s id="377">
    <time id="T383S" value="00:55:30,650" />
Ja, 'n klomp!
    <time id="T383E" value="00:55:32,133" />
  </s>
  <s id="378">
    <time id="T384S" value="00:55:32,233" />
Ons het pas begin
    <time id="T384E" value="00:55:33,945" />
  </s>
  <s id="379">
    <time id="T385S" value="00:55:34,747" />
As ons gereed is, ek bedoel as ons hier klaar is, sal jy 'n trein van die ooste neem, en ons sal jou by die stasie ontmoet en ek sal in 'n rooi rok en
    <time id="T388E" value="00:55:45,626" />
  </s>
  <s id="380">
    <time id="T389S" value="00:55:46,719" />
skoene uit Parys wees?
    <time id="T389E" value="00:55:49,626" />
  </s>
  <s id="381">
    <time id="T390S" value="00:55:52,934" />
Dink jy enigiemand kom uit die kampe so?
    <time id="T390E" value="00:55:56,126" />
  </s>
  <s id="382">
    <time id="T391S" value="00:55:58,393" />
Niemand sal dit glo nie
    <time id="T391E" value="00:56:00,668" />
  </s>
  <s id="383">
    <time id="T392S" value="00:56:02,567" />
Het jy al van die terugkerendes gesien?
    <time id="T392E" value="00:56:04,751" />
  </s>
  <s id="384">
    <time id="T393S" value="00:56:04,851" />
Al die brandwonde en vervalle gesigte!
    <time id="T393E" value="00:56:08,126" />
  </s>
  <s id="385">
    <time id="T394S" value="00:56:08,415" />
Niemand kyk na hulle nie, almal vermy hulle
    <time id="T394E" value="00:56:11,970" />
  </s>
  <s id="386">
    <time id="T395S" value="00:56:12,070" />
Maar ons wil dat hulle jou sien en sê:
  </s>
  <s id="387">
dis Nelly!
    <time id="T395E" value="00:56:15,584" />
  </s>
  <s id="388">
    <time id="T396S" value="00:56:16,305" />
Nelly het oorleef! 
  </s>
  <s id="389">
Sy's terug!
    <time id="T396E" value="00:56:19,286" />
  </s>
  <s id="390">
    <time id="T397S" value="00:56:19,386" />
Sy dra 'n wye rok en netjiese skoene, omdat sy so bly is
    <time id="T398E" value="00:56:24,168" />
  </s>
  <s id="391">
    <time id="T399S" value="00:56:25,088" />
Dis wat ons graag wil hê!
    <time id="T399E" value="00:56:27,751" />
  </s>
  <s id="392">
    <time id="T400S" value="00:56:36,464" />
Hierdie is die mense wat jou daar sal kom ontmoet, en met hulle sal jy moet kan praat
    <time id="T401E" value="00:56:41,834" />
  </s>
  <s id="393">
    <time id="T402S" value="00:56:41,934" />
Hulle name en bietjie inligting
    <time id="T402E" value="00:56:44,543" />
  </s>
  <s id="394">
    <time id="T403S" value="00:56:44,643" />
Leer dit deeglik, sodat jy dit kan ken
    <time id="T403E" value="00:56:47,501" />
  </s>
  <s id="395">
    <time id="T404S" value="00:56:47,725" />
Ek sal by jou wees, jou help.
    <time id="T404E" value="00:56:49,834" />
  </s>
  <s id="396">
    <time id="T405S" value="00:56:50,087" />
As dit nodig is, bars in trane uit, asof jy oorweldig is
    <time id="T406E" value="00:56:55,043" />
  </s>
  <s id="397">
    <time id="T407S" value="00:56:55,143" />
Of omhels hulle net, dan sal ek onderbreek
    <time id="T407E" value="00:56:57,918" />
  </s>
  <s id="398">
    <time id="T408S" value="00:57:00,109" />
Ons sal dit oefen
    <time id="T408E" value="00:57:01,876" />
  </s>
  <s id="399">
    <time id="T409S" value="00:57:03,526" />
Dié met kruise is dood
    <time id="T409E" value="00:57:06,584" />
  </s>
  <s id="400">
    <time id="T410S" value="00:57:06,783" />
Leer van hulle ook, vir ingeval
    <time id="T410E" value="00:57:08,584" />
  </s>
  <s id="401">
    <time id="T411S" value="00:57:08,939" />
Daardie een is geskiet in Lichtenberg, hy was 'n Nazi
    <time id="T411E" value="00:57:12,104" />
  </s>
  <s id="402">
    <time id="T412S" value="00:57:12,494" />
Hierdie een?
  </s>
  <s id="403">
- Ja, en sy ook
    <time id="T413E" value="00:57:16,209" />
  </s>
  <s id="404">
    <time id="T414S" value="00:57:21,690" />
Het jy... enige fotos van Nelly?
    <time id="T414E" value="00:57:25,451" />
  </s>
  <s id="405">
    <time id="T415S" value="00:57:26,507" />
Ek sou haar graag wou sien
    <time id="T415E" value="00:57:28,918" />
  </s>
  <s id="406">
    <time id="T416S" value="00:57:29,052" />
Later, leer nou eers van daardie mense
    <time id="T416E" value="00:57:31,168" />
  </s>
  <s id="407">
    <time id="T417S" value="00:57:31,268" />
Watter kleur oë het Nelly gehad?
    <time id="T417E" value="00:57:32,997" />
  </s>
  <s id="408">
    <time id="T418S" value="00:57:33,097" />
Dieselfde as jy
    <time id="T418E" value="00:57:34,579" />
  </s>
  <s id="409">
    <time id="T419S" value="00:57:34,679" />
Watter kleur is dit?
  </s>
  <s id="410">
- Blou
    <time id="T419E" value="00:57:37,377" />
  </s>
  <s id="411">
    <time id="T420S" value="00:58:31,411" />
Goeie môre
    <time id="T420E" value="00:58:33,209" />
  </s>
  <s id="412">
    <time id="T421S" value="00:58:34,828" />
Goeie môre
    <time id="T421E" value="00:58:37,251" />
  </s>
  <s id="413">
    <time id="T422S" value="00:58:51,730" />
Ek het die antwoord gekry vir jou hare
    <time id="T422E" value="00:58:54,139" />
  </s>
  <s id="414">
    <time id="T423S" value="00:58:55,905" />
Hierdie is nie my vrou nie, dis 'n aktrise,
    <time id="T423E" value="00:58:58,834" />
  </s>
  <s id="415">
    <time id="T424S" value="00:58:59,643" />
Nelly het gehou van die foto
    <time id="T424E" value="00:59:01,459" />
  </s>
  <s id="416">
    <time id="T425S" value="00:59:02,303" />
Sy het dit gebruik as sy grimeer
    <time id="T425E" value="00:59:04,834" />
  </s>
  <s id="417">
    <time id="T426S" value="00:59:04,941" />
Die hare, sy het dit gekopieer, veral vir uitvoerings
    <time id="T427E" value="00:59:09,543" />
  </s>
  <s id="418">
    <time id="T428S" value="00:59:10,078" />
Vir alle optredes
    <time id="T428E" value="00:59:12,293" />
  </s>
  <s id="419">
    <time id="T429S" value="00:59:12,394" />
Dink jy jy kan dit doen?
    <time id="T429E" value="00:59:14,251" />
  </s>
  <s id="420">
    <time id="T430S" value="00:59:15,972" />
Jy weet hoe om te grimeer, nê?
    <time id="T430E" value="00:59:18,403" />
  </s>
  <s id="421">
    <time id="T431S" value="00:59:19,046" />
Ek het dit vir jou saamgebring
    <time id="T431E" value="00:59:21,376" />
  </s>
  <s id="422">
    <time id="T432S" value="00:59:21,568" />
En iets vir jou hare, die kleur moet reg wees
    <time id="T433E" value="00:59:25,834" />
  </s>
  <s id="423">
    <time id="T434S" value="00:59:35,375" />
Dit sal nie werk nie, dit...
    <time id="T434E" value="00:59:37,418" />
  </s>
  <s id="424">
    <time id="T435S" value="00:59:39,686" />
Ek kan nie so van 'n kamp af kom nie
    <time id="T435E" value="00:59:42,751" />
  </s>
  <s id="425">
    <time id="T436S" value="00:59:42,851" />
Ek het dit al verduidelik 
  </s>
  <s id="426">
- Nee, dis al...
    <time id="T436E" value="00:59:46,062" />
  </s>
  <s id="427">
    <time id="T437S" value="00:59:46,337" />
Hulle wil Nelly hê, nie 'n verflenterde kamp-oorlewende nie
    <time id="T437E" value="00:59:50,376" />
  </s>
  <s id="428">
    <time id="T438S" value="00:59:50,476" />
Dis waaraan ons hier werk
    <time id="T438E" value="00:59:52,942" />
  </s>
  <s id="429">
    <time id="T439S" value="00:59:58,011" />
As ek van 'n... kamp kom, sal iemand my vra
    <time id="T440E" value="01:00:04,584" />
  </s>
  <s id="430">
    <time id="T441S" value="01:00:07,047" />
wat ek daar beleef het, wat ek...
    <time id="T441E" value="01:00:10,626" />
  </s>
  <s id="431">
    <time id="T442S" value="01:00:10,726" />
Wat?
    <time id="T442E" value="01:00:12,168" />
  </s>
  <s id="432">
    <time id="T443S" value="01:00:12,506" />
Hoe dit was daar, en ek sal 'n storie benodig
    <time id="T444E" value="01:00:18,193" />
  </s>
  <s id="433">
    <time id="T445S" value="01:00:18,293" />
Wat sal jy dan vertel?
    <time id="T445E" value="01:00:20,877" />
  </s>
  <s id="434">
    <time id="T446S" value="01:00:25,028" />
Wat?
  </s>
  <s id="435">
- Een of ander... soos... hoe ons op 'n stomp gesit het,
    <time id="T448E" value="01:00:35,168" />
  </s>
  <s id="436">
    <time id="T449S" value="01:00:37,206" />
nakend en... soek deur die klerasie van pas ge-arriveerdes,
    <time id="T451E" value="01:00:50,095" />
  </s>
  <s id="437">
    <time id="T452S" value="01:00:51,471" />
terwyl die wagte om ons loop
    <time id="T452E" value="01:00:54,131" />
  </s>
  <s id="438">
    <time id="T453S" value="01:00:54,819" />
Ons moes soek vir geld, of juwele wat hulle versteek,
    <time id="T454E" value="01:01:01,929" />
  </s>
  <s id="439">
    <time id="T455S" value="01:01:03,030" />
En dan is daar die meisie... die meisie... wat na my kyk, en kyk...
    <time id="T457E" value="01:01:11,001" />
  </s>
  <s id="440">
    <time id="T458S" value="01:01:11,149" />
Hierdie meisie kyk na my...
    <time id="T458E" value="01:01:13,213" />
  </s>
  <s id="441">
    <time id="T459S" value="01:01:13,373" />
Waar kom hierdie storie vandaan?
    <time id="T459E" value="01:01:15,690" />
  </s>
  <s id="442">
    <time id="T460S" value="01:01:15,790" />
Sy het haar ma se rok...
    <time id="T460E" value="01:01:19,153" />
  </s>
  <s id="443">
    <time id="T461S" value="01:01:20,001" />
Van waar kom die storie?
    <time id="T461E" value="01:01:21,626" />
  </s>
  <s id="444">
    <time id="T462S" value="01:01:25,873" />
Ek het dit gelees
    <time id="T462E" value="01:01:27,845" />
  </s>
  <s id="445">
    <time id="T463S" value="01:01:33,716" />
Vertel dit dan, as iemand vra
    <time id="T464E" value="01:01:38,945" />
  </s>
  <s id="446">
    <time id="T465S" value="01:01:39,083" />
Ja
    <time id="T465E" value="01:01:40,459" />
  </s>
  <s id="447">
    <time id="T466S" value="01:01:41,605" />
Maar ek verseker jou, niemand sal nie
    <time id="T466E" value="01:01:44,082" />
  </s>
  <s id="448">
    <time id="T467S" value="01:01:46,513" />
Nie een van hierdie klomp sal vra nie
    <time id="T467E" value="01:01:48,876" />
  </s>
  <s id="449">
    <time id="T468S" value="01:01:50,481" />
Reg, nie een nie
    <time id="T468E" value="01:01:52,660" />
  </s>
  <s id="450">
    <time id="T469S" value="01:01:58,164" />
Jy het die rok mooi gemaak
    <time id="T469E" value="01:02:00,584" />
  </s>
  <s id="451">
    <time id="T470S" value="01:02:07,246" />
Johnny!
    <time id="T470E" value="01:02:08,484" />
  </s>
  <s id="452">
    <time id="T471S" value="01:02:08,584" />
Ek het gesê jy moet my nie so noem nie!
    <time id="T471E" value="01:02:11,099" />
  </s>
  <s id="453">
    <time id="T472S" value="01:02:13,415" />
Waar gaan jy?
    <time id="T472E" value="01:02:15,501" />
  </s>
  <s id="454">
    <time id="T473S" value="01:02:16,718" />
Ek moet uitgaan
    <time id="T473E" value="01:02:17,979" />
  </s>
  <s id="455">
    <time id="T474S" value="01:02:18,079" />
Ek moet ook uitgaan
    <time id="T474E" value="01:02:19,653" />
  </s>
  <s id="456">
    <time id="T475S" value="01:02:19,753" />
Wag
    <time id="T475E" value="01:02:21,459" />
  </s>
  <s id="457">
    <time id="T476S" value="01:03:16,737" />
Herken jy my?
    <time id="T476E" value="01:03:18,584" />
  </s>
  <s id="458">
    <time id="T477S" value="01:03:32,975" />
Johnny
    <time id="T477E" value="01:03:34,501" />
  </s>
  <s id="459">
    <time id="T478S" value="01:03:36,850" />
Wag! 
  </s>
  <s id="460">
Wag!
    <time id="T478E" value="01:03:38,594" />
  </s>
  <s id="461">
    <time id="T479S" value="01:03:43,616" />
Wat het jy aan jou gesig gedoen?
    <time id="T479E" value="01:03:45,918" />
  </s>
  <s id="462">
    <time id="T480S" value="01:03:46,666" />
Die oog-grimering is verkeerd, jou stap ook... 
  </s>
  <s id="463">
Alles,
    <time id="T481E" value="01:03:50,244" />
  </s>
  <s id="464">
    <time id="T482S" value="01:03:50,382" />
Dis alles verkeerd
    <time id="T482E" value="01:03:52,209" />
  </s>
  <s id="465">
    <time id="T483S" value="01:03:52,859" />
Het jy ten minste geleer?
    <time id="T483E" value="01:03:55,001" />
  </s>
  <s id="466">
    <time id="T484S" value="01:04:04,372" />
Ek moet uitgaan
    <time id="T484E" value="01:04:06,161" />
  </s>
  <s id="467">
    <time id="T485S" value="01:04:06,261" />
Nee, nee...
    <time id="T485E" value="01:04:07,789" />
  </s>
  <s id="468">
    <time id="T486S" value="01:04:07,889" />
Ek moet 
  </s>
  <s id="469">
- Jy kan nie
    <time id="T486E" value="01:04:09,751" />
  </s>
  <s id="470">
    <time id="T487S" value="01:04:09,851" />
As jy gaan, en iemand herken jou, dan is alles tevergeefs 
  </s>
  <s id="471">
- Niemand sal nie
    <time id="T488E" value="01:04:14,459" />
  </s>
  <s id="472">
    <time id="T489S" value="01:04:14,559" />
Ek moet uitgaan!
    <time id="T489E" value="01:04:17,100" />
  </s>
  <s id="473">
    <time id="T490S" value="01:04:23,384" />
Asseblief
    <time id="T490E" value="01:04:24,668" />
  </s>
  <s id="474">
    <time id="T491S" value="01:04:33,017" />
Eers wou die kruidenier ons nie meer bedien nie
    <time id="T491E" value="01:04:35,584" />
  </s>
  <s id="475">
    <time id="T492S" value="01:04:37,420" />
Toe Mnr Schmidt-Ott oorkant ook
    <time id="T492E" value="01:04:39,584" />
  </s>
  <s id="476">
    <time id="T493S" value="01:04:40,402" />
Nelly was verban om te sing, geen vriende het ons meer besoek nie
    <time id="T494E" value="01:04:44,876" />
  </s>
  <s id="477">
    <time id="T495S" value="01:04:45,424" />
Sigrid en Walter Hochbaum het op die derde vloer gebly, hulle het ook nie meer gekom nie
    <time id="T496E" value="01:04:51,959" />
  </s>
  <s id="478">
    <time id="T497S" value="01:04:52,947" />
Ek moes Nelly wegsteek in die winter van '43
    <time id="T497E" value="01:04:56,001" />
  </s>
  <s id="479">
    <time id="T498S" value="01:04:56,639" />
Lehmann wou haar nie meer in die bomskuiling toelaat nie
    <time id="T498E" value="01:04:59,116" />
  </s>
  <s id="480">
    <time id="T499S" value="01:04:59,216" />
Ons was seker hy sou haar eersdaags verklae, want hy wou graag ons woonstel hê 'n Vriend wat op die front gesneuwel het, het 'n huisboot op die meer gehad
    <time id="T502E" value="01:05:09,161" />
  </s>
  <s id="481">
    <time id="T503S" value="01:05:09,322" />
Dis waar ek haar gebring het
    <time id="T503E" value="01:05:12,001" />
  </s>
  <s id="482">
    <time id="T504S" value="01:05:14,803" />
Hoe het ons ontmoet?
    <time id="T504E" value="01:05:16,661" />
  </s>
  <s id="483">
    <time id="T505S" value="01:05:18,771" />
Sit jou hoed op, daar kom mense
    <time id="T505E" value="01:05:21,431" />
  </s>
  <s id="484">
    <time id="T506S" value="01:05:21,546" />
Kom aan
    <time id="T506E" value="01:05:22,876" />
  </s>
  <s id="485">
    <time id="T507S" value="01:05:30,995" />
Het jy dikwels met haar gaan wandel?
  </s>
  <s id="486">
- Ja
    <time id="T507E" value="01:05:33,751" />
  </s>
  <s id="487">
    <time id="T508S" value="01:05:37,119" />
In die nag ook?
    <time id="T508E" value="01:05:38,751" />
  </s>
  <s id="488">
    <time id="T509S" value="01:05:40,123" />
Ja
    <time id="T509E" value="01:05:41,626" />
  </s>
  <s id="489">
    <time id="T510S" value="01:05:43,402" />
Waarnatoe het julle dan gegaan?
    <time id="T510E" value="01:05:45,626" />
  </s>
  <s id="490">
    <time id="T511S" value="01:05:46,522" />
Het julle gewilde plekkies gehad?
    <time id="T511E" value="01:05:48,626" />
  </s>
  <s id="491">
    <time id="T512S" value="01:05:48,861" />
Natuurlik
    <time id="T512E" value="01:05:50,459" />
  </s>
  <s id="492">
    <time id="T513S" value="01:05:50,559" />
Waar was dit?
    <time id="T513E" value="01:05:52,418" />
  </s>
  <s id="493">
    <time id="T514S" value="01:05:53,058" />
Laat ons gaan, die weer raak dreigend 
  </s>
  <s id="494">
- So?
    <time id="T514E" value="01:05:56,383" />
  </s>
  <s id="495">
    <time id="T515S" value="01:05:56,483" />
Sal ons daar gaan sit?
    <time id="T515E" value="01:05:58,975" />
  </s>
  <s id="496">
    <time id="T516S" value="01:05:59,709" />
Laat staan dit!
    <time id="T516E" value="01:06:01,293" />
  </s>
  <s id="497">
    <time id="T517S" value="01:06:16,772" />
Hou op hiermee!
    <time id="T517E" value="01:06:18,668" />
  </s>
  <s id="498">
    <time id="T518S" value="01:06:19,776" />
Wat?
  </s>
  <s id="499">
- Bly weg van die fotos in my laai!
    <time id="T518E" value="01:06:23,209" />
  </s>
  <s id="500">
    <time id="T519S" value="01:06:23,309" />
Natuurlik 
  </s>
  <s id="501">
- Doen dan so!
    <time id="T519E" value="01:06:24,845" />
  </s>
  <s id="502">
    <time id="T520S" value="01:06:24,945" />
Ek het nie na hulle gekyk nie
    <time id="T520E" value="01:06:26,657" />
  </s>
  <s id="503">
    <time id="T521S" value="01:06:26,757" />
Hou op om Nelly te speel!
    <time id="T521E" value="01:06:27,859" />
  </s>
  <s id="504">
    <time id="T522S" value="01:06:27,959" />
Ek weet jy's nie sy nie!
    <time id="T522E" value="01:06:29,418" />
  </s>
  <s id="505">
    <time id="T523S" value="01:06:29,518" />
Dis nie vir my wat jy moet oortuig nie
    <time id="T523E" value="01:06:31,633" />
  </s>
  <s id="506">
    <time id="T524S" value="01:06:35,028" />
Waar is jou hoed?
    <time id="T524E" value="01:06:36,404" />
  </s>
  <s id="507">
    <time id="T525S" value="01:06:36,504" />
Op die bank
    <time id="T525E" value="01:06:38,376" />
  </s>
  <s id="508">
    <time id="T526S" value="01:06:40,371" />
Kom julle vir 'n bier later?
  </s>
  <s id="509">
- Seker, kyk!
    <time id="T526E" value="01:06:43,858" />
  </s>
  <s id="510">
    <time id="T527S" value="01:06:44,133" />
Hoe pragtig om verlief te wees!
    <time id="T527E" value="01:06:46,610" />
  </s>
  <s id="511">
    <time id="T528S" value="01:07:13,007" />
Jou hoed
    <time id="T528E" value="01:07:14,459" />
  </s>
  <s id="512">
    <time id="T529S" value="01:07:30,644" />
Ek sou die kamp nie kon oorleef, as dit nie vir Johnny was nie
    <time id="T529E" value="01:07:34,584" />
  </s>
  <s id="513">
    <time id="T530S" value="01:07:36,171" />
Ek het net bly dink hoedat ek na hom sou terugkom
    <time id="T530E" value="01:07:40,459" />
  </s>
  <s id="514">
    <time id="T531S" value="01:07:42,661" />
En toe ek eindelik hier kom, moes ek net na hom gaan soek
    <time id="T532E" value="01:07:47,294" />
  </s>
  <s id="515">
    <time id="T533S" value="01:07:48,899" />
En toe ek hom eindelik kry, het hy my nie herken nie, en dit was...
    <time id="T535E" value="01:07:55,802" />
  </s>
  <s id="516">
    <time id="T536S" value="01:07:56,009" />
Lene, dit was...
  </s>
  <s id="517">
ek was... weer dood en... nou het hy van my weer Nelly gemaak
    <time id="T538E" value="01:08:07,001" />
  </s>
  <s id="518">
    <time id="T539S" value="01:08:23,759" />
Ek kan nie Palistina toe gaan nie!
    <time id="T539E" value="01:08:26,001" />
  </s>
  <s id="519">
    <time id="T540S" value="01:08:27,406" />
Waarheen wil jy dan gaan?
    <time id="T540E" value="01:08:29,293" />
  </s>
  <s id="520">
    <time id="T541S" value="01:08:31,741" />
Met Johnny... terug na hom
    <time id="T541E" value="01:08:33,461" />
  </s>
  <s id="521">
    <time id="T542S" value="01:08:33,561" />
Onmoontlik!
    <time id="T542E" value="01:08:35,640" />
  </s>
  <s id="522">
    <time id="T543S" value="01:08:35,740" />
Lene, vandat ek terug is by hom, is ek weer myself 
  </s>
  <s id="523">
- Nee
    <time id="T544E" value="01:08:40,043" />
  </s>
  <s id="524">
    <time id="T545S" value="01:08:41,832" />
Wanneer hy van haar praat, van my, is ek regtig jaloers... op my!
    <time id="T546E" value="01:08:47,405" />
  </s>
  <s id="525">
    <time id="T547S" value="01:08:48,437" />
Wanneer gaan jy hom vertel?
    <time id="T547E" value="01:08:50,111" />
  </s>
  <s id="526">
    <time id="T548S" value="01:08:50,211" />
Ek weet nie
    <time id="T548E" value="01:08:52,290" />
  </s>
  <s id="527">
    <time id="T549S" value="01:08:53,092" />
Lene, dis asof ons mekaar nou net leer ken, vir die eerste keer, hoor jy?
    <time id="T550E" value="01:08:58,543" />
  </s>
  <s id="528">
    <time id="T551S" value="01:08:59,193" />
En wat gaan nou gebeur?
    <time id="T551E" value="01:09:01,334" />
  </s>
  <s id="529">
    <time id="T552S" value="01:09:01,647" />
Sodra ek aankom met die trein, sal hy jou daarvan inlig dan sal ek weer kom
    <time id="T553E" value="01:09:07,751" />
  </s>
  <s id="530">
    <time id="T554S" value="01:09:08,642" />
Dit sal dan my terugkeer wees
    <time id="T554E" value="01:09:10,958" />
  </s>
  <s id="531">
    <time id="T555S" value="01:09:11,058" />
Dan gaan hy met jou geld!
    <time id="T555E" value="01:09:13,252" />
  </s>
  <s id="532">
    <time id="T556S" value="01:09:28,549" />
Weet jy wat my die meeste ontstel?
    <time id="T556E" value="01:09:30,918" />
  </s>
  <s id="533">
    <time id="T557S" value="01:09:31,760" />
Ons Jode het geskryf, gesing en gewerk..
    <time id="T558E" value="01:09:36,376" />
  </s>
  <s id="534">
    <time id="T559S" value="01:09:36,476" />
oorlog gemaak vir Duitsland, en tog het hulle ons vermoor
    <time id="T560E" value="01:09:40,773" />
  </s>
  <s id="535">
    <time id="T561S" value="01:09:40,873" />
En nou kom die oorlewendes terug, en vergewe alles
    <time id="T561E" value="01:09:44,168" />
  </s>
  <s id="536">
    <time id="T562S" value="01:09:44,268" />
Die vergassing hou op, en ons vergewe!
    <time id="T562E" value="01:09:47,149" />
  </s>
  <s id="537">
    <time id="T563S" value="01:09:48,938" />
Dis papbroekigheid en verraad!
    <time id="T563E" value="01:09:52,376" />
  </s>
  <s id="538">
    <time id="T564S" value="01:09:56,781" />
Ek kan nie daarmee saamgaan nie, Nelly!
    <time id="T564E" value="01:09:59,373" />
  </s>
  <s id="539">
    <time id="T565S" value="01:10:04,418" />
Lene, ek weet hy is lief vir haar
    <time id="T565E" value="01:10:07,126" />
  </s>
  <s id="540">
    <time id="T566S" value="01:10:10,679" />
Ek glo nie hy het haar verraai nie
    <time id="T566E" value="01:10:13,793" />
  </s>
  <s id="541">
    <time id="T567S" value="01:10:16,138" />
Toe jy in die donker gesit het, het ek gedink jy't hom geskiet, en dat jy my hulp nodig het
    <time id="T568E" value="01:10:22,605" />
  </s>
  <s id="542">
    <time id="T569S" value="01:10:23,362" />
En om eerlik te wees, ek sou dit verkies het
    <time id="T569E" value="01:10:26,043" />
  </s>
  <s id="543">
    <time id="T570S" value="01:11:33,128" />
Ek sal vir jou hier wag
    <time id="T570E" value="01:11:35,293" />
  </s>
  <s id="544">
    <time id="T571S" value="01:12:18,951" />
Mev Lenz!
    <time id="T571E" value="01:12:20,924" />
  </s>
  <s id="545">
    <time id="T572S" value="01:12:23,699" />
Ek is so bly om jou weer te sien
    <time id="T572E" value="01:12:26,703" />
  </s>
  <s id="546">
    <time id="T573S" value="01:12:31,474" />
En jou man ook?
    <time id="T573E" value="01:12:33,501" />
  </s>
  <s id="547">
    <time id="T574S" value="01:12:35,074" />
Jy weet hoe mans deesdae is...
    <time id="T574E" value="01:12:37,584" />
  </s>
  <s id="548">
    <time id="T575S" value="01:12:38,927" />
En hoe is hulle?
    <time id="T575E" value="01:12:40,834" />
  </s>
  <s id="549">
    <time id="T576S" value="01:12:46,886" />
Kan ek u iets aanbied?
    <time id="T576E" value="01:12:48,834" />
  </s>
  <s id="550">
    <time id="T577S" value="01:12:49,706" />
Ons het regte koffie... vir ons goeie gaste
    <time id="T578E" value="01:12:54,709" />
  </s>
  <s id="551">
    <time id="T579S" value="01:12:55,830" />
Elsie, maak vir ons koffie
    <time id="T579E" value="01:12:57,834" />
  </s>
  <s id="552">
    <time id="T580S" value="01:13:07,251" />
Het jy geweet dat ek weggekruip het in die boot?
    <time id="T580E" value="01:13:10,459" />
  </s>
  <s id="553">
    <time id="T581S" value="01:13:12,962" />
Nee
    <time id="T581E" value="01:13:14,543" />
  </s>
  <s id="554">
    <time id="T582S" value="01:13:15,576" />
Nee
    <time id="T582E" value="01:13:16,834" />
  </s>
  <s id="555">
    <time id="T583S" value="01:13:19,727" />
Ek het jou gesien, by die venster,
    <time id="T584E" value="01:13:23,626" />
  </s>
  <s id="556">
    <time id="T585S" value="01:13:25,301" />
toe ek gearresteer is, jy en jou man
    <time id="T586E" value="01:13:29,418" />
  </s>
  <s id="557">
    <time id="T587S" value="01:13:31,263" />
Dit was verskriklik!
    <time id="T587E" value="01:13:32,793" />
  </s>
  <s id="558">
    <time id="T588S" value="01:13:35,254" />
Wat kon ons doen?
    <time id="T588E" value="01:13:37,626" />
  </s>
  <s id="559">
    <time id="T589S" value="01:13:39,703" />
Ek het dieselfde gesê vir jou man
    <time id="T589E" value="01:13:42,459" />
  </s>
  <s id="560">
    <time id="T590S" value="01:13:43,900" />
Ons was so bang
    <time id="T590E" value="01:13:45,751" />
  </s>
  <s id="561">
    <time id="T591S" value="01:13:48,189" />
En u weet ons sou...
  </s>
  <s id="562">
- My...
    <time id="T591E" value="01:13:50,876" />
  </s>
  <s id="563">
    <time id="T592S" value="01:13:51,102" />
My man was weer hier?
    <time id="T592E" value="01:13:53,209" />
  </s>
  <s id="564">
    <time id="T593S" value="01:13:54,175" />
Ja, na jou arres
    <time id="T593E" value="01:13:56,001" />
  </s>
  <s id="565">
    <time id="T594S" value="01:13:57,913" />
Wanneer?
    <time id="T594E" value="01:13:59,543" />
  </s>
  <s id="566">
    <time id="T595S" value="01:14:00,986" />
Kort daarna
    <time id="T595E" value="01:14:02,418" />
  </s>
  <s id="567">
    <time id="T596S" value="01:15:32,426" />
Wat doen jy hier?
    <time id="T596E" value="01:15:34,126" />
  </s>
  <s id="568">
    <time id="T597S" value="01:15:39,031" />
Dit moes... was koud daardie winter
    <time id="T598E" value="01:15:43,793" />
  </s>
  <s id="569">
    <time id="T599S" value="01:15:48,663" />
Hoe was dit met die herbergiers?
    <time id="T599E" value="01:15:51,186" />
  </s>
  <s id="570">
    <time id="T600S" value="01:15:54,580" />
Jy was reg, sy het my nie uitgevra oor die kamp nie,
    <time id="T601E" value="01:16:02,424" />
  </s>
  <s id="571">
    <time id="T602S" value="01:16:03,754" />
maar sy het my Mev Lenz genoem, en sy het gehuil
    <time id="T603E" value="01:16:10,001" />
  </s>
  <s id="572">
    <time id="T604S" value="01:16:12,882" />
Jy was hier die dag toe Nelly gearresteer is?
    <time id="T604E" value="01:16:16,299" />
  </s>
  <s id="573">
    <time id="T605S" value="01:16:16,399" />
Wie sê so?
    <time id="T605E" value="01:16:17,709" />
  </s>
  <s id="574">
    <time id="T606S" value="01:16:17,809" />
Die vrou
    <time id="T606E" value="01:16:19,251" />
  </s>
  <s id="575">
    <time id="T607S" value="01:16:21,872" />
Kom ons gaan
    <time id="T607E" value="01:16:23,626" />
  </s>
  <s id="576">
    <time id="T608S" value="01:16:38,133" />
Het jy Nelly verraai?
    <time id="T608E" value="01:16:39,918" />
  </s>
  <s id="577">
    <time id="T609S" value="01:16:46,160" />
Waarskynlik... is dit nie regtig verraad nie,
    <time id="T610E" value="01:16:51,126" />
  </s>
  <s id="578">
    <time id="T611S" value="01:16:54,003" />
jy het haar tog weggesteek, vir haar gesorg die hele tyd
    <time id="T612E" value="01:17:00,501" />
  </s>
  <s id="579">
    <time id="T613S" value="01:17:02,558" />
Toe kom jou arres en ondervraging, en jy word skielik losgelaat, jy haas jou om te gaan kyk of sy nog veilig is,
    <time id="T615E" value="01:17:13,459" />
  </s>
  <s id="580">
    <time id="T616S" value="01:17:14,484" />
jy het seker nie opgelet dat jy agtervolg word nie,
    <time id="T616E" value="01:17:17,293" />
  </s>
  <s id="581">
    <time id="T617S" value="01:17:20,859" />
en toe was dit te laat
    <time id="T617E" value="01:17:22,959" />
  </s>
  <s id="582">
    <time id="T618S" value="01:17:24,070" />
Jy kon net daar staan, en daar's niks wat jy kon doen nie,
    <time id="T619E" value="01:17:27,626" />
  </s>
  <s id="583">
    <time id="T620S" value="01:17:28,978" />
jy kon net kyk hoe Nelly weggevat word
    <time id="T620E" value="01:17:31,584" />
  </s>
  <s id="584">
    <time id="T621S" value="01:17:34,964" />
Klim af
    <time id="T621E" value="01:17:36,251" />
  </s>
  <s id="585">
    <time id="T622S" value="01:17:47,555" />
Kom hier
    <time id="T622E" value="01:17:48,959" />
  </s>
  <s id="586">
    <time id="T623S" value="01:17:57,210" />
Ons gaan dat Nelly terugkom volgende week
    <time id="T623E" value="01:17:59,876" />
  </s>
  <s id="587">
    <time id="T624S" value="01:18:04,847" />
By die stasie sal ek en ook
    <time id="T624E" value="01:18:07,418" />
  </s>
  <s id="588">
    <time id="T625S" value="01:18:07,531" />
Sigrid, Monika,
    <time id="T625E" value="01:18:09,418" />
  </s>
  <s id="589">
    <time id="T626S" value="01:18:09,518" />
Frederike, Walther en Alfred wees 'n Trein gaan aankom, baie mense gaan afklim
    <time id="T627E" value="01:18:17,043" />
  </s>
  <s id="590">
    <time id="T628S" value="01:18:17,143" />
Jy sal heel agter sit, die trein gaan begin beweeg, dan sal hulle jou sien, in die rooi rok, en die skoene van Parys
    <time id="T632E" value="01:18:28,493" />
  </s>
  <s id="591">
    <time id="T633S" value="01:18:29,112" />
Die ou Nelly
    <time id="T633E" value="01:18:31,251" />
  </s>
  <s id="592">
    <time id="T634S" value="01:18:31,566" />
Hulle gaan verlig wees, hulle gaan hardloop na jou
    <time id="T635E" value="01:18:35,043" />
  </s>
  <s id="593">
    <time id="T636S" value="01:18:35,212" />
Sigrid gaan eerste wees, soos altyd
    <time id="T636E" value="01:18:37,709" />
  </s>
  <s id="594">
    <time id="T637S" value="01:18:37,809" />
Sy gaan voordoen om sprakeloos te wees:
    <time id="T637E" value="01:18:40,258" />
  </s>
  <s id="595">
    <time id="T638S" value="01:18:40,358" />
"Ek glo dit nie!"
    <time id="T638E" value="01:18:42,184" />
  </s>
  <s id="596">
    <time id="T639S" value="01:18:42,284" />
"Nelly!" Dan gaan sy jou omhels
    <time id="T639E" value="01:18:44,793" />
  </s>
  <s id="597">
    <time id="T640S" value="01:18:46,955" />
Alfred, sal soos altyd sê:
  </s>
  <s id="598">
"Klein Nelly"
    <time id="T640E" value="01:18:49,876" />
  </s>
  <s id="599">
    <time id="T641S" value="01:18:49,976" />
Dit kon liewer gewees het:
  </s>
  <s id="600">
"Hoe het jy gegroei!"
    <time id="T641E" value="01:18:52,626" />
  </s>
  <s id="601">
    <time id="T642S" value="01:18:53,262" />
Monika sal jou vertel van haar man
    <time id="T642E" value="01:18:55,876" />
  </s>
  <s id="602">
    <time id="T643S" value="01:18:56,817" />
"Ek het altyd geweet jy sal terugkom!"
    <time id="T643E" value="01:18:59,339" />
  </s>
  <s id="603">
    <time id="T644S" value="01:19:00,463" />
Frederike gaan soos altyd kla, oor haar lewe en oor Berlyn
    <time id="T645E" value="01:19:04,683" />
  </s>
  <s id="604">
    <time id="T646S" value="01:19:04,783" />
Wat van ons?
    <time id="T646E" value="01:19:07,251" />
  </s>
  <s id="605">
    <time id="T647S" value="01:19:08,398" />
Ons sal na mekaar toe stap, baie doelgerig
    <time id="T648E" value="01:19:12,793" />
  </s>
  <s id="606">
    <time id="T649S" value="01:19:16,403" />
Ons sal nie praat of soen, of in mekaar vlieg nie
    <time id="T650E" value="01:19:21,334" />
  </s>
  <s id="607">
    <time id="T651S" value="01:19:25,255" />
Ons gaan net saggies omhels,
    <time id="T651E" value="01:19:27,168" />
  </s>
  <s id="608">
    <time id="T652S" value="01:19:27,984" />
Jy sal jou kop op my skouer lê, en ons beide se oë sal toe wees
    <time id="T653E" value="01:19:35,668" />
  </s>
  <s id="609">
    <time id="T654S" value="01:19:37,410" />
Ons doen niks anders nie
    <time id="T654E" value="01:19:39,293" />
  </s>
  <s id="610">
    <time id="T655S" value="01:19:40,185" />
Niks nie, vir lank
    <time id="T655E" value="01:19:42,387" />
  </s>
  <s id="611">
    <time id="T656S" value="01:20:28,737" />
VERWYSING. 
  </s>
  <s id="612">
MEV SCHWARZ WAS IN MY DIENS VAN MAART TOT SEPTEMBER, 1945.
    <time id="T656E" value="01:20:34,126" />
  </s>
  <s id="613">
    <time id="T657S" value="01:20:34,226" />
SY IS 'N UITSTEKENDE HUISHOUDSTER..
    <time id="T657E" value="01:20:36,418" />
  </s>
  <s id="614">
    <time id="T658S" value="01:20:36,518" />
Sy het vir u ook 'n brief gelos
    <time id="T658E" value="01:20:39,150" />
  </s>
  <s id="615">
    <time id="T659S" value="01:20:54,929" />
Ek moet dit vir u gee
    <time id="T659E" value="01:20:56,793" />
  </s>
  <s id="616">
    <time id="T660S" value="01:21:01,121" />
Maar waar is Lene, dan?
    <time id="T660E" value="01:21:03,043" />
  </s>
  <s id="617">
    <time id="T661S" value="01:21:03,437" />
U weet nog nie?
    <time id="T661E" value="01:21:05,376" />
  </s>
  <s id="618">
    <time id="T662S" value="01:21:07,222" />
Mev Winter het haarself Donderdag geskiet
    <time id="T662E" value="01:21:10,295" />
  </s>
  <s id="619">
    <time id="T663S" value="01:21:30,087" />
Liewe Nelly,
    <time id="T663E" value="01:21:31,793" />
  </s>
  <s id="620">
    <time id="T664S" value="01:21:32,587" />
Ek het jou vertel daar is nie 'n pad terug vir ons nie, maar vir my is daar ook nie een vorentoe nie
    <time id="T665E" value="01:21:39,582" />
  </s>
  <s id="621">
    <time id="T666S" value="01:21:39,903" />
Ek voel meer aangetrokke na die dood as na die lewe
    <time id="T666E" value="01:21:44,008" />
  </s>
  <s id="622">
    <time id="T667S" value="01:21:47,563" />
Ek kan dit nie van jou weghou nie:
    <time id="T667E" value="01:21:50,086" />
  </s>
  <s id="623">
    <time id="T668S" value="01:21:50,200" />
Jou man het van jou geskei net voor jou arres
    <time id="T669E" value="01:21:55,154" />
  </s>
  <s id="624">
    <time id="T670S" value="01:21:55,774" />
Ek sluit 'n kopie van die dokument in
    <time id="T670E" value="01:21:59,168" />
  </s>
  <s id="625">
    <time id="T671S" value="01:21:59,374" />
Vaarwel,
    <time id="T671E" value="01:22:01,209" />
  </s>
  <s id="626">
    <time id="T672S" value="01:22:01,599" />
Lene
    <time id="T672E" value="01:22:03,459" />
  </s>
  <s id="627">
    <time id="T673S" value="01:22:10,864" />
Wag, ek kry die sleutel
    <time id="T673E" value="01:22:13,020" />
  </s>
  <s id="628">
    <time id="T674S" value="01:23:23,153" />
Die trein arriveer omtrent agt, is 'n halfuur genoeg vir was, grimeer en hare?
    <time id="T676E" value="01:23:29,251" />
  </s>
  <s id="629">
    <time id="T677S" value="01:23:31,937" />
Of benodig jy 'n driekwartuur?
    <time id="T677E" value="01:23:34,168" />
  </s>
  <s id="630">
    <time id="T678S" value="01:23:35,928" />
Wel, Nelly?
    <time id="T678E" value="01:23:37,876" />
  </s>
  <s id="631">
    <time id="T679S" value="01:23:42,235" />
Hoe noem jy my nou?
    <time id="T679E" value="01:23:45,262" />
  </s>
  <s id="632">
    <time id="T680S" value="01:23:47,991" />
'n Glipsie, dink ek
    <time id="T680E" value="01:23:49,709" />
  </s>
  <s id="633">
    <time id="T681S" value="01:23:58,931" />
Ek is bevrees hierdie gaan bietjie seer wees
    <time id="T681E" value="01:24:01,408" />
  </s>
  <s id="634">
    <time id="T682S" value="01:24:05,490" />
Prisoniers van Auschwitz was getatoeer met 'n nommer op die voorarm
    <time id="T683E" value="01:24:12,554" />
  </s>
  <s id="635">
    <time id="T684S" value="01:24:13,128" />
Iemand kan jou vra omtrent jou nommer, en jy moet dan fluister dat jy dit uitgesny het
    <time id="T686E" value="01:24:20,856" />
  </s>
  <s id="636">
    <time id="T687S" value="01:24:21,659" />
Daar sal nie verdere vrae wees nie
    <time id="T687E" value="01:24:24,273" />
  </s>
  <s id="637">
    <time id="T688S" value="01:24:25,833" />
Uit is jy!
    <time id="T688E" value="01:24:27,876" />
  </s>
  <s id="638">
    <time id="T689S" value="01:25:03,354" />
IN DIE NAAM VAN DIE DUITSE VOLK 4 OKTOBER, 1944...
    <time id="T690E" value="01:25:08,501" />
  </s>
  <s id="639">
    <time id="T691S" value="01:25:08,668" />
JOHANNES LENZ...
  </s>
  <s id="640">
SKEI VAN... 
  </s>
  <s id="641">
NELLY LENZ
    <time id="T691E" value="01:25:11,105" />
  </s>
  <s id="642">
    <time id="T692S" value="01:26:21,124" />
Ek glo dit nie!
    <time id="T692E" value="01:26:22,936" />
  </s>
  <s id="643">
    <time id="T693S" value="01:26:24,014" />
Dis so...
    <time id="T693E" value="01:26:26,043" />
  </s>
  <s id="644">
    <time id="T694S" value="01:26:26,353" />
Ek weet nie
    <time id="T694E" value="01:26:27,876" />
  </s>
  <s id="645">
    <time id="T695S" value="01:26:31,169" />
Kom, dat ek jou omarm
    <time id="T695E" value="01:26:33,626" />
  </s>
  <s id="646">
    <time id="T696S" value="01:26:43,714" />
Ek het vir Wolfgang gesê:
    <time id="T696E" value="01:26:45,418" />
  </s>
  <s id="647">
    <time id="T697S" value="01:26:45,618" />
Nelly sal terugkom, ek weet dit
    <time id="T697E" value="01:26:47,709" />
  </s>
  <s id="648">
    <time id="T698S" value="01:26:47,809" />
As hy jou ook maar kon sien
    <time id="T698E" value="01:26:50,918" />
  </s>
  <s id="649">
    <time id="T699S" value="01:26:51,764" />
As...
    <time id="T699E" value="01:26:53,251" />
  </s>
  <s id="650">
    <time id="T700S" value="01:27:05,869" />
Wel, Nelly...
    <time id="T700E" value="01:27:07,918" />
  </s>
  <s id="651">
    <time id="T701S" value="01:27:08,851" />
Christina is dood
    <time id="T701E" value="01:27:10,751" />
  </s>
  <s id="652">
    <time id="T702S" value="01:27:11,878" />
My kind is dood
    <time id="T702E" value="01:27:13,793" />
  </s>
  <s id="653">
    <time id="T703S" value="01:27:17,680" />
Maar gaan nou na Johnny, daar is hy
    <time id="T703E" value="01:27:21,740" />
  </s>
  <s id="654">
    <time id="T704S" value="01:28:04,375" />
Kom ons gaan, kinders, die kos word koud
    <time id="T704E" value="01:28:08,526" />
  </s>
  <s id="655">
    <time id="T705S" value="01:28:45,641" />
Ons het jou gemis
    <time id="T705E" value="01:28:47,848" />
  </s>
  <s id="656">
    <time id="T706S" value="01:28:49,345" />
2 dae gelede is ek verby die ateljee,
    <time id="T706E" value="01:28:52,770" />
  </s>
  <s id="657">
    <time id="T707S" value="01:28:53,454" />
Die ronde bank waar julle altyd saam gesit het...
    <time id="T707E" value="01:28:56,709" />
  </s>
  <s id="658">
    <time id="T708S" value="01:28:57,031" />
Die straatlig is weer reggemaak, 'n klavier het binne gespeel, iemand het gesing,
    <time id="T710E" value="01:29:05,885" />
  </s>
  <s id="659">
    <time id="T711S" value="01:29:07,990" />
ek het my oë toegemaak, en vir 'n oomblik was dit soos altyd
    <time id="T712E" value="01:29:15,169" />
  </s>
  <s id="660">
    <time id="T713S" value="01:29:16,438" />
Ja, en nou is jy hier, Nelly
    <time id="T713E" value="01:29:19,583" />
  </s>
  <s id="661">
    <time id="T714S" value="01:29:19,913" />
Dis nie meer nodig om my oë toe te maak om jou te sien nie, nooit meer nie
    <time id="T715E" value="01:29:25,834" />
  </s>
  <s id="662">
    <time id="T716S" value="01:29:28,031" />
Op jou terugkoms, Nelly!
    <time id="T716E" value="01:29:30,626" />
  </s>
  <s id="663">
    <time id="T717S" value="01:29:30,726" />
Op Nelly 
  </s>
  <s id="664">
- Op Nelly. 
  </s>
  <s id="665">
Gesondheid!
    <time id="T717E" value="01:29:33,815" />
  </s>
  <s id="666">
    <time id="T718S" value="01:29:43,543" />
Nelly...
    <time id="T718E" value="01:29:44,626" />
  </s>
  <s id="667">
    <time id="T719S" value="01:29:45,789" />
Jy is my liefde, jy is my lewe,
    <time id="T720E" value="01:29:50,786" />
  </s>
  <s id="668">
    <time id="T721S" value="01:29:51,421" />
Niks wat gebeur het maak saak nie
    <time id="T721E" value="01:29:54,160" />
  </s>
  <s id="669">
    <time id="T722S" value="01:30:10,345" />
Kom almal!
    <time id="T722E" value="01:30:12,543" />
  </s>
  <s id="670">
    <time id="T723S" value="01:30:12,643" />
Almal van julle, kom!
    <time id="T723E" value="01:30:14,708" />
  </s>
  <s id="671">
    <time id="T724S" value="01:30:24,983" />
"Speak Low"
    <time id="T724E" value="01:30:27,293" />
  </s>
  <s id="672">
    <time id="T725S" value="01:30:27,393" />
"Speak Low" 
  </s>
  <s id="673">
- Ja
    <time id="T725E" value="01:30:29,676" />
  </s>
  <s id="674">
    <time id="T726S" value="01:30:46,241" />
Ek het altyd gewens om weer saam met Johnny te sing een dag in Berlyn...
    <time id="T729E" value="01:30:56,084" />
  </s>
  <s id="675">
    <time id="T730S" value="01:32:58,206" />
20285...
    <time id="T730E" value="01:33:01,884" />
  </s>
  <meta>
    <conversion>
      <tokens>4581</tokens>
      <encoding>utf-8</encoding>
      <corrected_words>0</corrected_words>
      <truecased_words>44</truecased_words>
      <unknown_words>0</unknown_words>
      <sentences>675</sentences>
      <ignored_blocks>0</ignored_blocks>
    </conversion>
    <subtitle>
      <machine_translated>0</machine_translated>
      <date>2016-08-20</date>
      <language>Afrikaans</language>
      <confidence>1.0</confidence>
      <duration>01:33:01,884</duration>
      <blocks>730</blocks>
      <version>1</version>
      <rating>7.0</rating>
    </subtitle>
    <source>
      <duration>98</duration>
      <genre>Drama,History</genre>
      <country>Germany</country>
      <year>2014</year>
      <HD>0</HD>
      <cds>1/1</cds>
      <original>German, English</original>
    </source>
  </meta>
</document>
