<?xml version="1.0" encoding="utf-8"?>
<document id="5629158">
  <s id="1">
    <time id="T1S" value="00:00:32,833" />
Stilte, moenie gesels nie, gee aandag aan wat gebeur:
    <time id="T2E" value="00:00:44,625" />
  </s>
  <s id="2">
    <time id="T3S" value="00:00:44,875" />
Hier kom heer Schlendrian met sy dogter, Lieschen;
    <time id="T4E" value="00:00:54,336" />
  </s>
  <s id="3">
    <time id="T5S" value="00:00:54,729" />
Hy brul soos 'n beer!
    <time id="T5E" value="00:00:58,885" />
  </s>
  <s id="4">
    <time id="T6S" value="00:00:59,135" />
Luister self, wat sy hom aangedoen het.
    <time id="T7E" value="00:01:11,285" />
  </s>
  <s id="5">
    <time id="T8S" value="00:01:27,362" />
Het mens nie van sy kinders honderduisend beproewinge nie?
    <time id="T8E" value="00:01:54,149" />
  </s>
  <s id="6">
    <time id="T9S" value="00:02:02,448" />
Wat ek daagliks vir my dogter Lieschen sȇ, is totaal vrugteloos!
    <time id="T9E" value="00:02:55,867" />
  </s>
  <s id="7">
    <time id="T10S" value="00:02:58,521" />
Het mens nie van sy kinders honderduisend beproewinge nie?
    <time id="T10E" value="00:03:32,996" />
  </s>
  <s id="8">
    <time id="T11S" value="00:03:48,136" />
Jou stoute en ongehoorsame kind!
    <time id="T11E" value="00:03:53,713" />
  </s>
  <s id="9">
    <time id="T12S" value="00:03:53,963" />
Wanneer gaan jy na my luister?
    <time id="T12E" value="00:04:01,052" />
  </s>
  <s id="10">
    <time id="T13S" value="00:04:01,302" />
Hou op koffie drink!
    <time id="T13E" value="00:04:05,365" />
  </s>
  <s id="11">
    <time id="T14S" value="00:04:05,615" />
Pa, moenie so streng wees nie,
    <time id="T14E" value="00:04:10,821" />
  </s>
  <s id="12">
    <time id="T15S" value="00:04:11,071" />
As ek nie drie koppies per dag kan drink nie, dan sal ek sekerlik opkrul soos 'n stuk bokvleis.
    <time id="T17E" value="00:04:31,301" />
  </s>
  <s id="13">
    <time id="T18S" value="00:05:02,881" />
O, hoe heerlik is koffie, heerliker as duisend soene, sagter as muskadelwyn.
    <time id="T20E" value="00:05:15,837" />
  </s>
  <s id="14">
    <time id="T21S" value="00:05:16,087" />
Ai! 
  </s>
  <s id="15">
ek is lief vir koffie!
    <time id="T21E" value="00:05:22,107" />
  </s>
  <s id="16">
    <time id="T22S" value="00:05:22,357" />
Wat 'n troos om te drink!
    <time id="T22E" value="00:05:31,766" />
  </s>
  <s id="17">
    <time id="T23S" value="00:05:32,266" />
Ek is lief vir koffie se soetheid, heerliker as duisend soene, sagter as muskadelwyn.
    <time id="T25E" value="00:05:51,968" />
  </s>
  <s id="18">
    <time id="T26S" value="00:06:05,325" />
Koffie, koffie moet ek hȇ!
    <time id="T26E" value="00:06:12,912" />
  </s>
  <s id="19">
    <time id="T27S" value="00:06:13,162" />
As iemand my wil trakteer, skink dan vir my koffie in!
    <time id="T28E" value="00:06:28,864" />
  </s>
  <s id="20">
    <time id="T29S" value="00:06:41,053" />
Koffie, koffie moet ek hȇ!
    <time id="T29E" value="00:06:47,626" />
  </s>
  <s id="21">
    <time id="T30S" value="00:06:47,926" />
As iemand my wil trakteer, skink dan vir my koffie in!
    <time id="T31E" value="00:07:14,166" />
  </s>
  <s id="22">
    <time id="T32S" value="00:07:27,018" />
O, hoe heerlik is koffie!
    <time id="T32E" value="00:07:31,696" />
  </s>
  <s id="23">
    <time id="T33S" value="00:07:31,976" />
heerliker as duisend soene, sagter as muskadelwyn.
    <time id="T34E" value="00:07:41,008" />
  </s>
  <s id="24">
    <time id="T35S" value="00:07:41,258" />
Ai, ek is lief vir koffie!
    <time id="T35E" value="00:07:47,208" />
  </s>
  <s id="25">
    <time id="T36S" value="00:07:47,458" />
Wat 'n troos om te drink!
    <time id="T36E" value="00:07:57,564" />
  </s>
  <s id="26">
    <time id="T37S" value="00:07:58,064" />
Ek is lief vir koffie se soetheid, heerliker as duisend soene, sagter as muskadelwyn.
    <time id="T39E" value="00:08:31,210" />
  </s>
  <s id="27">
    <time id="T40S" value="00:09:08,569" />
As jy weier om koffie te los, dan gaan jy na geen bruilof nie!
    <time id="T41E" value="00:09:16,512" />
  </s>
  <s id="28">
    <time id="T42S" value="00:09:16,762" />
en ook nie gaan wandel nie.
    <time id="T42E" value="00:09:19,600" />
  </s>
  <s id="29">
    <time id="T43S" value="00:09:19,850" />
Ag ja, los tog net my koffie.
    <time id="T43E" value="00:09:27,552" />
  </s>
  <s id="30">
    <time id="T44S" value="00:09:27,802" />
Nou het ek die klein snip!
    <time id="T44E" value="00:09:30,235" />
  </s>
  <s id="31">
    <time id="T45S" value="00:09:30,694" />
Ek gaan nie vir jou 'n wye romp soos die nuutste mode koop nie!
    <time id="T46E" value="00:09:36,156" />
  </s>
  <s id="32">
    <time id="T47S" value="00:09:36,406" />
Dis te verstane.
    <time id="T47E" value="00:09:39,453" />
  </s>
  <s id="33">
    <time id="T48S" value="00:09:39,953" />
Jy mag nie meer by die venster na die verbygangers staan en kyk nie.
    <time id="T49E" value="00:09:46,861" />
  </s>
  <s id="34">
    <time id="T50S" value="00:09:47,162" />
Dis ook goed, ek vra net:
    <time id="T50E" value="00:09:50,971" />
  </s>
  <s id="35">
    <time id="T51S" value="00:09:51,221" />
Los tog net my koffie uit!
    <time id="T51E" value="00:09:58,076" />
  </s>
  <s id="36">
    <time id="T52S" value="00:09:58,576" />
Jy sal ook nie by my 'n silwer of goue kettingkie vir jou hals kry nie!
    <time id="T54E" value="00:10:07,387" />
  </s>
  <s id="37">
    <time id="T55S" value="00:10:07,637" />
Ja, ja, los net my plesiertjie!
    <time id="T55E" value="00:10:13,030" />
  </s>
  <s id="38">
    <time id="T56S" value="00:10:13,280" />
Lieschen, jou balhorige!
    <time id="T56E" value="00:10:17,163" />
  </s>
  <s id="39">
    <time id="T57S" value="00:10:17,413" />
sal jy alles dan prysgee?
    <time id="T57E" value="00:10:22,434" />
  </s>
  <s id="40">
    <time id="T58S" value="00:10:37,022" />
Meisies wat hardkoppig is, is nie maklik om te oortuig nie!
    <time id="T58E" value="00:11:31,141" />
  </s>
  <s id="41">
    <time id="T59S" value="00:11:36,064" />
Maar as jy hulle swakplek kry, kan jy suksesvol wees!
    <time id="T59E" value="00:12:43,100" />
  </s>
  <s id="42">
    <time id="T60S" value="00:13:00,165" />
Luister nou mooi wat jou pa sȇ:
    <time id="T60E" value="00:13:05,831" />
  </s>
  <s id="43">
    <time id="T61S" value="00:13:06,081" />
In alles, behalwe koffie!
    <time id="T61E" value="00:13:10,882" />
  </s>
  <s id="44">
    <time id="T62S" value="00:13:11,132" />
Jy moet jou daarin berus om nooit 'n man te kry nie!
    <time id="T63E" value="00:13:20,159" />
  </s>
  <s id="45">
    <time id="T64S" value="00:13:20,409" />
Wat pa? 
  </s>
  <s id="46">
Nie 'n man nie?
  </s>
  <s id="47">
!
    <time id="T64E" value="00:13:29,144" />
  </s>
  <s id="48">
    <time id="T65S" value="00:13:29,394" />
Ek sweer dit sal nie gebeur nie!
    <time id="T65E" value="00:13:33,173" />
  </s>
  <s id="49">
    <time id="T66S" value="00:13:33,423" />
Tensy ek koffie los?
    <time id="T66E" value="00:13:35,740" />
  </s>
  <s id="50">
    <time id="T67S" value="00:13:35,990" />
Dan raak ek nie weer aan koffie nie!
    <time id="T67E" value="00:13:42,381" />
  </s>
  <s id="51">
    <time id="T68S" value="00:13:42,631" />
Hoor, pa, ek drink nie weer nie!
    <time id="T68E" value="00:13:47,628" />
  </s>
  <s id="52">
    <time id="T69S" value="00:13:47,878" />
Dan sal jy eindelik een kry!
    <time id="T69E" value="00:13:56,498" />
  </s>
  <s id="53">
    <time id="T70S" value="00:14:24,025" />
Vandag nog, liewe pa, sorg tog!
    <time id="T70E" value="00:14:51,180" />
  </s>
  <s id="54">
    <time id="T71S" value="00:14:51,430" />
O, 'n man! 
  </s>
  <s id="55">
Dit pas my goed!
    <time id="T71E" value="00:14:59,807" />
  </s>
  <s id="56">
    <time id="T72S" value="00:15:00,057" />
Vandag nog, liewe pa, sorg tog!
    <time id="T72E" value="00:15:08,945" />
  </s>
  <s id="57">
    <time id="T73S" value="00:15:09,195" />
Ag 'n man! 
  </s>
  <s id="58">
Dit pas my goed!
    <time id="T73E" value="00:15:17,629" />
  </s>
  <s id="59">
    <time id="T74S" value="00:15:17,945" />
Vandag nog, liewe pa, sorg tog!
    <time id="T74E" value="00:15:54,629" />
  </s>
  <s id="60">
    <time id="T75S" value="00:15:54,879" />
Ag 'n man! 
  </s>
  <s id="61">
Dit pas my goed!
    <time id="T75E" value="00:16:30,122" />
  </s>
  <s id="62">
    <time id="T76S" value="00:16:30,372" />
Vandag nog, liewe pa, sorg tog!
    <time id="T76E" value="00:16:40,037" />
  </s>
  <s id="63">
    <time id="T77S" value="00:16:55,664" />
Laat dit dan wees dat ek saans ipv.
  </s>
  <s id="64">
koffie, liewer 'n minnaar kry!
    <time id="T77E" value="00:18:28,218" />
  </s>
  <s id="65">
    <time id="T78S" value="00:18:53,641" />
Vandag nog, liewe pa, sorg tog!
    <time id="T78E" value="00:19:21,253" />
  </s>
  <s id="66">
    <time id="T79S" value="00:19:21,688" />
Ag 'n man! 
  </s>
  <s id="67">
Dit pas my goed!
    <time id="T79E" value="00:19:30,051" />
  </s>
  <s id="68">
    <time id="T80S" value="00:19:30,301" />
Vandag nog, liewe pa, sorg tog!
    <time id="T80E" value="00:19:38,213" />
  </s>
  <s id="69">
    <time id="T81S" value="00:19:38,463" />
Ag 'n man! 
  </s>
  <s id="70">
Dit pas my goed!
    <time id="T81E" value="00:19:47,572" />
  </s>
  <s id="71">
    <time id="T82S" value="00:19:47,822" />
Vandag nog, liewe pa, sorg tog!
    <time id="T82E" value="00:20:25,015" />
  </s>
  <s id="72">
    <time id="T83S" value="00:20:25,265" />
Ag 'n man! 
  </s>
  <s id="73">
Dit pas my goed!
    <time id="T83E" value="00:21:00,239" />
  </s>
  <s id="74">
    <time id="T84S" value="00:21:00,489" />
Vandag nog, liewe pa, sorg tog!
    <time id="T84E" value="00:21:10,572" />
  </s>
  <s id="75">
    <time id="T85S" value="00:21:35,069" />
Nou gaan soek ou Schlendrian waar hy vir Lieschen 'n man kan kry en Lieschen maak stilletjies bekend:
    <time id="T87E" value="00:21:55,480" />
  </s>
  <s id="76">
    <time id="T88S" value="00:21:55,730" />
Geen vryer kom in die huis, tensy hy self beloof het en dit in die huwelikskontrak staan dat ek altyd toegelaat sal word om koffie te maak wanneer ek wil.
    <time id="T92E" value="00:22:21,974" />
  </s>
  <s id="77">
    <time id="T93S" value="00:22:57,091" />
Die kat sal die muis nooit uitlos nie en meisies het vir koffie 'n swakheid.
    <time id="T93E" value="00:23:23,352" />
  </s>
  <s id="78">
    <time id="T94S" value="00:23:29,780" />
Die ma's is versot op koffie, en die oumas drink ook!
    <time id="T94E" value="00:23:39,853" />
  </s>
  <s id="79">
    <time id="T95S" value="00:23:40,353" />
Nou hoe kan mens die dogters belet?
    <time id="T95E" value="00:23:43,544" />
  </s>
  <s id="80">
    <time id="T96S" value="00:23:43,915" />
Die ma's is versot op koffie, en die oumas drink ook!
    <time id="T96E" value="00:23:49,929" />
  </s>
  <s id="81">
    <time id="T97S" value="00:23:50,313" />
Nou hoe kan mens die dogters belet?
    <time id="T97E" value="00:24:03,236" />
  </s>
  <s id="82">
    <time id="T98S" value="00:24:34,276" />
Die kat sal die muis nooit uitlos nie en meisies het vir koffie 'n swakheid.
    <time id="T98E" value="00:25:08,310" />
  </s>
  <s id="83">
    <time id="T99S" value="00:25:09,332" />
Die ma's is versot op koffie, en die oumas drink ook!
    <time id="T99E" value="00:25:20,778" />
  </s>
  <s id="84">
    <time id="T100S" value="00:25:21,219" />
Nou hoe kan mens die dogters belet?
    <time id="T100E" value="00:25:32,099" />
  </s>
  <s id="85">
    <time id="T101S" value="00:26:06,300" />
Die kat sal die muis nooit uitlos nie en meisies het vir koffie 'n swakheid.
    <time id="T101E" value="00:26:33,887" />
  </s>
  <meta>
    <conversion>
      <tokens>808</tokens>
      <encoding>utf-8</encoding>
      <corrected_words>0</corrected_words>
      <truecased_words>0</truecased_words>
      <unknown_words>0</unknown_words>
      <sentences>85</sentences>
      <ignored_blocks>0</ignored_blocks>
    </conversion>
    <subtitle>
      <machine_translated>0</machine_translated>
      <date>2014-04-18</date>
      <language>Afrikaans</language>
      <confidence>1.0</confidence>
      <duration>00:26:33,887</duration>
      <blocks>101</blocks>
      <version>1</version>
      <rating>3.0</rating>
    </subtitle>
    <source>
      <HD>0</HD>
      <cds>1/1</cds>
    </source>
  </meta>
</document>
