<?xml version="1.0" encoding="utf-8"?>
<document id="6695288">
  <s id="1">
    <time id="T1S" value="00:02:08,500" />
Wat is dit?
    <time id="T1E" value="00:02:13,637" />
  </s>
  <s id="2">
    <time id="T2S" value="00:02:22,294" />
Het jy dit gereel?
    <time id="T2E" value="00:02:24,249" />
  </s>
  <s id="3">
    <time id="T3S" value="00:02:25,337" />
Wie's dit?
    <time id="T3E" value="00:02:26,368" />
  </s>
  <s id="4">
    <time id="T4S" value="00:02:26,545" />
Die kamp is vol, en 'n siek kind boonop
    <time id="T4E" value="00:02:29,626" />
  </s>
  <s id="5">
    <time id="T5S" value="00:02:29,796" />
Hy lyk nie siek nie.
  </s>
  <s id="6">
-Van naby het hy
    <time id="T5E" value="00:02:33,790" />
  </s>
  <s id="7">
    <time id="T6S" value="00:02:34,503" />
Het jy met hulle gepraat?
    <time id="T6E" value="00:02:37,585" />
  </s>
  <s id="8">
    <time id="T7S" value="00:02:40,921" />
Ons gaan nie van hulle ontslae raak nie
    <time id="T7E" value="00:02:43,445" />
  </s>
  <s id="9">
    <time id="T8S" value="00:02:47,880" />
Wat doen hulle?
  </s>
  <s id="10">
- Water gehaal
    <time id="T8E" value="00:02:50,629" />
  </s>
  <s id="11">
    <time id="T9S" value="00:02:50,797" />
Hoekom het jy ons nie geroep nie?
  </s>
  <s id="12">
-Ek wou nie steur nie
    <time id="T9E" value="00:02:54,956" />
  </s>
  <s id="13">
    <time id="T10S" value="00:02:55,129" />
Ek was wakker, soe ek dog...
  </s>
  <s id="14">
-Besef jy nie ons is beperk met vreemdelinge hier
    <time id="T11E" value="00:03:02,127" />
  </s>
  <s id="15">
    <time id="T12S" value="00:03:02,298" />
Hulle sal ons toilet moet gebruik 
  </s>
  <s id="16">
-Ag, wel
    <time id="T12E" value="00:03:04,787" />
  </s>
  <s id="17">
    <time id="T13S" value="00:03:06,381" />
Probleem opgelos
    <time id="T13E" value="00:03:08,040" />
  </s>
  <s id="18">
    <time id="T14S" value="00:03:08,215" />
Ons stuur hulle weg!
  </s>
  <s id="19">
-Wel, dis bietjie drasties
    <time id="T14E" value="00:03:11,082" />
  </s>
  <s id="20">
    <time id="T15S" value="00:03:21,050" />
... hulle beste werke as sonde?
    <time id="T15E" value="00:03:26,205" />
  </s>
  <s id="21">
    <time id="T16S" value="00:03:28,132" />
Wie het alles opge-offer?
    <time id="T16E" value="00:03:30,538" />
  </s>
  <s id="22">
    <time id="T17S" value="00:03:31,801" />
Wie wil die Heer as versterking neem?
    <time id="T17E" value="00:03:34,337" />
  </s>
  <s id="23">
    <time id="T18S" value="00:03:37,217" />
Hier is nog sitplek
    <time id="T18E" value="00:03:38,592" />
  </s>
  <s id="24">
    <time id="T19S" value="00:03:39,926" />
Is daar nog iemand wat ver van die Heer is?
    <time id="T19E" value="00:03:42,166" />
  </s>
  <s id="25">
    <time id="T20S" value="00:03:42,843" />
Is iemand onder julle geroep?
    <time id="T20E" value="00:03:44,548" />
  </s>
  <s id="26">
    <time id="T21S" value="00:03:49,636" />
nog iemand onder julle wat uitsien na die dood?
    <time id="T21E" value="00:03:54,044" />
  </s>
  <s id="27">
    <time id="T22S" value="00:03:54,927" />
omdat ons daarna werklik kan Lewe
    <time id="T22E" value="00:03:57,960" />
  </s>
  <s id="28">
    <time id="T23S" value="00:04:04,721" />
en glo dat die kosbare bloed van ons Here Jesus Christus gestort is as volkome versoening van al ons sondes
    <time id="T24E" value="00:04:15,879" />
  </s>
  <s id="29">
    <time id="T25S" value="00:04:16,053" />
Ons het verdwaal op die verlossingspad omdat ons die krag ontbreek om die nou pad te kies nie genoeg krag hê om op die noue weg te bly tot die dood toe waarna ons waarlik kan Lewe naas Hom wie ons bo alles bemin
    <time id="T30E" value="00:04:39,603" />
  </s>
  <s id="30">
    <time id="T31S" value="00:04:40,366" />
Dat ons sterwe om herbore te word
    <time id="T31E" value="00:04:45,323" />
  </s>
  <s id="31">
    <time id="T32S" value="00:04:53,058" />
Verhef u hart tot die Heer
    <time id="T32E" value="00:04:55,593" />
  </s>
  <s id="32">
    <time id="T33S" value="00:05:07,432" />
Katelijne.
  </s>
  <s id="33">
-Dag, Meester
    <time id="T33E" value="00:05:11,789" />
  </s>
  <s id="34">
    <time id="T34S" value="00:06:19,482" />
Ek kan nie met hierdie rok wen nie 
  </s>
  <s id="35">
-Ja, jy kan!
    <time id="T34E" value="00:06:22,645" />
  </s>
  <s id="36">
    <time id="T35S" value="00:06:33,774" />
Amen.
    <time id="T35E" value="00:06:35,151" />
  </s>
  <s id="37">
    <time id="T36S" value="00:06:37,066" />
So, wat was die hoofpunte, seuns?
    <time id="T36E" value="00:06:40,338" />
  </s>
  <s id="38">
    <time id="T37S" value="00:06:45,441" />
Wel?
    <time id="T37E" value="00:06:46,850" />
  </s>
  <s id="39">
    <time id="T38S" value="00:06:49,109" />
Die 3 punte van God se heilige wet
    <time id="T38E" value="00:06:52,236" />
  </s>
  <s id="40">
    <time id="T39S" value="00:06:52,943" />
Die wet vervloek die sondaar Die wet verdoem die sondaar
    <time id="T39E" value="00:06:57,066" />
  </s>
  <s id="41">
    <time id="T40S" value="00:06:58,859" />
En...
    <time id="T40E" value="00:07:00,473" />
  </s>
  <s id="42">
    <time id="T41S" value="00:07:04,903" />
Die wet dood die sondaar
    <time id="T41E" value="00:07:08,710" />
  </s>
  <s id="43">
    <time id="T42S" value="00:07:10,986" />
Die trekker se diesel is amper klaar 
  </s>
  <s id="44">
-Ja, hy's 'n suiper
    <time id="T42E" value="00:07:15,773" />
  </s>
  <s id="45">
    <time id="T43S" value="00:07:15,944" />
Ek sal môre bygooi 
  </s>
  <s id="46">
-Laat my maar
    <time id="T43E" value="00:07:19,309" />
  </s>
  <s id="47">
    <time id="T44S" value="00:07:19,485" />
Laat Rogier maar 
  </s>
  <s id="48">
-Rogier?
    <time id="T44E" value="00:07:22,486" />
  </s>
  <s id="49">
    <time id="T45S" value="00:07:22,654" />
Pa, hy het gister soos 'n koplose hoender gery!
    <time id="T45E" value="00:07:25,520" />
  </s>
  <s id="50">
    <time id="T46S" value="00:07:25,695" />
Wat het jy my sien doen?
    <time id="T46E" value="00:07:27,567" />
  </s>
  <s id="51">
    <time id="T47S" value="00:07:27,737" />
Slinger soos 'n dronklap 
  </s>
  <s id="52">
-Twak!
    <time id="T47E" value="00:07:29,940" />
  </s>
  <s id="53">
    <time id="T48S" value="00:07:30,112" />
Haai, haai
    <time id="T48E" value="00:07:31,817" />
  </s>
  <s id="54">
    <time id="T49S" value="00:07:31,987" />
Jy's gelukkig die stoor staan nog 
  </s>
  <s id="55">
-Het jy die stryery in die kerk geleer?
    <time id="T49E" value="00:07:34,984" />
  </s>
  <s id="56">
    <time id="T50S" value="00:07:35,612" />
Noem een ding wat jy my gesien doen het 
  </s>
  <s id="57">
-Dis nou genoeg!
    <time id="T50E" value="00:07:38,611" />
  </s>
  <s id="58">
    <time id="T51S" value="00:07:43,717" />
My hulp is van die Heer alleen
    <time id="T51E" value="00:07:51,896" />
  </s>
  <s id="59">
    <time id="T52S" value="00:07:52,072" />
Wie hemel, see en aard eers skep en steeds bewaar
    <time id="T53E" value="00:08:06,644" />
  </s>
  <s id="60">
    <time id="T54S" value="00:08:08,989" />
As ek geld het, gaan ek na Kanada
    <time id="T54E" value="00:08:12,166" />
  </s>
  <s id="61">
    <time id="T55S" value="00:08:13,908" />
Plase is glo baie groter daar
    <time id="T55E" value="00:08:17,810" />
  </s>
  <s id="62">
    <time id="T56S" value="00:08:23,033" />
Kanada!
    <time id="T56E" value="00:08:25,818" />
  </s>
  <s id="63">
    <time id="T57S" value="00:08:26,451" />
Kanada!
    <time id="T57E" value="00:08:29,555" />
  </s>
  <s id="64">
    <time id="T58S" value="00:08:30,623" />
Kanada!
    <time id="T58E" value="00:08:32,476" />
  </s>
  <s id="65">
    <time id="T59S" value="00:08:33,216" />
Kanada! 
  </s>
  <s id="66">
Kanada Kanada Kanada!
    <time id="T59E" value="00:08:42,597" />
  </s>
  <s id="67">
    <time id="T60S" value="00:08:46,702" />
Katelijne!
    <time id="T60E" value="00:08:49,004" />
  </s>
  <s id="68">
    <time id="T61S" value="00:09:02,744" />
Katelijne.
    <time id="T61E" value="00:09:05,021" />
  </s>
  <s id="69">
    <time id="T62S" value="00:09:11,371" />
So dwars soos 'n muil!
    <time id="T62E" value="00:09:14,020" />
  </s>
  <s id="70">
    <time id="T63S" value="00:09:20,289" />
Het jy dié een gebruik?
    <time id="T63E" value="00:09:22,528" />
  </s>
  <s id="71">
    <time id="T64S" value="00:09:33,665" />
Dis my waslap
    <time id="T64E" value="00:09:35,986" />
  </s>
  <s id="72">
    <time id="T65S" value="00:09:39,289" />
Gelukkig is ek skoon, bo en onder
    <time id="T65E" value="00:09:42,240" />
  </s>
  <s id="73">
    <time id="T66S" value="00:09:42,340" />
O! 
  </s>
  <s id="74">
... sies!
    <time id="T66E" value="00:09:45,138" />
  </s>
  <s id="75">
    <time id="T67S" value="00:09:49,958" />
Satan, die mensmoordenaar van die begin af sal alles doen om julle van die regte pad af te kry
    <time id="T68E" value="00:09:58,823" />
  </s>
  <s id="76">
    <time id="T69S" value="00:09:58,999" />
Onthou dit, kinders, by julle nuwe skool sal julle blootgestel word aan verleiding Ja?
    <time id="T70E" value="00:10:06,283" />
  </s>
  <s id="77">
    <time id="T71S" value="00:10:06,835" />
Satan wil dat ons ander boeke sal lees 
  </s>
  <s id="78">
-Ja
    <time id="T71E" value="00:10:09,748" />
  </s>
  <s id="79">
    <time id="T72S" value="00:10:09,917" />
Oor ons afstamming van die ape 
  </s>
  <s id="80">
-Reg
    <time id="T72E" value="00:10:12,156" />
  </s>
  <s id="81">
    <time id="T73S" value="00:10:12,334" />
En sprokies?
  </s>
  <s id="82">
-Sprokies, presies!
    <time id="T73E" value="00:10:15,248" />
  </s>
  <s id="83">
    <time id="T74S" value="00:10:16,501" />
Sprokies kom van heidense verhale
    <time id="T74E" value="00:10:20,198" />
  </s>
  <s id="84">
    <time id="T75S" value="00:10:20,376" />
Satan soek altyd iets waarna jou hart uitgaan
    <time id="T75E" value="00:10:24,702" />
  </s>
  <s id="85">
    <time id="T76S" value="00:10:28,211" />
Moenie so maklik dink dat musiek nie 'n vat op jou kan kry nie
    <time id="T76E" value="00:10:32,203" />
  </s>
  <s id="86">
    <time id="T77S" value="00:10:32,376" />
Daar is iets in musiek wat verlei
    <time id="T77E" value="00:10:36,086" />
  </s>
  <s id="87">
    <time id="T78S" value="00:10:58,380" />
En nou...
    <time id="T78E" value="00:11:00,798" />
  </s>
  <s id="88">
    <time id="T79S" value="00:11:07,338" />
Sataniese tekste
    <time id="T79E" value="00:11:09,405" />
  </s>
  <s id="89">
    <time id="T80S" value="00:11:09,505" />
In Amerika is ontdek dat die onderbewuste  Sataniese tekste kan ontsyfer
    <time id="T81E" value="00:11:16,006" />
  </s>
  <s id="90">
    <time id="T82S" value="00:11:24,136" />
"l will rise" 
  </s>
  <s id="91">
- Ek sal opstyg
    <time id="T82E" value="00:11:27,339" />
  </s>
  <s id="92">
    <time id="T83S" value="00:11:30,238" />
"I'm your sire Satan" 
  </s>
  <s id="93">
- Ek is jou koning Satan
    <time id="T83E" value="00:11:35,958" />
  </s>
  <s id="94">
    <time id="T84S" value="00:11:52,008" />
Daar is ook liedjies oor seks, maar ek het nie nou 'n voorbeeld nie
    <time id="T84E" value="00:11:56,334" />
  </s>
  <s id="95">
    <time id="T85S" value="00:11:56,508" />
Gods Woord hou stand in ewigheid en sal geen duimbreedte wyk
    <time id="T86E" value="00:12:06,791" />
  </s>
  <s id="96">
    <time id="T87S" value="00:12:06,968" />
Wyk Satan...
    <time id="T87E" value="00:12:10,203" />
  </s>
  <s id="97">
    <time id="T88S" value="00:12:42,721" />
Kyk, dis 'n koei
    <time id="T88E" value="00:12:45,210" />
  </s>
  <s id="98">
    <time id="T89S" value="00:12:45,846" />
En as die koei 'n perdeblom eet, gaan dit eers in die pens
    <time id="T89E" value="00:12:50,339" />
  </s>
  <s id="99">
    <time id="T90S" value="00:12:50,515" />
Dan in die blaarpens, dan in die grootpens en deur na die derms en dis ... daar!
    <time id="T92E" value="00:12:58,558" />
  </s>
  <s id="100">
    <time id="T93S" value="00:12:59,264" />
en daar!
    <time id="T93E" value="00:13:02,829" />
  </s>
  <s id="101">
    <time id="T94S" value="00:13:04,639" />
en as sy dit uitmis, is die blom nog heeltemaal geel
    <time id="T94E" value="00:13:08,854" />
  </s>
  <s id="102">
    <time id="T95S" value="00:13:10,433" />
Gaan kyk maar as pa die mengers aansit
    <time id="T95E" value="00:13:13,633" />
  </s>
  <s id="103">
    <time id="T96S" value="00:13:14,641" />
Dan dryf hulle almal boontoe
    <time id="T96E" value="00:13:17,701" />
  </s>
  <s id="104">
    <time id="T97S" value="00:13:40,436" />
Katjie
    <time id="T97E" value="00:13:42,565" />
  </s>
  <s id="105">
    <time id="T98S" value="00:13:46,060" />
Ro, ek waarsku jou, 'n kafee is nie 'n plek vir 'n kind nie!
    <time id="T98E" value="00:13:50,116" />
  </s>
  <s id="106">
    <time id="T99S" value="00:13:50,573" />
Reguit terugkom van jou besigheid
    <time id="T99E" value="00:13:53,548" />
  </s>
  <s id="107">
    <time id="T100S" value="00:14:48,400" />
Dis nie vir ons nie, kom!
    <time id="T100E" value="00:14:50,826" />
  </s>
  <s id="108">
    <time id="T101S" value="00:14:51,524" />
Ek het my oorpak aan en my pet op, en ek struikel oor 'n ham.
    <time id="T101E" value="00:14:55,849" />
  </s>
  <s id="109">
    <time id="T102S" value="00:14:56,024" />
So groot!
  </s>
  <s id="110">
Ek dog ek sal dit indra
    <time id="T102E" value="00:14:59,436" />
  </s>
  <s id="111">
    <time id="T103S" value="00:14:59,607" />
Kyk, al die roomys, eet voor dit smelt!
    <time id="T103E" value="00:15:02,393" />
  </s>
  <s id="112">
    <time id="T104S" value="00:15:02,495" />
Koffie.
  </s>
  <s id="113">
-Met alles, is dit al duur
    <time id="T104E" value="00:15:06,766" />
  </s>
  <s id="114">
    <time id="T105S" value="00:15:07,358" />
Ek sny 'n stuk van die ham af en proe, en my mond vertrek
    <time id="T105E" value="00:15:11,814" />
  </s>
  <s id="115">
    <time id="T106S" value="00:15:12,275" />
Seesout!
    <time id="T106E" value="00:15:13,649" />
  </s>
  <s id="116">
    <time id="T107S" value="00:15:13,817" />
Toe weet ek dit was 'n vark met vleksiekte
    <time id="T107E" value="00:15:17,019" />
  </s>
  <s id="117">
    <time id="T108S" value="00:15:17,486" />
Dit word in seewater gekook in die hoop dat jy dit nie sal agterkom
    <time id="T108E" value="00:15:21,349" />
  </s>
  <s id="118">
    <time id="T109S" value="00:15:21,527" />
Later het ek gehoor dat die dominee die eerste stuk gekry het
    <time id="T109E" value="00:15:24,975" />
  </s>
  <s id="119">
    <time id="T110S" value="00:15:25,152" />
Ek hoop dat hy steeds gered sal wees
    <time id="T110E" value="00:15:28,932" />
  </s>
  <s id="120">
    <time id="T111S" value="00:15:41,361" />
Oupa?
  </s>
  <s id="121">
-Ja?
    <time id="T111E" value="00:15:42,984" />
  </s>
  <s id="122">
    <time id="T112S" value="00:15:43,153" />
Is dit waar van die ham?
    <time id="T112E" value="00:15:45,274" />
  </s>
  <s id="123">
    <time id="T113S" value="00:15:45,664" />
Ouma het gedink dat dit van God kom
    <time id="T113E" value="00:15:49,172" />
  </s>
  <s id="124">
    <time id="T114S" value="00:15:49,325" />
Wie sal weet?
    <time id="T114E" value="00:15:51,689" />
  </s>
  <s id="125">
    <time id="T115S" value="00:19:37,599" />
Jy's vuil!
    <time id="T115E" value="00:19:40,726" />
  </s>
  <s id="126">
    <time id="T116S" value="00:20:15,093" />
Dis verby!
    <time id="T116E" value="00:20:16,502" />
  </s>
  <s id="127">
    <time id="T117S" value="00:20:17,177" />
Die dampe
    <time id="T117E" value="00:20:18,586" />
  </s>
  <s id="128">
    <time id="T118S" value="00:20:21,052" />
Wat het jy aangevang?
    <time id="T118E" value="00:20:22,674" />
  </s>
  <s id="129">
    <time id="T119S" value="00:20:22,843" />
Hy wou die perdeblomme sien
    <time id="T119E" value="00:20:24,799" />
  </s>
  <s id="130">
    <time id="T120S" value="00:20:25,551" />
Wat het jy gedink? 
  </s>
  <s id="131">
Jy weet mos hoe gevaarlik die put is
    <time id="T120E" value="00:20:29,926" />
  </s>
  <s id="132">
    <time id="T121S" value="00:21:03,014" />
Wat word van ons liggame?
    <time id="T121E" value="00:21:04,803" />
  </s>
  <s id="133">
    <time id="T122S" value="00:21:04,972" />
Dit keer tot stof en die wurms eet dit.
    <time id="T122E" value="00:21:08,089" />
  </s>
  <s id="134">
    <time id="T123S" value="00:21:08,264" />
Wie sal ryk genoem word?
    <time id="T123E" value="00:21:09,921" />
  </s>
  <s id="135">
    <time id="T124S" value="00:21:10,098" />
Hulle wat 'n skat in die hemel het
    <time id="T124E" value="00:21:12,134" />
  </s>
  <s id="136">
    <time id="T125S" value="00:21:12,305" />
Wie wil die aarde graag verlaat?
    <time id="T125E" value="00:21:13,964" />
  </s>
  <s id="137">
    <time id="T126S" value="00:21:14,139" />
Die erfgename van die Heer
    <time id="T126E" value="00:21:16,045" />
  </s>
  <s id="138">
    <time id="T127S" value="00:21:16,222" />
Wie is die gelukkigste mense?
    <time id="T127E" value="00:21:17,880" />
  </s>
  <s id="139">
    <time id="T128S" value="00:21:18,055" />
Hulle wat geluk vind in die wil van God
    <time id="T128E" value="00:21:23,176" />
  </s>
  <s id="140">
    <time id="T129S" value="00:21:24,349" />
Wie is die ongelukkiges?
    <time id="T129E" value="00:21:26,423" />
  </s>
  <s id="141">
    <time id="T130S" value="00:21:26,598" />
Hulle wat hulle eie wil volg
    <time id="T130E" value="00:21:28,803" />
  </s>
  <s id="142">
    <time id="T131S" value="00:21:29,807" />
Wat sal hulle einde wees?
    <time id="T131E" value="00:21:31,513" />
  </s>
  <s id="143">
    <time id="T132S" value="00:21:31,681" />
Ewige verdoemenis
    <time id="T132E" value="00:21:33,424" />
  </s>
  <s id="144">
    <time id="T133S" value="00:21:33,599" />
Wat is die einde van die vromes?
    <time id="T133E" value="00:21:35,841" />
  </s>
  <s id="145">
    <time id="T134S" value="00:21:36,017" />
Ewige regverdigheid en heerlikheid. 
  </s>
  <s id="146">
Amen
    <time id="T134E" value="00:21:38,684" />
  </s>
  <s id="147">
    <time id="T135S" value="00:21:57,602" />
Dis die swaar, smal pad, wat lei na die Heer
    <time id="T135E" value="00:22:01,262" />
  </s>
  <s id="148">
    <time id="T136S" value="00:22:02,267" />
Die breë pad is soveel lekkerder, gemakliker dat veel van ons dit wil loop helaas! 
  </s>
  <s id="149">
sê ek daarby
    <time id="T138E" value="00:22:12,259" />
  </s>
  <s id="150">
    <time id="T139S" value="00:22:13,519" />
En voor Sy regbank sal die Heer hulle toespreek
    <time id="T139E" value="00:22:18,306" />
  </s>
  <s id="151">
    <time id="T140S" value="00:22:18,477" />
En aan hulle sê Hy:
  </s>
  <s id="152">
"Ek het julle nooit geken nie"
    <time id="T140E" value="00:22:23,265" />
  </s>
  <s id="153">
    <time id="T141S" value="00:22:23,436" />
"Gaan weg van My"
    <time id="T141E" value="00:22:25,544" />
  </s>
  <s id="154">
    <time id="T142S" value="00:22:29,770" />
Ons gedagtes is met die eggenote van Mnr Minderhoud en sy familie
    <time id="T142E" value="00:22:33,895" />
  </s>
  <s id="155">
    <time id="T143S" value="00:22:33,995" />
Ja, dit gebeur as jou... bedryf belangriker is as jou saligheid
    <time id="T144E" value="00:22:39,349" />
  </s>
  <s id="156">
    <time id="T145S" value="00:22:39,520" />
Nog steeds geen teken of iets dat hy eindelik die pad gevind het?
    <time id="T146E" value="00:22:45,089" />
  </s>
  <s id="157">
    <time id="T147S" value="00:22:45,189" />
Niemand het iets gesien of gemerk nie
    <time id="T147E" value="00:22:47,672" />
  </s>
  <s id="158">
    <time id="T148S" value="00:22:47,772" />
Nou is die poort na die lewe, en smal die pad daarnatoe en min mense vind dit
    <time id="T149E" value="00:22:55,589" />
  </s>
  <s id="159">
    <time id="T150S" value="00:22:55,689" />
Hinder jou sonde jou ook soms?
    <time id="T150E" value="00:22:57,730" />
  </s>
  <s id="160">
    <time id="T151S" value="00:22:57,830" />
Ag, so 'n kind,
    <time id="T151E" value="00:22:59,590" />
  </s>
  <s id="161">
    <time id="T152S" value="00:22:59,690" />
Sy wil dit nie hoor nie, maar groen blare val ook soms af en dan's dit te laat!
    <time id="T154E" value="00:23:05,738" />
  </s>
  <s id="162">
    <time id="T155S" value="00:23:49,898" />
Tee, kind?
    <time id="T155E" value="00:23:51,576" />
  </s>
  <s id="163">
    <time id="T156S" value="00:23:51,676" />
Graag
    <time id="T156E" value="00:23:53,407" />
  </s>
  <s id="164">
    <time id="T157S" value="00:23:56,153" />
Wie nat wil word, moet in die reën loop, wie salig wil word...
    <time id="T158E" value="00:24:00,805" />
  </s>
  <s id="165">
    <time id="T159S" value="00:24:20,448" />
O, Kind!
    <time id="T159E" value="00:24:22,402" />
  </s>
  <s id="166">
    <time id="T160S" value="00:24:22,847" />
As jy dit tog kan beleef... om salig te word!
    <time id="T161E" value="00:24:26,889" />
  </s>
  <s id="167">
    <time id="T162S" value="00:24:27,697" />
Sou dit nie 'n wonder wees nie?
    <time id="T162E" value="00:24:30,397" />
  </s>
  <s id="168">
    <time id="T163S" value="00:24:33,738" />
Vroeër was ek nes jy, leef maar van dag tot dag
    <time id="T164E" value="00:24:38,558" />
  </s>
  <s id="169">
    <time id="T165S" value="00:24:41,240" />
As Oupa maar meer probeer het,
    <time id="T165E" value="00:24:44,431" />
  </s>
  <s id="170">
    <time id="T166S" value="00:24:44,531" />
Wie weet, het hy dan reggekom!
    <time id="T166E" value="00:24:46,182" />
  </s>
  <s id="171">
    <time id="T167S" value="00:24:46,282" />
Sal ons lees?
    <time id="T167E" value="00:24:48,473" />
  </s>
  <s id="172">
    <time id="T168S" value="00:24:58,241" />
Manne, genoeg ginnegaap!
  </s>
  <s id="173">
Aan die werk!
    <time id="T168E" value="00:25:00,730" />
  </s>
  <s id="174">
    <time id="T169S" value="00:25:00,908" />
Die koeie wag nie
    <time id="T169E" value="00:25:02,318" />
  </s>
  <s id="175">
    <time id="T170S" value="00:25:22,534" />
Sy's van die hoof van die Starr-gebied
    <time id="T170E" value="00:25:24,608" />
  </s>
  <s id="176">
    <time id="T171S" value="00:25:24,786" />
Sy's van die afgeskeidenes, hulle is strenger as ons
    <time id="T171E" value="00:25:28,400" />
  </s>
  <s id="177">
    <time id="T172S" value="00:25:29,328" />
Jannemieke slaap by jou vannag
    <time id="T172E" value="00:25:31,651" />
  </s>
  <s id="178">
    <time id="T173S" value="00:25:31,827" />
Sy bly die naweek oor, anders moet sy vanaand oorgaan na Terneuzen
    <time id="T174E" value="00:25:36,143" />
  </s>
  <s id="179">
    <time id="T175S" value="00:25:36,243" />
Jannemieke? 
  </s>
  <s id="180">
Katelijne kan jou rondwys as sy opgeruim het
    <time id="T176E" value="00:25:42,014" />
  </s>
  <s id="181">
    <time id="T177S" value="00:25:54,953" />
Sy kan vir jou 'n voorbeeld wees
    <time id="T177E" value="00:25:57,726" />
  </s>
  <s id="182">
    <time id="T178S" value="00:25:57,826" />
Jannemieke?
    <time id="T178E" value="00:25:59,314" />
  </s>
  <s id="183">
    <time id="T179S" value="00:25:59,414" />
Jy kan duidelik aan haar sien sy's anders
    <time id="T179E" value="00:26:03,065" />
  </s>
  <s id="184">
    <time id="T180S" value="00:26:07,871" />
Ons moet hier benede vreemdelinge wees
    <time id="T180E" value="00:26:11,683" />
  </s>
  <s id="185">
    <time id="T181S" value="00:26:12,038" />
Mense moet sien aan jou daad, jou gelaat, jou gepraat, en seker ook jou gewaad
    <time id="T182E" value="00:26:18,872" />
  </s>
  <s id="186">
    <time id="T183S" value="00:26:33,878" />
Laat my dit doen
    <time id="T183E" value="00:26:35,937" />
  </s>
  <s id="187">
    <time id="T184S" value="00:26:41,250" />
Het jy jou hare regtig nog nooit gesny nie?
    <time id="T184E" value="00:26:43,182" />
  </s>
  <s id="188">
    <time id="T185S" value="00:26:43,282" />
Nee, ons mag nie
    <time id="T185E" value="00:26:45,024" />
  </s>
  <s id="189">
    <time id="T186S" value="00:26:47,918" />
Jammer
    <time id="T186E" value="00:26:49,790" />
  </s>
  <s id="190">
    <time id="T187S" value="00:28:03,964" />
Nou het jy die sus wat jy altyd wou hê
    <time id="T187E" value="00:28:06,621" />
  </s>
  <s id="191">
    <time id="T188S" value="00:28:08,464" />
Slaap lekker
    <time id="T188E" value="00:28:10,587" />
  </s>
  <s id="192">
    <time id="T189S" value="00:28:33,544" />
Nog 'n keer?
    <time id="T189E" value="00:28:35,146" />
  </s>
  <s id="193">
    <time id="T190S" value="00:28:37,800" />
Miskien kom jy na my skool toe?
    <time id="T190E" value="00:28:39,951" />
  </s>
  <s id="194">
    <time id="T191S" value="00:28:40,717" />
In die wassery?
    <time id="T191E" value="00:28:42,544" />
  </s>
  <s id="195">
    <time id="T192S" value="00:28:43,470" />
Ek gaan elke maandag skooltoe
    <time id="T192E" value="00:28:45,442" />
  </s>
  <s id="196">
    <time id="T193S" value="00:28:46,219" />
Onthou: die eenvoudige van gees kry genade
    <time id="T193E" value="00:28:49,300" />
  </s>
  <s id="197">
    <time id="T194S" value="00:28:49,803" />
Jy kan soveel lees as wat jy wil, maar as jy die belangrikste nalaat, is jy soos 'n klinkende simbaal
    <time id="T196E" value="00:28:56,002" />
  </s>
  <s id="198">
    <time id="T197S" value="00:28:58,262" />
Ma?
    <time id="T197E" value="00:28:59,636" />
  </s>
  <s id="199">
    <time id="T198S" value="00:29:01,636" />
Moet ek regtig na Jannemieke se skool gaanl?
    <time id="T198E" value="00:29:04,919" />
  </s>
  <s id="200">
    <time id="T199S" value="00:29:05,096" />
Ons sal sien
    <time id="T199E" value="00:29:07,335" />
  </s>
  <s id="201">
    <time id="T200S" value="00:29:07,512" />
Jy kan nie reken op weervoorspelling nie
    <time id="T200E" value="00:29:10,380" />
  </s>
  <s id="202">
    <time id="T201S" value="00:29:11,637" />
Kêrels, nog 'n minuut, dan gaan ons Bybel lees
    <time id="T201E" value="00:29:14,920" />
  </s>
  <s id="203">
    <time id="T202S" value="00:30:18,184" />
Katelijne kyk na ons
    <time id="T202E" value="00:30:19,926" />
  </s>
  <s id="204">
    <time id="T203S" value="00:30:20,894" />
Ek sou nie dat Rogier my aflek nie!
    <time id="T203E" value="00:30:23,679" />
  </s>
  <s id="205">
    <time id="T204S" value="00:30:59,753" />
Op is jy, lamgat!
    <time id="T204E" value="00:31:01,507" />
  </s>
  <s id="206">
    <time id="T205S" value="00:31:01,607" />
Moenie dat ek weer hier na bo kom nie!
    <time id="T205E" value="00:31:04,176" />
  </s>
  <s id="207">
    <time id="T206S" value="00:31:11,607" />
Jy?
    <time id="T206E" value="00:31:13,481" />
  </s>
  <s id="208">
    <time id="T207S" value="00:31:17,356" />
Jeroen s'n
    <time id="T207E" value="00:31:19,049" />
  </s>
  <s id="209">
    <time id="T208S" value="00:32:00,736" />
Alweer leeg?
    <time id="T208E" value="00:32:02,276" />
  </s>
  <s id="210">
    <time id="T209S" value="00:32:02,860" />
Ek dink ek sal volgende jaar meer dikwels kom
    <time id="T209E" value="00:32:05,018" />
  </s>
  <s id="211">
    <time id="T210S" value="00:32:05,194" />
Kom daar weer een?
  </s>
  <s id="212">
-Ja
    <time id="T210E" value="00:32:07,481" />
  </s>
  <s id="213">
    <time id="T211S" value="00:32:07,652" />
Die dokter was daarteen, want sy benodig altyd 'n keisersnee
    <time id="T211E" value="00:32:12,439" />
  </s>
  <s id="214">
    <time id="T212S" value="00:32:12,611" />
Maar ja...
    <time id="T212E" value="00:32:14,067" />
  </s>
  <s id="215">
    <time id="T213S" value="00:32:14,986" />
Ek was stout gewees
    <time id="T213E" value="00:32:17,062" />
  </s>
  <s id="216">
    <time id="T214S" value="00:32:17,237" />
Dit was die 9de?
  </s>
  <s id="217">
-Nee, die tiende
    <time id="T214E" value="00:32:20,188" />
  </s>
  <s id="218">
    <time id="T215S" value="00:32:20,362" />
Hulle kan liewer 'n ritssluiter insit
    <time id="T215E" value="00:32:22,850" />
  </s>
  <s id="219">
    <time id="T216S" value="00:32:26,028" />
Sien julle
    <time id="T216E" value="00:32:27,996" />
  </s>
  <s id="220">
    <time id="T217S" value="00:32:29,236" />
Ek maak 'n slag goed skoon, lyk my dit word half gedoen
    <time id="T218E" value="00:32:34,403" />
  </s>
  <s id="221">
    <time id="T219S" value="00:32:35,155" />
Katelijne, kan jy asb gaan kyk of die skape genoeg water het?
    <time id="T220E" value="00:32:39,555" />
  </s>
  <s id="222">
    <time id="T221S" value="00:32:39,655" />
Ja!
    <time id="T221E" value="00:32:41,112" />
  </s>
  <s id="223">
    <time id="T222S" value="00:33:22,814" />
Nee!
    <time id="T222E" value="00:33:24,283" />
  </s>
  <s id="224">
    <time id="T223S" value="00:33:46,618" />
Jy moet my kom help!
    <time id="T223E" value="00:33:48,079" />
  </s>
  <s id="225">
    <time id="T224S" value="00:33:48,179" />
Rogier, Christiaan... kom dadelik hier!
  </s>
  <s id="226">
gou!
    <time id="T225E" value="00:33:51,816" />
  </s>
  <s id="227">
    <time id="T226S" value="00:34:34,247" />
Ja... 'n Netjiese kombuis en 'n skoon toilet... daaraan herken jy 'n goeie huisvrou
    <time id="T228E" value="00:34:42,414" />
  </s>
  <s id="228">
    <time id="T229S" value="00:36:26,799" />
Ja, dis wat ek bedoel
    <time id="T229E" value="00:36:29,963" />
  </s>
  <s id="229">
    <time id="T230S" value="00:36:30,133" />
Jy het ten minste begryp
    <time id="T230E" value="00:36:32,455" />
  </s>
  <s id="230">
    <time id="T231S" value="00:36:48,425" />
Die water was na die geskrop baie swart
    <time id="T231E" value="00:36:52,289" />
  </s>
  <s id="231">
    <time id="T232S" value="00:36:52,468" />
En ek het 3 keer skoon water gaan haal, en steeds was die water so swart
    <time id="T233E" value="00:36:58,619" />
  </s>
  <s id="232">
    <time id="T234S" value="00:36:58,719" />
Ja, sy is heeltemal bekwaam
    <time id="T234E" value="00:37:01,422" />
  </s>
  <s id="233">
    <time id="T235S" value="00:37:05,260" />
Seuns, sny die brandsels maar bietjie af,
    <time id="T235E" value="00:37:08,439" />
  </s>
  <s id="234">
    <time id="T236S" value="00:37:08,539" />
Jy kan kanker daarvan kry
    <time id="T236E" value="00:37:10,880" />
  </s>
  <s id="235">
    <time id="T237S" value="00:38:40,018" />
Ek hoor dat Meester ook 'n TV het 
  </s>
  <s id="236">
-Dis nie waar nie
    <time id="T237E" value="00:38:43,680" />
  </s>
  <s id="237">
    <time id="T238S" value="00:38:43,851" />
Weggesteek in 'n kas
    <time id="T238E" value="00:38:45,393" />
  </s>
  <s id="238">
    <time id="T239S" value="00:38:45,560" />
En as die ouderlinge kom, maak hy dit gou toe
    <time id="T239E" value="00:38:48,890" />
  </s>
  <s id="239">
    <time id="T240S" value="00:38:49,061" />
Is nie
    <time id="T240E" value="00:38:50,436" />
  </s>
  <s id="240">
    <time id="T241S" value="00:38:54,769" />
Ek kan ruik jy was by die koeie 
  </s>
  <s id="241">
-Is nie
    <time id="T241E" value="00:38:58,431" />
  </s>
  <s id="242">
    <time id="T242S" value="00:39:11,313" />
'n Brief van die Meester
    <time id="T242E" value="00:39:13,303" />
  </s>
  <s id="243">
    <time id="T243S" value="00:39:39,191" />
Dit stink hier
    <time id="T243E" value="00:39:40,978" />
  </s>
  <s id="244">
    <time id="T244S" value="00:40:01,234" />
Ek het 'n siek koei wat 'n spuit nodig het
    <time id="T244E" value="00:40:04,066" />
  </s>
  <s id="245">
    <time id="T245S" value="00:40:04,234" />
Ek kan nie nou weggaan, maar dit lê wel daar
    <time id="T245E" value="00:40:06,556" />
  </s>
  <s id="246">
    <time id="T246S" value="00:40:06,734" />
Goed, ek sal gaan 
  </s>
  <s id="247">
-Kan ek saamkom?
    <time id="T246E" value="00:40:09,187" />
  </s>
  <s id="248">
    <time id="T247S" value="00:40:09,359" />
Kanada toe?
  </s>
  <s id="249">
-As jy niks anders te doen het nie
    <time id="T247E" value="00:40:11,433" />
  </s>
  <s id="250">
    <time id="T248S" value="00:40:25,609" />
Ons kan vir 'n roomys gaan
    <time id="T248E" value="00:40:27,565" />
  </s>
  <s id="251">
    <time id="T249S" value="00:40:28,112" />
Ek wil nie nou hê nie
    <time id="T249E" value="00:40:29,688" />
  </s>
  <s id="252">
    <time id="T250S" value="00:40:34,528" />
Maar dis dan so warm
    <time id="T250E" value="00:40:36,483" />
  </s>
  <s id="253">
    <time id="T251S" value="00:40:43,236" />
Dit is voortreflik, dames en here!
    <time id="T251E" value="00:40:45,193" />
  </s>
  <s id="254">
    <time id="T252S" value="00:40:45,363" />
Dit is "Sensational Enterprise 41"
    <time id="T252E" value="00:40:48,811" />
  </s>
  <s id="255">
    <time id="T253S" value="00:40:57,363" />
Dag, Minderhoud, is dit jou meisie?
  </s>
  <s id="256">
-Dis my Sussie
    <time id="T253E" value="00:41:00,480" />
  </s>
  <s id="257">
    <time id="T254S" value="00:41:00,654" />
Wat doen julle hier?
  </s>
  <s id="258">
-Maak droog. 
  </s>
  <s id="259">
Is jy nou tevrede?
    <time id="T254E" value="00:41:03,145" />
  </s>
  <s id="260">
    <time id="T255S" value="00:41:03,323" />
Ek ruik dit, seker nie tyd om te was nie?
    <time id="T255E" value="00:41:05,728" />
  </s>
  <s id="261">
    <time id="T256S" value="00:41:06,573" />
Nie so grootbek nie, Goed?
    <time id="T256E" value="00:41:08,362" />
  </s>
  <s id="262">
    <time id="T257S" value="00:41:08,531" />
Iets om te drink?
  </s>
  <s id="263">
-Nee, ons gaan roomys haal
    <time id="T257E" value="00:41:11,897" />
  </s>
  <s id="264">
    <time id="T258S" value="00:41:12,072" />
Hier, vat 'n slukkie
    <time id="T258E" value="00:41:14,026" />
  </s>
  <s id="265">
    <time id="T259S" value="00:41:17,366" />
Kyk daar is Levine die moffie,
    <time id="T259E" value="00:41:20,234" />
  </s>
  <s id="266">
    <time id="T260S" value="00:41:20,408" />
Hy's alweert agter klein kinders aan 'n Slukkie?
  </s>
  <s id="267">
-Is daar alkohol in?
    <time id="T261E" value="00:41:26,480" />
  </s>
  <s id="268">
    <time id="T262S" value="00:41:26,657" />
Daar was net 'n bietjie bier in, maar nou nie meer
    <time id="T262E" value="00:41:30,105" />
  </s>
  <s id="269">
    <time id="T263S" value="00:41:30,283" />
Jy?
  </s>
  <s id="270">
-Gooi maar in die asblik
    <time id="T263E" value="00:41:32,652" />
  </s>
  <s id="271">
    <time id="T264S" value="00:41:32,824" />
Hoekom so haastig?
  </s>
  <s id="272">
Laat ons bietjie rondloop
    <time id="T264E" value="00:41:36,772" />
  </s>
  <s id="273">
    <time id="T265S" value="00:41:38,909" />
Dit is regtig ongelooflik
    <time id="T265E" value="00:41:41,560" />
  </s>
  <s id="274">
    <time id="T266S" value="00:41:41,660" />
Hierdie moet julle beleef
    <time id="T266E" value="00:41:44,839" />
  </s>
  <s id="275">
    <time id="T267S" value="00:44:12,879" />
Jy is uitgevind
    <time id="T267E" value="00:44:14,480" />
  </s>
  <s id="276">
    <time id="T268S" value="00:44:15,296" />
Kee Dominisse het julle gesien op so 'n draai-ding met flikkerligte en julle het beroerd gelyk volgens haar
    <time id="T270E" value="00:44:23,327" />
  </s>
  <s id="277">
    <time id="T271S" value="00:44:25,672" />
Wat het julle nog aangevang?
    <time id="T271E" value="00:44:27,675" />
  </s>
  <s id="278">
    <time id="T272S" value="00:44:27,775" />
Niks meer nie
    <time id="T272E" value="00:44:30,420" />
  </s>
  <s id="279">
    <time id="T273S" value="00:44:36,049" />
Ek het jou 'n goeie opvoeding gegee
    <time id="T273E" value="00:44:38,505" />
  </s>
  <s id="280">
    <time id="T274S" value="00:44:39,039" />
Nou moet jy nie maak of jy tuis niks geleer het nie Nee
    <time id="T274E" value="00:44:42,256" />
  </s>
  <s id="281">
    <time id="T275S" value="00:44:43,549" />
Ek sal jou vader vra om jou 'n pak slae te gee
    <time id="T275E" value="00:44:46,215" />
  </s>
  <s id="282">
    <time id="T276S" value="00:44:46,382" />
Jy moet maar 'n slag voel!
    <time id="T276E" value="00:44:48,123" />
  </s>
  <s id="283">
    <time id="T277S" value="00:44:50,591" />
Moenie so brutaal kyk nie!
    <time id="T277E" value="00:44:52,334" />
  </s>
  <s id="284">
    <time id="T278S" value="00:44:54,925" />
Dat ek nou so 'n kind moes hê
    <time id="T278E" value="00:44:57,648" />
  </s>
  <s id="285">
    <time id="T279S" value="00:45:35,631" />
Sê bietjie: parallelepipedum
    <time id="T279E" value="00:45:38,452" />
  </s>
  <s id="286">
    <time id="T280S" value="00:45:40,220" />
Palle...
    <time id="T280E" value="00:45:41,808" />
  </s>
  <s id="287">
    <time id="T281S" value="00:45:42,388" />
Palle...
    <time id="T281E" value="00:45:43,944" />
  </s>
  <s id="288">
    <time id="T282S" value="00:45:44,388" />
Pallallepipedum
    <time id="T282E" value="00:45:46,129" />
  </s>
  <s id="289">
    <time id="T283S" value="00:45:49,471" />
En: 
  </s>
  <s id="290">
Rioolwatersuiweringsinstallasie
    <time id="T283E" value="00:45:52,089" />
  </s>
  <s id="291">
    <time id="T284S" value="00:46:11,972" />
Jy het met jou kop na agter beweeg
    <time id="T284E" value="00:46:14,680" />
  </s>
  <s id="292">
    <time id="T285S" value="00:46:18,140" />
Jy druk dit net verder in
    <time id="T285E" value="00:46:20,629" />
  </s>
  <s id="293">
    <time id="T286S" value="00:46:20,729" />
Nee, ek doen nie!
    <time id="T286E" value="00:46:22,460" />
  </s>
  <s id="294">
    <time id="T287S" value="00:46:25,358" />
Dis die enigste wat ek kan doen
    <time id="T287E" value="00:46:27,417" />
  </s>
  <s id="295">
    <time id="T288S" value="00:46:46,810" />
Cindy het dun vingertjies
    <time id="T288E" value="00:46:48,883" />
  </s>
  <s id="296">
    <time id="T289S" value="00:46:49,060" />
Nie worse soos jy nie
    <time id="T289E" value="00:46:50,766" />
  </s>
  <s id="297">
    <time id="T290S" value="00:46:50,935" />
Vrouehandjies, waarmee jy net eetgerei kan optel
    <time id="T290E" value="00:46:53,802" />
  </s>
  <s id="298">
    <time id="T291S" value="00:46:53,976" />
Ek wed dat sy nog nie aartappels uitgehaal het nie
    <time id="T291E" value="00:46:57,094" />
  </s>
  <s id="299">
    <time id="T292S" value="00:46:57,268" />
Jy kan ook nooit 'n normale gesprek voer nie
    <time id="T292E" value="00:47:00,137" />
  </s>
  <s id="300">
    <time id="T293S" value="00:47:02,477" />
Kom bietjie nader
    <time id="T293E" value="00:47:04,137" />
  </s>
  <s id="301">
    <time id="T294S" value="00:47:04,312" />
Daar is 'n reusepuisie op jou neus
    <time id="T294E" value="00:47:07,459" />
  </s>
  <s id="302">
    <time id="T295S" value="00:47:22,021" />
Petra and Eline lê ook altyd so op die rug
    <time id="T295E" value="00:47:25,718" />
  </s>
  <s id="303">
    <time id="T296S" value="00:47:27,021" />
As hulle ouers Donderdae na die stad gaan dan lê hulle kaal op die geel beddeken in hulle ouers se kamer om bietjie te sonbaai, omdat hulle dink hulle is te bleek
    <time id="T300E" value="00:47:41,131" />
  </s>
  <s id="304">
    <time id="T301S" value="00:47:41,231" />
Het jy nog nie gesien dat hulle op Vrydag bietjie geler is?
    <time id="T301E" value="00:47:44,643" />
  </s>
  <s id="305">
    <time id="T302S" value="00:47:45,646" />
Nog nooit opgelet nie
    <time id="T302E" value="00:47:47,437" />
  </s>
  <s id="306">
    <time id="T303S" value="00:47:47,605" />
Ek sal môre bietjie oplet 
  </s>
  <s id="307">
-Goed so
    <time id="T303E" value="00:47:50,272" />
  </s>
  <s id="308">
    <time id="T304S" value="00:47:54,232" />
Eenkeer... toe hulle alleen tuis was, het 'n man daar aangekom
    <time id="T305E" value="00:48:00,020" />
  </s>
  <s id="309">
    <time id="T306S" value="00:48:07,901" />
Hy het uitgeklim,
    <time id="T306E" value="00:48:09,393" />
  </s>
  <s id="310">
    <time id="T307S" value="00:48:18,525" />
Hy was 'n verdowings-verslaafde
    <time id="T307E" value="00:48:20,830" />
  </s>
  <s id="311">
    <time id="T308S" value="00:48:22,275" />
Regtig
    <time id="T308E" value="00:48:23,731" />
  </s>
  <s id="312">
    <time id="T309S" value="00:48:25,069" />
Hy het by elke venster ingeloer
    <time id="T309E" value="00:48:26,976" />
  </s>
  <s id="313">
    <time id="T310S" value="00:48:27,151" />
Petra and Eveline was in hulle ouers se kamer
    <time id="T310E" value="00:48:30,731" />
  </s>
  <s id="314">
    <time id="T311S" value="00:48:37,318" />
Jy ruik snaaks 
  </s>
  <s id="315">
-En toe?
    <time id="T311E" value="00:48:40,981" />
  </s>
  <s id="316">
    <time id="T312S" value="00:48:41,153" />
Toe...
    <time id="T312E" value="00:48:42,646" />
  </s>
  <s id="317">
    <time id="T313S" value="00:48:42,819" />
Kon hulle maar net aan een ding dink om te doen
    <time id="T313E" value="00:48:45,604" />
  </s>
  <s id="318">
    <time id="T314S" value="00:49:00,404" />
Die man kon nie vinnig genoeg laat spat nie
    <time id="T314E" value="00:49:02,360" />
  </s>
  <s id="319">
    <time id="T315S" value="00:49:10,403" />
Toe hulle ouers tuiskom, toe blaf hulle nog steeds
    <time id="T315E" value="00:49:13,606" />
  </s>
  <s id="320">
    <time id="T316S" value="00:49:20,656" />
Ek het gedink...
    <time id="T316E" value="00:49:22,362" />
  </s>
  <s id="321">
    <time id="T317S" value="00:49:22,530" />
As jy Kanada toe gaan, dan gaan ek saam!
    <time id="T317E" value="00:49:25,066" />
  </s>
  <s id="322">
    <time id="T318S" value="00:49:28,030" />
Was hulle nog kaal?
  </s>
  <s id="323">
-Wanneer?
    <time id="T318E" value="00:49:31,113" />
  </s>
  <s id="324">
    <time id="T319S" value="00:49:32,407" />
Toe hulle ouers terugkom
    <time id="T319E" value="00:49:35,986" />
  </s>
  <s id="325">
    <time id="T320S" value="00:49:36,156" />
Ek dink, weet nie presies nie
    <time id="T320E" value="00:49:38,941" />
  </s>
  <s id="326">
    <time id="T321S" value="00:49:45,323" />
Ek dink hulle was
    <time id="T321E" value="00:49:47,014" />
  </s>
  <s id="327">
    <time id="T322S" value="00:49:48,283" />
Hulle het gedink dat hy nog daar was, en kon nie beweeg nie
    <time id="T322E" value="00:49:52,526" />
  </s>
  <s id="328">
    <time id="T323S" value="00:50:08,743" />
En was hulle op die rug of op die maag?
    <time id="T323E" value="00:50:10,567" />
  </s>
  <s id="329">
    <time id="T324S" value="00:50:10,744" />
Hoe moet ek dit weet?
    <time id="T324E" value="00:50:12,565" />
  </s>
  <s id="330">
    <time id="T325S" value="00:50:12,665" />
Ek was tog nie by nie
    <time id="T325E" value="00:50:15,158" />
  </s>
  <s id="331">
    <time id="T326S" value="00:50:23,328" />
Ek gaan gou dorp toe
    <time id="T326E" value="00:50:25,152" />
  </s>
  <s id="332">
    <time id="T327S" value="00:51:40,833" />
Het jy dit weer verwoes, moron?
  </s>
  <s id="333">
-Jy is wat jy my noem
    <time id="T327E" value="00:51:44,497" />
  </s>
  <s id="334">
    <time id="T328S" value="00:51:46,585" />
Laaste keer dat ek jou iets leen
    <time id="T328E" value="00:51:48,456" />
  </s>
  <s id="335">
    <time id="T329S" value="00:51:55,251" />
Vra of jy sy Zündapp kan ry 
  </s>
  <s id="336">
-Glad nie!
    <time id="T329E" value="00:51:58,204" />
  </s>
  <s id="337">
    <time id="T330S" value="00:51:58,377" />
Wat as ek hom vra?
  </s>
  <s id="338">
-Wat het dit met jou te doen?
    <time id="T330E" value="00:52:01,079" />
  </s>
  <s id="339">
    <time id="T331S" value="00:52:02,961" />
Kom seuns Christiaan tree dommerig op
    <time id="T331E" value="00:52:06,540" />
  </s>
  <s id="340">
    <time id="T332S" value="00:52:39,922" />
Cindy!
    <time id="T332E" value="00:52:41,119" />
  </s>
  <s id="341">
    <time id="T333S" value="00:52:41,922" />
Cindy, kom nou!
    <time id="T333E" value="00:52:43,747" />
  </s>
  <s id="342">
    <time id="T334S" value="00:53:10,508" />
Toe kom Gerrit met sy mank been, en almal staan op
    <time id="T334E" value="00:53:13,755" />
  </s>
  <s id="343">
    <time id="T335S" value="00:53:20,843" />
Klaar?
  </s>
  <s id="344">
Ja
    <time id="T335E" value="00:53:22,964" />
  </s>
  <s id="345">
    <time id="T336S" value="00:53:29,426" />
Wees gehoorsaam!
  </s>
  <s id="346">
-Ja!
    <time id="T336E" value="00:53:32,258" />
  </s>
  <s id="347">
    <time id="T337S" value="00:54:03,720" />
Jy lyk na jou ma, weet jy?
    <time id="T337E" value="00:54:05,959" />
  </s>
  <s id="348">
    <time id="T338S" value="00:54:06,137" />
Sy het net so'n stralende lag soos jy gehad
    <time id="T338E" value="00:54:09,256" />
  </s>
  <s id="349">
    <time id="T339S" value="00:54:10,680" />
Jou vader het haar die eerste maal gesien in die tuin op die terras
    <time id="T339E" value="00:54:14,212" />
  </s>
  <s id="350">
    <time id="T340S" value="00:54:14,389" />
Jou moeder in 'n kort blou jurkie
    <time id="T340E" value="00:54:17,090" />
  </s>
  <s id="351">
    <time id="T341S" value="00:54:17,847" />
Sy was stralend, soos jy nou
    <time id="T341E" value="00:54:21,129" />
  </s>
  <s id="352">
    <time id="T342S" value="00:54:21,306" />
My moeder?
  </s>
  <s id="353">
-Ja
    <time id="T342E" value="00:54:22,584" />
  </s>
  <s id="354">
    <time id="T343S" value="00:54:22,764" />
Toe het sy jou vader vir die eerste keer gesien
    <time id="T343E" value="00:54:25,334" />
  </s>
  <s id="355">
    <time id="T344S" value="00:54:29,182" />
Ja
    <time id="T344E" value="00:54:30,639" />
  </s>
  <s id="356">
    <time id="T345S" value="00:54:36,682" />
Tante?
  </s>
  <s id="357">
-Ja?
    <time id="T345E" value="00:54:38,340" />
  </s>
  <s id="358">
    <time id="T346S" value="00:54:38,515" />
Hulle mag nie broeke dra nie
    <time id="T346E" value="00:54:40,704" />
  </s>
  <s id="359">
    <time id="T347S" value="00:54:40,804" />
O? 
  </s>
  <s id="360">
Waarom nie?
    <time id="T347E" value="00:54:43,321" />
  </s>
  <s id="361">
    <time id="T348S" value="00:54:43,809" />
Omdat 'n broek manneklere is
    <time id="T348E" value="00:54:45,838" />
  </s>
  <s id="362">
    <time id="T349S" value="00:54:46,724" />
En 'n vrou in mansklere is vir die Heer 'n gruwel
    <time id="T349E" value="00:54:49,958" />
  </s>
  <s id="363">
    <time id="T350S" value="00:54:50,058" />
Dink jy 'n ligroos-broek is mansklere?
    <time id="T350E" value="00:54:52,702" />
  </s>
  <s id="364">
    <time id="T351S" value="00:54:55,599" />
Bietjie
    <time id="T351E" value="00:54:57,202" />
  </s>
  <s id="365">
    <time id="T352S" value="00:55:16,477" />
Gloria, kyk, my niggie
    <time id="T352E" value="00:55:19,549" />
  </s>
  <s id="366">
    <time id="T353S" value="00:55:54,563" />
Is dit sprokies?
    <time id="T353E" value="00:55:57,183" />
  </s>
  <s id="367">
    <time id="T354S" value="00:55:57,355" />
Ja, baie beroemdes
    <time id="T354E" value="00:56:00,222" />
  </s>
  <s id="368">
    <time id="T355S" value="00:56:02,064" />
Heidense verhale
    <time id="T355E" value="00:56:04,243" />
  </s>
  <s id="369">
    <time id="T356S" value="00:56:06,732" />
En die heks met die aartappelgesiggie... sê dat sy al die lensies moet uithaal uit die as, of sy gaan nie na die bal toe nie
    <time id="T358E" value="00:56:13,887" />
  </s>
  <s id="370">
    <time id="T359S" value="00:56:14,064" />
Maar gelukkig gaan die duiwe en help haar, en toe was sy tog betyds
    <time id="T359E" value="00:56:18,438" />
  </s>
  <s id="371">
    <time id="T360S" value="00:56:18,607" />
Eintlik kan 'n duif nie help nie Dit moet jy nie glo nie
    <time id="T360E" value="00:56:21,690" />
  </s>
  <s id="372">
    <time id="T361S" value="00:56:21,858" />
Maar nou kan jy maar
    <time id="T361E" value="00:56:23,730" />
  </s>
  <s id="373">
    <time id="T362S" value="00:56:24,608" />
Dans pas nie by ons lewensstyl, en pronk met jouself ook nie
    <time id="T362E" value="00:56:29,230" />
  </s>
  <s id="374">
    <time id="T363S" value="00:56:31,191" />
En nou elkeen na sy eie bed
    <time id="T363E" value="00:56:32,933" />
  </s>
  <s id="375">
    <time id="T364S" value="00:56:33,108" />
Rustig slaap
    <time id="T364E" value="00:56:34,684" />
  </s>
  <s id="376">
    <time id="T365S" value="00:58:09,908" />
Kyk!
    <time id="T365E" value="00:58:11,365" />
  </s>
  <s id="377">
    <time id="T366S" value="00:58:14,199" />
So?
    <time id="T366E" value="00:58:15,396" />
  </s>
  <s id="378">
    <time id="T367S" value="00:58:18,743" />
Mooi
    <time id="T367E" value="00:58:19,773" />
  </s>
  <s id="379">
    <time id="T368S" value="00:58:41,702" />
Het jy die boek gekry?
    <time id="T368E" value="00:58:44,180" />
  </s>
  <s id="380">
    <time id="T369S" value="00:58:53,661" />
Ag skat! 
  </s>
  <s id="381">
het jy seergekry?
    <time id="T369E" value="00:58:56,779" />
  </s>
  <s id="382">
    <time id="T370S" value="00:59:00,703" />
A! 
  </s>
  <s id="383">
fantasties!
    <time id="T370E" value="00:59:03,400" />
  </s>
  <s id="384">
    <time id="T371S" value="00:59:10,264" />
Jy lyk soos ek vroeër
    <time id="T371E" value="00:59:12,400" />
  </s>
  <s id="385">
    <time id="T372S" value="00:59:12,580" />
Wag, laat ek jou hare doen
    <time id="T372E" value="00:59:14,985" />
  </s>
  <s id="386">
    <time id="T373S" value="00:59:58,875" />
Kyk nou
    <time id="T373E" value="01:00:00,526" />
  </s>
  <s id="387">
    <time id="T374S" value="01:00:03,542" />
Liefie, jy is pragtig!
  </s>
  <s id="388">
Dit kan jy glo!
    <time id="T374E" value="01:00:07,999" />
  </s>
  <s id="389">
    <time id="T375S" value="01:00:09,792" />
Kyk net
    <time id="T375E" value="01:00:11,890" />
  </s>
  <s id="390">
    <time id="T376S" value="01:00:35,504" />
Nee, ek het nooit 'n kort blou jurkie gehad nie,
    <time id="T376E" value="01:00:38,126" />
  </s>
  <s id="391">
    <time id="T377S" value="01:00:38,226" />
Mari moet haar vergis
    <time id="T377E" value="01:00:40,262" />
  </s>
  <s id="392">
    <time id="T378S" value="01:00:58,255" />
Hê? 
  </s>
  <s id="393">
Wie kan dit tog wees?
    <time id="T378E" value="01:01:00,627" />
  </s>
  <s id="394">
    <time id="T379S" value="01:01:01,840" />
Hulle sal seker vannaand nog hier wees
    <time id="T379E" value="01:01:03,913" />
  </s>
  <s id="395">
    <time id="T380S" value="01:01:27,591" />
Gaan speel jy maar buite
    <time id="T380E" value="01:01:31,134" />
  </s>
  <s id="396">
    <time id="T381S" value="01:03:15,685" />
Jy kan nie hier wees nie
    <time id="T381E" value="01:03:17,529" />
  </s>
  <s id="397">
    <time id="T382S" value="01:03:19,435" />
Dis gevaarlik, jou stommerik!
    <time id="T382E" value="01:03:22,846" />
  </s>
  <s id="398">
    <time id="T383S" value="01:03:23,017" />
Kinders!
    <time id="T383E" value="01:03:24,928" />
  </s>
  <s id="399">
    <time id="T384S" value="01:03:36,226" />
Kinders, Christiaan gaan trou
    <time id="T384E" value="01:03:40,258" />
  </s>
  <s id="400">
    <time id="T385S" value="01:03:42,643" />
Nou, kom, almal bed toe!
    <time id="T385E" value="01:03:45,902" />
  </s>
  <s id="401">
    <time id="T386S" value="01:04:32,197" />
Amen.
    <time id="T386E" value="01:04:34,028" />
  </s>
  <s id="402">
    <time id="T387S" value="01:04:36,399" />
Ek begin met die afkondiginge
    <time id="T387E" value="01:04:39,066" />
  </s>
  <s id="403">
    <time id="T388S" value="01:04:39,233" />
Volgende week word 'n kollekte gehou vir die boufonds
    <time id="T388E" value="01:04:43,522" />
  </s>
  <s id="404">
    <time id="T389S" value="01:04:44,066" />
Christiaan Minderhoud en Pieternella Cornelia Davidse die afgelope week skuldbelydenis gedoen het weens die oortreding van die 7de gebod
    <time id="T391E" value="01:04:56,985" />
  </s>
  <s id="405">
    <time id="T392S" value="01:04:58,109" />
Ons begin die diens met die sing van Psalm 51 verse 1 en 4.
    <time id="T392E" value="01:05:04,555" />
  </s>
  <s id="406">
    <time id="T393S" value="01:05:06,694" />
Sien my berou
    <time id="T393E" value="01:05:08,400" />
  </s>
  <s id="407">
    <time id="T394S" value="01:05:08,569" />
Hoor hoe 'n boeteling pleit en reinig my van al my vuil sonde
    <time id="T395E" value="01:05:14,679" />
  </s>
  <s id="408">
    <time id="T396S" value="01:05:15,976" />
Ontferm, O God, ontferm u tog oor my
    <time id="T398E" value="01:05:36,351" />
  </s>
  <s id="409">
    <time id="T399S" value="01:05:37,737" />
ontsluit die bron van u barmhartighede
    <time id="T400E" value="01:06:00,441" />
  </s>
  <s id="410">
    <time id="T401S" value="01:07:42,623" />
Hello.
    <time id="T401E" value="01:07:44,032" />
  </s>
  <s id="411">
    <time id="T402S" value="01:07:44,831" />
Hello.
    <time id="T402E" value="01:07:46,288" />
  </s>
  <s id="412">
    <time id="T403S" value="01:07:48,330" />
Is u alleen?
    <time id="T403E" value="01:07:49,954" />
  </s>
  <s id="413">
    <time id="T404S" value="01:07:52,624" />
Ja, en jy?
    <time id="T404E" value="01:07:54,464" />
  </s>
  <s id="414">
    <time id="T405S" value="01:07:54,564" />
Is dit jou vader en moeder daar?
    <time id="T405E" value="01:07:56,787" />
  </s>
  <s id="415">
    <time id="T406S" value="01:07:58,082" />
Ja, ons woon in die buurt
    <time id="T406E" value="01:08:01,199" />
  </s>
  <s id="416">
    <time id="T407S" value="01:08:03,457" />
Waar woon u?
  </s>
  <s id="417">
-Den Haag
    <time id="T407E" value="01:08:06,209" />
  </s>
  <s id="418">
    <time id="T408S" value="01:08:15,166" />
Is u nie getroud nie?
    <time id="T408E" value="01:08:17,421" />
  </s>
  <s id="419">
    <time id="T409S" value="01:08:19,334" />
Nie meer
    <time id="T409E" value="01:08:20,791" />
  </s>
  <s id="420">
    <time id="T410S" value="01:08:25,043" />
As niemand tog vir u wag nie... lyk dit nie of u...
    <time id="T411E" value="01:08:30,692" />
  </s>
  <s id="421">
    <time id="T412S" value="01:08:33,418" />
Wat lyk vir my?
  </s>
  <s id="422">
-Wel... miskien as ek by u kom woon
    <time id="T413E" value="01:08:40,149" />
  </s>
  <s id="423">
    <time id="T414S" value="01:08:46,461" />
Wil jy dit regtig?
    <time id="T414E" value="01:08:48,310" />
  </s>
  <s id="424">
    <time id="T415S" value="01:08:49,295" />
Regtig?
  </s>
  <s id="425">
-Regtig
    <time id="T415E" value="01:08:52,276" />
  </s>
  <s id="426">
    <time id="T416S" value="01:08:54,878" />
En in die bed?
    <time id="T416E" value="01:08:56,421" />
  </s>
  <s id="427">
    <time id="T417S" value="01:08:56,588" />
Wat kan jy al in die bed?
    <time id="T417E" value="01:08:58,709" />
  </s>
  <s id="428">
    <time id="T418S" value="01:08:58,880" />
Wat?
    <time id="T418E" value="01:09:00,420" />
  </s>
  <s id="429">
    <time id="T419S" value="01:09:00,588" />
Kan jy jou bene goed oopmaak?
    <time id="T419E" value="01:09:02,780" />
  </s>
  <s id="430">
    <time id="T420S" value="01:09:02,880" />
Of is jy nog bietjie te klein daarvoor?
    <time id="T420E" value="01:09:05,623" />
  </s>
  <s id="431">
    <time id="T421S" value="01:09:19,962" />
Wat praat jy met daardie man?
  </s>
  <s id="432">
Ken jy hom?
    <time id="T421E" value="01:09:22,489" />
  </s>
  <s id="433">
    <time id="T422S" value="01:09:22,589" />
Praat jy sommer met wildvreemdes?
  </s>
  <s id="434">
Skaamtelose slet
    <time id="T422E" value="01:09:25,373" />
  </s>
  <s id="435">
    <time id="T423S" value="01:09:27,297" />
Sy's nie een van ons nie
    <time id="T423E" value="01:09:29,343" />
  </s>
  <s id="436">
    <time id="T424S" value="01:09:34,799" />
Kom, ons gaan
    <time id="T424E" value="01:09:36,741" />
  </s>
  <s id="437">
    <time id="T425S" value="01:09:38,343" />
Knyp af, laat ons gaan
    <time id="T425E" value="01:09:41,241" />
  </s>
  <s id="438">
    <time id="T426S" value="01:09:41,341" />
Maak gou!
    <time id="T426E" value="01:09:43,199" />
  </s>
  <s id="439">
    <time id="T427S" value="01:09:43,299" />
Knyp af, ons gaan!
    <time id="T427E" value="01:09:44,826" />
  </s>
  <s id="440">
    <time id="T428S" value="01:09:44,926" />
Hou jou lelike bek!
    <time id="T428E" value="01:09:46,492" />
  </s>
  <s id="441">
    <time id="T429S" value="01:09:46,592" />
Ek het nie verniet so 'n stem gekry nie
    <time id="T429E" value="01:09:48,417" />
  </s>
  <s id="442">
    <time id="T430S" value="01:09:48,592" />
Die dominie sê ons moet ons talente gebruik
    <time id="T430E" value="01:09:51,308" />
  </s>
  <s id="443">
    <time id="T431S" value="01:09:51,884" />
Sien? 
  </s>
  <s id="444">
Dit het gewerk
    <time id="T431E" value="01:09:54,207" />
  </s>
  <s id="445">
    <time id="T432S" value="01:09:54,758" />
Gelukkig is ek meer getrou aan God as aan mense
    <time id="T432E" value="01:09:57,875" />
  </s>
  <s id="446">
    <time id="T433S" value="01:10:09,760" />
Ons sal spoedig aan iets anders moet dink
    <time id="T433E" value="01:10:12,427" />
  </s>
  <s id="447">
    <time id="T434S" value="01:10:12,594" />
Maar Christaan het 'n pos by 'n firma gekry, so ons kan dit bekostig
    <time id="T434E" value="01:10:17,629" />
  </s>
  <s id="448">
    <time id="T435S" value="01:10:22,179" />
Is dit vir jou lekker om in die dorp te bly?
    <time id="T435E" value="01:10:24,867" />
  </s>
  <s id="449">
    <time id="T436S" value="01:10:24,967" />
Ontsettend
    <time id="T436E" value="01:10:26,995" />
  </s>
  <s id="450">
    <time id="T437S" value="01:10:27,095" />
Regtig?
    <time id="T437E" value="01:10:28,828" />
  </s>
  <s id="451">
    <time id="T438S" value="01:10:28,928" />
Wat soek jy nou?
    <time id="T438E" value="01:10:30,587" />
  </s>
  <s id="452">
    <time id="T439S" value="01:10:30,687" />
Bietjie lemonade vir jou?
    <time id="T439E" value="01:10:32,647" />
  </s>
  <s id="453">
    <time id="T440S" value="01:10:33,469" />
Ek moet eintlik gaan
    <time id="T440E" value="01:10:35,012" />
  </s>
  <s id="454">
    <time id="T441S" value="01:10:42,332" />
Dis seer daar
    <time id="T441E" value="01:10:44,697" />
  </s>
  <s id="455">
    <time id="T442S" value="01:11:25,142" />
Haar raport was swakker as vorige jaar
    <time id="T442E" value="01:11:29,052" />
  </s>
  <s id="456">
    <time id="T443S" value="01:11:29,225" />
Dit kan wel reg wees so
    <time id="T443E" value="01:11:30,718" />
  </s>
  <s id="457">
    <time id="T444S" value="01:11:30,892" />
Ek moet erken, ek was suinig met die uitdeel van punte 'n Hoë punt verlei hulle om te veel van hulleself te dink
    <time id="T445E" value="01:11:38,015" />
  </s>
  <s id="458">
    <time id="T446S" value="01:11:38,183" />
Kinders dink deesdae te veel van hulself
    <time id="T446E" value="01:11:41,632" />
  </s>
  <s id="459">
    <time id="T447S" value="01:11:41,811" />
Hulle vergelyk syfers, en trek dan neus op vir mekaar
    <time id="T447E" value="01:11:46,514" />
  </s>
  <s id="460">
    <time id="T448S" value="01:11:46,685" />
Die skool moet haar ook nie nou van ons vervreem nie
    <time id="T448E" value="01:11:49,600" />
  </s>
  <s id="461">
    <time id="T449S" value="01:11:49,768" />
Ook van God
    <time id="T449E" value="01:11:51,226" />
  </s>
  <s id="462">
    <time id="T450S" value="01:11:51,393" />
Laat ons dit maar stap vir stap neem
    <time id="T450E" value="01:11:53,219" />
  </s>
  <s id="463">
    <time id="T451S" value="01:11:53,393" />
Met hierdie raport kan sy in elk geval na die skool in Goes.
    <time id="T451E" value="01:11:56,759" />
  </s>
  <s id="464">
    <time id="T452S" value="01:12:03,020" />
Haai, stop om so 'n lawaai te maak!
    <time id="T452E" value="01:12:05,721" />
  </s>
  <s id="465">
    <time id="T453S" value="01:12:08,020" />
Maar dit moet moontlik wees
    <time id="T453E" value="01:12:09,844" />
  </s>
  <s id="466">
    <time id="T454S" value="01:12:11,645" />
Verskuif die trekker maar eers
    <time id="T454E" value="01:12:13,685" />
  </s>
  <s id="467">
    <time id="T455S" value="01:12:16,521" />
Was my onderwyser gisteraand hier?
    <time id="T455E" value="01:12:18,737" />
  </s>
  <s id="468">
    <time id="T456S" value="01:12:18,837" />
Hy is darem 'n vreeslike plakker!
    <time id="T456E" value="01:12:21,005" />
  </s>
  <s id="469">
    <time id="T457S" value="01:12:21,105" />
Om half-elf was hy nog daar!
    <time id="T457E" value="01:12:23,142" />
  </s>
  <s id="470">
    <time id="T458S" value="01:12:31,939" />
En wat wou hy hê?
    <time id="T458E" value="01:12:33,610" />
  </s>
  <s id="471">
    <time id="T459S" value="01:12:33,710" />
Kan jy nie sien ons is besig, Katelijne?
    <time id="T459E" value="01:12:35,631" />
  </s>
  <s id="472">
    <time id="T460S" value="01:12:35,731" />
Ja!
    <time id="T460E" value="01:12:37,576" />
  </s>
  <s id="473">
    <time id="T461S" value="01:12:44,648" />
Wat sê my Meester gister?
    <time id="T461E" value="01:12:47,109" />
  </s>
  <s id="474">
    <time id="T462S" value="01:12:47,209" />
Is dit nou 'n vreeslike plakker!
    <time id="T462E" value="01:12:49,840" />
  </s>
  <s id="475">
    <time id="T463S" value="01:12:49,940" />
Nou ja, hoe anders, tuis wag niemand vir hom nie
    <time id="T463E" value="01:12:55,060" />
  </s>
  <s id="476">
    <time id="T464S" value="01:12:56,941" />
Is dit nou weer nodig?
    <time id="T464E" value="01:12:58,730" />
  </s>
  <s id="477">
    <time id="T465S" value="01:13:03,651" />
Die tuin is regtig mooi
    <time id="T465E" value="01:13:05,643" />
  </s>
  <s id="478">
    <time id="T466S" value="01:13:08,025" />
Ja
    <time id="T466E" value="01:13:09,648" />
  </s>
  <s id="479">
    <time id="T467S" value="01:13:09,817" />
Ek het nie gedink dit sal so mooi wees in die voorjaar nie
    <time id="T467E" value="01:13:13,395" />
  </s>
  <s id="480">
    <time id="T468S" value="01:13:14,608" />
Ek kan byna my tuin oopstel vir ander entoesiaste
    <time id="T468E" value="01:13:18,056" />
  </s>
  <s id="481">
    <time id="T469S" value="01:13:18,233" />
Mamma, dis wonderlik!
    <time id="T469E" value="01:13:19,775" />
  </s>
  <s id="482">
    <time id="T470S" value="01:13:21,444" />
Die tuin is 'n afgod, plant tog kool of ertjies
    <time id="T471E" value="01:13:25,931" />
  </s>
  <s id="483">
    <time id="T472S" value="01:13:29,359" />
Die Here moet groter, en ek kleiner word, so is dit!
    <time id="T472E" value="01:13:32,807" />
  </s>
  <s id="484">
    <time id="T473S" value="01:13:34,068" />
Al daardie gelesery
    <time id="T473E" value="01:13:35,998" />
  </s>
  <s id="485">
    <time id="T474S" value="01:13:36,819" />
Dit sal jou so dom soos 'n bok maak!
    <time id="T474E" value="01:13:39,603" />
  </s>
  <s id="486">
    <time id="T475S" value="01:13:39,779" />
Maak solank die tuinstoele skoon
    <time id="T475E" value="01:13:42,017" />
  </s>
  <s id="487">
    <time id="T476S" value="01:14:45,480" />
Goed, kom maar in
    <time id="T476E" value="01:14:47,445" />
  </s>
  <s id="488">
    <time id="T477S" value="01:15:47,956" />
Gister het Petra nog 'n slag die rok gaan aanpas
    <time id="T477E" value="01:15:51,322" />
  </s>
  <s id="489">
    <time id="T478S" value="01:15:51,497" />
Maar Petra sê ek mag nie vertel nie
    <time id="T478E" value="01:15:54,068" />
  </s>
  <s id="490">
    <time id="T479S" value="01:15:54,247" />
Die materiaal is so sag!
    <time id="T479E" value="01:15:56,996" />
  </s>
  <s id="491">
    <time id="T480S" value="01:15:57,164" />
Is daar hoepels in?
  </s>
  <s id="492">
-Ek mag nie sê nie
    <time id="T480E" value="01:16:00,245" />
  </s>
  <s id="493">
    <time id="T481S" value="01:16:00,413" />
Ek mag net sê dat dit baie mooi is 
  </s>
  <s id="494">
-Watter kleur?
    <time id="T481E" value="01:16:03,366" />
  </s>
  <s id="495">
    <time id="T482S" value="01:16:03,541" />
Sjoe, my arm is nou lam!
    <time id="T482E" value="01:16:06,657" />
  </s>
  <s id="496">
    <time id="T483S" value="01:16:14,957" />
Wat dink jy?
    <time id="T483E" value="01:16:16,366" />
  </s>
  <s id="497">
    <time id="T484S" value="01:16:27,291" />
Dis jammer dat Oupa nie by is om dit alles mee te maak nie
    <time id="T484E" value="01:16:29,862" />
  </s>
  <s id="498">
    <time id="T485S" value="01:16:33,126" />
As ek aan hom dink, Katelijne, dan wonder ek wat van hom geword het
    <time id="T485E" value="01:16:38,460" />
  </s>
  <s id="499">
    <time id="T486S" value="01:16:38,627" />
Ek wonder waar hy nou is
    <time id="T486E" value="01:16:40,723" />
  </s>
  <s id="500">
    <time id="T487S" value="01:16:43,960" />
Ek wil nie aan sy treurige einde dink nie
    <time id="T487E" value="01:16:48,498" />
  </s>
  <s id="501">
    <time id="T488S" value="01:16:51,084" />
En om te sê dat hy sleg was, is tog ook nie waar nie
    <time id="T488E" value="01:16:56,241" />
  </s>
  <s id="502">
    <time id="T489S" value="01:16:57,169" />
Hy wou altyd graag ander mense help
    <time id="T489E" value="01:16:59,714" />
  </s>
  <s id="503">
    <time id="T490S" value="01:17:01,961" />
Maar dit is nou menslike redenasie
    <time id="T490E" value="01:17:06,286" />
  </s>
  <s id="504">
    <time id="T491S" value="01:17:24,546" />
Ek dink dat oupa beter af is as wat ma dink
    <time id="T491E" value="01:17:27,794" />
  </s>
  <s id="505">
    <time id="T492S" value="01:17:34,381" />
Onthou die keer toe Oupa met my stad toe gegaan het?
    <time id="T492E" value="01:17:37,746" />
  </s>
  <s id="506">
    <time id="T493S" value="01:17:40,296" />
Toe ons terugry het iets vreemd gebeur
    <time id="T493E" value="01:17:43,340" />
  </s>
  <s id="507">
    <time id="T494S" value="01:17:53,382" />
U ken die kruispad by blommeweiding?
    <time id="T494E" value="01:17:57,210" />
  </s>
  <s id="508">
    <time id="T495S" value="01:17:57,381" />
Daar het 'n ou vroutjie gestaan
    <time id="T495E" value="01:17:59,291" />
  </s>
  <s id="509">
    <time id="T496S" value="01:18:07,175" />
Op daardie oomblik het Oupa iemand hoor sing
    <time id="T496E" value="01:18:11,002" />
  </s>
  <s id="510">
    <time id="T497S" value="01:18:14,300" />
Ek het niks gehoor nie
    <time id="T497E" value="01:18:16,174" />
  </s>
  <s id="511">
    <time id="T498S" value="01:18:16,343" />
Oupa het stadiger gery om beter te kan hoor
    <time id="T498E" value="01:18:19,874" />
  </s>
  <s id="512">
    <time id="T499S" value="01:18:21,052" />
Ek hoor steeds niks nie
    <time id="T499E" value="01:18:23,042" />
  </s>
  <s id="513">
    <time id="T500S" value="01:18:41,928" />
As Oupa nie stadiger gery het nie, was ons albei dood
    <time id="T500E" value="01:18:45,210" />
  </s>
  <s id="514">
    <time id="T501S" value="01:18:50,137" />
Ro het my nooit vertel nie!
    <time id="T501E" value="01:18:52,708" />
  </s>
  <s id="515">
    <time id="T502S" value="01:18:55,220" />
Nou-ja, hy het my nooit iets vertel nie
    <time id="T502E" value="01:18:57,590" />
  </s>
  <s id="516">
    <time id="T503S" value="01:19:00,513" />
Ek het dadelik aan die psalm gedink
    <time id="T503E" value="01:19:03,426" />
  </s>
  <s id="517">
    <time id="T504S" value="01:19:05,931" />
'Die Heer verlos en bewaar sy volk"
    <time id="T504E" value="01:19:07,922" />
  </s>
  <s id="518">
    <time id="T505S" value="01:19:08,097" />
"Die Heer verlos sy volk wat op sy guns vertrou"
    <time id="T505E" value="01:19:11,260" />
  </s>
  <s id="519">
    <time id="T506S" value="01:19:11,431" />
"en sal hul wat op sy guns vertrou nooit verlaat nie"
    <time id="T506E" value="01:19:15,009" />
  </s>
  <s id="520">
    <time id="T507S" value="01:19:15,181" />
Ja, daardie een
    <time id="T507E" value="01:19:16,342" />
  </s>
  <s id="521">
    <time id="T508S" value="01:19:16,514" />
Oupa het gesê dis die psalm wat hy daar by die kruispad gehoor het
    <time id="T508E" value="01:19:21,303" />
  </s>
  <s id="522">
    <time id="T509S" value="01:19:25,557" />
Ek het nie eintlik met Oupa gepraat daarna nie
    <time id="T509E" value="01:19:28,590" />
  </s>
  <s id="523">
    <time id="T510S" value="01:19:28,765" />
En by die begrafnis het ek daardie psalm weer gehoor
    <time id="T510E" value="01:19:31,928" />
  </s>
  <s id="524">
    <time id="T511S" value="01:19:34,140" />
Ek kon nog nie met iemand hieroor praat nie
    <time id="T511E" value="01:19:37,887" />
  </s>
  <s id="525">
    <time id="T512S" value="01:19:39,391" />
So, hier is julle!
    <time id="T512E" value="01:19:40,588" />
  </s>
  <s id="526">
    <time id="T513S" value="01:19:40,766" />
Is julle heeltemaal van julle verstand af?
    <time id="T513E" value="01:19:43,089" />
  </s>
  <s id="527">
    <time id="T514S" value="01:19:43,266" />
Weet julle wat alles nog moet gedoen word?
    <time id="T514E" value="01:19:45,600" />
  </s>
  <s id="528">
    <time id="T515S" value="01:19:52,641" />
Dankie vir die koek
    <time id="T515E" value="01:19:54,385" />
  </s>
  <s id="529">
    <time id="T516S" value="01:19:54,976" />
Vir jou ook, dankie, kind
    <time id="T516E" value="01:19:56,932" />
  </s>
  <s id="530">
    <time id="T517S" value="01:20:43,939" />
Hier!
    <time id="T517E" value="01:20:46,081" />
  </s>
  <s id="531">
    <time id="T518S" value="01:21:10,691" />
In 'n huwelik is dit die taak van die man... as hoof van die vrou... om die vrou te leer en ook om haar te troos... en te beskerm
    <time id="T522E" value="01:21:28,606" />
  </s>
  <s id="532">
    <time id="T523S" value="01:21:29,816" />
U, vrou... moet u wettige man gehoorsaam wees in alle dinge,
    <time id="T524E" value="01:21:37,524" />
  </s>
  <s id="533">
    <time id="T525S" value="01:21:39,277" />
Want is dit nie so dat Adam eerste gemaak is nie?
    <time id="T525E" value="01:21:45,025" />
  </s>
  <s id="534">
    <time id="T526S" value="01:21:45,193" />
en daarna Eva om Adam te help
    <time id="T526E" value="01:21:49,022" />
  </s>
  <s id="535">
    <time id="T527S" value="01:21:50,694" />
Netsoos Sarah... wat gehoorsaam was aan haar man Abraham en hom genoem het 'haar heer'.
    <time id="T529E" value="01:22:00,893" />
  </s>
  <s id="536">
    <time id="T530S" value="01:22:34,613" />
Soos 'n hert in dorre streke
    <time id="T530E" value="01:22:43,277" />
  </s>
  <s id="537">
    <time id="T531S" value="01:23:59,729" />
Ja, my siel dors na die Heer!
    <time id="T531E" value="01:24:07,585" />
  </s>
  <s id="538">
    <time id="T532S" value="01:24:07,955" />
na die Lewensbron, wanneer sal'k na swerftog en benouing?
    <time id="T533E" value="01:24:24,282" />
  </s>
  <s id="539">
    <time id="T534S" value="01:24:25,280" />
God weer sien in klare-aanskouing?
    <time id="T534E" value="01:24:36,034" />
  </s>
  <meta>
    <conversion>
      <tokens>3837</tokens>
      <encoding>windows-1252</encoding>
      <corrected_words>0</corrected_words>
      <truecased_words>0</truecased_words>
      <unknown_words>0</unknown_words>
      <sentences>539</sentences>
      <ignored_blocks>0</ignored_blocks>
    </conversion>
    <subtitle>
      <machine_translated>0</machine_translated>
      <date>2016-07-27</date>
      <language>Afrikaans</language>
      <confidence>1.0</confidence>
      <duration>01:24:36,034</duration>
      <blocks>534</blocks>
      <version>1</version>
      <rating>7.0</rating>
    </subtitle>
    <source>
      <duration>94</duration>
      <genre>Drama</genre>
      <country>Belgium, Netherlands</country>
      <year>2014</year>
      <HD>0</HD>
      <cds>1/1</cds>
      <original>Dutch</original>
    </source>
  </meta>
</document>
