<?xml version="1.0" encoding="utf-8"?>
<document id="5509776">
  <s id="1">
    <time id="T1S" value="00:01:24,879" />
God, wees ons genadig.
    <time id="T1E" value="00:10:30,587" />
  </s>
  <s id="2">
    <time id="T2S" value="00:10:41,516" />
Christus, wees ons genadig.
    <time id="T2E" value="00:15:54,806" />
  </s>
  <s id="3">
    <time id="T3S" value="00:15:59,906" />
God, wees ons genadig.
    <time id="T3E" value="00:19:27,275" />
  </s>
  <s id="4">
    <time id="T4S" value="00:19:42,124" />
Glorie aan God in die hoogste, en vrede op aarde vir al U kinders.
    <time id="T5E" value="00:25:59,370" />
  </s>
  <s id="5">
    <time id="T6S" value="00:26:15,194" />
Ons loof U, ons prys U ons aanbid U, ons verheerlik U.
    <time id="T7E" value="00:27:42,382" />
  </s>
  <s id="6">
    <time id="T8S" value="00:27:43,352" />
Ons loof U, ons prys U, ons aanbid U, ons verheerlik U.
    <time id="T8E" value="00:30:23,276" />
  </s>
  <s id="7">
    <time id="T9S" value="00:30:38,212" />
Ons dank U vir U groot glorie,
    <time id="T9E" value="00:30:56,062" />
  </s>
  <s id="8">
    <time id="T10S" value="00:30:56,801" />
Here God, hemelse Koning,
    <time id="T10E" value="00:33:42,080" />
  </s>
  <s id="9">
    <time id="T11S" value="00:34:02,215" />
God die Vader Almagtig.
  </s>
  <s id="10">
Heer, eniggebore Seun, Jesus Christus
    <time id="T11E" value="00:34:59,408" />
  </s>
  <s id="11">
    <time id="T12S" value="00:35:21,266" />
God die Vader Almagtig.
  </s>
  <s id="12">
Heer, eniggebore Seun, Jesus Christus
    <time id="T12E" value="00:38:20,497" />
  </s>
  <s id="13">
    <time id="T13S" value="00:38:21,590" />
Here God, Lam van God, Seun van die Vader.
    <time id="T13E" value="00:39:47,198" />
  </s>
  <s id="14">
    <time id="T14S" value="00:39:47,563" />
U wat die sonde van die wêreld wegneem, wees ons genadig.
    <time id="T15E" value="00:41:27,014" />
  </s>
  <s id="15">
    <time id="T16S" value="00:41:28,117" />
U wat die sonde van die wêreld wegneem, verhoor ons gebed.
    <time id="T17E" value="00:43:02,823" />
  </s>
  <s id="16">
    <time id="T18S" value="00:43:09,052" />
U wat aan die Vader se regterhand sit, wees ons genadig.
    <time id="T19E" value="00:45:02,674" />
  </s>
  <s id="17">
    <time id="T20S" value="00:45:04,496" />
U wat aan die Vader se regterhand sit, wees ons genadig.
    <time id="T20E" value="00:47:28,391" />
  </s>
  <s id="18">
    <time id="T21S" value="00:47:43,430" />
Want U alleen is heilig,
    <time id="T21E" value="00:48:17,934" />
  </s>
  <s id="19">
    <time id="T22S" value="00:48:19,756" />
U alleen is heilig, U alleen is Here.
    <time id="T22E" value="00:49:31,885" />
  </s>
  <s id="20">
    <time id="T23S" value="00:49:32,250" />
U alleen is die Allerhoogste, Jesus Christus.
    <time id="T23E" value="00:50:47,388" />
  </s>
  <s id="21">
    <time id="T24S" value="00:50:49,337" />
Want U alleen is heilig, U alleen is Here.
    <time id="T24E" value="00:51:17,165" />
  </s>
  <s id="22">
    <time id="T25S" value="00:51:18,188" />
U alleen is die Allerhoogste, Jesus Christus.
    <time id="T25E" value="00:52:06,895" />
  </s>
  <s id="23">
    <time id="T26S" value="00:52:16,181" />
Met die Heilige Gees in die glorie van die Vader, Amen.
    <time id="T26E" value="00:53:05,136" />
  </s>
  <s id="24">
    <time id="T27S" value="00:53:13,010" />
Met die Heilige Gees in die glorie van die Vader, Amen.
    <time id="T27E" value="00:55:31,076" />
  </s>
  <s id="25">
    <time id="T28S" value="00:55:47,469" />
Ons glo in een God, die Vader, die Almagtige
    <time id="T29E" value="00:58:00,800" />
  </s>
  <s id="26">
    <time id="T30S" value="00:58:00,810" />
Skepper van hemel en aarde, alles sigbaar en onsigbaar.
    <time id="T30E" value="00:59:28,862" />
  </s>
  <s id="27">
    <time id="T31S" value="00:59:40,944" />
En in een Here, Jesus Christus, die Seun van God, ewig en uit die
    <time id="T32E" value="01:00:40,873" />
  </s>
  <s id="28">
    <time id="T33S" value="01:00:42,181" />
Vader gebore, God uit God, lig uit lig, ware God uit ware God, gebore,
    <time id="T34E" value="01:02:28,326" />
  </s>
  <s id="29">
    <time id="T35S" value="01:02:29,581" />
een in wese met die Vader;
    <time id="T35E" value="01:03:05,538" />
  </s>
  <s id="30">
    <time id="T36S" value="01:03:06,792" />
deur wie alles tot stand gekom het.
    <time id="T36E" value="01:03:30,473" />
  </s>
  <s id="31">
    <time id="T37S" value="01:03:31,460" />
Hy het ter wille van ons en ons saligheid uit die hemel neergedaal.
    <time id="T37E" value="01:04:11,814" />
  </s>
  <s id="32">
    <time id="T38S" value="01:04:25,855" />
En deur die Heilige Gees uit die maagd Maria, vlees geword;
    <time id="T39E" value="01:07:22,901" />
  </s>
  <s id="33">
    <time id="T40S" value="01:07:23,928" />
Hy het mens geword.
    <time id="T40E" value="01:08:03,337" />
  </s>
  <s id="34">
    <time id="T41S" value="01:08:08,388" />
Onder Pontius Pilatus is Hy vir ons gekruisig; 
  </s>
  <s id="35">
Hy het gely en is begrawe.
    <time id="T42E" value="01:12:03,223" />
  </s>
  <s id="36">
    <time id="T43S" value="01:12:05,313" />
Op die derde dag het Hy opgestaan volgens die Skrifte,
    <time id="T44E" value="01:12:58,831" />
  </s>
  <s id="37">
    <time id="T45S" value="01:13:00,085" />
en opgevaar na die hemel.
    <time id="T45E" value="01:13:26,426" />
  </s>
  <s id="38">
    <time id="T46S" value="01:13:27,680" />
Hy sit aan die regterhand van die Vader, en Hy sal met heerlikheid kom.
    <time id="T47E" value="01:14:08,237" />
  </s>
  <s id="39">
    <time id="T48S" value="01:14:09,073" />
om die lewendes en dooies te oordeel.
    <time id="T48E" value="01:14:19,650" />
  </s>
  <s id="40">
    <time id="T49S" value="01:14:19,895" />
Aan sy koningskap is daar geen einde nie.
    <time id="T49E" value="01:15:36,201" />
  </s>
  <s id="41">
    <time id="T50S" value="01:15:52,594" />
Ons glo in die Heilige Gees, wat God is en lewend maak, en van die Vader en Seun uitgaan, en
    <time id="T52E" value="01:17:54,850" />
  </s>
  <s id="42">
    <time id="T53S" value="01:17:56,523" />
saam aanbid en verheerlik word.
    <time id="T53E" value="01:18:36,661" />
  </s>
  <s id="43">
    <time id="T54S" value="01:18:37,207" />
Hy het deur die profete gespreek.
    <time id="T54E" value="01:19:06,711" />
  </s>
  <s id="44">
    <time id="T55S" value="01:19:17,218" />
Ons glo aan een, heilige, algemene en apostoliese kerk.
    <time id="T55E" value="01:20:58,461" />
  </s>
  <s id="45">
    <time id="T56S" value="01:21:09,688" />
Ons bely een doop tot vergifnis van sondes.
    <time id="T57E" value="01:23:51,077" />
  </s>
  <s id="46">
    <time id="T58S" value="01:23:51,834" />
Ons verwag die opstanding van die dooies, en die ewige lewe. 
  </s>
  <s id="47">
Amen.
    <time id="T59E" value="01:27:42,511" />
  </s>
  <s id="48">
    <time id="T60S" value="01:27:54,556" />
Heilig, heilig, heilig,
    <time id="T60E" value="01:28:12,394" />
  </s>
  <s id="49">
    <time id="T61S" value="01:28:13,648" />
Heilig, God van die Lëerskare.
    <time id="T61E" value="01:31:12,180" />
  </s>
  <s id="50">
    <time id="T62S" value="01:31:13,434" />
Die Hemel en aarde is vol van U glorie.
    <time id="T62E" value="01:33:16,776" />
  </s>
  <s id="51">
    <time id="T63S" value="01:33:17,943" />
Hosanna in die hoogste!
    <time id="T63E" value="01:35:43,211" />
  </s>
  <s id="52">
    <time id="T64S" value="01:35:52,701" />
Gesëend, hy wat kom in die Naam van die Here.
    <time id="T64E" value="01:40:26,171" />
  </s>
  <s id="53">
    <time id="T65S" value="01:40:27,543" />
Hosanna in die hoogste!
    <time id="T65E" value="01:42:47,336" />
  </s>
  <s id="54">
    <time id="T66S" value="01:42:58,362" />
Lam van God, wat die sonde van die wêreld wegneem, wees ons genadig.
    <time id="T67E" value="01:45:52,295" />
  </s>
  <s id="55">
    <time id="T68S" value="01:45:54,385" />
Lam van God, wat die sonde van die wêreld wegneem, wees ons genadig.
    <time id="T68E" value="01:48:58,770" />
  </s>
  <s id="56">
    <time id="T69S" value="01:49:13,502" />
Gee aan ons vrede.
    <time id="T69E" value="01:52:40,455" />
  </s>
  <meta>
    <conversion>
      <tokens>561</tokens>
      <encoding>utf-8</encoding>
      <corrected_words>0</corrected_words>
      <truecased_words>0</truecased_words>
      <unknown_words>0</unknown_words>
      <sentences>56</sentences>
      <ignored_blocks>0</ignored_blocks>
    </conversion>
    <subtitle>
      <machine_translated>0</machine_translated>
      <date>2014-01-24</date>
      <language>Afrikaans</language>
      <confidence>1.0</confidence>
      <duration>01:52:40,455</duration>
      <blocks>69</blocks>
      <version>1</version>
      <rating>3.0</rating>
    </subtitle>
    <source>
      <HD>0</HD>
      <cds>1/1</cds>
    </source>
  </meta>
</document>
