<?xml version="1.0" encoding="utf-8"?>
<document id="5327122">
  <s id="1">
    <time id="T1S" value="00:00:00,300" />
NCIS.S11E01.HDTV.x264-LOL
    <time id="T1E" value="00:00:01,840" />
  </s>
  <s id="2">
    <time id="T2S" value="00:00:01,964" />
Vroeër in NCIS.
    <time id="T2E" value="00:00:04,117" />
  </s>
  <s id="3">
    <time id="T3S" value="00:00:04,167" />
Geen soen vir jou vader?
  </s>
  <s id="4">
- Wat doen jy hier?
    <time id="T3E" value="00:00:06,657" />
  </s>
  <s id="5">
    <time id="T4S" value="00:00:06,707" />
Arash Kazmi is die VEVAK eweknie van Eli David.
    <time id="T4E" value="00:00:09,129" />
  </s>
  <s id="6">
    <time id="T5S" value="00:00:09,179" />
Die eerste besoek van Kazmi in die VSA en toevallig is Eli hier ook.
    <time id="T5E" value="00:00:12,739" />
  </s>
  <s id="7">
    <time id="T6S" value="00:00:14,205" />
Hoekom, Eli is dood?
  </s>
  <s id="8">
Ek was die wat hom genader om oor vrede te praat.
    <time id="T7E" value="00:00:19,991" />
  </s>
  <s id="9">
    <time id="T8S" value="00:00:21,697" />
Wat vertel jy nie, Tom?
  </s>
  <s id="10">
- Die CIA het vermoor Kazmi.
    <time id="T8E" value="00:00:25,181" />
  </s>
  <s id="11">
    <time id="T9S" value="00:00:25,231" />
Spesiale agent Leroy Jethro Gibbs, jy het bewys gemanipuleer en u het die reg belemmer.
  </s>
  <s id="12">
- 'n Nagtelike aflewering op die drumpel.
    <time id="T10E" value="00:00:32,392" />
  </s>
  <s id="13">
    <time id="T11S" value="00:00:32,442" />
Gestuur vanuit Riyad, Saoedi-Arabië.
  </s>
  <s id="14">
Maak kennis met, navy seal Chad McBride.
    <time id="T11E" value="00:00:36,581" />
  </s>
  <s id="15">
    <time id="T12S" value="00:00:36,631" />
Ek het duisende dokumente gereed om Leroy Jethro Gibbs aan te kla.
    <time id="T12E" value="00:00:40,735" />
  </s>
  <s id="16">
    <time id="T13S" value="00:00:40,785" />
Parsons, jy moet weet dat die span van Gibbs ontslag geneem het.
    <time id="T13E" value="00:00:43,823" />
  </s>
  <s id="17">
    <time id="T14S" value="00:00:43,873" />
Tom Morrow het dalk 'n oplossing.
  </s>
  <s id="18">
As dit slaag, is dit alles van die baan.
    <time id="T14E" value="00:00:47,042" />
  </s>
  <s id="19">
    <time id="T15S" value="00:00:47,092" />
Waar is Gibbs?
  </s>
  <s id="20">
- 'n Spesiale missie vir JSOC.
    <time id="T15E" value="00:00:49,671" />
  </s>
  <s id="21">
    <time id="T16S" value="00:00:50,118" />
Gibbs, doen dit.
    <time id="T16E" value="00:00:52,484" />
  </s>
  <s id="22">
    <time id="T17S" value="00:01:01,057" />
Vier maande gelede
    <time id="T17E" value="00:01:03,554" />
  </s>
  <s id="23">
    <time id="T18S" value="00:01:11,911" />
Meneer, het u even?
    <time id="T18E" value="00:01:13,956" />
  </s>
  <s id="24">
    <time id="T19S" value="00:01:14,006" />
Gaan na huis, Richard.
    <time id="T19E" value="00:01:15,982" />
  </s>
  <s id="25">
    <time id="T20S" value="00:01:16,032" />
Ek het gedink dat jy jou verdriet nou wel aan die verdrink sou wees.
    <time id="T20E" value="00:01:18,341" />
  </s>
  <s id="26">
    <time id="T21S" value="00:01:18,391" />
Wel, ek weet dat sekretaris Jarvis binne is en ek sou graag vyf minute met u twee oor die NCIS praat.
    <time id="T22E" value="00:01:24,969" />
  </s>
  <s id="27">
    <time id="T23S" value="00:01:25,019" />
Dit is nie die plek.
    <time id="T23E" value="00:01:26,302" />
  </s>
  <s id="28">
    <time id="T24S" value="00:01:26,352" />
Dit is my taak die NCIS tak skoon te maak en ek is op 'n sylyn gesit.
    <time id="T24E" value="00:01:30,745" />
  </s>
  <s id="29">
    <time id="T25S" value="00:01:30,795" />
Vir 'n half geheime missie, omdat julle wil dat Gibbs cowboy speel.
    <time id="T25E" value="00:01:36,267" />
  </s>
  <s id="30">
    <time id="T26S" value="00:01:38,267" />
Binnelandse veiligheid is nie die enigste agentskap wat beslis.
    <time id="T26E" value="00:01:41,462" />
  </s>
  <s id="31">
    <time id="T27S" value="00:01:41,512" />
Sekretaris Jarvis en die CIA direkteur gaan daarmee eens.
    <time id="T27E" value="00:01:44,901" />
  </s>
  <s id="32">
    <time id="T28S" value="00:01:44,951" />
Die sending het voorrang.
  </s>
  <s id="33">
- My saak is politiek teengestaan?
  </s>
  <s id="34">
.
    <time id="T28E" value="00:01:49,059" />
  </s>
  <s id="35">
    <time id="T29S" value="00:01:49,109" />
Gibbs kry 'n gratis " verlaat die tronk " kaart.
    <time id="T29E" value="00:01:51,736" />
  </s>
  <s id="36">
    <time id="T30S" value="00:01:51,836" />
Dit is verkeerd.
  </s>
  <s id="37">
- Voortsetting van die gesprek is verkeerd.
    <time id="T30E" value="00:01:55,811" />
  </s>
  <s id="38">
    <time id="T31S" value="00:01:55,911" />
Gibbs het 'n opdrag, jou koppige kortsigtigheid sit wat in die pad.
    <time id="T31E" value="00:02:00,929" />
  </s>
  <s id="39">
    <time id="T32S" value="00:02:01,679" />
Vertel my eers, wat is so belangrik dat 'n opdrag 'n loopbaan van reëls breek kan overtroeven?
    <time id="T33E" value="00:02:08,646" />
  </s>
  <s id="40">
    <time id="T34S" value="00:02:08,696" />
Hoe minder jy weet, hoe beter.
  </s>
  <s id="41">
Glo my, ek doen jou 'n guns.
    <time id="T34E" value="00:02:12,855" />
  </s>
  <s id="42">
    <time id="T35S" value="00:02:12,905" />
Ek gaan tot op die bodem gaan.
    <time id="T35E" value="00:02:15,317" />
  </s>
  <s id="43">
    <time id="T36S" value="00:02:15,367" />
Daar is 'n streep in die sand, Parsons.
    <time id="T36E" value="00:02:17,745" />
  </s>
  <s id="44">
    <time id="T37S" value="00:02:17,795" />
Gaan daar nie oor.
    <time id="T37E" value="00:02:20,185" />
  </s>
  <s id="45">
    <time id="T38S" value="00:02:39,408" />
NCIS Seisoen 11 
  </s>
  <s id="46">
- Episode 1 Whiskey Tango Foxtrot
    <time id="T38E" value="00:02:44,942" />
  </s>
  <s id="47">
    <time id="T39S" value="00:03:05,451" />
Vertaling en sync deur: 
  </s>
  <s id="48">
Rie van die Buggy 's
    <time id="T39E" value="00:03:08,932" />
  </s>
  <s id="49">
    <time id="T40S" value="00:03:09,511" />
TERREURAANVAL DOOD NAVYSECRETARIS
    <time id="T40E" value="00:03:11,235" />
  </s>
  <s id="50">
    <time id="T41S" value="00:03:11,335" />
Dit is so vreemd.
    <time id="T41E" value="00:03:12,899" />
  </s>
  <s id="51">
    <time id="T42S" value="00:03:12,949" />
"Vreemd" is maar een van die vele adjectieven wat ek kan gebruik in sulke omstandighede, Mr Palmer.
    <time id="T43E" value="00:03:18,980" />
  </s>
  <s id="52">
    <time id="T44S" value="00:03:19,080" />
Was die enge Parsons maar nie met sy heksejag begin.
    <time id="T44E" value="00:03:23,120" />
  </s>
  <s id="53">
    <time id="T45S" value="00:03:23,170" />
Dan was dit nie gebeur nie.
  </s>
  <s id="54">
- Die engerd, soos jy hom noem, Abby, blaas die hotel nie op.
    <time id="T46E" value="00:03:28,798" />
  </s>
  <s id="55">
    <time id="T47S" value="00:03:28,848" />
Maar Gibbs en die ander, sou hier nog sy en kon dit dalk verhinder het.
  </s>
  <s id="56">
- Wel, daar wag ons 'n lange nag.
    <time id="T48E" value="00:03:36,001" />
  </s>
  <s id="57">
    <time id="T49S" value="00:03:37,303" />
Ek ken die sekretaris nie, maar ek hoor dat hy getroud was en kinders gehad het.
  </s>
  <s id="58">
- Ja, hy en direkteur Vance was vriende.
    <time id="T50E" value="00:03:43,731" />
  </s>
  <s id="59">
    <time id="T51S" value="00:03:43,781" />
Waarom het ons nie meer onderneem om die ondersoek van Parsons teen te hou. 
  </s>
  <s id="60">
Soos byvoorbeeld, 'n besetting, of 'n eetstaking.
  </s>
  <s id="61">
- Ek is nie goed in eetstakings.
    <time id="T53E" value="00:03:52,997" />
  </s>
  <s id="62">
    <time id="T54S" value="00:03:53,097" />
Ek word ijlhoofdig rond vier uur as ek geen snack het.
    <time id="T54E" value="00:03:55,910" />
  </s>
  <s id="63">
    <time id="T55S" value="00:03:55,960" />
Ons moet ophou met ons selfbejammering.
    <time id="T55E" value="00:03:59,578" />
  </s>
  <s id="64">
    <time id="T56S" value="00:03:59,628" />
Daar is werk te doen en op hierdie oomblik het die verantwoordelikes die oorhand.
    <time id="T56E" value="00:04:03,749" />
  </s>
  <s id="65">
    <time id="T57S" value="00:04:03,799" />
Sekretaris Jarvis en die ander slagoffers staatmaak op ons.
    <time id="T57E" value="00:04:07,542" />
  </s>
  <s id="66">
    <time id="T58S" value="00:04:09,538" />
Gibbs, jy is daar.
  </s>
  <s id="67">
Of begin ek dinge te sien.
    <time id="T58E" value="00:04:12,188" />
  </s>
  <s id="68">
    <time id="T59S" value="00:04:12,288" />
Het julle geen werk?
  </s>
  <s id="69">
- Ja, Jethro.
    <time id="T59E" value="00:04:15,637" />
  </s>
  <s id="70">
    <time id="T60S" value="00:04:16,253" />
En ons staan gretig.
  </s>
  <s id="71">
Sal ons?
    <time id="T60E" value="00:04:19,690" />
  </s>
  <s id="72">
    <time id="T61S" value="00:04:21,897" />
Dankie.
    <time id="T61E" value="00:04:23,917" />
  </s>
  <s id="73">
    <time id="T62S" value="00:04:27,050" />
Dat was die minister van defensie.
    <time id="T62E" value="00:04:29,312" />
  </s>
  <s id="74">
    <time id="T63S" value="00:04:29,362" />
Nie alleen is jarvis net oorlede, maar ook Tom Morrow word geopereer.
  </s>
  <s id="75">
Hy verloor dalk 'n been.
    <time id="T64E" value="00:04:35,327" />
  </s>
  <s id="76">
    <time id="T65S" value="00:04:35,427" />
Het iemand die aanslag al geëis?
    <time id="T65E" value="00:04:37,692" />
  </s>
  <s id="77">
    <time id="T66S" value="00:04:37,742" />
Die sekretaris van die Amerikaanse navy is dood, kaptein.
    <time id="T66E" value="00:04:40,916" />
  </s>
  <s id="78">
    <time id="T67S" value="00:04:40,966" />
Ek glo nie dat iemand so mal is homself dood te wense.
    <time id="T67E" value="00:04:44,120" />
  </s>
  <s id="79">
    <time id="T68S" value="00:04:44,596" />
Reaksie?
    <time id="T68E" value="00:04:45,942" />
  </s>
  <s id="80">
    <time id="T69S" value="00:04:45,992" />
Die Wit Huis wil antwoorde met alle moontlike middele.
    <time id="T69E" value="00:04:49,062" />
  </s>
  <s id="81">
    <time id="T70S" value="00:04:49,112" />
Volgens intelligensiedienste is dit slegs 'n waarskuwing geskiet voorlê.
    <time id="T70E" value="00:04:52,608" />
  </s>
  <s id="82">
    <time id="T71S" value="00:04:52,808" />
Dat die belangrikste nog moet kom.
    <time id="T71E" value="00:04:55,553" />
  </s>
  <s id="83">
    <time id="T72S" value="00:04:56,033" />
Iets om na uit te kyk.
    <time id="T72E" value="00:04:57,747" />
  </s>
  <s id="84">
    <time id="T73S" value="00:04:57,797" />
Gibbs, daar kan ook 'n verband is met die moord op luitenant McBride.
    <time id="T73E" value="00:05:01,870" />
  </s>
  <s id="85">
    <time id="T74S" value="00:05:01,920" />
Ons glo dat die luitenant op 't punt staan die skrik sel te identifiseer.
    <time id="T74E" value="00:05:05,707" />
  </s>
  <s id="86">
    <time id="T75S" value="00:05:05,757" />
'n Verband lê met die aanslag en die radioaktiewe stoflike oorskot is...
    <time id="T75E" value="00:05:09,844" />
  </s>
  <s id="87">
    <time id="T76S" value="00:05:09,894" />
Wat kan ek doen?
  </s>
  <s id="88">
- JSOC voer self 'n eie navorsing.
    <time id="T76E" value="00:05:13,997" />
  </s>
  <s id="89">
    <time id="T77S" value="00:05:14,197" />
Maar geen sou jou betrokkenheid vermoed omdat jy onder toesig van defensie staat.
    <time id="T77E" value="00:05:18,852" />
  </s>
  <s id="90">
    <time id="T78S" value="00:05:18,902" />
Die missie van McBride was oorspronklik in Iran.
    <time id="T78E" value="00:05:21,662" />
  </s>
  <s id="91">
    <time id="T79S" value="00:05:21,862" />
Sy moordenaar vind sou 'n begin wees.
    <time id="T79E" value="00:05:24,174" />
  </s>
  <s id="92">
    <time id="T80S" value="00:05:24,224" />
Ons het 'n informant in Abyaneh.
  </s>
  <s id="93">
Ek sal probeer om hom te bereik.
    <time id="T80E" value="00:05:27,826" />
  </s>
  <s id="94">
    <time id="T81S" value="00:05:30,389" />
Niemand dwing jou hiertoe, Gibbs.
    <time id="T81E" value="00:05:33,108" />
  </s>
  <s id="95">
    <time id="T82S" value="00:05:34,099" />
Ek doen my werk, direkteur.
    <time id="T82E" value="00:05:36,760" />
  </s>
  <s id="96">
    <time id="T83S" value="00:05:40,380" />
Tony.
  </s>
  <s id="97">
Tony, wakker word.
    <time id="T83E" value="00:05:43,322" />
  </s>
  <s id="98">
    <time id="T84S" value="00:05:44,540" />
Tony.
    <time id="T84E" value="00:05:46,045" />
  </s>
  <s id="99">
    <time id="T85S" value="00:05:46,145" />
Ziva?
    <time id="T85E" value="00:05:48,458" />
  </s>
  <s id="100">
    <time id="T86S" value="00:05:58,656" />
Verdorie.
    <time id="T86E" value="00:06:00,392" />
  </s>
  <s id="101">
    <time id="T87S" value="00:06:00,483" />
Ziva: 
  </s>
  <s id="102">
Jammer ek het jou gemis.
    <time id="T87E" value="00:06:01,386" />
  </s>
  <s id="103">
    <time id="T88S" value="00:06:01,436" />
Jy het my nie gemis.
  </s>
  <s id="104">
Ek is hier.
    <time id="T88E" value="00:06:05,343" />
  </s>
  <s id="105">
    <time id="T89S" value="00:06:06,694" />
Waar is jy?
  </s>
  <s id="106">
Ziva: 
  </s>
  <s id="107">
Op 'n bus in Tel Aviv.
    <time id="T89E" value="00:06:09,234" />
  </s>
  <s id="108">
    <time id="T90S" value="00:06:09,284" />
Tot sover het onder vier oë is.
    <time id="T90E" value="00:06:11,805" />
  </s>
  <s id="109">
    <time id="T91S" value="00:06:14,700" />
Tel Aviv? 
  </s>
  <s id="110">
Jy wortels verken?
  </s>
  <s id="111">
Ziva: 
  </s>
  <s id="112">
So iets, weer aansluit, nadenke.
    <time id="T91E" value="00:06:16,648" />
  </s>
  <s id="113">
    <time id="T92S" value="00:06:16,698" />
Nadink.
  </s>
  <s id="114">
Dit is gevaarlik.
    <time id="T92E" value="00:06:20,061" />
  </s>
  <s id="115">
    <time id="T93S" value="00:06:21,147" />
Dink? 
  </s>
  <s id="116">
Waaroor?
  </s>
  <s id="117">
Ziva: 
  </s>
  <s id="118">
Op die oomblik, jy.
    <time id="T93E" value="00:06:23,555" />
  </s>
  <s id="119">
    <time id="T94S" value="00:06:25,852" />
Ziva: 
  </s>
  <s id="120">
Jy en duisende ander dinge.
  </s>
  <s id="121">
Ek het die gehoor van SecNav.
    <time id="T94E" value="00:06:28,244" />
  </s>
  <s id="122">
    <time id="T95S" value="00:06:38,477" />
Hulle het ons nie opgeroep.
  </s>
  <s id="123">
Wil jy wat geselskap?
    <time id="T95E" value="00:06:41,789" />
  </s>
  <s id="124">
    <time id="T96S" value="00:06:44,369" />
Ziva: 
  </s>
  <s id="125">
Ja.
    <time id="T96E" value="00:06:46,714" />
  </s>
  <s id="126">
    <time id="T97S" value="00:06:50,068" />
Tel tot 'n miljoen, ek is onderweg.
    <time id="T97E" value="00:06:52,928" />
  </s>
  <s id="127">
    <time id="T98S" value="00:06:53,128" />
Gesprek beëindig
    <time id="T98E" value="00:06:55,073" />
  </s>
  <s id="128">
    <time id="T99S" value="00:06:59,290" />
SOEK vlug na Tel Aviv, Israel
    <time id="T99E" value="00:07:01,899" />
  </s>
  <s id="129">
    <time id="T100S" value="00:07:04,905" />
Dit is goed.
    <time id="T100E" value="00:07:06,940" />
  </s>
  <s id="130">
    <time id="T101S" value="00:07:07,140" />
ONTPLOFFING IN HOTEL DOOD SEKRETARIS VAN DIE NAVY
    <time id="T101E" value="00:07:10,362" />
  </s>
  <s id="131">
    <time id="T102S" value="00:07:15,965" />
Ek weet dat jy van verrassings hou.
  </s>
  <s id="132">
- Delilah, he.
    <time id="T102E" value="00:07:19,500" />
  </s>
  <s id="133">
    <time id="T103S" value="00:07:19,933" />
Ek is nog aan die mag bekom van die verrassing van gisterenavond.
    <time id="T103E" value="00:07:23,303" />
  </s>
  <s id="134">
    <time id="T104S" value="00:07:27,297" />
Ek sou aan die werk moet wees.
  </s>
  <s id="135">
Ek kan help.
    <time id="T104E" value="00:07:29,431" />
  </s>
  <s id="136">
    <time id="T105S" value="00:07:29,481" />
Tim, dat jy kan nie.
  </s>
  <s id="137">
Nie vir jou terug in diens is.
    <time id="T105E" value="00:07:32,522" />
  </s>
  <s id="138">
    <time id="T106S" value="00:07:32,572" />
Ja, maar dit is nie korrek nie.
  </s>
  <s id="139">
Daar werk agente rondom die klok.
    <time id="T106E" value="00:07:35,593" />
  </s>
  <s id="140">
    <time id="T107S" value="00:07:35,893" />
Sal ek Vance bel?
  </s>
  <s id="141">
Miskien het Tony iets gehoor.
    <time id="T107E" value="00:07:39,905" />
  </s>
  <s id="142">
    <time id="T108S" value="00:07:41,449" />
Luister, ek kan ernstige probleme kry as ek jou dit vertel.
    <time id="T108E" value="00:07:44,725" />
  </s>
  <s id="143">
    <time id="T109S" value="00:07:45,095" />
Maar...
  </s>
  <s id="144">
- Maar wat?
    <time id="T109E" value="00:07:47,868" />
  </s>
  <s id="145">
    <time id="T110S" value="00:07:47,918" />
Volgens meer as een intelligentiebron het die bom nie uit die Midde-Ooste gekom.
    <time id="T110E" value="00:07:52,292" />
  </s>
  <s id="146">
    <time id="T111S" value="00:07:53,319" />
Hulle was Amerikaans.
    <time id="T111E" value="00:07:55,440" />
  </s>
  <s id="147">
    <time id="T112S" value="00:07:55,640" />
'n Individu of 'n groep?
  </s>
  <s id="148">
- Dat weet ek nie.
    <time id="T112E" value="00:07:58,744" />
  </s>
  <s id="149">
    <time id="T113S" value="00:08:00,002" />
Ek moet gaan.
  </s>
  <s id="150">
- Jy het nie eens 'n penning.
    <time id="T113E" value="00:08:02,289" />
  </s>
  <s id="151">
    <time id="T114S" value="00:08:02,339" />
Ek kan op sy minste eens met Abby praat.
    <time id="T114E" value="00:08:04,809" />
  </s>
  <s id="152">
    <time id="T115S" value="00:08:06,310" />
Goed, McGee, laat ons praat.
  </s>
  <s id="153">
- Abby, he.
    <time id="T115E" value="00:08:09,598" />
  </s>
  <s id="154">
    <time id="T116S" value="00:08:09,648" />
Jy het Delilah al ontmoet, tog?
    <time id="T116E" value="00:08:12,069" />
  </s>
  <s id="155">
    <time id="T117S" value="00:08:12,587" />
Ja.
  </s>
  <s id="156">
- He.
    <time id="T117E" value="00:08:14,272" />
  </s>
  <s id="157">
    <time id="T118S" value="00:08:14,472" />
Wil jy 'n koffie, 'n espresso?
    <time id="T118E" value="00:08:17,091" />
  </s>
  <s id="158">
    <time id="T119S" value="00:08:17,660" />
Dus, McGee, ek het na hier na die skrik van gister om seker te wees dat alles goed met jou was.
    <time id="T120E" value="00:08:24,139" />
  </s>
  <s id="159">
    <time id="T121S" value="00:08:24,189" />
Ek het die gevoel dat jy nie sou kom.
    <time id="T121E" value="00:08:26,425" />
  </s>
  <s id="160">
    <time id="T122S" value="00:08:26,475" />
Abby, ek is geen agent meer.
    <time id="T122E" value="00:08:29,151" />
  </s>
  <s id="161">
    <time id="T123S" value="00:08:29,251" />
Jy sal altyd 'n agent bly, McGee.
    <time id="T123E" value="00:08:31,558" />
  </s>
  <s id="162">
    <time id="T124S" value="00:08:31,608" />
Ek wil jou ook vertel dat Gibbs vertrek is.
    <time id="T124E" value="00:08:35,340" />
  </s>
  <s id="163">
    <time id="T125S" value="00:08:35,390" />
Na waar?
    <time id="T125E" value="00:08:38,020" />
  </s>
  <s id="164">
    <time id="T126S" value="00:08:38,382" />
Is sy te vertrou?
    <time id="T126E" value="00:08:40,169" />
  </s>
  <s id="165">
    <time id="T127S" value="00:08:40,219" />
Ek het 'n groter magtiging vir toegang tot geheime, as julle.
    <time id="T127E" value="00:08:43,151" />
  </s>
  <s id="166">
    <time id="T128S" value="00:08:43,201" />
Die had Mata Hari ook.
  </s>
  <s id="167">
- Abby.
    <time id="T128E" value="00:08:46,159" />
  </s>
  <s id="168">
    <time id="T129S" value="00:08:46,359" />
Goed, ek moet nou gaan, terug aan die werk.
    <time id="T129E" value="00:08:49,726" />
  </s>
  <s id="169">
    <time id="T130S" value="00:08:49,776" />
Daar is heel wat bewyse van gisteraand om deur te neem.
    <time id="T130E" value="00:08:53,163" />
  </s>
  <s id="170">
    <time id="T131S" value="00:08:53,213" />
Maar dit was lekker julle beide te sien.
    <time id="T131E" value="00:08:58,577" />
  </s>
  <s id="171">
    <time id="T132S" value="00:09:03,005" />
Lastig.
    <time id="T132E" value="00:09:05,167" />
  </s>
  <s id="172">
    <time id="T133S" value="00:09:05,467" />
Waar sou Gibbs naartoe sy?
    <time id="T133E" value="00:09:08,151" />
  </s>
  <s id="173">
    <time id="T134S" value="00:09:14,995" />
Ek spring binne onderweg na die werk voor jy vertrek.
    <time id="T134E" value="00:09:18,564" />
  </s>
  <s id="174">
    <time id="T135S" value="00:09:18,764" />
Jy ry nooit langs hier na jou werk, Leon.
    <time id="T135E" value="00:09:21,782" />
  </s>
  <s id="175">
    <time id="T136S" value="00:09:22,176" />
Die President sou vanoggend die vrou van Clayton bel.
    <time id="T136E" value="00:09:25,379" />
  </s>
  <s id="176">
    <time id="T137S" value="00:09:25,429" />
Ek wou daar eers eens langsgaan.
    <time id="T137E" value="00:09:28,433" />
  </s>
  <s id="177">
    <time id="T138S" value="00:09:31,387" />
Jarvis het sy werk eervol gedoen.
  </s>
  <s id="178">
- Hy was 'n goeie baas.
    <time id="T138E" value="00:09:35,332" />
  </s>
  <s id="179">
    <time id="T139S" value="00:09:37,006" />
En nog 'n beter vriend.
    <time id="T139E" value="00:09:38,999" />
  </s>
  <s id="180">
    <time id="T140S" value="00:09:39,049" />
Gibbs, ek weet nie hoeveel meer ek nog kan verwerk.
    <time id="T140E" value="00:09:42,642" />
  </s>
  <s id="181">
    <time id="T141S" value="00:09:42,692" />
Gaan na skool, Leon.
  </s>
  <s id="182">
Gaan jou kinders drukkies.
    <time id="T141E" value="00:09:46,250" />
  </s>
  <s id="183">
    <time id="T142S" value="00:09:46,300" />
Ek is bekommerd oor jou reis.
    <time id="T142E" value="00:09:49,107" />
  </s>
  <s id="184">
    <time id="T143S" value="00:09:49,407" />
Na wat gebeur is met SecNav, ek is geneig jou hier te hou.
    <time id="T143E" value="00:09:52,828" />
  </s>
  <s id="185">
    <time id="T144S" value="00:09:53,294" />
Na wat daar met SecNav gebeur, hoe kan ek nog bly?
    <time id="T145E" value="00:09:58,968" />
  </s>
  <s id="186">
    <time id="T146S" value="00:09:59,657" />
Die informant van kaptein Wayne weet dat jy kom.
    <time id="T146E" value="00:10:02,594" />
  </s>
  <s id="187">
    <time id="T147S" value="00:10:02,644" />
Daar staan?
  </s>
  <s id="188">
'n volgetankte C130 klaar.
    <time id="T147E" value="00:10:05,823" />
  </s>
  <s id="189">
    <time id="T148S" value="00:10:06,357" />
Wil jy iets uit 'n geskenkwinkel in Teheran.
    <time id="T148E" value="00:10:09,473" />
  </s>
  <s id="190">
    <time id="T149S" value="00:10:14,831" />
Kyk agter jou.
    <time id="T149E" value="00:10:17,374" />
  </s>
  <s id="191">
    <time id="T150S" value="00:10:53,713" />
Verskoon.
    <time id="T150E" value="00:10:55,632" />
  </s>
  <s id="192">
    <time id="T151S" value="00:12:09,692" />
Gibbs. 
  </s>
  <s id="193">
Stap in.
  </s>
  <s id="194">
Haas jou.
    <time id="T151E" value="00:12:12,346" />
  </s>
  <s id="195">
    <time id="T152S" value="00:12:12,678" />
Wat doen jy hier?
    <time id="T152E" value="00:12:14,064" />
  </s>
  <s id="196">
    <time id="T153S" value="00:12:14,114" />
Ek het bonuskilometers wat sou verval.
    <time id="T153E" value="00:12:16,312" />
  </s>
  <s id="197">
    <time id="T154S" value="00:12:16,362" />
Sy dit vriende van jou?
  </s>
  <s id="198">
- Tot my geld op is.
    <time id="T154E" value="00:12:19,452" />
  </s>
  <s id="199">
    <time id="T155S" value="00:12:35,932" />
Ek het geweet dat na Jarvis, jy die volgende sou wees.
    <time id="T155E" value="00:12:38,584" />
  </s>
  <s id="200">
    <time id="T156S" value="00:12:38,634" />
Ek wou eers nog bel, maar die telefoon is nie veilig nie, niks is het.
    <time id="T156E" value="00:12:42,155" />
  </s>
  <s id="201">
    <time id="T157S" value="00:12:42,205" />
Waar gaan ons heen.
  </s>
  <s id="202">
- Na die volgende dorp.
    <time id="T157E" value="00:12:44,872" />
  </s>
  <s id="203">
    <time id="T158S" value="00:12:44,922" />
Verklaar me maar gek, maar ek dink dat jou dekmantel ontdek is.
    <time id="T158E" value="00:12:47,645" />
  </s>
  <s id="204">
    <time id="T159S" value="00:12:47,695" />
Jy loop gevaar, Gibbs.
    <time id="T159E" value="00:12:49,932" />
  </s>
  <s id="205">
    <time id="T160S" value="00:12:50,440" />
Ek het gekom om jou lewe te red.
    <time id="T160E" value="00:12:52,879" />
  </s>
  <s id="206">
    <time id="T161S" value="00:12:58,398" />
Jou informant is nie gekom.
    <time id="T161E" value="00:13:00,426" />
  </s>
  <s id="207">
    <time id="T162S" value="00:13:00,476" />
Nie verbaas nie?
  </s>
  <s id="208">
- Nee.
    <time id="T162E" value="00:13:03,108" />
  </s>
  <s id="209">
    <time id="T163S" value="00:13:03,508" />
Wel, dit versterk wel my teorie.
    <time id="T163E" value="00:13:06,417" />
  </s>
  <s id="210">
    <time id="T164S" value="00:13:07,580" />
Jou span weet te veel.
    <time id="T164E" value="00:13:10,014" />
  </s>
  <s id="211">
    <time id="T165S" value="00:13:10,064" />
Waaroor?
    <time id="T165E" value="00:13:11,847" />
  </s>
  <s id="212">
    <time id="T166S" value="00:13:11,897" />
Eli David en die dood van Arash Kazmi.
    <time id="T166E" value="00:13:14,737" />
  </s>
  <s id="213">
    <time id="T167S" value="00:13:14,937" />
Niks beter om woede op te wek dan 'n paar goed beplande moorde.
    <time id="T167E" value="00:13:18,236" />
  </s>
  <s id="214">
    <time id="T168S" value="00:13:18,336" />
Dit gee almal iets om oor te praat.
    <time id="T168E" value="00:13:21,636" />
  </s>
  <s id="215">
    <time id="T169S" value="00:13:22,075" />
Hoe pas jy in die prentjie?
    <time id="T169E" value="00:13:23,814" />
  </s>
  <s id="216">
    <time id="T170S" value="00:13:23,864" />
As jy betrokke is, dan weet ek dit.
  </s>
  <s id="217">
In groot mate.
    <time id="T170E" value="00:13:26,954" />
  </s>
  <s id="218">
    <time id="T171S" value="00:13:27,254" />
Jy moet weet, ek is goed op die hoogte van die politiek in Washington, maar, dit is anders.
  </s>
  <s id="219">
Die akteurs is anders.
    <time id="T172E" value="00:13:34,560" />
  </s>
  <s id="220">
    <time id="T173S" value="00:13:35,127" />
Ek is seker van dat die NCIS in die val gelok is.
    <time id="T173E" value="00:13:38,609" />
  </s>
  <s id="221">
    <time id="T174S" value="00:13:40,097" />
Jou hierheen stuur het niks te maak met luitenant McBride.
    <time id="T174E" value="00:13:43,558" />
  </s>
  <s id="222">
    <time id="T175S" value="00:13:43,608" />
Dit was bedoel om jou van jou span te skei.
    <time id="T175E" value="00:13:46,926" />
  </s>
  <s id="223">
    <time id="T176S" value="00:13:50,943" />
Ek het kontak op met een van die kollegas van luitenant McBride.
    <time id="T176E" value="00:13:54,396" />
  </s>
  <s id="224">
    <time id="T177S" value="00:13:54,446" />
JSOC in Irak, 'n sekere luitenant Kagen.
    <time id="T177E" value="00:13:58,696" />
  </s>
  <s id="225">
    <time id="T178S" value="00:13:58,746" />
Ek dink dat ons beide belangstel in wat hy te vertel het.
    <time id="T178E" value="00:14:02,353" />
  </s>
  <s id="226">
    <time id="T179S" value="00:14:05,174" />
Ek verstaan jou nie.
    <time id="T179E" value="00:14:08,017" />
  </s>
  <s id="227">
    <time id="T180S" value="00:14:09,189" />
Ek het mense sien sterf in dat hotel.
    <time id="T180E" value="00:14:12,424" />
  </s>
  <s id="228">
    <time id="T181S" value="00:14:12,924" />
As ek iets geleer het, Gibbs, is dat mense soms die verkeerde dinge doen vir die regte redes.
    <time id="T182E" value="00:14:19,434" />
  </s>
  <s id="229">
    <time id="T183S" value="00:14:19,734" />
Spreek vir jouself.
    <time id="T183E" value="00:14:22,119" />
  </s>
  <s id="230">
    <time id="T184S" value="00:14:22,619" />
Dit doen ek.
    <time id="T184E" value="00:14:25,066" />
  </s>
  <s id="231">
    <time id="T185S" value="00:14:31,487" />
Daar was geen appelflappen meer, Mr Palmer.
  </s>
  <s id="232">
Jy moet die hiermee doen.
    <time id="T185E" value="00:14:36,255" />
  </s>
  <s id="233">
    <time id="T186S" value="00:14:36,305" />
Dit is 'n bere klou.
    <time id="T186E" value="00:14:38,746" />
  </s>
  <s id="234">
    <time id="T187S" value="00:14:41,106" />
Waar is Mr Palmer?
  </s>
  <s id="235">
Wie is jy?
    <time id="T187E" value="00:14:43,951" />
  </s>
  <s id="236">
    <time id="T188S" value="00:14:44,051" />
Hierdie kamer is enkel vir bevoegde persone.
    <time id="T188E" value="00:14:47,080" />
  </s>
  <s id="237">
    <time id="T189S" value="00:14:47,130" />
Dus, tensy ek 'n kondonering sien, moet ek aandring dat...
    <time id="T189E" value="00:14:50,322" />
  </s>
  <s id="238">
    <time id="T190S" value="00:14:54,764" />
Wie is jy?
    <time id="T190E" value="00:14:56,286" />
  </s>
  <s id="239">
    <time id="T191S" value="00:14:56,486" />
Bel die sekuriteit.
    <time id="T191E" value="00:14:57,932" />
  </s>
  <s id="240">
    <time id="T192S" value="00:15:02,576" />
Wie het daar die sekuriteit nodig?
  </s>
  <s id="241">
Bind hom vas.
    <time id="T192E" value="00:15:06,271" />
  </s>
  <s id="242">
    <time id="T193S" value="00:15:10,027" />
Seker dat ek McBride ken.
    <time id="T193E" value="00:15:12,097" />
  </s>
  <s id="243">
    <time id="T194S" value="00:15:12,147" />
Ons het 'n paar keer saam gewerk.
    <time id="T194E" value="00:15:14,567" />
  </s>
  <s id="244">
    <time id="T195S" value="00:15:14,617" />
'n Goeie man, hoe maak hy dit?
  </s>
  <s id="245">
- McBride is dood, luitenant.
    <time id="T195E" value="00:15:18,279" />
  </s>
  <s id="246">
    <time id="T196S" value="00:15:19,288" />
Maar dat het geweet jy al.
    <time id="T196E" value="00:15:21,655" />
  </s>
  <s id="247">
    <time id="T197S" value="00:15:28,154" />
Dit is geheim, meneer.
  </s>
  <s id="248">
Ek word veronderstel nie te praat.
    <time id="T197E" value="00:15:31,773" />
  </s>
  <s id="249">
    <time id="T198S" value="00:15:31,973" />
Ek het gehoor dat hy oorlede is.
  </s>
  <s id="250">
Maar wat gebeur?
    <time id="T198E" value="00:15:34,287" />
  </s>
  <s id="251">
    <time id="T199S" value="00:15:34,337" />
Ons het gehoop dat jy dit vir ons kon vertel.
    <time id="T199E" value="00:15:36,486" />
  </s>
  <s id="252">
    <time id="T200S" value="00:15:36,536" />
Dit spyt my, ek kan nie volg nie.
    <time id="T200E" value="00:15:38,296" />
  </s>
  <s id="253">
    <time id="T201S" value="00:15:38,346" />
Tydens sy laaste opdrag, Hoe lank was hy hier?
    <time id="T201E" value="00:15:40,666" />
  </s>
  <s id="254">
    <time id="T202S" value="00:15:40,716" />
24 uur, hoogstens.
    <time id="T202E" value="00:15:43,092" />
  </s>
  <s id="255">
    <time id="T203S" value="00:15:43,142" />
Dit is nie lank nie.
  </s>
  <s id="256">
- Sy opdrag is gekanselleer.
    <time id="T203E" value="00:15:45,479" />
  </s>
  <s id="257">
    <time id="T204S" value="00:15:45,529" />
Hy het die bevel om terug na die VSA te gaan.
    <time id="T204E" value="00:15:48,030" />
  </s>
  <s id="258">
    <time id="T205S" value="00:15:48,080" />
Hy was opgetrek, hy wou na sy vrou toe.
    <time id="T205E" value="00:15:50,511" />
  </s>
  <s id="259">
    <time id="T206S" value="00:15:50,561" />
Ons het almal wel familie by die huis.
  </s>
  <s id="260">
- Het jy hom in die vliegtuig stappe?
    <time id="T206E" value="00:15:54,071" />
  </s>
  <s id="261">
    <time id="T207S" value="00:15:54,121" />
Nee, meneer, hy het sy dinge en gery self na die lughawe.
    <time id="T207E" value="00:15:57,549" />
  </s>
  <s id="262">
    <time id="T208S" value="00:15:57,599" />
Waarom?
    <time id="T208E" value="00:15:59,753" />
  </s>
  <s id="263">
    <time id="T209S" value="00:16:06,078" />
Goed, Kate, moet jy goed luister.
    <time id="T209E" value="00:16:08,766" />
  </s>
  <s id="264">
    <time id="T210S" value="00:16:08,816" />
Die meisie aan die einde van die gang gaan jy voed terwyl ek weg is.
    <time id="T210E" value="00:16:11,735" />
  </s>
  <s id="265">
    <time id="T211S" value="00:16:11,785" />
Miskien bring ek jou iets mee uit Israel.
    <time id="T211E" value="00:16:13,987" />
  </s>
  <s id="266">
    <time id="T212S" value="00:16:14,187" />
Sien me nie skeef.
  </s>
  <s id="267">
Ek weet wat ek doen.
    <time id="T212E" value="00:16:17,695" />
  </s>
  <s id="268">
    <time id="T213S" value="00:16:17,745" />
Dit is dalk nie die slimste idee, maar, ons is geen kollegas meer, dus geen beletsel meer.
    <time id="T214E" value="00:16:24,317" />
  </s>
  <s id="269">
    <time id="T215S" value="00:16:24,985" />
Waar bly die taxi?
    <time id="T215E" value="00:16:26,973" />
  </s>
  <s id="270">
    <time id="T216S" value="00:16:29,823" />
Waar is jy?
  </s>
  <s id="271">
Die lughawe?
    <time id="T216E" value="00:16:32,084" />
  </s>
  <s id="272">
    <time id="T217S" value="00:16:32,384" />
'n Bietjie ongeduldig, is dit nie?
    <time id="T217E" value="00:16:34,812" />
  </s>
  <s id="273">
    <time id="T218S" value="00:16:34,862" />
BYNA. 
  </s>
  <s id="274">
IS HET NOG GOED DAT EK KOM?
    <time id="T218E" value="00:16:37,270" />
  </s>
  <s id="275">
    <time id="T219S" value="00:16:39,345" />
VEILIGE VLUG.
    <time id="T219E" value="00:16:41,060" />
  </s>
  <s id="276">
    <time id="T220S" value="00:17:09,681" />
Ek waardeer dit, meneer, maar daar is reëls vir drink op die werk.
    <time id="T220E" value="00:17:13,829" />
  </s>
  <s id="277">
    <time id="T221S" value="00:17:13,879" />
'n Nuwe badge en nuwe reëls.
    <time id="T221E" value="00:17:15,987" />
  </s>
  <s id="278">
    <time id="T222S" value="00:17:16,565" />
Ek wil dat jy jou laag hou, tot ons daar meer vat op het.
    <time id="T222E" value="00:17:20,007" />
  </s>
  <s id="279">
    <time id="T223S" value="00:17:20,623" />
Wel, ek sit net by die huis op my flat, laer kan ek nie.
    <time id="T223E" value="00:17:24,779" />
  </s>
  <s id="280">
    <time id="T224S" value="00:17:24,829" />
Jy het die skut nie gesien?
    <time id="T224E" value="00:17:27,297" />
  </s>
  <s id="281">
    <time id="T225S" value="00:17:29,192" />
Ek het dit nogal druk om my brein ongeskonde te hou.
    <time id="T225E" value="00:17:32,661" />
  </s>
  <s id="282">
    <time id="T226S" value="00:17:33,388" />
Jy was op pad na die lughawe?
    <time id="T226E" value="00:17:35,773" />
  </s>
  <s id="283">
    <time id="T227S" value="00:17:36,164" />
'n Persoonlike reis.
  </s>
  <s id="284">
- Na Israel.
    <time id="T227E" value="00:17:38,727" />
  </s>
  <s id="285">
    <time id="T228S" value="00:17:38,777" />
Ek reis daarheen vir die goeie hummus.
    <time id="T228E" value="00:17:41,321" />
  </s>
  <s id="286">
    <time id="T229S" value="00:17:42,810" />
Weet agent David dat jy opgehou het?
    <time id="T229E" value="00:17:45,978" />
  </s>
  <s id="287">
    <time id="T230S" value="00:17:46,642" />
Dat weet Sy.
    <time id="T230E" value="00:17:48,112" />
  </s>
  <s id="288">
    <time id="T231S" value="00:17:48,162" />
Ek vra ook aan McGee om sy oë oop te hou.
    <time id="T231E" value="00:17:51,018" />
  </s>
  <s id="289">
    <time id="T232S" value="00:17:52,586" />
Daar sit 'n man in die ondervraging.
  </s>
  <s id="290">
Dr Mallard het hom gevind, rondsnuffelend en klop hom uit.
  </s>
  <s id="291">
- Deed Ducky dat?
    <time id="T233E" value="00:17:59,534" />
  </s>
  <s id="292">
    <time id="T234S" value="00:18:00,033" />
KO en tot tien uitgeteld.
    <time id="T234E" value="00:18:02,528" />
  </s>
  <s id="293">
    <time id="T235S" value="00:18:02,578" />
Drink op, agent DiNozzo.
    <time id="T235E" value="00:18:05,004" />
  </s>
  <s id="294">
    <time id="T236S" value="00:18:05,054" />
Ek laat jou deur iemand haal van sodra jy beskerming klaar is.
    <time id="T236E" value="00:18:08,634" />
  </s>
  <s id="295">
    <time id="T237S" value="00:18:09,143" />
Meneer, in plaas van Dorneget sy tyd te mors, as ek nou eens, hier bly rondhang, as besoeker?
    <time id="T238E" value="00:18:16,091" />
  </s>
  <s id="296">
    <time id="T239S" value="00:18:16,141" />
Enkel en alleen om te besoek.
    <time id="T239E" value="00:18:18,993" />
  </s>
  <s id="297">
    <time id="T240S" value="00:18:19,327" />
Ons kan wel wat geselskap gebruik.
    <time id="T240E" value="00:18:21,984" />
  </s>
  <s id="298">
    <time id="T241S" value="00:18:27,796" />
Ek moet sê, ons slagoffer lyk kleiner as toe Mr Palmer en ek hom flou geslaan het.
    <time id="T242E" value="00:18:36,383" />
  </s>
  <s id="299">
    <time id="T243S" value="00:18:37,189" />
Vandag was ons in die gesig staar met die gevaar, Anthony en het ons seëvier.
    <time id="T243E" value="00:18:42,692" />
  </s>
  <s id="300">
    <time id="T244S" value="00:18:44,595" />
Lê dit aan my, of voel dit aan die kantlyn staan?
  </s>
  <s id="301">
, as 'n...
    <time id="T244E" value="00:18:49,045" />
  </s>
  <s id="302">
    <time id="T245S" value="00:18:49,145" />
Marteling.
    <time id="T245E" value="00:18:51,504" />
  </s>
  <s id="303">
    <time id="T246S" value="00:18:51,704" />
Ek het gedink dat Vance gesê het dat hy onmiddellik na binne sou gaan.
    <time id="T246E" value="00:18:54,574" />
  </s>
  <s id="304">
    <time id="T247S" value="00:18:54,624" />
Ek sou wel 'n paar minute by die clown wil sit.
    <time id="T247E" value="00:18:57,185" />
  </s>
  <s id="305">
    <time id="T248S" value="00:18:57,235" />
Hom opwarm.
  </s>
  <s id="306">
- Sonder penning?
    <time id="T248E" value="00:19:00,535" />
  </s>
  <s id="307">
    <time id="T249S" value="00:19:00,928" />
Ek begin dat ding te mis.
    <time id="T249E" value="00:19:03,145" />
  </s>
  <s id="308">
    <time id="T250S" value="00:19:07,030" />
Volgens die sekuriteit van die gebou berig jy jou aan as Victor Cheng.
    <time id="T250E" value="00:19:10,577" />
  </s>
  <s id="309">
    <time id="T251S" value="00:19:10,627" />
Voormalige rekenaar deskundige by die FBI.
  </s>
  <s id="310">
Klop dit?
    <time id="T251E" value="00:19:14,369" />
  </s>
  <s id="311">
    <time id="T252S" value="00:19:14,419" />
Dit geld van die private sektor is beter.
  </s>
  <s id="312">
- Jy is ontslaan uit die agentskap.
    <time id="T252E" value="00:19:18,866" />
  </s>
  <s id="313">
    <time id="T253S" value="00:19:19,266" />
Tog verleen iemand jou toegang tot my gebou. 
  </s>
  <s id="314">
Waarom?
    <time id="T253E" value="00:19:23,394" />
  </s>
  <s id="315">
    <time id="T254S" value="00:19:24,042" />
Ek het 'n oproep.
    <time id="T254E" value="00:19:25,967" />
  </s>
  <s id="316">
    <time id="T255S" value="00:19:26,167" />
Daar lê 'n NCIS identifikasie en $ 20.000 in 'n omslag te wag, as ek hier na binne sluip om in jou databasis te soek.
    <time id="T256E" value="00:19:32,590" />
  </s>
  <s id="317">
    <time id="T257S" value="00:19:32,690" />
Besonderhede oor die bomscherven, gehaal uit SecNav.
    <time id="T257E" value="00:19:35,296" />
  </s>
  <s id="318">
    <time id="T258S" value="00:19:35,346" />
Ek kon daar nie vanop afstand in raak, omdat 'n sogenaamde, McGee, 'n firewall opgestel het.
  </s>
  <s id="319">
Jou agent is slimmer as wat hy lyk.
    <time id="T259E" value="00:19:43,093" />
  </s>
  <s id="320">
    <time id="T260S" value="00:19:43,143" />
Vir wie werk jy?
    <time id="T260E" value="00:19:45,734" />
  </s>
  <s id="321">
    <time id="T261S" value="00:19:45,934" />
Ek het gesê dit tog, ek weet dit nie.
  </s>
  <s id="322">
- Koreane? 
  </s>
  <s id="323">
Die Chinese?
    <time id="T261E" value="00:19:49,392" />
  </s>
  <s id="324">
    <time id="T262S" value="00:19:50,071" />
Ek moet 'n antwoord het.
    <time id="T262E" value="00:19:52,102" />
  </s>
  <s id="325">
    <time id="T263S" value="00:19:54,771" />
Wat is daar?
    <time id="T263E" value="00:19:56,917" />
  </s>
  <s id="326">
    <time id="T264S" value="00:19:57,555" />
Ek kom so.
    <time id="T264E" value="00:19:59,786" />
  </s>
  <s id="327">
    <time id="T265S" value="00:20:06,253" />
Leon.
    <time id="T265E" value="00:20:08,129" />
  </s>
  <s id="328">
    <time id="T266S" value="00:20:08,688" />
Ek het 'n nuwe vriend gemaak onderweg.
  </s>
  <s id="329">
- Is vyand nie korrek, Gibbs?
    <time id="T266E" value="00:20:12,534" />
  </s>
  <s id="330">
    <time id="T267S" value="00:20:12,584" />
Wel, Parsons nou werk vir ons.
    <time id="T267E" value="00:20:15,782" />
  </s>
  <s id="331">
    <time id="T268S" value="00:20:15,832" />
Wel, vertel eens.
  </s>
  <s id="332">
- Daar was geen missie.
    <time id="T268E" value="00:20:18,600" />
  </s>
  <s id="333">
    <time id="T269S" value="00:20:18,650" />
Luitenant Chad McBride is na Iran gestuur as 'n afleiding.
    <time id="T269E" value="00:20:22,299" />
  </s>
  <s id="334">
    <time id="T270S" value="00:20:22,349" />
Direkteur Vance, ons glo dat McBride teruggekeer het na die VSA.
    <time id="T270E" value="00:20:25,964" />
  </s>
  <s id="335">
    <time id="T271S" value="00:20:26,014" />
Nie net sy kop, maar heeltemal en lewendig.
    <time id="T271E" value="00:20:29,162" />
  </s>
  <s id="336">
    <time id="T272S" value="00:20:29,212" />
Iemand wou dit daarop laat lyk dat die Iraniërs verantwoordelik was?
    <time id="T272E" value="00:20:32,515" />
  </s>
  <s id="337">
    <time id="T273S" value="00:20:32,715" />
Leon, ek weet dat jy onderbemand is, maar jy moet die kolletjies met mekaar verbind.
    <time id="T273E" value="00:20:35,759" />
  </s>
  <s id="338">
    <time id="T274S" value="00:20:35,809" />
Goed, ek sit daar juffrou Sciuto op, om aan te wys waar McBride gedood is.
    <time id="T274E" value="00:20:39,545" />
  </s>
  <s id="339">
    <time id="T275S" value="00:20:39,595" />
Ons sit op die volgende vlug na huis.
  </s>
  <s id="340">
- Parsons ook?
    <time id="T275E" value="00:20:42,963" />
  </s>
  <s id="341">
    <time id="T276S" value="00:20:43,363" />
Wat moet ek doen?
  </s>
  <s id="342">
Hom hier laat?
    <time id="T276E" value="00:20:45,723" />
  </s>
  <s id="343">
    <time id="T277S" value="00:20:54,088" />
Hou op.
    <time id="T277E" value="00:20:55,772" />
  </s>
  <s id="344">
    <time id="T278S" value="00:20:56,272" />
Hou op.
  </s>
  <s id="345">
Ophou.
    <time id="T278E" value="00:20:59,955" />
  </s>
  <s id="346">
    <time id="T279S" value="00:21:01,979" />
Ziva?
    <time id="T279E" value="00:21:03,238" />
  </s>
  <s id="347">
    <time id="T280S" value="00:21:03,338" />
Wat is daar, botvier jy jou frustrasies op dat arme sleutelb...
    <time id="T280E" value="00:21:07,534" />
  </s>
  <s id="348">
    <time id="T281S" value="00:21:10,781" />
Jy is haar nie.
  </s>
  <s id="349">
- Nee, meneer, ek is Murray.
    <time id="T281E" value="00:21:14,859" />
  </s>
  <s id="350">
    <time id="T282S" value="00:21:15,094" />
Lekker om jou te ontmoet, voormalige agent DiNozzo.
    <time id="T282E" value="00:21:17,386" />
  </s>
  <s id="351">
    <time id="T283S" value="00:21:17,436" />
Die nuwe IT dude.
  </s>
  <s id="352">
Hy werk met Kevin.
    <time id="T283E" value="00:21:20,563" />
  </s>
  <s id="353">
    <time id="T284S" value="00:21:22,916" />
Dit is 'n heel rare droom.
  </s>
  <s id="354">
- Jy is klaarwakker, Tony.
    <time id="T284E" value="00:21:25,920" />
  </s>
  <s id="355">
    <time id="T285S" value="00:21:25,970" />
Jy is net op tyd, voor die slag om die hand in volle werking.
    <time id="T285E" value="00:21:30,461" />
  </s>
  <s id="356">
    <time id="T286S" value="00:21:30,511" />
Pardon?
  </s>
  <s id="357">
- Daar is ander wat tegnies gesien beskou kan word as 'n slag om die hand, maar, Murray het net by die IT-afdeling.
  </s>
  <s id="358">
Ek was so vry om die clicker te gebruik.
    <time id="T288E" value="00:21:40,531" />
  </s>
  <s id="359">
    <time id="T289S" value="00:21:40,581" />
Wauw, wys my wat jy het, lykskouing gremlin.
    <time id="T289E" value="00:21:43,706" />
  </s>
  <s id="360">
    <time id="T290S" value="00:21:44,006" />
Murray kon die storie van die indringer, bevestig.
    <time id="T290E" value="00:21:48,279" />
  </s>
  <s id="361">
    <time id="T291S" value="00:21:48,679" />
Victor Cheng is onlangs afgedank by die FBI.
    <time id="T291E" value="00:21:52,271" />
  </s>
  <s id="362">
    <time id="T292S" value="00:21:52,643" />
Pret skrif.
  </s>
  <s id="363">
Hy het ons vertel dat al.
    <time id="T292E" value="00:21:54,897" />
  </s>
  <s id="364">
    <time id="T293S" value="00:21:54,947" />
Dat weet ek, maar danksy Murray weet ons presies wanneer en waarom.
    <time id="T293E" value="00:21:58,932" />
  </s>
  <s id="365">
    <time id="T294S" value="00:21:58,982" />
Gaan voort.
  </s>
  <s id="366">
- In 2010 is Cheng gevang op zwartwerk, as gehuurde hacker. ek probeer uit te pluis wie hom 'n NCIS ID gegee het.
    <time id="T295E" value="00:22:07,312" />
  </s>
  <s id="367">
    <time id="T296S" value="00:22:07,362" />
Wag even.
  </s>
  <s id="368">
Gebruik jou geen sametrekkings?
    <time id="T296E" value="00:22:10,582" />
  </s>
  <s id="369">
    <time id="T297S" value="00:22:11,463" />
Pardon?
    <time id="T297E" value="00:22:12,944" />
  </s>
  <s id="370">
    <time id="T298S" value="00:22:13,244" />
Goed.
  </s>
  <s id="371">
Wat nog meer?
    <time id="T298E" value="00:22:15,297" />
  </s>
  <s id="372">
    <time id="T299S" value="00:22:16,266" />
Iemand het probeer om die NCIS lêers te kraak van buite.
    <time id="T299E" value="00:22:21,197" />
  </s>
  <s id="373">
    <time id="T300S" value="00:22:22,557" />
Ek hou nie van roterende letters.
    <time id="T300E" value="00:22:24,992" />
  </s>
  <s id="374">
    <time id="T301S" value="00:22:25,042" />
Ek kan lees, Palmer.
    <time id="T301E" value="00:22:26,970" />
  </s>
  <s id="375">
    <time id="T302S" value="00:22:27,020" />
Wie hulle ook sy, hulle het aangedryf binne in die data van ons selfone.
    <time id="T302E" value="00:22:30,408" />
  </s>
  <s id="376">
    <time id="T303S" value="00:22:30,458" />
Watter lêers is aangetas?
    <time id="T303E" value="00:22:32,005" />
  </s>
  <s id="377">
    <time id="T304S" value="00:22:32,055" />
Wat van die voormalige personeel, so lyk dit.
    <time id="T304E" value="00:22:36,003" />
  </s>
  <s id="378">
    <time id="T305S" value="00:22:36,726" />
Haal me koffie.
    <time id="T305E" value="00:22:38,753" />
  </s>
  <s id="379">
    <time id="T306S" value="00:22:45,022" />
Tony, he, ek is op pad na die NCIS.
  </s>
  <s id="380">
Waar is jy?
    <time id="T306E" value="00:22:48,017" />
  </s>
  <s id="381">
    <time id="T307S" value="00:22:48,067" />
Ek is al hier, Tim.
  </s>
  <s id="382">
Ek het hier geslaap.
    <time id="T307E" value="00:22:50,017" />
  </s>
  <s id="383">
    <time id="T308S" value="00:22:50,317" />
Net soos vroeër, nie?
  </s>
  <s id="384">
- Luister, hulle spoor jou selfoon.
    <time id="T308E" value="00:22:53,195" />
  </s>
  <s id="385">
    <time id="T309S" value="00:22:53,245" />
Dump hom en neem 'n taxi.
  </s>
  <s id="386">
- Begrepen.
    <time id="T309E" value="00:22:56,331" />
  </s>
  <s id="387">
    <time id="T310S" value="00:23:06,085" />
McGee, stap in die wa.
  </s>
  <s id="388">
- Agent Fornell, dit gaan tog weer nie om jou ex?
  </s>
  <s id="389">
- Stap in die verdomde wa.
    <time id="T311E" value="00:23:11,647" />
  </s>
  <s id="390">
    <time id="T312S" value="00:23:11,697" />
Ons het hom.
  </s>
  <s id="391">
Ons is onderweg.
    <time id="T312E" value="00:23:13,992" />
  </s>
  <s id="392">
    <time id="T313S" value="00:23:22,356" />
Wat 'n plek vir 'n ontmoeting.
  </s>
  <s id="393">
Wie woon daar so, Martha Stewart?
    <time id="T313E" value="00:23:26,144" />
  </s>
  <s id="394">
    <time id="T314S" value="00:23:27,575" />
Wel, die handdoeke is van Martha.
  </s>
  <s id="395">
Meer nie.
    <time id="T314E" value="00:23:30,045" />
  </s>
  <s id="396">
    <time id="T315S" value="00:23:30,095" />
Tony, wat het gebeur?
  </s>
  <s id="397">
- Tim, ek het besluit om te herontwerp.
    <time id="T315E" value="00:23:33,641" />
  </s>
  <s id="398">
    <time id="T316S" value="00:23:33,691" />
'n Mafia sukses van middel vorige eeu.
  </s>
  <s id="399">
- Gibbs geloop het in 'n val.
    <time id="T316E" value="00:23:37,202" />
  </s>
  <s id="400">
    <time id="T317S" value="00:23:37,252" />
DiNozzo is byna gedood.
    <time id="T317E" value="00:23:39,403" />
  </s>
  <s id="401">
    <time id="T318S" value="00:23:39,453" />
Spesiale agent Fornell gaan ons inlig oor die onlangse gebeure.
    <time id="T318E" value="00:23:43,549" />
  </s>
  <s id="402">
    <time id="T319S" value="00:23:46,747" />
Ooit gehoor van 'n terroriste mafketel genaamd, Benham Parsa?
    <time id="T319E" value="00:23:50,405" />
  </s>
  <s id="403">
    <time id="T320S" value="00:23:50,455" />
Wat vir 'n naam is Benham Parsa?
  </s>
  <s id="404">
- Dit is 'n jong extremist.
    <time id="T320E" value="00:23:53,836" />
  </s>
  <s id="405">
    <time id="T321S" value="00:23:53,886" />
Hy beweer verantwoordelik te wees vir die moord van SecNav.
    <time id="T321E" value="00:23:57,332" />
  </s>
  <s id="406">
    <time id="T322S" value="00:23:57,382" />
Parsa is die seun van die vermoorde ouers in Karachi, Pakistan.
    <time id="T322E" value="00:24:00,794" />
  </s>
  <s id="407">
    <time id="T323S" value="00:24:00,844" />
Dit is nog 'n kind, boos.
  </s>
  <s id="408">
Het geen vrees nie.
    <time id="T323E" value="00:24:03,801" />
  </s>
  <s id="409">
    <time id="T324S" value="00:24:03,851" />
Eng, omdat niks hom iets kan omgee.
    <time id="T324E" value="00:24:06,604" />
  </s>
  <s id="410">
    <time id="T325S" value="00:24:06,654" />
Parsa rig 'n nuwe skrik sel op.
    <time id="T325E" value="00:24:09,338" />
  </s>
  <s id="411">
    <time id="T326S" value="00:24:09,388" />
Net oor 'n jaar gelede het ons daar lug van dat hy private sake transaksies het gesmeed onder terroriste en Amerikaanse maatskappye.
    <time id="T327E" value="00:24:17,573" />
  </s>
  <s id="412">
    <time id="T328S" value="00:24:17,623" />
Wat vir transaksies?
  </s>
  <s id="413">
- Wel, elke jaar word miljarde uitgereik vir heropbou van skade deur kriminele feite.
    <time id="T329E" value="00:24:23,386" />
  </s>
  <s id="414">
    <time id="T330S" value="00:24:23,436" />
Blaas iets op en crank die ekonomie aan.
  </s>
  <s id="415">
- Meer werksgeleenthede in die bou.
    <time id="T330E" value="00:24:27,650" />
  </s>
  <s id="416">
    <time id="T331S" value="00:24:27,700" />
En sekuriteit.
    <time id="T331E" value="00:24:28,644" />
  </s>
  <s id="417">
    <time id="T332S" value="00:24:28,694" />
Na wie reik Parsa uit vir hierdie transaksies?
    <time id="T332E" value="00:24:32,155" />
  </s>
  <s id="418">
    <time id="T333S" value="00:24:32,205" />
'n Handvol Amerikaanse sakemanne.
  </s>
  <s id="419">
- Verraaiers.
    <time id="T333E" value="00:24:35,819" />
  </s>
  <s id="420">
    <time id="T334S" value="00:24:35,869" />
Sakemanne en skelms wat saamwerk.
    <time id="T334E" value="00:24:39,070" />
  </s>
  <s id="421">
    <time id="T335S" value="00:24:39,270" />
Ons is nog op soek na name.
    <time id="T335E" value="00:24:41,119" />
  </s>
  <s id="422">
    <time id="T336S" value="00:24:41,169" />
Beplande vernietiging kan heel wat oplewer.
    <time id="T336E" value="00:24:44,581" />
  </s>
  <s id="423">
    <time id="T337S" value="00:24:44,631" />
Iemand moet dit tog weer opbou.
  </s>
  <s id="424">
- Gordon Gekko ontmoet Bin Laden.
    <time id="T337E" value="00:24:48,514" />
  </s>
  <s id="425">
    <time id="T338S" value="00:24:48,991" />
Waarom is die NCIS 'n teiken?
    <time id="T338E" value="00:24:50,831" />
  </s>
  <s id="426">
    <time id="T339S" value="00:24:50,881" />
Omdat hulle dink dat julle nie saamspeel.
    <time id="T339E" value="00:24:53,633" />
  </s>
  <s id="427">
    <time id="T340S" value="00:24:53,857" />
Daar het hulle soos in.
    <time id="T340E" value="00:24:56,278" />
  </s>
  <s id="428">
    <time id="T341S" value="00:24:58,137" />
Weet die binnelandse veiligheid daarvan?
    <time id="T341E" value="00:25:00,843" />
  </s>
  <s id="429">
    <time id="T342S" value="00:25:02,596" />
Vanaf die eerste dag, direkteur.
    <time id="T342E" value="00:25:05,529" />
  </s>
  <s id="430">
    <time id="T343S" value="00:25:09,404" />
Leon.
  </s>
  <s id="431">
Kom binne.
    <time id="T343E" value="00:25:12,155" />
  </s>
  <s id="432">
    <time id="T344S" value="00:25:14,807" />
Het jy gehoor?
  </s>
  <s id="433">
Hulle hou my been.
    <time id="T344E" value="00:25:18,218" />
  </s>
  <s id="434">
    <time id="T345S" value="00:25:18,268" />
Sê me dat jy niks geweet het oor Benham Parsa.
    <time id="T345E" value="00:25:21,659" />
  </s>
  <s id="435">
    <time id="T346S" value="00:25:22,179" />
Dit is alles tragies, verwerplik.
  </s>
  <s id="436">
- Jy het geweet dus van die transaksies?
    <time id="T346E" value="00:25:26,382" />
  </s>
  <s id="437">
    <time id="T347S" value="00:25:26,882" />
Daar is geen bewyse van transaksies, dit is alles " hoor sê ".
    <time id="T347E" value="00:25:29,820" />
  </s>
  <s id="438">
    <time id="T348S" value="00:25:30,020" />
Daar is niks om wie dan ook met iets in verband te bring.
    <time id="T348E" value="00:25:32,084" />
  </s>
  <s id="439">
    <time id="T349S" value="00:25:32,134" />
Tom, vertel my dat jy dit nie in gang gesit het.
    <time id="T349E" value="00:25:35,762" />
  </s>
  <s id="440">
    <time id="T350S" value="00:25:37,908" />
In hemelsnaam, Leon, kyk me aan.
    <time id="T350E" value="00:25:40,101" />
  </s>
  <s id="441">
    <time id="T351S" value="00:25:40,151" />
Ek het my lewe aan hierdie land gewy.
    <time id="T351E" value="00:25:42,641" />
  </s>
  <s id="442">
    <time id="T352S" value="00:25:42,691" />
Ek weet dat die lyn soms vaag is, maar ek, sou nooit 'n aanslag toelaat.
    <time id="T352E" value="00:25:47,333" />
  </s>
  <s id="443">
    <time id="T353S" value="00:25:47,533" />
Daar is heel wat geld in die spel.
    <time id="T353E" value="00:25:49,851" />
  </s>
  <s id="444">
    <time id="T354S" value="00:25:49,901" />
Hoe durf jy die beskuldiging te maak?
    <time id="T354E" value="00:25:52,625" />
  </s>
  <s id="445">
    <time id="T355S" value="00:25:52,675" />
Iemand probeer my span uit te roei.
  </s>
  <s id="446">
- Hulle het probeer om my ook dood te maak.
    <time id="T355E" value="00:25:56,450" />
  </s>
  <s id="447">
    <time id="T356S" value="00:26:00,135" />
Tom, sê dit vir my nou direk.
    <time id="T356E" value="00:26:02,409" />
  </s>
  <s id="448">
    <time id="T357S" value="00:26:02,702" />
Wie is die volgende doelwit?
    <time id="T357E" value="00:26:04,997" />
  </s>
  <s id="449">
    <time id="T358S" value="00:26:07,358" />
Dit is Ziva David.
    <time id="T358E" value="00:26:09,913" />
  </s>
  <s id="450">
    <time id="T359S" value="00:26:10,973" />
Eli het geweet teveel, dat hulle dink van haar ook.
    <time id="T359E" value="00:26:13,945" />
  </s>
  <s id="451">
    <time id="T360S" value="00:26:27,963" />
Ek het 'n veilige pos gestuur na die Mossad, mag Ziva daar opdaag.
    <time id="T360E" value="00:26:31,635" />
  </s>
  <s id="452">
    <time id="T361S" value="00:26:31,685" />
Hoe weet ons dat hulle nie alles afluister.
  </s>
  <s id="453">
- Dat ons nie weet nie.
    <time id="T361E" value="00:26:34,794" />
  </s>
  <s id="454">
    <time id="T362S" value="00:26:34,844" />
Ons gaan daarvan uit dat alles aangetas is.
    <time id="T362E" value="00:26:36,639" />
  </s>
  <s id="455">
    <time id="T363S" value="00:26:36,689" />
Ziva geken sal sy wegkruip.
  </s>
  <s id="456">
- Sy sal wel moet.
    <time id="T363E" value="00:26:40,007" />
  </s>
  <s id="457">
    <time id="T364S" value="00:26:40,342" />
Wel, nou.
  </s>
  <s id="458">
Hoe was die woestyn?
    <time id="T364E" value="00:26:42,482" />
  </s>
  <s id="459">
    <time id="T365S" value="00:26:42,532" />
Hulle sê dat dit 'n droë hitte is.
  </s>
  <s id="460">
- Welkom, baas.
    <time id="T365E" value="00:26:45,518" />
  </s>
  <s id="461">
    <time id="T366S" value="00:26:45,568" />
Wat het ons?
  </s>
  <s id="462">
- Het gewone.
    <time id="T366E" value="00:26:47,157" />
  </s>
  <s id="463">
    <time id="T367S" value="00:26:47,207" />
Die wêreld het na die hel, toe jy weg was.
  </s>
  <s id="464">
- In m'n woning sit sniper koeëls.
    <time id="T367E" value="00:26:51,016" />
  </s>
  <s id="465">
    <time id="T368S" value="00:26:51,066" />
Die Duck man het 'n rat in sy lab en daar is 'n terroris genoem Parsa, wat...
    <time id="T368E" value="00:26:54,878" />
  </s>
  <s id="466">
    <time id="T369S" value="00:26:54,928" />
Ja, dat weet ek al, DiNozzo.
  </s>
  <s id="467">
- Natuurlik.
    <time id="T369E" value="00:26:57,073" />
  </s>
  <s id="468">
    <time id="T370S" value="00:26:57,123" />
Wat weet jy nie?
  </s>
  <s id="469">
- Waar is Ziva?
    <time id="T370E" value="00:26:58,714" />
  </s>
  <s id="470">
    <time id="T371S" value="00:26:58,764" />
Israel, voorlopig nie te vind nie.
    <time id="T371E" value="00:27:00,388" />
  </s>
  <s id="471">
    <time id="T372S" value="00:27:00,588" />
Ek poog 'n veilige e-pos rekening te maak vir kommunikasie met die buiteland.
    <time id="T372E" value="00:27:05,460" />
  </s>
  <s id="472">
    <time id="T373S" value="00:27:08,093" />
Ja.
  </s>
  <s id="473">
Hy is OK.
    <time id="T373E" value="00:27:10,250" />
  </s>
  <s id="474">
    <time id="T374S" value="00:27:10,847" />
Hy werk nou met ons.
    <time id="T374E" value="00:27:13,007" />
  </s>
  <s id="475">
    <time id="T375S" value="00:27:13,307" />
Fyn om te sien dat alles goed met julle is.
    <time id="T375E" value="00:27:15,551" />
  </s>
  <s id="476">
    <time id="T376S" value="00:27:15,601" />
Luister, ek is jammer wat betref...
  </s>
  <s id="477">
- Ek wil my penning terug.
    <time id="T376E" value="00:27:19,281" />
  </s>
  <s id="478">
    <time id="T377S" value="00:27:19,830" />
Ja, dat ek kan verstaan?
  </s>
  <s id="479">
.
    <time id="T377E" value="00:27:22,043" />
  </s>
  <s id="480">
    <time id="T378S" value="00:27:22,093" />
Geen probleem, nou die saak verwerp is.
    <time id="T378E" value="00:27:25,972" />
  </s>
  <s id="481">
    <time id="T379S" value="00:27:26,472" />
Ek sal dit met direkteur Vance bespreek.
  </s>
  <s id="482">
- Dankie, Dick.
    <time id="T379E" value="00:27:29,829" />
  </s>
  <s id="483">
    <time id="T380S" value="00:27:30,342" />
Dus, wat het jy ontdek oor die Iraanse sielkundige speletjies?
    <time id="T380E" value="00:27:33,541" />
  </s>
  <s id="484">
    <time id="T381S" value="00:27:33,591" />
Die luitenant is nie in Iran gedood.
    <time id="T381E" value="00:27:36,145" />
  </s>
  <s id="485">
    <time id="T382S" value="00:27:36,445" />
Euh, ja, ons ontdek dat luitenant McBride bevel gekry het om terug te keer na die VSA en hy hardloop in 'n val.
    <time id="T383E" value="00:27:43,067" />
  </s>
  <s id="486">
    <time id="T384S" value="00:27:43,267" />
Sy hoof is huis toe gestuur via 'n ompad langs die Midde-Ooste.
    <time id="T384E" value="00:27:46,210" />
  </s>
  <s id="487">
    <time id="T385S" value="00:27:46,310" />
Gekry wat radioaktiwiteit mee...
  </s>
  <s id="488">
- Ek is so bly dat jy hier is.
    <time id="T385E" value="00:27:50,093" />
  </s>
  <s id="489">
    <time id="T386S" value="00:27:50,143" />
Iemand het baie moeite gedoen om dit daarop te laat lyk dat
    <time id="T386E" value="00:27:52,413" />
  </s>
  <s id="490">
    <time id="T387S" value="00:27:52,463" />
Iran daar verantwoordelik vir was.
  </s>
  <s id="491">
- So, wie hom gedood dan eintlik?
    <time id="T387E" value="00:27:55,637" />
  </s>
  <s id="492">
    <time id="T388S" value="00:27:55,687" />
Dieselfde mense wat ons wil doodmaak.
  </s>
  <s id="493">
- 'n Plaaslike sel.
    <time id="T388E" value="00:27:58,484" />
  </s>
  <s id="494">
    <time id="T389S" value="00:27:58,534" />
Hitmen.
  </s>
  <s id="495">
Soek hulle. 
  </s>
  <s id="496">
Aan die slag.
    <time id="T389E" value="00:28:01,670" />
  </s>
  <s id="497">
    <time id="T390S" value="00:28:06,888" />
Kan met nie omgee dat jy vuil is sweet, moe of ruik na 'n vrachtvliegtuig.
  </s>
  <s id="498">
- Abbs, tog wel, kom nou.
    <time id="T391E" value="00:28:12,000" />
  </s>
  <s id="499">
    <time id="T392S" value="00:28:12,050" />
Die resultate van die hoof van McBride.
  </s>
  <s id="500">
- Gibbs, kyk uit.
    <time id="T392E" value="00:28:15,125" />
  </s>
  <s id="501">
    <time id="T393S" value="00:28:18,598" />
Dit is wat ongezellig in die squadzaal.
  </s>
  <s id="502">
Dit is hier nie beter, sien ek.
    <time id="T393E" value="00:28:23,870" />
  </s>
  <s id="503">
    <time id="T394S" value="00:28:23,920" />
Guts het wat engerd, hy dink oral te kan gaan en...
    <time id="T394E" value="00:28:27,676" />
  </s>
  <s id="504">
    <time id="T395S" value="00:28:27,726" />
Abby.
  </s>
  <s id="505">
- Ja.
    <time id="T395E" value="00:28:29,516" />
  </s>
  <s id="506">
    <time id="T396S" value="00:28:29,566" />
Die resultate?
  </s>
  <s id="507">
- Die lê in die kamer.
    <time id="T396E" value="00:28:32,567" />
  </s>
  <s id="508">
    <time id="T397S" value="00:28:32,617" />
Ja en dan?
  </s>
  <s id="509">
- Maar, hy sit in die kamer.
    <time id="T397E" value="00:28:35,548" />
  </s>
  <s id="510">
    <time id="T398S" value="00:28:35,598" />
Tensy daar iets verander is, gaan ek daar nie na binne, by hom.
    <time id="T398E" value="00:28:39,756" />
  </s>
  <s id="511">
    <time id="T399S" value="00:28:39,806" />
Ek bedoel, daar moet iets drasties verander is.
    <time id="T399E" value="00:28:43,461" />
  </s>
  <s id="512">
    <time id="T400S" value="00:28:43,511" />
Byvoorbeeld, dat hy my lewe gered het?
  </s>
  <s id="513">
- Ja, asof dit gaan gebeur.
    <time id="T400E" value="00:28:48,121" />
  </s>
  <s id="514">
    <time id="T401S" value="00:28:49,959" />
Ja.
  </s>
  <s id="515">
- Ek bedoel, as hy dit gedoen het, dan is ek bly, natuurlik.
  </s>
  <s id="516">
Maar ek bedoel, hy het dit tog nie losgekoop, tog?
    <time id="T403E" value="00:28:58,520" />
  </s>
  <s id="517">
    <time id="T404S" value="00:28:59,123" />
Prima.
  </s>
  <s id="518">
Maar tog moet ek nie van hom het.
    <time id="T404E" value="00:29:01,576" />
  </s>
  <s id="519">
    <time id="T405S" value="00:29:04,598" />
Dankie, Gibbs. 
  </s>
  <s id="520">
Abby...
  </s>
  <s id="521">
- Nie praat, jy.
    <time id="T405E" value="00:29:07,238" />
  </s>
  <s id="522">
    <time id="T406S" value="00:29:08,020" />
Dus, ek trek die sandkorrels na, wat in die hare, neus en ore van McBride gesit het.
    <time id="T406E" value="00:29:12,187" />
  </s>
  <s id="523">
    <time id="T407S" value="00:29:12,237" />
Hulle kom nie almal uit Afghanistan of Iran.
    <time id="T407E" value="00:29:14,933" />
  </s>
  <s id="524">
    <time id="T408S" value="00:29:14,983" />
Nee, hulle is Amerikaans.
  </s>
  <s id="525">
- Nee.
    <time id="T408E" value="00:29:17,607" />
  </s>
  <s id="526">
    <time id="T409S" value="00:29:18,897" />
Beide, sommige korrels is uit die Midde-Ooste.
    <time id="T409E" value="00:29:21,850" />
  </s>
  <s id="527">
    <time id="T410S" value="00:29:21,900" />
Die ander is afkomstig uit die Sonora woestyn.
    <time id="T410E" value="00:29:24,819" />
  </s>
  <s id="528">
    <time id="T411S" value="00:29:24,869" />
Dit is 'n groot plek.
    <time id="T411E" value="00:29:26,213" />
  </s>
  <s id="529">
    <time id="T412S" value="00:29:26,413" />
Strek uit van Kalifornië oor Arizona en Mexico, maar, op basis van die toksikologiese resultate, die water in sy stelsel en die minerale in sy bloed en die besoedeling in sy lugpyp...
    <time id="T414E" value="00:29:35,693" />
  </s>
  <s id="530">
    <time id="T415S" value="00:29:36,504" />
Die hoeveelhede is so gering dat jy onmoontlik kan bepaal presies waar...
    <time id="T415E" value="00:29:41,517" />
  </s>
  <s id="531">
    <time id="T416S" value="00:29:41,567" />
Beste skatting.
  </s>
  <s id="532">
- McBride vermoor en onthoof in die koper staat.
    <time id="T417E" value="00:29:46,255" />
  </s>
  <s id="533">
    <time id="T418S" value="00:29:46,891" />
Arizona.
  </s>
  <s id="534">
Dankie, Abbs.
    <time id="T418E" value="00:29:50,194" />
  </s>
  <s id="535">
    <time id="T419S" value="00:29:58,829" />
As Ziva in die probleme sit kan die penning van pas kom.
    <time id="T419E" value="00:30:02,148" />
  </s>
  <s id="536">
    <time id="T420S" value="00:30:02,198" />
As jy weet hoe hulle haar te besorg, dan speel ek mee.
    <time id="T420E" value="00:30:04,646" />
  </s>
  <s id="537">
    <time id="T421S" value="00:30:04,696" />
Selfs as iemand haar kan kontak, wie sal sy vertrou?
    <time id="T421E" value="00:30:07,540" />
  </s>
  <s id="538">
    <time id="T422S" value="00:30:07,590" />
Shmeil?
    <time id="T422E" value="00:30:08,886" />
  </s>
  <s id="539">
    <time id="T423S" value="00:30:08,936" />
Wel, Shmeil begin oud te word, McGee.
    <time id="T423E" value="00:30:12,093" />
  </s>
  <s id="540">
    <time id="T424S" value="00:30:12,585" />
Sy sal dit nie waag hom in gevaar te bring.
    <time id="T424E" value="00:30:14,716" />
  </s>
  <s id="541">
    <time id="T425S" value="00:30:14,916" />
Het jy 'n ander opsie, agent DiNozzo?
    <time id="T425E" value="00:30:18,208" />
  </s>
  <s id="542">
    <time id="T426S" value="00:30:19,669" />
As ek dit goed verstaan, DiNozzo, jy wil dat ek 'n ex Mossad agent vind, wat opgelei is om te verdwyn?
    <time id="T427E" value="00:30:26,755" />
  </s>
  <s id="543">
    <time id="T428S" value="00:30:26,805" />
Sy is ook 'n voormalige VSA agent wat onlangs onder intens toesig staan.
    <time id="T428E" value="00:30:31,249" />
  </s>
  <s id="544">
    <time id="T429S" value="00:30:31,299" />
Jy wil boonop dat ek haar vind, sonder dat iemand weet dat ek haar soek?
    <time id="T429E" value="00:30:35,724" />
  </s>
  <s id="545">
    <time id="T430S" value="00:30:35,924" />
Seker, want as jy die verkeerde mense na haar lei, dan kan hulle doodgemaak word.
  </s>
  <s id="546">
- Dat deel het jy baie duidelik gemaak.
    <time id="T431E" value="00:30:44,075" />
  </s>
  <s id="547">
    <time id="T432S" value="00:30:44,375" />
Het ons 'n probleem, Adam?
  </s>
  <s id="548">
- Nee.
    <time id="T432E" value="00:30:46,787" />
  </s>
  <s id="549">
    <time id="T433S" value="00:30:46,837" />
Ek is louter verbaas dat jy my vertrou vir so 'n verantwoordelikheid.
    <time id="T433E" value="00:30:50,986" />
  </s>
  <s id="550">
    <time id="T434S" value="00:30:51,457" />
Ek het gedink dat jy nie van my hou.
  </s>
  <s id="551">
- Ek mag jou nie.
    <time id="T434E" value="00:30:54,513" />
  </s>
  <s id="552">
    <time id="T435S" value="00:30:56,279" />
Maar Ziva vertrou jou, dus ek moet wel.
    <time id="T435E" value="00:31:00,318" />
  </s>
  <s id="553">
    <time id="T436S" value="00:31:00,916" />
Ek sal doen wat ek kan.
    <time id="T436E" value="00:31:02,655" />
  </s>
  <s id="554">
    <time id="T437S" value="00:31:04,223" />
Jy weet nie meer wie jy nog kan vertrou.
    <time id="T437E" value="00:31:06,296" />
  </s>
  <s id="555">
    <time id="T438S" value="00:31:06,346" />
Is dit ooit maklik nie, Tobias?
  </s>
  <s id="556">
- Nee verdomme.
    <time id="T438E" value="00:31:10,000" />
  </s>
  <s id="557">
    <time id="T439S" value="00:31:10,488" />
Maar met groot maatskappye voordeel uit terreurdade haal?
    <time id="T439E" value="00:31:13,641" />
  </s>
  <s id="558">
    <time id="T440S" value="00:31:13,741" />
Dit is soos Chicago, Capone in die 20s.
  </s>
  <s id="559">
- Ja, nou maar hulle het Capone gevang.
    <time id="T440E" value="00:31:18,479" />
  </s>
  <s id="560">
    <time id="T441S" value="00:31:19,441" />
Voel jy daar nie beter deur?
    <time id="T441E" value="00:31:21,944" />
  </s>
  <s id="561">
    <time id="T442S" value="00:31:21,994" />
Nee, tog nie.
    <time id="T442E" value="00:31:24,180" />
  </s>
  <s id="562">
    <time id="T443S" value="00:31:25,493" />
Ons luitenant sonder kop, het bevel na Iran te gaan enkel om sy bevele te sien kanselleer.
    <time id="T444E" value="00:31:30,637" />
  </s>
  <s id="563">
    <time id="T445S" value="00:31:30,687" />
Sonder enige verslag daarvan.
  </s>
  <s id="564">
Wie kan dit beter, dan...
    <time id="T445E" value="00:31:33,626" />
  </s>
  <s id="565">
    <time id="T446S" value="00:31:33,676" />
Sy bevelvoerder.
    <time id="T446E" value="00:31:36,208" />
  </s>
  <s id="566">
    <time id="T447S" value="00:31:36,428" />
McGee, kaptein Dominick Wayne, JSOC, finansiële data.
    <time id="T447E" value="00:31:40,336" />
  </s>
  <s id="567">
    <time id="T448S" value="00:31:40,386" />
Doen ek.
    <time id="T448E" value="00:31:42,137" />
  </s>
  <s id="568">
    <time id="T449S" value="00:31:44,791" />
Goed, ek het die kaptein sy bankrekening.
  </s>
  <s id="569">
Waar moet ek na soek?
    <time id="T449E" value="00:31:48,430" />
  </s>
  <s id="570">
    <time id="T450S" value="00:31:48,480" />
Verleiding.
  </s>
  <s id="571">
- Omkoopgeld.
    <time id="T450E" value="00:31:49,910" />
  </s>
  <s id="572">
    <time id="T451S" value="00:31:49,960" />
Vir die onder die bus gooi van McBride en Gibbs 'n woestijnval in te stuur.
    <time id="T451E" value="00:31:54,280" />
  </s>
  <s id="573">
    <time id="T452S" value="00:31:54,447" />
Geen ongewone aktiwiteite of deposito.
    <time id="T452E" value="00:31:56,940" />
  </s>
  <s id="574">
    <time id="T453S" value="00:31:56,990" />
Dit blyk dat ons kaptein 'n tipiese regeringsamptenaar is.
    <time id="T453E" value="00:31:59,277" />
  </s>
  <s id="575">
    <time id="T454S" value="00:31:59,327" />
Sonder geld.
  </s>
  <s id="576">
Miskien verander hy die bevele nie.
    <time id="T454E" value="00:32:02,281" />
  </s>
  <s id="577">
    <time id="T455S" value="00:32:02,331" />
Ons kan dit mis het.
  </s>
  <s id="578">
- Ons sal die ondersoek
    <time id="T455E" value="00:32:04,330" />
  </s>
  <s id="579">
    <time id="T456S" value="00:32:04,380" />
Ja.
  </s>
  <s id="580">
- McGee, hoe is jou handskrif?
    <time id="T457E" value="00:32:08,642" />
  </s>
  <s id="581">
    <time id="T458S" value="00:32:11,212" />
Skat, het jy iets om die kerse aan te steek.
    <time id="T458E" value="00:32:13,600" />
  </s>
  <s id="582">
    <time id="T459S" value="00:32:19,288" />
Wie is dit?
  </s>
  <s id="583">
- Doen jy maar, ek is so terug.
    <time id="T459E" value="00:32:22,651" />
  </s>
  <s id="584">
    <time id="T460S" value="00:32:24,664" />
Menere, dit moet belangrik wees vir julle om na hier te kom.
    <time id="T460E" value="00:32:28,786" />
  </s>
  <s id="585">
    <time id="T461S" value="00:32:29,904" />
Ons gaan so 'n stukkie koek eet.
  </s>
  <s id="586">
Kan jou koms nog die moeite werd maak.
    <time id="T461E" value="00:32:33,200" />
  </s>
  <s id="587">
    <time id="T462S" value="00:32:33,300" />
Begin met die waarheid, kaptein.
    <time id="T462E" value="00:32:35,398" />
  </s>
  <s id="588">
    <time id="T463S" value="00:32:35,448" />
Vertel ons oor die bevele van luitenant Chad McBride in Iran.
    <time id="T463E" value="00:32:39,308" />
  </s>
  <s id="589">
    <time id="T464S" value="00:32:39,358" />
Meer bepaal, is bevel om na huis terug te keer.
    <time id="T464E" value="00:32:41,980" />
  </s>
  <s id="590">
    <time id="T465S" value="00:32:42,030" />
Na huis terug keer?
  </s>
  <s id="591">
Waar het jy dit oor?
    <time id="T465E" value="00:32:44,033" />
  </s>
  <s id="592">
    <time id="T466S" value="00:32:44,083" />
Hy het gekom teug in 'n boks.
    <time id="T466E" value="00:32:45,634" />
  </s>
  <s id="593">
    <time id="T467S" value="00:32:45,684" />
Dit was jou taak om uit te soek wie hom daarin steek.
    <time id="T467E" value="00:32:48,482" />
  </s>
  <s id="594">
    <time id="T468S" value="00:32:48,532" />
Dat het jy gedoen.
  </s>
  <s id="595">
- Weet jy, dit is teen die reëls vir militêre, aan hul geliefdes te sê dat hulle beveel gewysig is.
    <time id="T470E" value="00:32:54,572" />
  </s>
  <s id="596">
    <time id="T471S" value="00:32:54,622" />
Maar, ek het tog die gewoonte om na my vrou te skryf.
    <time id="T471E" value="00:32:57,301" />
  </s>
  <s id="597">
    <time id="T472S" value="00:32:57,685" />
Dat gedoen het Chad McBride ook.
  </s>
  <s id="598">
- Kwam vandag aan met die post.
    <time id="T472E" value="00:33:01,980" />
  </s>
  <s id="599">
    <time id="T473S" value="00:33:03,537" />
"Ek vind dat jy dit moet weet, ek het met kaptein Wayne gepraat".
    <time id="T473E" value="00:33:06,764" />
  </s>
  <s id="600">
    <time id="T474S" value="00:33:07,440" />
"hy het my bevele verander".
    <time id="T474E" value="00:33:09,911" />
  </s>
  <s id="601">
    <time id="T475S" value="00:33:10,414" />
"Jy hoef jy nie meer bekommerd te maak".
  </s>
  <s id="602">
- Hy het nie geweet beter.
    <time id="T475E" value="00:33:13,082" />
  </s>
  <s id="603">
    <time id="T476S" value="00:33:13,182" />
Jy gereël sy teregstelling.
    <time id="T476E" value="00:33:15,681" />
  </s>
  <s id="604">
    <time id="T477S" value="00:33:17,465" />
Ek het nie geweet dat hulle hom sou vermoor.
    <time id="T477E" value="00:33:19,766" />
  </s>
  <s id="605">
    <time id="T478S" value="00:33:21,646" />
Dan sou ek nie gebel het.
  </s>
  <s id="606">
- Wie betaal jou?
    <time id="T478E" value="00:33:24,784" />
  </s>
  <s id="607">
    <time id="T479S" value="00:33:25,084" />
Waar is die geld?
    <time id="T479E" value="00:33:26,737" />
  </s>
  <s id="608">
    <time id="T480S" value="00:33:26,937" />
Hulle het my geen geld aangebied.
    <time id="T480E" value="00:33:29,202" />
  </s>
  <s id="609">
    <time id="T481S" value="00:33:29,252" />
Hulle het foto's.
    <time id="T481E" value="00:33:31,498" />
  </s>
  <s id="610">
    <time id="T482S" value="00:33:31,906" />
Van my ontrouheid.
    <time id="T482E" value="00:33:34,110" />
  </s>
  <s id="611">
    <time id="T483S" value="00:33:34,410" />
Afpersing.
  </s>
  <s id="612">
- Nog 'n Capone taktiek.
    <time id="T483E" value="00:33:37,394" />
  </s>
  <s id="613">
    <time id="T484S" value="00:33:40,062" />
Ek kon hulle dit nie van me laat afneem.
  </s>
  <s id="614">
- Hulle?
    <time id="T484E" value="00:33:43,528" />
  </s>
  <s id="615">
    <time id="T485S" value="00:33:43,808" />
Ek is gebel, om die bevele van McBride te verander.
    <time id="T485E" value="00:33:47,450" />
  </s>
  <s id="616">
    <time id="T486S" value="00:33:48,394" />
Nog eens om agent Gibbs na Iran te stuur.
    <time id="T486E" value="00:33:51,110" />
  </s>
  <s id="617">
    <time id="T487S" value="00:33:51,310" />
Maar ek weet nie wie dit was.
    <time id="T487E" value="00:33:53,622" />
  </s>
  <s id="618">
    <time id="T488S" value="00:33:53,672" />
Ek gee julle my telefoon aantekeninge, alles.
    <time id="T488E" value="00:33:56,330" />
  </s>
  <s id="619">
    <time id="T489S" value="00:33:58,319" />
Insluitend van my ontslag.
    <time id="T489E" value="00:34:00,533" />
  </s>
  <s id="620">
    <time id="T490S" value="00:34:00,733" />
Vergeet jou tyd in die gevangenis en die krijgsraad nie, kaptein.
    <time id="T490E" value="00:34:05,379" />
  </s>
  <s id="621">
    <time id="T491S" value="00:34:06,334" />
Dit spyt my.
    <time id="T491E" value="00:34:08,876" />
  </s>
  <s id="622">
    <time id="T492S" value="00:34:08,926" />
Sê dat aan die vrou van McBride.
    <time id="T492E" value="00:34:11,759" />
  </s>
  <s id="623">
    <time id="T493S" value="00:34:28,011" />
Spesiale agent Gibbs, dit is Tomas Mendez.
    <time id="T493E" value="00:34:31,434" />
  </s>
  <s id="624">
    <time id="T494S" value="00:34:32,354" />
Hy sit in die bestuur van die Openbare Anti 
  </s>
  <s id="625">
- Terrorisme Koalisie.
    <time id="T494E" value="00:34:35,021" />
  </s>
  <s id="626">
    <time id="T495S" value="00:34:35,071" />
Die koalisie help om die samewerking te fasiliteer tussen maatskappye en agentskappe van die regering in die stryd teen die terreur.
    <time id="T496E" value="00:34:40,858" />
  </s>
  <s id="627">
    <time id="T497S" value="00:34:40,908" />
Hoekom is jy hier, Mr Mendez?
  </s>
  <s id="628">
- Tomas werk nou saam met binnelandse veiligheid. 
  </s>
  <s id="629">
Hulle het agter Parsa en die nuwe terreurgroep.
    <time id="T498E" value="00:34:47,320" />
  </s>
  <s id="630">
    <time id="T499S" value="00:34:47,701" />
Parsa is moeilik te spoor.
    <time id="T499E" value="00:34:49,485" />
  </s>
  <s id="631">
    <time id="T500S" value="00:34:49,535" />
Die is gemaak deur 'n surveillance kamera in een van my woonstelblokke in Miami.
    <time id="T500E" value="00:34:53,641" />
  </s>
  <s id="632">
    <time id="T501S" value="00:34:53,691" />
Op inisiatief van die koalisie sy al my sekuriteitskameras verbind met lyste van die regering.
    <time id="T502E" value="00:35:00,834" />
  </s>
  <s id="633">
    <time id="T503S" value="00:35:00,884" />
Sy gesig is opgemerk.
    <time id="T503E" value="00:35:02,554" />
  </s>
  <s id="634">
    <time id="T504S" value="00:35:02,604" />
Ons het saam gewerk met binnelandse veiligheid, maar, omdat Morrow gewond is, wend ons ons tot u.
    <time id="T505E" value="00:35:06,924" />
  </s>
  <s id="635">
    <time id="T506S" value="00:35:06,974" />
Dit is beter dat ons almal ooreenstem.
    <time id="T506E" value="00:35:09,642" />
  </s>
  <s id="636">
    <time id="T507S" value="00:35:10,042" />
Het u eiendom in Arizona, Mr Mendez?
  </s>
  <s id="637">
- Een mooie staat.
    <time id="T507E" value="00:35:13,605" />
  </s>
  <s id="638">
    <time id="T508S" value="00:35:13,655" />
Waarom?
    <time id="T508E" value="00:35:14,957" />
  </s>
  <s id="639">
    <time id="T509S" value="00:35:15,007" />
Ons dink dat, wie ook die velle uitdeel, hy daar 'n aktiewe sel het.
    <time id="T509E" value="00:35:19,114" />
  </s>
  <s id="640">
    <time id="T510S" value="00:35:19,314" />
Ons sou jou hulp kan gebruik.
    <time id="T510E" value="00:35:21,564" />
  </s>
  <s id="641">
    <time id="T511S" value="00:35:30,418" />
Kom jy na buite, of wat?
  </s>
  <s id="642">
- Wel, eintlik het ek na jou.
    <time id="T511E" value="00:35:34,349" />
  </s>
  <s id="643">
    <time id="T512S" value="00:35:34,399" />
As jy gaan af, kan ek saamgaan.
    <time id="T512E" value="00:35:36,299" />
  </s>
  <s id="644">
    <time id="T513S" value="00:35:36,349" />
As dit goed is?
    <time id="T513E" value="00:35:38,352" />
  </s>
  <s id="645">
    <time id="T514S" value="00:35:55,946" />
Luister, jy mag my miskien nie, of wat ek doen.
    <time id="T514E" value="00:35:58,996" />
  </s>
  <s id="646">
    <time id="T515S" value="00:35:59,046" />
Wat het jy die indruk gegee?
    <time id="T515E" value="00:36:00,666" />
  </s>
  <s id="647">
    <time id="T516S" value="00:36:00,716" />
As ek iemand navorsing, doen ek dit heel deeglik.
    <time id="T516E" value="00:36:02,805" />
  </s>
  <s id="648">
    <time id="T517S" value="00:36:02,855" />
Wel, dan het ons iets in gemeen.
    <time id="T517E" value="00:36:05,200" />
  </s>
  <s id="649">
    <time id="T518S" value="00:36:05,563" />
Wat is dit?
  </s>
  <s id="650">
- Dit is 'n vredesoffer.
    <time id="T518E" value="00:36:07,858" />
  </s>
  <s id="651">
    <time id="T519S" value="00:36:07,908" />
So iets.
    <time id="T519E" value="00:36:09,986" />
  </s>
  <s id="652">
    <time id="T520S" value="00:36:11,210" />
Eli David besit 'n hoeve naby Yavne'el, 'n onderduik adres.
    <time id="T520E" value="00:36:15,786" />
  </s>
  <s id="653">
    <time id="T521S" value="00:36:16,086" />
Die staat onder 'n valse naam en ek dink dat niemand daar weet van het.
    <time id="T521E" value="00:36:18,817" />
  </s>
  <s id="654">
    <time id="T522S" value="00:36:18,867" />
Behalwe Ziva miskien.
    <time id="T522E" value="00:36:20,873" />
  </s>
  <s id="655">
    <time id="T523S" value="00:36:21,482" />
En 'n slymerige prokureur uit Washington.
    <time id="T523E" value="00:36:23,526" />
  </s>
  <s id="656">
    <time id="T524S" value="00:36:23,626" />
Dat is heeltemal logies vir me.
  </s>
  <s id="657">
- Jy gryp jou vas aan strohalmen.
    <time id="T524E" value="00:36:27,186" />
  </s>
  <s id="658">
    <time id="T525S" value="00:36:27,386" />
Jy gaan haar soek.
  </s>
  <s id="659">
Ek ken jou.
    <time id="T525E" value="00:36:30,795" />
  </s>
  <s id="660">
    <time id="T526S" value="00:36:30,845" />
Dan weet jy dat ek dit gaan natrekken.
  </s>
  <s id="661">
- Wel, dat hoop ek.
    <time id="T526E" value="00:36:34,404" />
  </s>
  <s id="662">
    <time id="T527S" value="00:36:34,504" />
Of ek begin nog te dink dat jy my vertrou.
    <time id="T527E" value="00:36:37,505" />
  </s>
  <s id="663">
    <time id="T528S" value="00:36:45,683" />
Weet jy, ek gaan jou geen nag soen gee.
  </s>
  <s id="664">
- Wat?
    <time id="T528E" value="00:36:48,871" />
  </s>
  <s id="665">
    <time id="T529S" value="00:36:49,071" />
Waarom gaan jy mee tot aan my wa?
    <time id="T529E" value="00:36:51,321" />
  </s>
  <s id="666">
    <time id="T530S" value="00:36:51,371" />
Gaan ons uit mekaar.
    <time id="T530E" value="00:36:52,937" />
  </s>
  <s id="667">
    <time id="T531S" value="00:36:52,987" />
Sou ek doen as ek kon.
  </s>
  <s id="668">
Jammer genoeg vertrou ek jou.
    <time id="T531E" value="00:36:55,380" />
  </s>
  <s id="669">
    <time id="T532S" value="00:36:55,430" />
Wel, die gevoel is wedersyds.
  </s>
  <s id="670">
So daar gaan jy dan.
    <time id="T532E" value="00:36:57,472" />
  </s>
  <s id="671">
    <time id="T533S" value="00:36:57,572" />
As iemand die jakkalse moet verslaan, kan net so goed ons dit doen.
    <time id="T533E" value="00:37:00,162" />
  </s>
  <s id="672">
    <time id="T534S" value="00:37:05,234" />
Luister, as dit tot 'n aanzoek lei, ek is daar nog nie gereed vir.
    <time id="T534E" value="00:37:08,794" />
  </s>
  <s id="673">
    <time id="T535S" value="00:37:08,844" />
Hoe lank het jy geweet al dat die NCIS in gevaar was, voor jy gekom het?
    <time id="T535E" value="00:37:12,697" />
  </s>
  <s id="674">
    <time id="T536S" value="00:37:14,809" />
Sodra ek uitgevind het dat 'n domkop oorlopers inhuurde, is ek na jou gekom.
    <time id="T537E" value="00:37:19,792" />
  </s>
  <s id="675">
    <time id="T538S" value="00:37:19,842" />
Ek hoop net dat jy vir my dieselfde sou doen.
    <time id="T538E" value="00:37:23,087" />
  </s>
  <s id="676">
    <time id="T539S" value="00:37:23,616" />
Hoe dit ook verloop, Tobias, ek gee jou rugdekking.
    <time id="T540E" value="00:37:29,155" />
  </s>
  <s id="677">
    <time id="T541S" value="00:37:35,781" />
Tydens die blitzkrieg, het kinders klein wit vlae, om die posisie van nie ontplof brandbomme te let.
    <time id="T542E" value="00:37:43,730" />
  </s>
  <s id="678">
    <time id="T543S" value="00:37:43,780" />
'n Overwinningstuin aanlê was, lyk my, minder gevaarlik.
    <time id="T543E" value="00:37:48,321" />
  </s>
  <s id="679">
    <time id="T544S" value="00:37:48,371" />
Maar lank nie so lonend.
    <time id="T544E" value="00:37:50,068" />
  </s>
  <s id="680">
    <time id="T545S" value="00:37:50,118" />
Aan die einde van die oorlog het ek 'n pragtige bom skerwe versameling.
    <time id="T545E" value="00:37:53,314" />
  </s>
  <s id="681">
    <time id="T546S" value="00:37:53,364" />
Dit was beter as geld op die speelgrond.
    <time id="T546E" value="00:37:55,817" />
  </s>
  <s id="682">
    <time id="T547S" value="00:37:55,867" />
Ek kon selfs veel van die stukke identifiseer.
    <time id="T547E" value="00:37:59,031" />
  </s>
  <s id="683">
    <time id="T548S" value="00:37:59,131" />
Ek hoop dat jy dit nog kan, Duck.
    <time id="T548E" value="00:38:01,300" />
  </s>
  <s id="684">
    <time id="T549S" value="00:38:01,759" />
Wel, jy het geluk, Jethro.
    <time id="T549E" value="00:38:03,775" />
  </s>
  <s id="685">
    <time id="T550S" value="00:38:03,825" />
Met hulp van die chemiese ontleding van Abby en die databasis van Timothy, het ons daarin geslaag.
    <time id="T551E" value="00:38:10,019" />
  </s>
  <s id="686">
    <time id="T552S" value="00:38:10,069" />
Die tye het verander sedert jy vyf was.
  </s>
  <s id="687">
- Nie soveel as wat jy sou dink.
    <time id="T552E" value="00:38:13,778" />
  </s>
  <s id="688">
    <time id="T553S" value="00:38:13,828" />
Deur dieselfde metode te gebruik van Ducky van toe hy kind was, metaalsoorte en en produksie tekens te identifiseer, kan ons die skerwe uit SecNav Jarvis en ander skakel, met bomme in die verlede gebruik.
  </s>
  <s id="689">
- Een trekker tweemaal gebruik in Jemen.
    <time id="T556E" value="00:38:29,474" />
  </s>
  <s id="690">
    <time id="T557S" value="00:38:29,524" />
Plastiek plofstof gebruik deur 'n blanke oppergesag groep in Suid-Dakota.
    <time id="T557E" value="00:38:33,667" />
  </s>
  <s id="691">
    <time id="T558S" value="00:38:33,717" />
Tye verander, die mense nie soseer.
  </s>
  <s id="692">
- Die meeste aanwysings gesit op die behuising self.
    <time id="T559E" value="00:38:39,205" />
  </s>
  <s id="693">
    <time id="T560S" value="00:38:40,471" />
'n Fiets?
  </s>
  <s id="694">
- Ja.
    <time id="T560E" value="00:38:41,851" />
  </s>
  <s id="695">
    <time id="T561S" value="00:38:41,901" />
Iemand gevul die raamwerk van 'n bergfiets met die inhoud van 'n pypbom.
    <time id="T561E" value="00:38:47,420" />
  </s>
  <s id="696">
    <time id="T562S" value="00:38:47,520" />
Dit is nogal 'n handtekening.
  </s>
  <s id="697">
- Handtekening wat in ons lêers sit.
    <time id="T562E" value="00:38:50,837" />
  </s>
  <s id="698">
    <time id="T563S" value="00:38:50,887" />
Behoort tot 'n groepering huurlingen wat die FBI volg.
    <time id="T563E" value="00:38:54,220" />
  </s>
  <s id="699">
    <time id="T564S" value="00:38:54,270" />
Genaamd " The Brotherhood of Doubt ".
    <time id="T564E" value="00:38:56,119" />
  </s>
  <s id="700">
    <time id="T565S" value="00:38:56,169" />
Sonder twyfel, mense wat min vertroue in die land het, dat hul onvervreembare regte beskerm.
  </s>
  <s id="701">
- Waar?
    <time id="T566E" value="00:39:03,635" />
  </s>
  <s id="702">
    <time id="T567S" value="00:39:03,685" />
Yuma.
  </s>
  <s id="703">
Arizona.
    <time id="T567E" value="00:39:06,231" />
  </s>
  <s id="704">
    <time id="T568S" value="00:39:06,590" />
Goed gewerk, ouens.
  </s>
  <s id="705">
He, Tobias.
    <time id="T568E" value="00:39:08,699" />
  </s>
  <s id="706">
    <time id="T569S" value="00:39:08,749" />
Kom maar terug.
  </s>
  <s id="707">
Jy gaan nog nie na huis.
    <time id="T569E" value="00:39:11,317" />
  </s>
  <s id="708">
    <time id="T570S" value="00:39:27,172" />
Veilig.
    <time id="T570E" value="00:39:28,782" />
  </s>
  <s id="709">
    <time id="T571S" value="00:39:29,438" />
Veilig.
    <time id="T571E" value="00:39:30,901" />
  </s>
  <s id="710">
    <time id="T572S" value="00:39:35,665" />
Luitenant McBride.
    <time id="T572E" value="00:39:37,787" />
  </s>
  <s id="711">
    <time id="T573S" value="00:39:55,919" />
C -4 en ontstekers.
    <time id="T573E" value="00:39:58,170" />
  </s>
  <s id="712">
    <time id="T574S" value="00:40:08,354" />
Foto 's van hul teikens.
    <time id="T574E" value="00:40:10,991" />
  </s>
  <s id="713">
    <time id="T575S" value="00:40:19,471" />
Mr Mendez.
  </s>
  <s id="714">
- Agent Gibbs.
    <time id="T575E" value="00:40:22,073" />
  </s>
  <s id="715">
    <time id="T576S" value="00:40:22,838" />
Ek het die gevoel dat dit geen toeval is.
  </s>
  <s id="716">
- Kom met my mee
    <time id="T576E" value="00:40:25,604" />
  </s>
  <s id="717">
    <time id="T577S" value="00:40:26,515" />
Ek bring jou na 'n veilige plek.
    <time id="T577E" value="00:40:28,685" />
  </s>
  <s id="718">
    <time id="T578S" value="00:40:59,401" />
Ziva.
    <time id="T578E" value="00:41:01,219" />
  </s>
  <s id="719">
    <time id="T579S" value="00:41:04,847" />
Jou inligting klop, Tony.
    <time id="T579E" value="00:41:07,232" />
  </s>
  <s id="720">
    <time id="T580S" value="00:41:07,906" />
Ziva was hier.
    <time id="T580E" value="00:41:09,450" />
  </s>
  <s id="721">
    <time id="T581S" value="00:41:09,500" />
Maar sy is weg.
    <time id="T581E" value="00:41:11,040" />
  </s>
  <s id="722">
    <time id="T582S" value="00:41:11,090" />
Wat het gebeur?
    <time id="T582E" value="00:41:12,610" />
  </s>
  <s id="723">
    <time id="T583S" value="00:41:13,405" />
Soos jy kan sien, is daar duidelik 'n stryd gewees.
    <time id="T583E" value="00:41:16,267" />
  </s>
  <s id="724">
    <time id="T584S" value="00:41:16,367" />
Drie mans is dood.
  </s>
  <s id="725">
Ons sal hulle identifiseer.
    <time id="T584E" value="00:41:18,837" />
  </s>
  <s id="726">
    <time id="T585S" value="00:41:18,887" />
Hoe weet jy dat die Ziva was?
    <time id="T585E" value="00:41:20,872" />
  </s>
  <s id="727">
    <time id="T586S" value="00:41:21,840" />
Omdat sy ons dit vertel het.
    <time id="T586E" value="00:41:23,776" />
  </s>
  <s id="728">
    <time id="T587S" value="00:42:12,500" />
Praat met my, Ziva.
    <time id="T587E" value="00:42:14,802" />
  </s>
  <s id="729">
    <time id="T588S" value="00:42:19,492" />
Waar is jy?
    <time id="T588E" value="00:42:21,576" />
  </s>
  <s id="730">
    <time id="T589S" value="00:42:22,945" />
Word vervolg
    <time id="T589E" value="00:42:26,355" />
  </s>
  <s id="731">
    <time id="T590S" value="00:42:26,405" />
Vertaling en sync deur: 
  </s>
  <s id="732">
Rie van die Buggy's
    <time id="T590E" value="00:42:30,976" />
  </s>
  <meta>
    <conversion>
      <tokens>6083</tokens>
      <encoding>windows-1252</encoding>
      <corrected_words>0</corrected_words>
      <truecased_words>21</truecased_words>
      <unknown_words>0</unknown_words>
      <sentences>732</sentences>
      <ignored_blocks>0</ignored_blocks>
    </conversion>
    <subtitle>
      <machine_translated>0</machine_translated>
      <date>2013-11-25</date>
      <language>Afrikaans</language>
      <confidence>1.0</confidence>
      <duration>00:42:30,976</duration>
      <blocks>590</blocks>
      <version>1</version>
      <rating>1.0</rating>
    </subtitle>
    <source>
      <year>2013</year>
      <duration>44</duration>
      <cds>1/1</cds>
      <genre>Action,Comedy,Crime</genre>
      <HD>1</HD>
    </source>
  </meta>
</document>
