<?xml version="1.0" encoding="utf-8"?>
<document id="5337470">
  <s id="1">
    <time id="T1S" value="00:00:00,300" />
NCIS.S11E05.720p.WEB-DL.DD5.1.H.264-CtrlHD
    <time id="T1E" value="00:00:02,685" />
  </s>
  <s id="2">
    <time id="T2S" value="00:00:36,354" />
Maar hy woon daar.
  </s>
  <s id="3">
- Wel...
    <time id="T2E" value="00:00:38,597" />
  </s>
  <s id="4">
    <time id="T3S" value="00:00:39,066" />
Jy optree soos 'n kind.
  </s>
  <s id="5">
- Martha, asseblief, as jy om my gee, laat die me dan self uitvind.
    <time id="T4E" value="00:00:46,445" />
  </s>
  <s id="6">
    <time id="T5S" value="00:00:48,569" />
Help, help me.
    <time id="T5E" value="00:00:50,524" />
  </s>
  <s id="7">
    <time id="T6S" value="00:00:50,624" />
Ry maar.
  </s>
  <s id="8">
- Dankie.
    <time id="T6E" value="00:00:54,028" />
  </s>
  <s id="9">
    <time id="T7S" value="00:01:03,694" />
NCIS Seisoen 11
  </s>
  <s id="10">
- Episode 5 Once a Crook
    <time id="T7E" value="00:01:09,057" />
  </s>
  <s id="11">
    <time id="T8S" value="00:01:29,694" />
Vertaling en sync deur: 
  </s>
  <s id="12">
Rie van die Buggy's
    <time id="T8E" value="00:01:33,376" />
  </s>
  <s id="13">
    <time id="T9S" value="00:01:36,689" />
Tony, wat doen jy hier?
  </s>
  <s id="14">
- Werk, Tim.
    <time id="T9E" value="00:01:39,481" />
  </s>
  <s id="15">
    <time id="T10S" value="00:01:39,581" />
Ek probeer my deur hierdie ondersoek verslae te worstel.
    <time id="T10E" value="00:01:42,649" />
  </s>
  <s id="16">
    <time id="T11S" value="00:01:42,749" />
Om sewe uur soggens?
  </s>
  <s id="17">
- Ja, iemand moet dit doen.
    <time id="T11E" value="00:01:45,931" />
  </s>
  <s id="18">
    <time id="T12S" value="00:01:45,966" />
Weereens, wie is jy en wat het jy met die ware Tony gedoen?
    <time id="T12E" value="00:01:48,903" />
  </s>
  <s id="19">
    <time id="T13S" value="00:01:49,310" />
Oh, ek was vroeg op en sien kans om langs die gym te gaan en wat om te shop.
    <time id="T13E" value="00:01:52,906" />
  </s>
  <s id="20">
    <time id="T14S" value="00:01:52,941" />
Ek het ook nog ontbeten.
  </s>
  <s id="21">
- Om hoe laat was jy dan al op?
    <time id="T14E" value="00:01:56,214" />
  </s>
  <s id="22">
    <time id="T15S" value="00:01:56,921" />
Eintlik, het ek nie geslaap.
  </s>
  <s id="23">
- Glad nie?
    <time id="T15E" value="00:01:59,870" />
  </s>
  <s id="24">
    <time id="T16S" value="00:02:00,350" />
Wil jy daaroor praat?
    <time id="T16E" value="00:02:02,555" />
  </s>
  <s id="25">
    <time id="T17S" value="00:02:03,106" />
Ek het die gevoel dat ons dit net gedoen het.
    <time id="T17E" value="00:02:05,274" />
  </s>
  <s id="26">
    <time id="T18S" value="00:02:06,698" />
Jy is die afgelope weke anders, Tony.
    <time id="T18E" value="00:02:09,349" />
  </s>
  <s id="27">
    <time id="T19S" value="00:02:09,549" />
Hoe lank al?
    <time id="T19E" value="00:02:11,104" />
  </s>
  <s id="28">
    <time id="T20S" value="00:02:11,460" />
Dit is nogal persoonlik, Tim.
  </s>
  <s id="29">
Maar omdat jy dit vra...
    <time id="T20E" value="00:02:14,259" />
  </s>
  <s id="30">
    <time id="T21S" value="00:02:14,359" />
Nee, hoe lank het jy al nie meer geslaap het?
    <time id="T21E" value="00:02:16,889" />
  </s>
  <s id="31">
    <time id="T22S" value="00:02:21,503" />
Enkele dae, geen probleem.
  </s>
  <s id="32">
- Enkele dae is 'n groot probleem, die liggaam het rus nodig, Tony.
  </s>
  <s id="33">
- Meen jy dit?
    <time id="T23E" value="00:02:26,304" />
  </s>
  <s id="34">
    <time id="T24S" value="00:02:26,339" />
Ek voel nog nooit alerter, Ek is heeltemal in my sas.
    <time id="T24E" value="00:02:29,797" />
  </s>
  <s id="35">
    <time id="T25S" value="00:02:29,897" />
Ek voel goed, man.
    <time id="T25E" value="00:02:31,967" />
  </s>
  <s id="36">
    <time id="T26S" value="00:02:33,463" />
Staan op, DiNozzo.
    <time id="T26E" value="00:02:35,023" />
  </s>
  <s id="37">
    <time id="T27S" value="00:02:36,803" />
Jammer, baas, ek het jou nie sien kom.
  </s>
  <s id="38">
- Ek bring orde en ruimte skip...
    <time id="T27E" value="00:02:40,380" />
  </s>
  <s id="39">
    <time id="T28S" value="00:02:40,415" />
Ruimte... 
  </s>
  <s id="40">
Skip...
    <time id="T28E" value="00:02:42,655" />
  </s>
  <s id="41">
    <time id="T29S" value="00:02:44,716" />
Werk in uitvoering.
  </s>
  <s id="42">
- Doen dit later.
    <time id="T29E" value="00:02:47,321" />
  </s>
  <s id="43">
    <time id="T30S" value="00:02:47,356" />
'n Dooie matroos naby Baltimore, komaan.
    <time id="T30E" value="00:02:49,927" />
  </s>
  <s id="44">
    <time id="T31S" value="00:02:50,027" />
Ek het koffie nodig.
    <time id="T31E" value="00:02:52,084" />
  </s>
  <s id="45">
    <time id="T32S" value="00:02:55,173" />
Gebrek aan slaap beinvloed kognitiewe funksies, kardiovaskulêre gesondheid, bloedsirkulasie.
    <time id="T33E" value="00:03:01,648" />
  </s>
  <s id="46">
    <time id="T34S" value="00:03:01,698" />
Jy gesoek het onderweg op via Google, nie?
  </s>
  <s id="47">
- Newe-effekte is, hoër risiko van 'n beroerte, geheueverlies en hallusinasies, Tony.
    <time id="T35E" value="00:03:09,171" />
  </s>
  <s id="48">
    <time id="T36S" value="00:03:09,371" />
Wat bedoel jy daarmee?
  </s>
  <s id="49">
- Sou jy nou wel 'n gelaaide wapen dra?
    <time id="T36E" value="00:03:13,416" />
  </s>
  <s id="50">
    <time id="T37S" value="00:03:13,867" />
Luister, ek het by die huis slaappille, ek kan hulle saambring.
    <time id="T37E" value="00:03:16,694" />
  </s>
  <s id="51">
    <time id="T38S" value="00:03:16,794" />
Probeer jy my heeltemal " Dorothy Dandridge " te maak?
    <time id="T38E" value="00:03:18,618" />
  </s>
  <s id="52">
    <time id="T39S" value="00:03:18,653" />
Vergeet dit maar.
  </s>
  <s id="53">
Koffiebone en Turbo Tweak.
    <time id="T39E" value="00:03:21,692" />
  </s>
  <s id="54">
    <time id="T40S" value="00:03:21,892" />
Die liggaam is my tempel.
    <time id="T40E" value="00:03:24,058" />
  </s>
  <s id="55">
    <time id="T41S" value="00:03:30,121" />
Hemel, ek het maagzuurremmer nodig.
    <time id="T41E" value="00:03:32,744" />
  </s>
  <s id="56">
    <time id="T42S" value="00:03:39,508" />
Kan jy jou voor...
  </s>
  <s id="57">
Dit spyt my, baas.
    <time id="T42E" value="00:03:42,794" />
  </s>
  <s id="58">
    <time id="T43S" value="00:03:43,094" />
'n Nogal rustieke plek om te sterf, vind jy nie, Jethro?
    <time id="T43E" value="00:03:46,394" />
  </s>
  <s id="59">
    <time id="T44S" value="00:03:46,429" />
Dit hang van die oorsaak af, Duck.
  </s>
  <s id="60">
- Die is minder rustiek, vrees ek.
    <time id="T44E" value="00:03:50,829" />
  </s>
  <s id="61">
    <time id="T45S" value="00:03:50,864" />
Enkele skoot in die rug, vir sover ek dit kan sien.
    <time id="T45E" value="00:03:53,592" />
  </s>
  <s id="62">
    <time id="T46S" value="00:03:53,692" />
Voorafgegaan deur 'n brutaal geveg.
  </s>
  <s id="63">
- Hy het geveg.
    <time id="T46E" value="00:03:57,376" />
  </s>
  <s id="64">
    <time id="T47S" value="00:03:57,411" />
Ja met die omgewing, dit is geen wonde van verdediging op sy hande.
    <time id="T47E" value="00:04:00,864" />
  </s>
  <s id="65">
    <time id="T48S" value="00:04:00,964" />
Van bome en struike, waar hy hom ongetwyfeld deur moes.
    <time id="T48E" value="00:04:05,340" />
  </s>
  <s id="66">
    <time id="T49S" value="00:04:05,375" />
Hy het gevlug vir iemand.
  </s>
  <s id="67">
- Slagoffer is onderoffisier Wells.
    <time id="T49E" value="00:04:09,435" />
  </s>
  <s id="68">
    <time id="T50S" value="00:04:09,470" />
24 jaar oud, 'n crypto techie.
  </s>
  <s id="69">
Net terug uit Afghanistan, waar hy was ontplooi in 'n sekuriteit pos.
    <time id="T51E" value="00:04:15,553" />
  </s>
  <s id="70">
    <time id="T52S" value="00:04:15,588" />
Parkwachters het sy liggaam gevind om 6 uur.
  </s>
  <s id="71">
- Rollins Hotel.
    <time id="T52E" value="00:04:19,088" />
  </s>
  <s id="72">
    <time id="T53S" value="00:04:19,138" />
In Baltimore en nog duur ook. 
  </s>
  <s id="73">
Ek vraag me af hoe 'n militêre hom dat kan bekostig.
    <time id="T53E" value="00:04:22,821" />
  </s>
  <s id="74">
    <time id="T54S" value="00:04:22,856" />
Ondersoek.
    <time id="T54E" value="00:04:24,766" />
  </s>
  <s id="75">
    <time id="T55S" value="00:04:25,501" />
Ag, DiNozzo, waar is jy mee besig?
  </s>
  <s id="76">
Bome?
    <time id="T55E" value="00:04:28,945" />
  </s>
  <s id="77">
    <time id="T56S" value="00:04:35,777" />
Kyk bietjie loos.
  </s>
  <s id="78">
Hulle is almal iewers op gekleed.
    <time id="T56E" value="00:04:38,156" />
  </s>
  <s id="79">
    <time id="T57S" value="00:04:38,191" />
Stap, hardloop, vogelspotten.
  </s>
  <s id="80">
- Ja, behalwe?
    <time id="T57E" value="00:04:40,998" />
  </s>
  <s id="81">
    <time id="T58S" value="00:04:41,198" />
Die groot man met die groen hoodie en swart skoene.
    <time id="T58E" value="00:04:43,187" />
  </s>
  <s id="82">
    <time id="T59S" value="00:04:43,587" />
Die is nêrens op gekleed.
  </s>
  <s id="83">
- Waar?
    <time id="T59E" value="00:04:45,462" />
  </s>
  <s id="84">
    <time id="T60S" value="00:04:45,562" />
Agter my, reg voor jou uit.
    <time id="T60E" value="00:04:48,061" />
  </s>
  <s id="85">
    <time id="T61S" value="00:04:54,031" />
Hy het daar gestaan.
  </s>
  <s id="86">
- Wel, bring hom weer.
    <time id="T61E" value="00:04:56,778" />
  </s>
  <s id="87">
    <time id="T62S" value="00:05:03,708" />
He.
  </s>
  <s id="88">
Ek ken jou.
    <time id="T62E" value="00:05:06,864" />
  </s>
  <s id="89">
    <time id="T63S" value="00:05:08,074" />
Kom terug, NCIS.
  </s>
  <s id="90">
Bly staan?
  </s>
  <s id="91">
.
    <time id="T63E" value="00:05:10,439" />
  </s>
  <s id="92">
    <time id="T64S" value="00:05:25,898" />
Dit spyt my, hy is weg.
  </s>
  <s id="93">
Dit was...
    <time id="T64E" value="00:05:28,774" />
  </s>
  <s id="94">
    <time id="T65S" value="00:05:30,708" />
Wag eens even.
  </s>
  <s id="95">
- Is alles in orde, DiNozzo?
    <time id="T65E" value="00:05:33,203" />
  </s>
  <s id="96">
    <time id="T66S" value="00:05:34,390" />
Ja, natuurlik.
  </s>
  <s id="97">
Dit is...
    <time id="T66E" value="00:05:36,316" />
  </s>
  <s id="98">
    <time id="T67S" value="00:05:36,616" />
Die man staan hier, weet jy?
    <time id="T67E" value="00:05:39,371" />
  </s>
  <s id="99">
    <time id="T68S" value="00:05:39,406" />
Ek was net...
    <time id="T68E" value="00:05:41,283" />
  </s>
  <s id="100">
    <time id="T69S" value="00:05:51,154" />
Geurige Choward kougom.
  </s>
  <s id="101">
- Beteken dat iets vir jou?
    <time id="T69E" value="00:05:54,466" />
  </s>
  <s id="102">
    <time id="T70S" value="00:05:54,922" />
Ja, dat McGee gelyk het.
    <time id="T70E" value="00:05:57,949" />
  </s>
  <s id="103">
    <time id="T71S" value="00:05:58,765" />
Ek begin me dinge in te beelde.
    <time id="T71E" value="00:06:01,005" />
  </s>
  <s id="104">
    <time id="T72S" value="00:06:26,286" />
Hallo.
  </s>
  <s id="105">
- Oh, he, Delilah.
    <time id="T72E" value="00:06:29,845" />
  </s>
  <s id="106">
    <time id="T73S" value="00:06:31,003" />
Wat sit jy hier te doen?
  </s>
  <s id="107">
- Het jy dit nog nie gehoor nie?
    <time id="T73E" value="00:06:33,824" />
  </s>
  <s id="108">
    <time id="T74S" value="00:06:33,859" />
Die oordrag is gereël. 
  </s>
  <s id="109">
Dit is amptelik, ek behoort by die span.
    <time id="T74E" value="00:06:38,098" />
  </s>
  <s id="110">
    <time id="T75S" value="00:06:39,359" />
Versigtig, Delilah, Tony funksioneer onder 'n ernstige gebrek aan slaap.
    <time id="T75E" value="00:06:42,560" />
  </s>
  <s id="111">
    <time id="T76S" value="00:06:42,595" />
Sy, neurotransmitters kon nou geen humor hanteer.
    <time id="T76E" value="00:06:46,159" />
  </s>
  <s id="112">
    <time id="T77S" value="00:06:46,259" />
Ek het maar 'n grap gemaak, Tony.
    <time id="T77E" value="00:06:48,068" />
  </s>
  <s id="113">
    <time id="T78S" value="00:06:48,268" />
Jy sou 'n dokter moet raadpleeg as jy nie kan slaap nie.
    <time id="T78E" value="00:06:50,632" />
  </s>
  <s id="114">
    <time id="T79S" value="00:06:50,667" />
langdurige slapeloosheid kan tot 'n vroeë dood lei.
    <time id="T79E" value="00:06:52,997" />
  </s>
  <s id="115">
    <time id="T80S" value="00:06:53,032" />
Is dat 'n belofte?
    <time id="T80E" value="00:06:54,272" />
  </s>
  <s id="116">
    <time id="T81S" value="00:06:56,110" />
Slegte humeur is ook 'n simptoom?
    <time id="T81E" value="00:06:58,676" />
  </s>
  <s id="117">
    <time id="T82S" value="00:06:59,676" />
Hoekom sit jy hier, Delilah?
    <time id="T82E" value="00:07:01,178" />
  </s>
  <s id="118">
    <time id="T83S" value="00:07:01,478" />
Defensie gestuur haar, toe hulle hoor van die moord op onderoffisier Wells.
    <time id="T83E" value="00:07:05,066" />
  </s>
  <s id="119">
    <time id="T84S" value="00:07:05,116" />
Waarom het Defensie belangstel in 'n laaggestel computertechie?
    <time id="T84E" value="00:07:07,796" />
  </s>
  <s id="120">
    <time id="T85S" value="00:07:07,896" />
Wel, onderoffisier Wells was nie sommer 'n kripto techie.
    <time id="T85E" value="00:07:12,273" />
  </s>
  <s id="121">
    <time id="T86S" value="00:07:12,308" />
Hy was kommunikasie kenner van Defensie met toegang tot hoogs geheime inligting.
    <time id="T86E" value="00:07:16,958" />
  </s>
  <s id="122">
    <time id="T87S" value="00:07:16,993" />
Wat soort van inligting?
  </s>
  <s id="123">
- Dat is geheim, Tony.
    <time id="T87E" value="00:07:19,915" />
  </s>
  <s id="124">
    <time id="T88S" value="00:07:19,950" />
Ernstig?
  </s>
  <s id="125">
- Nee, ek het sin op die eens te sê.
    <time id="T88E" value="00:07:22,678" />
  </s>
  <s id="126">
    <time id="T89S" value="00:07:23,615" />
Ek begeef my nie so dikwels op dat terrein.
    <time id="T89E" value="00:07:26,458" />
  </s>
  <s id="127">
    <time id="T90S" value="00:07:27,556" />
Dit is nie die toegang wat Defensie bekommerd om was, dit is die enkripsie kodes wat hulle daagliks gebruik.
    <time id="T91E" value="00:07:32,606" />
  </s>
  <s id="128">
    <time id="T92S" value="00:07:32,706" />
Dit is die beste wat die weermag het.
  </s>
  <s id="129">
- Wells was 'n troef.
    <time id="T92E" value="00:07:35,479" />
  </s>
  <s id="130">
    <time id="T93S" value="00:07:35,579" />
Hy moes hom vanoggend rapporteer in NAS Point Mugu, Kalifornië.
    <time id="T93E" value="00:07:39,870" />
  </s>
  <s id="131">
    <time id="T94S" value="00:07:39,905" />
Oh, mag ek ook 'n stukkie?
  </s>
  <s id="132">
Ek hou van druiwesmaak.
    <time id="T94E" value="00:07:43,291" />
  </s>
  <s id="133">
    <time id="T95S" value="00:07:47,705" />
Kougom met druiwesmaak.
    <time id="T95E" value="00:07:50,086" />
  </s>
  <s id="134">
    <time id="T96S" value="00:07:50,121" />
Ooit van die voedselpiramide gehoor?
  </s>
  <s id="135">
Kougom is geen druiwe, maar pers.
    <time id="T96E" value="00:07:53,469" />
  </s>
  <s id="136">
    <time id="T97S" value="00:07:54,531" />
Wat is dit dan?
    <time id="T97E" value="00:07:56,161" />
  </s>
  <s id="137">
    <time id="T98S" value="00:07:57,069" />
'n Sak vol duur selfone, wat toevallig klop met die beskrywing van 'n vragmotorlading die gisteraand gekaap is in die hawe.
    <time id="T99E" value="00:08:04,970" />
  </s>
  <s id="138">
    <time id="T100S" value="00:08:05,005" />
Ek het niks gedoen nie.
    <time id="T100E" value="00:08:06,774" />
  </s>
  <s id="139">
    <time id="T101S" value="00:08:07,337" />
Waarom het jy dit dan by?
  </s>
  <s id="140">
- Ek hou hulle by vir 'n vriend.
    <time id="T101E" value="00:08:10,330" />
  </s>
  <s id="141">
    <time id="T102S" value="00:08:10,365" />
Hoe heet jy?
    <time id="T102E" value="00:08:12,202" />
  </s>
  <s id="142">
    <time id="T103S" value="00:08:12,402" />
Anton Markin.
  </s>
  <s id="143">
- Wel, Anton Markin, ons het hier te maak met 'n misdaad, wat beteken vir my, "goed so seuntjie"
    <time id="T104E" value="00:08:18,626" />
  </s>
  <s id="144">
    <time id="T105S" value="00:08:18,661" />
en wat gevangenisstraf vir jou.
  </s>
  <s id="145">
Dus, doen ons beide 'n plesier en vertel my hoe jou vriend heet.
    <time id="T106E" value="00:08:25,291" />
  </s>
  <s id="146">
    <time id="T107S" value="00:08:28,055" />
Wat gedoen Wells in Baltimore?
    <time id="T107E" value="00:08:30,490" />
  </s>
  <s id="147">
    <time id="T108S" value="00:08:31,903" />
Hy gebly in 'n duisend dollar per nag suite, in die Rollins Hotel.
    <time id="T109E" value="00:08:36,815" />
  </s>
  <s id="148">
    <time id="T110S" value="00:08:36,850" />
Op wie se koste?
    <time id="T110E" value="00:08:38,790" />
  </s>
  <s id="149">
    <time id="T111S" value="00:08:40,752" />
Die rekening is elektronies betaal.
  </s>
  <s id="150">
Ek trek dit nog na.
    <time id="T111E" value="00:08:44,065" />
  </s>
  <s id="151">
    <time id="T112S" value="00:08:44,265" />
Ons het gesoek in sy kamer en vind 10.000 dollar baar geld in die kamerkluis saam met die laptop van onderoffisier Wells.
    <time id="T113E" value="00:08:49,852" />
  </s>
  <s id="152">
    <time id="T114S" value="00:08:49,952" />
Ek het gestuur die rekenaar na Abby saam met die toesig beelde van die hotel.
    <time id="T114E" value="00:08:53,118" />
  </s>
  <s id="153">
    <time id="T115S" value="00:08:53,218" />
Eintlik het ek so vinnig moontlik toegang tot die rekenaar nodig.
    <time id="T115E" value="00:08:55,293" />
  </s>
  <s id="154">
    <time id="T116S" value="00:08:55,328" />
Daar kan geheime inligting op staan, wat nie vir almal bestem is.
    <time id="T116E" value="00:08:58,540" />
  </s>
  <s id="155">
    <time id="T117S" value="00:08:58,575" />
Wil jy die van Abby afneem?
  </s>
  <s id="156">
Dit wil ek wel eens sien.
    <time id="T117E" value="00:09:01,704" />
  </s>
  <s id="157">
    <time id="T118S" value="00:09:06,148" />
Dit gee nie, ek kan wag.
    <time id="T118E" value="00:09:09,166" />
  </s>
  <s id="158">
    <time id="T119S" value="00:09:10,346" />
Soos jy wil.
    <time id="T119E" value="00:09:12,434" />
  </s>
  <s id="159">
    <time id="T120S" value="00:09:14,199" />
Wat het jy, Abbs?
    <time id="T120E" value="00:09:15,770" />
  </s>
  <s id="160">
    <time id="T121S" value="00:09:16,416" />
Hang daarvan af wie dit vra.
  </s>
  <s id="161">
Het Sy jou gestuur?
    <time id="T121E" value="00:09:19,651" />
  </s>
  <s id="162">
    <time id="T122S" value="00:09:20,812" />
Sy het dit gedoen.
  </s>
  <s id="163">
Ek het dit geweet.
    <time id="T122E" value="00:09:23,256" />
  </s>
  <s id="164">
    <time id="T123S" value="00:09:23,291" />
Delilah.
    <time id="T123E" value="00:09:24,719" />
  </s>
  <s id="165">
    <time id="T124S" value="00:09:24,754" />
Sy het gesê me al dat ek nie mag inloggen in die laptop van Wells, sonder haar, Gibbs.
    <time id="T124E" value="00:09:29,575" />
  </s>
  <s id="166">
    <time id="T125S" value="00:09:29,610" />
Maar ek het hier baie werk, Gibbs.
  </s>
  <s id="167">
Sy gaan haar beurt moet afwag.
    <time id="T125E" value="00:09:32,226" />
  </s>
  <s id="168">
    <time id="T126S" value="00:09:32,326" />
Abbs, Sy doen net haar werk.
    <time id="T126E" value="00:09:34,601" />
  </s>
  <s id="169">
    <time id="T127S" value="00:09:34,701" />
Dat weet ek.
    <time id="T127E" value="00:09:36,336" />
  </s>
  <s id="170">
    <time id="T128S" value="00:09:36,536" />
Ek rek dit nie om persoonlike redes, Gibbs.
    <time id="T128E" value="00:09:39,101" />
  </s>
  <s id="171">
    <time id="T129S" value="00:09:39,201" />
Ek het net tyd nodig om hom terug in mekaar te steek.
    <time id="T129E" value="00:09:41,862" />
  </s>
  <s id="172">
    <time id="T130S" value="00:09:41,962" />
Wat het gebeur?
  </s>
  <s id="173">
- Ek het geen toestemming om in te loggen.
    <time id="T130E" value="00:09:44,704" />
  </s>
  <s id="174">
    <time id="T131S" value="00:09:44,739" />
maar niemand sê iets oor ontleding.
    <time id="T131E" value="00:09:47,527" />
  </s>
  <s id="175">
    <time id="T132S" value="00:09:47,562" />
Hierdie rekenaar was al verdag van toe hy hier aankom, Gibbs.
    <time id="T132E" value="00:09:50,291" />
  </s>
  <s id="176">
    <time id="T133S" value="00:09:50,391" />
Dit moet 'n top klas Altstar laptop is, maar, ek het opgemerk besonderhede op die behuising wat nie klopten met die spesifikasies van die vervaardiger.
    <time id="T135E" value="00:09:56,971" />
  </s>
  <s id="177">
    <time id="T136S" value="00:09:57,071" />
Die kante is ongelyk geaard en die moederbord, nou, kyk maar self.
    <time id="T136E" value="00:10:01,141" />
  </s>
  <s id="178">
    <time id="T137S" value="00:10:01,319" />
Ek bedoel, kom nou.
    <time id="T137E" value="00:10:03,475" />
  </s>
  <s id="179">
    <time id="T138S" value="00:10:03,861" />
Dit lyk op rekenaar ingewande.
  </s>
  <s id="180">
- Die baan is verskriklik.
    <time id="T138E" value="00:10:07,238" />
  </s>
  <s id="181">
    <time id="T139S" value="00:10:07,273" />
Dit is 'n ondermaatse afwerking, dit is slordige toerusting.
    <time id="T139E" value="00:10:10,305" />
  </s>
  <s id="182">
    <time id="T140S" value="00:10:10,340" />
Hierdie rekenaar lieg, Gibbs Hy is Chinees.
    <time id="T140E" value="00:10:14,221" />
  </s>
  <s id="183">
    <time id="T141S" value="00:10:14,421" />
Ek bedoel, die meeste rekenaars is Chinees, maar die beweer 'n Altstar laptop te wees.
    <time id="T141E" value="00:10:19,745" />
  </s>
  <s id="184">
    <time id="T142S" value="00:10:19,780" />
Dat is hy nie.
  </s>
  <s id="185">
Dit is 'n bedrieër.
    <time id="T142E" value="00:10:22,065" />
  </s>
  <s id="186">
    <time id="T143S" value="00:10:22,165" />
Daar is spyware ingebring op die chip.
    <time id="T143E" value="00:10:24,951" />
  </s>
  <s id="187">
    <time id="T144S" value="00:10:24,986" />
Dit is as 'n agterdeur op die rekenaar, bereikbaar van eender waar ter wêreld.
    <time id="T144E" value="00:10:30,041" />
  </s>
  <s id="188">
    <time id="T145S" value="00:10:31,290" />
Ons het dit hier oor spioenasie.
    <time id="T145E" value="00:10:34,001" />
  </s>
  <s id="189">
    <time id="T146S" value="00:10:35,143" />
Lyk ek OK in jou oë?
    <time id="T146E" value="00:10:37,435" />
  </s>
  <s id="190">
    <time id="T147S" value="00:10:38,005" />
Duidelik beter as die laaste gebruiker van die tafel.
    <time id="T147E" value="00:10:41,242" />
  </s>
  <s id="191">
    <time id="T148S" value="00:10:41,342" />
Ek kan net nie slaap nie, Ducky.
  </s>
  <s id="192">
Ek het...
    <time id="T148E" value="00:10:44,154" />
  </s>
  <s id="193">
    <time id="T149S" value="00:10:44,354" />
Al sedert...
    <time id="T149E" value="00:10:46,384" />
  </s>
  <s id="194">
    <time id="T150S" value="00:10:46,860" />
Wel, haar afwesigheid is moeilik, vir ons almal, Tony.
    <time id="T150E" value="00:10:50,359" />
  </s>
  <s id="195">
    <time id="T151S" value="00:10:50,559" />
Ek sê nie...
  </s>
  <s id="196">
- Dat hoef jy nie.
    <time id="T151E" value="00:10:53,392" />
  </s>
  <s id="197">
    <time id="T152S" value="00:10:55,526" />
Ek begin me dinge in te beelde.
    <time id="T152E" value="00:10:58,511" />
  </s>
  <s id="198">
    <time id="T153S" value="00:10:58,546" />
mense, wat daar nie eens sy.
    <time id="T153E" value="00:11:01,496" />
  </s>
  <s id="199">
    <time id="T154S" value="00:11:02,075" />
Wel, jy praat met iemand wat gesprekke voer met die dooies.
    <time id="T154E" value="00:11:06,338" />
  </s>
  <s id="200">
    <time id="T155S" value="00:11:06,799" />
Ek het vandag op die plek van die misdaad 'n stukkie kougom, dit het my terugdink aan 'n saak, van sowat 15 jaar gelede.
    <time id="T156E" value="00:11:13,676" />
  </s>
  <s id="201">
    <time id="T157S" value="00:11:14,429" />
Klein besonderhede kan kragtige herinneringe losweken.
    <time id="T157E" value="00:11:18,148" />
  </s>
  <s id="202">
    <time id="T158S" value="00:11:18,183" />
Die madeleine van Proust.
    <time id="T158E" value="00:11:20,210" />
  </s>
  <s id="203">
    <time id="T159S" value="00:11:20,410" />
'n Enkele byt opgetower 'n sewe volume roman te voorskyn.
    <time id="T159E" value="00:11:24,154" />
  </s>
  <s id="204">
    <time id="T160S" value="00:11:24,189" />
My geheue is nie die probleem nie.
    <time id="T160E" value="00:11:26,667" />
  </s>
  <s id="205">
    <time id="T161S" value="00:11:27,540" />
Ek vrees dat ek koekoek word.
  </s>
  <s id="206">
- As jy voel dat jy die vat verloor, hou jou vas aan waarvan jy seker weet dat dit regtig is, soos dit slagoffer en die koeël wat ek uiteindelik los gekry het.
    <time id="T163E" value="00:11:41,561" />
  </s>
  <s id="207">
    <time id="T164S" value="00:11:45,147" />
Dink dan, aan die mense wat daar nog is en wat op jou staatmaak.
    <time id="T164E" value="00:11:52,022" />
  </s>
  <s id="208">
    <time id="T165S" value="00:11:53,904" />
Tony, ek is gegaan deur die telefoondata van onderoffisier Wells.
    <time id="T165E" value="00:11:57,341" />
  </s>
  <s id="209">
    <time id="T166S" value="00:11:57,376" />
Hy het laas dekades oproepe gekry van 'n vrou genaamd, Amy Linden.
    <time id="T166E" value="00:12:01,660" />
  </s>
  <s id="210">
    <time id="T167S" value="00:12:01,695" />
Sy is 'n private Defensie kontrakteur.
    <time id="T167E" value="00:12:03,383" />
  </s>
  <s id="211">
    <time id="T168S" value="00:12:03,418" />
Die betaling vir die reis en die hotel van Wells kom van haar.
    <time id="T168E" value="00:12:06,693" />
  </s>
  <s id="212">
    <time id="T169S" value="00:12:06,728" />
Sy het ook enkele jare gewerk vir Chinese tegnologie maatskappye.
    <time id="T169E" value="00:12:09,968" />
  </s>
  <s id="213">
    <time id="T170S" value="00:12:10,003" />
As Wells 'n spioen was, dan was sy dalk sy handlanger.
    <time id="T170E" value="00:12:12,132" />
  </s>
  <s id="214">
    <time id="T171S" value="00:12:12,167" />
Gibbs wil dat ons haar optel.
    <time id="T171E" value="00:12:14,540" />
  </s>
  <s id="215">
    <time id="T172S" value="00:12:15,339" />
Tony?
  </s>
  <s id="216">
Hoor jy my?
    <time id="T172E" value="00:12:18,136" />
  </s>
  <s id="217">
    <time id="T173S" value="00:12:29,821" />
Hallo, baas.
  </s>
  <s id="218">
- Is jy seker dat alles OK is?
    <time id="T173E" value="00:12:31,876" />
  </s>
  <s id="219">
    <time id="T174S" value="00:12:31,911" />
Jy bly dit maar vra.
  </s>
  <s id="220">
- Wel, ek wag nog op 'n antwoord.
    <time id="T174E" value="00:12:33,912" />
  </s>
  <s id="221">
    <time id="T175S" value="00:12:34,012" />
Ek is in orde, ek hoor wat McGee gesê, Amy Linden gaan optel.
    <time id="T175E" value="00:12:38,296" />
  </s>
  <s id="222">
    <time id="T176S" value="00:12:38,396" />
Nee, nee, bly sit.
    <time id="T176E" value="00:12:40,568" />
  </s>
  <s id="223">
    <time id="T177S" value="00:12:43,763" />
Ruk jouself.
    <time id="T177E" value="00:12:46,092" />
  </s>
  <s id="224">
    <time id="T178S" value="00:12:46,608" />
McGee, komaan, gaan mee.
    <time id="T178E" value="00:12:48,714" />
  </s>
  <s id="225">
    <time id="T179S" value="00:12:50,530" />
Ry versigtig.
    <time id="T179E" value="00:12:52,758" />
  </s>
  <s id="226">
    <time id="T180S" value="00:12:56,280" />
Hallo.
  </s>
  <s id="227">
- Tony.
    <time id="T180E" value="00:12:57,576" />
  </s>
  <s id="228">
    <time id="T181S" value="00:12:57,676" />
Abby.
  </s>
  <s id="229">
- Is sy nog daar?
    <time id="T181E" value="00:13:00,582" />
  </s>
  <s id="230">
    <time id="T182S" value="00:13:00,856" />
Wie? 
  </s>
  <s id="231">
Wat? 
  </s>
  <s id="232">
Waar?
  </s>
  <s id="233">
- Delilah, is sy nog in die kantoorruimte?
    <time id="T182E" value="00:13:05,199" />
  </s>
  <s id="234">
    <time id="T183S" value="00:13:08,284" />
Ek sien haar nie.
  </s>
  <s id="235">
Wat het jy nodig?
    <time id="T183E" value="00:13:11,128" />
  </s>
  <s id="236">
    <time id="T184S" value="00:13:12,983" />
OK, goed, ek wou seker sy dat die kus veilig was.
    <time id="T184E" value="00:13:16,869" />
  </s>
  <s id="237">
    <time id="T185S" value="00:13:16,904" />
Voor ek jou dit gee.
  </s>
  <s id="238">
Die DNA resultaat van jou pers kougom.
    <time id="T185E" value="00:13:21,426" />
  </s>
  <s id="239">
    <time id="T186S" value="00:13:21,526" />
Ek dink dat jy die jackpot gewen het.
    <time id="T186E" value="00:13:23,199" />
  </s>
  <s id="240">
    <time id="T187S" value="00:13:23,234" />
Die man is vlugteling, hy word gesoek voor die steek, van 'n Russiese gangster in Baltimore, jare gelede.
    <time id="T188E" value="00:13:28,415" />
  </s>
  <s id="241">
    <time id="T189S" value="00:13:28,515" />
Dit sou ons moordenaar kan wees en dit beteken dat jy jou niks verbeel.
    <time id="T189E" value="00:13:32,258" />
  </s>
  <s id="242">
    <time id="T190S" value="00:13:32,293" />
En jy nie mal is. 
  </s>
  <s id="243">
Ek bedoel, nie dat ek gedink, dat jy, gek was.
    <time id="T190E" value="00:13:36,676" />
  </s>
  <s id="244">
    <time id="T191S" value="00:13:36,972" />
Of dat euh...
  </s>
  <s id="245">
McGee het gesê me dat jy dinge sien.
    <time id="T191E" value="00:13:40,851" />
  </s>
  <s id="246">
    <time id="T192S" value="00:13:40,951" />
Want hy...
  </s>
  <s id="247">
Hy nie.
    <time id="T192E" value="00:13:43,816" />
  </s>
  <s id="248">
    <time id="T193S" value="00:13:50,543" />
Is dit 'n soort van onderduik adres?
    <time id="T193E" value="00:13:52,980" />
  </s>
  <s id="249">
    <time id="T194S" value="00:13:53,452" />
Lyk dit so uit?
    <time id="T194E" value="00:13:55,788" />
  </s>
  <s id="250">
    <time id="T195S" value="00:13:56,219" />
dit lyk op 'n plek waar jy belydenisse uit verdagtes slaan.
    <time id="T195E" value="00:13:58,685" />
  </s>
  <s id="251">
    <time id="T196S" value="00:13:58,785" />
Dit is my woonstel.
    <time id="T196E" value="00:14:00,439" />
  </s>
  <s id="252">
    <time id="T197S" value="00:14:00,474" />
Ek het nog nie tyd om dit in te rig.
  </s>
  <s id="253">
- Daar sal meer nodig wees as wat kussings.
    <time id="T197E" value="00:14:04,819" />
  </s>
  <s id="254">
    <time id="T198S" value="00:14:07,276" />
Oh, nee, die koffie is vir die afwerkers.
    <time id="T198E" value="00:14:10,304" />
  </s>
  <s id="255">
    <time id="T199S" value="00:14:10,404" />
Kom nou, ek sit die hele aand in 'n sel.
    <time id="T199E" value="00:14:12,813" />
  </s>
  <s id="256">
    <time id="T200S" value="00:14:12,848" />
Dat jy nie op die bus na die gevangenis sit kom deur my.
    <time id="T200E" value="00:14:16,588" />
  </s>
  <s id="257">
    <time id="T201S" value="00:14:16,788" />
Graag gedaan, trouens.
    <time id="T201E" value="00:14:18,961" />
  </s>
  <s id="258">
    <time id="T202S" value="00:14:19,769" />
Ek het alles gedoen wat jy gevra het,
    <time id="T202E" value="00:14:21,305" />
  </s>
  <s id="259">
    <time id="T203S" value="00:14:21,405" />
Ek het jou die naam gegee van die vragmotor roof. 
  </s>
  <s id="260">
Maar ek moet gaan.
    <time id="T203E" value="00:14:23,807" />
  </s>
  <s id="261">
    <time id="T204S" value="00:14:23,857" />
Ek werk in 'n bakkery.
  </s>
  <s id="262">
Hulle verstaan dit nie as ek te laat kom.
    <time id="T204E" value="00:14:26,210" />
  </s>
  <s id="263">
    <time id="T205S" value="00:14:26,245" />
Dit sit so, die naam wat jy my gegee het, Viktor Khartov.
    <time id="T205E" value="00:14:29,283" />
  </s>
  <s id="264">
    <time id="T206S" value="00:14:30,389" />
Sy vader Ivan, is 'n leier van die georganiseerde misdaad in oos Baltimore.
    <time id="T207E" value="00:14:36,150" />
  </s>
  <s id="265">
    <time id="T208S" value="00:14:36,350" />
Ivan runt 'n stywe organisasie.
  </s>
  <s id="266">
Geen buitestaanders.
    <time id="T208E" value="00:14:38,696" />
  </s>
  <s id="267">
    <time id="T209S" value="00:14:38,796" />
Dit is feitlik onmoontlik om te infiltreer.
  </s>
  <s id="268">
- Nee.
    <time id="T209E" value="00:14:40,888" />
  </s>
  <s id="269">
    <time id="T210S" value="00:14:40,923" />
Laat me uitspreek.
  </s>
  <s id="270">
- Dat hoef jy nie.
    <time id="T210E" value="00:14:42,618" />
  </s>
  <s id="271">
    <time id="T211S" value="00:14:42,653" />
Jy gaan my vra om 'n rat te wees.
  </s>
  <s id="272">
Ek doen dit nie.
    <time id="T211E" value="00:14:44,990" />
  </s>
  <s id="273">
    <time id="T212S" value="00:14:45,025" />
Ek gaan dit nie doen nie. 
  </s>
  <s id="274">
Nee.
  </s>
  <s id="275">
- Die vragmotorbestuurder is dood.
    <time id="T212E" value="00:14:49,376" />
  </s>
  <s id="276">
    <time id="T213S" value="00:14:49,576" />
Viktor skoot hom neer en gestort die liggaam.
    <time id="T213E" value="00:14:51,879" />
  </s>
  <s id="277">
    <time id="T214S" value="00:14:52,483" />
Ek weet dat jy daar was, die aand.
  </s>
  <s id="278">
- Ja, maar die enigste...
    <time id="T214E" value="00:14:55,878" />
  </s>
  <s id="279">
    <time id="T215S" value="00:14:57,472" />
Die enigste ding wat ek gedoen het was ry, ek het gewag in die wa.
    <time id="T215E" value="00:15:00,746" />
  </s>
  <s id="280">
    <time id="T216S" value="00:15:03,550" />
Ek het nie geweet dat hy die man gedood het.
  </s>
  <s id="281">
Dat ek het nie geweet.
    <time id="T216E" value="00:15:05,868" />
  </s>
  <s id="282">
    <time id="T217S" value="00:15:05,888" />
Dit het geen belang, jy is aandadig aan roof en 'n moord.
    <time id="T217E" value="00:15:10,992" />
  </s>
  <s id="283">
    <time id="T218S" value="00:15:25,851" />
Luister, ek het 'n suster wat van me afhanklik is.
    <time id="T218E" value="00:15:28,138" />
  </s>
  <s id="284">
    <time id="T219S" value="00:15:28,238" />
Anton, he, kyk me aan.
  </s>
  <s id="285">
Wil jy vir jou suster verseker?
    <time id="T219E" value="00:15:32,164" />
  </s>
  <s id="286">
    <time id="T220S" value="00:15:32,199" />
Dan moet jy eers ons probleem oplos.
  </s>
  <s id="287">
Dit is die enigste uitweg.
    <time id="T220E" value="00:15:35,344" />
  </s>
  <s id="288">
    <time id="T221S" value="00:16:11,695" />
Nie beweeg nie.
  </s>
  <s id="289">
- Hallo, Anton.
    <time id="T221E" value="00:16:15,008" />
  </s>
  <s id="290">
    <time id="T222S" value="00:16:22,933" />
Hoe het jy my gevind?
    <time id="T222E" value="00:16:25,068" />
  </s>
  <s id="291">
    <time id="T223S" value="00:16:25,351" />
Dit was nie so moeilik.
    <time id="T223E" value="00:16:26,867" />
  </s>
  <s id="292">
    <time id="T224S" value="00:16:27,267" />
Dit is die enigste plek in Baltimore waar jy jou ooit veilig het gevoel.
    <time id="T224E" value="00:16:30,075" />
  </s>
  <s id="293">
    <time id="T225S" value="00:16:30,175" />
Ek het die man nie gedood nie.
  </s>
  <s id="294">
- Watter kerel?
    <time id="T225E" value="00:16:32,400" />
  </s>
  <s id="295">
    <time id="T226S" value="00:16:32,435" />
Die een wat jy 15 jaar gelede neerstak, of die matroos wat jy gister neerschoot?
    <time id="T226E" value="00:16:36,330" />
  </s>
  <s id="296">
    <time id="T227S" value="00:16:36,430" />
Die matroos.
  </s>
  <s id="297">
- Ek verstaan dit.
    <time id="T227E" value="00:16:38,600" />
  </s>
  <s id="298">
    <time id="T228S" value="00:16:38,635" />
Hy was 'n cryptoloog.
    <time id="T228E" value="00:16:40,322" />
  </s>
  <s id="299">
    <time id="T229S" value="00:16:40,522" />
Nou blyk dit dat hy dalk geheime aan die Chinese verkoop.
    <time id="T229E" value="00:16:42,509" />
  </s>
  <s id="300">
    <time id="T230S" value="00:16:42,609" />
Daar is beslis 'n logiese verklaring waarom jy op die plek van die misdaad was.
    <time id="T230E" value="00:16:45,979" />
  </s>
  <s id="301">
    <time id="T231S" value="00:16:45,999" />
Die is daar, maar na my ervaring hoef die man met die wapen niks uit te lê.
    <time id="T231E" value="00:16:50,366" />
  </s>
  <s id="302">
    <time id="T232S" value="00:16:50,466" />
Akkoord, maar leg die wapen neer, dan kan ons praat.
    <time id="T232E" value="00:16:52,666" />
  </s>
  <s id="303">
    <time id="T233S" value="00:16:52,701" />
Ek is hier nie vir 'n gesprek, maar om jou te waarsku hier weg te bly.
    <time id="T233E" value="00:16:55,452" />
  </s>
  <s id="304">
    <time id="T234S" value="00:16:55,487" />
Of wat? 
  </s>
  <s id="305">
Gaan jy my skiet?
  </s>
  <s id="306">
- As ek dit moet.
    <time id="T234E" value="00:16:57,753" />
  </s>
  <s id="307">
    <time id="T235S" value="00:16:57,853" />
Gee my jou wapen.
  </s>
  <s id="308">
- Nee.
    <time id="T235E" value="00:16:59,227" />
  </s>
  <s id="309">
    <time id="T236S" value="00:16:59,262" />
Wat?
  </s>
  <s id="310">
- Nee, as jy my wou skiet, dan was ek al dood. 
  </s>
  <s id="311">
Jy het al 'n wapen.
  </s>
  <s id="312">
Ek gee jou daar geen tweede, kom nou.
    <time id="T237E" value="00:17:04,884" />
  </s>
  <s id="313">
    <time id="T238S" value="00:17:06,542" />
Anton, waarom is jy terug in Baltimore?
  </s>
  <s id="314">
- Dit is ingewikkeld.
    <time id="T238E" value="00:17:10,407" />
  </s>
  <s id="315">
    <time id="T239S" value="00:17:10,442" />
Ek kan jou help.
  </s>
  <s id="316">
- Die laaste keer dat jy wou help, gekos het my en my suster die lewe.
  </s>
  <s id="317">
Ek dink dat ek pas, dankie.
    <time id="T240E" value="00:17:16,201" />
  </s>
  <s id="318">
    <time id="T241S" value="00:17:16,236" />
Dit is reg, jou suster, Marie.
    <time id="T241E" value="00:17:18,790" />
  </s>
  <s id="319">
    <time id="T242S" value="00:17:18,979" />
Hoe maak sy dit? 
  </s>
  <s id="320">
Sien jy haar nog?
  </s>
  <s id="321">
- Hou op met vrae stel.
    <time id="T242E" value="00:17:21,672" />
  </s>
  <s id="322">
    <time id="T243S" value="00:17:21,707" />
Draai om, op jou knieë, nu.
    <time id="T243E" value="00:17:24,457" />
  </s>
  <s id="323">
    <time id="T244S" value="00:17:28,319" />
Alles is nou anders.
  </s>
  <s id="324">
Ek is 'n federale agent. 
  </s>
  <s id="325">
Ek het invloed.
    <time id="T244E" value="00:17:33,124" />
  </s>
  <s id="326">
    <time id="T245S" value="00:17:33,159" />
Wauw, baie geluk.
    <time id="T245E" value="00:17:34,912" />
  </s>
  <s id="327">
    <time id="T246S" value="00:17:34,947" />
Ek het gehoor dat jy speurder is nadat jy my onder die bus gegooi, maar federale agent.
  </s>
  <s id="328">
- Ek gooi jy nie onder die bus.
    <time id="T247E" value="00:17:39,292" />
  </s>
  <s id="329">
    <time id="T248S" value="00:17:39,327" />
Wil jy weet hoe my lewe gewees het?
  </s>
  <s id="330">
Wegkruip lewe, valse name, doodloopstraat bane.
  </s>
  <s id="331">
15 jaar niemendal.
    <time id="T249E" value="00:17:45,827" />
  </s>
  <s id="332">
    <time id="T250S" value="00:17:45,862" />
Hardloop weg was jou eie keuse, Anton.
  </s>
  <s id="333">
- Niks daarvan was my keuse.
    <time id="T250E" value="00:17:49,016" />
  </s>
  <s id="334">
    <time id="T251S" value="00:17:57,326" />
Anton.
    <time id="T251E" value="00:17:58,699" />
  </s>
  <s id="335">
    <time id="T252S" value="00:18:18,651" />
Anton, bly staan.
    <time id="T252E" value="00:18:20,765" />
  </s>
  <s id="336">
    <time id="T253S" value="00:18:38,201" />
Tony, waar is jy?
  </s>
  <s id="337">
- Maak nie uit, jy moet iets doen vir me, McGee en dit moet onder ons bly.
    <time id="T254E" value="00:18:42,137" />
  </s>
  <s id="338">
    <time id="T255S" value="00:18:42,337" />
Wel, dat word nogal moeilik, want ons gaan Amy Linden verhoor.
    <time id="T255E" value="00:18:45,740" />
  </s>
  <s id="339">
    <time id="T256S" value="00:18:45,775" />
Ek het die huidige adres van Marie Markin nodig.
    <time id="T256E" value="00:18:48,050" />
  </s>
  <s id="340">
    <time id="T257S" value="00:18:48,085" />
Dit is waarskynlik in Baltimore.
  </s>
  <s id="341">
- Markin.
    <time id="T257E" value="00:18:50,290" />
  </s>
  <s id="342">
    <time id="T258S" value="00:18:50,325" />
Is dat dit die familienaam wat Abby het geïdentifiseer deur die pers kougom?
    <time id="T258E" value="00:18:53,797" />
  </s>
  <s id="343">
    <time id="T259S" value="00:18:53,832" />
Ja, bel me so vinnig jy kan en luister, jy mag dit nie aan Gibbs vertel.
    <time id="T260E" value="00:18:59,537" />
  </s>
  <s id="344">
    <time id="T261S" value="00:19:01,291" />
OK, dankie.
  </s>
  <s id="345">
Tot siens.
    <time id="T261E" value="00:19:04,508" />
  </s>
  <s id="346">
    <time id="T262S" value="00:19:05,208" />
Kan ek jou help, baas?
  </s>
  <s id="347">
- Jy moet 'n verhoor doen.
    <time id="T262E" value="00:19:08,611" />
  </s>
  <s id="348">
    <time id="T263S" value="00:19:14,296" />
Ek onthou niemand wat Wells heet.
  </s>
  <s id="349">
- Jy maatskappy betaal sy reis en hotel en het hom 10.000 dollar baar geld.
    <time id="T264E" value="00:19:20,752" />
  </s>
  <s id="350">
    <time id="T265S" value="00:19:20,787" />
Dit spyt my, maar dit sê me niks.
    <time id="T265E" value="00:19:23,203" />
  </s>
  <s id="351">
    <time id="T266S" value="00:19:23,503" />
Ons het 'n dooie navy cryptoloog, wat dalk geheime aan die Chinese verkoop.
    <time id="T266E" value="00:19:27,291" />
  </s>
  <s id="352">
    <time id="T267S" value="00:19:27,326" />
Jy is die laaste wat hom lewend gesien het.
  </s>
  <s id="353">
Van 'n Rollins hotel kamera's.
    <time id="T267E" value="00:19:31,711" />
  </s>
  <s id="354">
    <time id="T268S" value="00:19:31,746" />
Gister.
  </s>
  <s id="355">
- Dat is hom en dat is jy.
    <time id="T268E" value="00:19:34,719" />
  </s>
  <s id="356">
    <time id="T269S" value="00:19:34,754" />
Sê die jy nou iets?
    <time id="T269E" value="00:19:36,572" />
  </s>
  <s id="357">
    <time id="T270S" value="00:19:36,961" />
Vertel ons oor onderoffisier Wells.
  </s>
  <s id="358">
- Ek wou hom so graag hê.
    <time id="T270E" value="00:19:40,439" />
  </s>
  <s id="359">
    <time id="T271S" value="00:19:40,823" />
Maar nie vir spioenasie. 
  </s>
  <s id="360">
Hy was cryptoloog aan die einde van sy militêre diens.
    <time id="T271E" value="00:19:45,571" />
  </s>
  <s id="361">
    <time id="T272S" value="00:19:45,771" />
Weet jy hoe waardevol dat is in die private sektor?
    <time id="T272E" value="00:19:48,803" />
  </s>
  <s id="362">
    <time id="T273S" value="00:19:49,174" />
Ek het drie tegnologie maatskappye wat aan opbod gedoen het vir hom.
    <time id="T273E" value="00:19:54,000" />
  </s>
  <s id="363">
    <time id="T274S" value="00:19:54,205" />
Is jy 'n koppenjager?
  </s>
  <s id="364">
- Rekruteringsadviseur.
    <time id="T274E" value="00:19:56,861" />
  </s>
  <s id="365">
    <time id="T275S" value="00:19:56,896" />
Ontwikkeling van voormalige owerheid personeel met spesiale vaardighede.
    <time id="T275E" value="00:20:00,030" />
  </s>
  <s id="366">
    <time id="T276S" value="00:20:00,065" />
Waarom al die geheimdoenerij?
  </s>
  <s id="367">
- My beroep is moordend.
    <time id="T276E" value="00:20:02,448" />
  </s>
  <s id="368">
    <time id="T277S" value="00:20:02,483" />
As m'n mededingers Wells sou ontdek, dan sou hulle probeer om hom weg te kaap.
    <time id="T277E" value="00:20:05,675" />
  </s>
  <s id="369">
    <time id="T278S" value="00:20:05,710" />
En die 10.000 dollar wat ons in sy kamer gevind het?
    <time id="T278E" value="00:20:08,011" />
  </s>
  <s id="370">
    <time id="T279S" value="00:20:08,046" />
'n Bonus om te teken.
  </s>
  <s id="371">
Dit is maar 'n voorsmaakje, regtig.
    <time id="T279E" value="00:20:11,400" />
  </s>
  <s id="372">
    <time id="T280S" value="00:20:11,600" />
Jy het geen idee van die bedrae die maatskappye seker wil betaal.
    <time id="T280E" value="00:20:15,249" />
  </s>
  <s id="373">
    <time id="T281S" value="00:20:16,233" />
Hoeveel?
  </s>
  <s id="374">
Suiwer uit nuuskierigheid.
    <time id="T281E" value="00:20:19,589" />
  </s>
  <s id="375">
    <time id="T282S" value="00:20:19,789" />
Ses syfers, om te begin.
    <time id="T282E" value="00:20:21,456" />
  </s>
  <s id="376">
    <time id="T283S" value="00:20:21,556" />
Die hemel is die grens as jy die regte vakkennis het.
    <time id="T283E" value="00:20:24,187" />
  </s>
  <s id="377">
    <time id="T284S" value="00:20:24,371" />
Soek jy die skakelaar te maak, agent McGee?
    <time id="T284E" value="00:20:27,383" />
  </s>
  <s id="378">
    <time id="T285S" value="00:20:29,622" />
Bly sit.
    <time id="T285E" value="00:20:31,471" />
  </s>
  <s id="379">
    <time id="T286S" value="00:20:37,894" />
Hallo.
  </s>
  <s id="380">
- Gibbs, Gibbs.
    <time id="T286E" value="00:20:39,976" />
  </s>
  <s id="381">
    <time id="T287S" value="00:20:40,573" />
Abbs, sê me dat jy iets het.
    <time id="T287E" value="00:20:42,470" />
  </s>
  <s id="382">
    <time id="T288S" value="00:20:42,770" />
Slegte vibrasies, Gibbs.
    <time id="T288E" value="00:20:45,034" />
  </s>
  <s id="383">
    <time id="T289S" value="00:20:45,069" />
Sy het hier 'n uur gelede vrae na die rekenaar van onderoffisier Wells
    <time id="T289E" value="00:20:48,724" />
  </s>
  <s id="384">
    <time id="T290S" value="00:20:49,023" />
Sy het so van, "asseblief" en "dankie".
    <time id="T290E" value="00:20:51,216" />
  </s>
  <s id="385">
    <time id="T291S" value="00:20:51,416" />
Sy het me dit gebring.
  </s>
  <s id="386">
- Sy probeer net vriendelik te wees.
    <time id="T291E" value="00:20:54,307" />
  </s>
  <s id="387">
    <time id="T292S" value="00:20:54,507" />
Ek weet dit.
  </s>
  <s id="388">
Ek flip daarvan, man.
    <time id="T292E" value="00:20:57,375" />
  </s>
  <s id="389">
    <time id="T293S" value="00:20:57,475" />
Ballistiese 
  </s>
  <s id="390">
- Ek werk daar nog aan.
    <time id="T293E" value="00:21:00,118" />
  </s>
  <s id="391">
    <time id="T294S" value="00:21:00,153" />
Die fragment dat Ducky my gegee het is in 'n swak toestand.
    <time id="T294E" value="00:21:02,520" />
  </s>
  <s id="392">
    <time id="T295S" value="00:21:02,620" />
Ek scan hulle met die rekenaar om 'n 3
  </s>
  <s id="393">
- D model te bou en die koeël virtuele te rekonstrueer en na NIBIN te laai.
    <time id="T296E" value="00:21:08,735" />
  </s>
  <s id="394">
    <time id="T297S" value="00:21:08,770" />
maar telkens ek daar wil ingaan...
  </s>
  <s id="395">
- Ek dink dat ek iets gevind het.
    <time id="T297E" value="00:21:12,173" />
  </s>
  <s id="396">
    <time id="T298S" value="00:21:17,442" />
Ek het deur die lêers op die rekenaar van Wells, toe ek dit gevind op sy leser.
  </s>
  <s id="397">
Ek dink dat dit 'n kode is.
    <time id="T299E" value="00:21:24,083" />
  </s>
  <s id="398">
    <time id="T300S" value="00:21:24,118" />
Iets wat ek nog nooit gesien het.
  </s>
  <s id="399">
- Dat is geen kode, dat is sokker.
    <time id="T300E" value="00:21:27,514" />
  </s>
  <s id="400">
    <time id="T301S" value="00:21:28,118" />
Is dit so?
  </s>
  <s id="401">
Hoe weet jy dit?
    <time id="T301E" value="00:21:30,378" />
  </s>
  <s id="402">
    <time id="T302S" value="00:21:30,959" />
Dat is passing, rushing, receiving, sacks.
  </s>
  <s id="403">
Dit is statistieke van 'n speler.
    <time id="T302E" value="00:21:35,738" />
  </s>
  <s id="404">
    <time id="T303S" value="00:21:35,773" />
Wells spioneerde nie, hy gespeel fantasie sokker.
    <time id="T303E" value="00:21:39,509" />
  </s>
  <s id="405">
    <time id="T304S" value="00:21:39,544" />
Hy het nog 'n goeie span ook.
    <time id="T304E" value="00:21:41,676" />
  </s>
  <s id="406">
    <time id="T305S" value="00:21:41,876" />
Dit blyk, dat hy hierdie rekening gebruikte 'n uur voor hy gedood is.
    <time id="T306E" value="00:21:48,140" />
  </s>
  <s id="407">
    <time id="T307S" value="00:21:48,240" />
Deur gebruik te maak van die IP adres van iemand anders.
    <time id="T307E" value="00:21:50,479" />
  </s>
  <s id="408">
    <time id="T308S" value="00:21:50,579" />
Probeer om uit te vind van wie.
    <time id="T308E" value="00:21:52,486" />
  </s>
  <s id="409">
    <time id="T309S" value="00:21:55,650" />
Tony, he, ek is dit.
    <time id="T309E" value="00:21:57,116" />
  </s>
  <s id="410">
    <time id="T310S" value="00:21:57,151" />
Ek kon die werkswinkel van Marie Markin vind.
    <time id="T310E" value="00:21:59,568" />
  </s>
  <s id="411">
    <time id="T311S" value="00:21:59,668" />
Rankoff 's Bakery, dat is in oos Baltimore.
  </s>
  <s id="412">
Oh, ken jy dat.
    <time id="T311E" value="00:22:02,879" />
  </s>
  <s id="413">
    <time id="T312S" value="00:22:02,914" />
Ja, ek is daar al gewees.
  </s>
  <s id="414">
- Goed.
    <time id="T312E" value="00:22:04,764" />
  </s>
  <s id="415">
    <time id="T313S" value="00:22:04,969" />
Luister, dit is nou jou tou.
  </s>
  <s id="416">
Vertel me eens wat daar gaande is, Tony.
    <time id="T313E" value="00:22:09,490" />
  </s>
  <s id="417">
    <time id="T314S" value="00:22:14,425" />
Me haak?
    <time id="T314E" value="00:22:16,693" />
  </s>
  <s id="418">
    <time id="T315S" value="00:22:18,973" />
Baas is jy dat?
    <time id="T315E" value="00:22:21,045" />
  </s>
  <s id="419">
    <time id="T316S" value="00:22:24,619" />
Wie is Marie Markin?
    <time id="T316E" value="00:22:26,691" />
  </s>
  <s id="420">
    <time id="T317S" value="00:22:43,857" />
Goeie môre, agent.
  </s>
  <s id="421">
Kan ek u help?
    <time id="T317E" value="00:22:46,345" />
  </s>
  <s id="422">
    <time id="T318S" value="00:22:46,380" />
Is die eienaar daar?
  </s>
  <s id="423">
- Nee.
    <time id="T318E" value="00:22:48,426" />
  </s>
  <s id="424">
    <time id="T319S" value="00:22:48,461" />
Nee, my ouers is daar nie.
  </s>
  <s id="425">
- Anton Markin werk hier tog, nie?
    <time id="T319E" value="00:22:52,345" />
  </s>
  <s id="426">
    <time id="T320S" value="00:22:53,012" />
Dit hang daarvan af.
    <time id="T320E" value="00:22:54,851" />
  </s>
  <s id="427">
    <time id="T321S" value="00:22:54,886" />
Van wat?
  </s>
  <s id="428">
- Van wat hy gedoen het.
    <time id="T321E" value="00:22:57,231" />
  </s>
  <s id="429">
    <time id="T322S" value="00:22:57,968" />
Het jy hom gesien?
  </s>
  <s id="430">
- Nee.
    <time id="T322E" value="00:23:00,152" />
  </s>
  <s id="431">
    <time id="T323S" value="00:23:00,187" />
Hy moes hier enkele ure gelede al sy.
  </s>
  <s id="432">
Nou kry ek geen vrye dag.
    <time id="T323E" value="00:23:03,968" />
  </s>
  <s id="433">
    <time id="T324S" value="00:23:05,010" />
Waar sit hy presies?
  </s>
  <s id="434">
- Dat weet ek nie.
    <time id="T324E" value="00:23:07,792" />
  </s>
  <s id="435">
    <time id="T325S" value="00:23:08,233" />
Maar as jy hom sien, sê hom dat die "hulp gesoek" bordjie vanaand uitgehangen word.
    <time id="T326E" value="00:23:12,504" />
  </s>
  <s id="436">
    <time id="T327S" value="00:23:14,146" />
Neem dit nie te persoonlik.
    <time id="T327E" value="00:23:15,990" />
  </s>
  <s id="437">
    <time id="T328S" value="00:23:16,332" />
Milo is nie onbeskof.
  </s>
  <s id="438">
Hy vertrou net geen wetstoepassers.
    <time id="T328E" value="00:23:19,352" />
  </s>
  <s id="439">
    <time id="T329S" value="00:23:19,452" />
Dit is 'n Russiese trekje.
    <time id="T329E" value="00:23:21,799" />
  </s>
  <s id="440">
    <time id="T330S" value="00:23:22,728" />
Hoe gaan dit met jou?
  </s>
  <s id="441">
- Of ek polisiemanne vertrou?
    <time id="T330E" value="00:23:25,103" />
  </s>
  <s id="442">
    <time id="T331S" value="00:23:25,203" />
Ken jy Anton?
  </s>
  <s id="443">
- Sou moet. 
  </s>
  <s id="444">
Hy is m'n broer.
    <time id="T331E" value="00:23:29,063" />
  </s>
  <s id="445">
    <time id="T332S" value="00:23:30,073" />
Oh, Marie, ek is agent DiNozzo.
  </s>
  <s id="446">
- Ja, ek weet wie jy is.
    <time id="T332E" value="00:23:34,035" />
  </s>
  <s id="447">
    <time id="T333S" value="00:23:35,399" />
Jy sou hier nie mag kom.
  </s>
  <s id="448">
- As gevolg van hom?
    <time id="T333E" value="00:23:37,965" />
  </s>
  <s id="449">
    <time id="T334S" value="00:23:38,065" />
Nee, maar jy weet nooit wie daar in die buurt is.
    <time id="T334E" value="00:23:41,261" />
  </s>
  <s id="450">
    <time id="T335S" value="00:23:41,687" />
Luister, ek moet Anton net vind.
  </s>
  <s id="451">
Hy sit nie in die moeilikheid.
    <time id="T335E" value="00:23:45,595" />
  </s>
  <s id="452">
    <time id="T336S" value="00:23:45,695" />
Kom nou, Anton het byna altyd probleme.
    <time id="T336E" value="00:23:48,749" />
  </s>
  <s id="453">
    <time id="T337S" value="00:23:49,983" />
Maar hy is 'n goeie mens.
  </s>
  <s id="454">
- Dit glo ek wel.
    <time id="T337E" value="00:23:53,162" />
  </s>
  <s id="455">
    <time id="T338S" value="00:23:53,362" />
Hy was nie op afspraak met die speurder.
  </s>
  <s id="456">
- Die behandel hom as 'n misdadiger.
    <time id="T338E" value="00:23:57,594" />
  </s>
  <s id="457">
    <time id="T339S" value="00:23:57,629" />
Dit doen jy ook.
  </s>
  <s id="458">
- Wel, tegnies gesien, Marie...
    <time id="T339E" value="00:23:59,712" />
  </s>
  <s id="459">
    <time id="T340S" value="00:23:59,812" />
Tegnies, probeer hy in my oë alleen goed te doen.
    <time id="T340E" value="00:24:03,471" />
  </s>
  <s id="460">
    <time id="T341S" value="00:24:04,283" />
Weet jy, ons is maar met ons tweetjes.
    <time id="T341E" value="00:24:06,094" />
  </s>
  <s id="461">
    <time id="T342S" value="00:24:06,194" />
Anton verlaat die skool om vir me te verseker en het die sosiale dienste uit die buurt.
    <time id="T343E" value="00:24:10,497" />
  </s>
  <s id="462">
    <time id="T344S" value="00:24:10,532" />
Dus, ja, hy verkoop dinge wat hy nie mag verkoop.
    <time id="T344E" value="00:24:15,610" />
  </s>
  <s id="463">
    <time id="T345S" value="00:24:15,710" />
Net soos almal.
  </s>
  <s id="464">
Om rond te kom.
    <time id="T345E" value="00:24:19,186" />
  </s>
  <s id="465">
    <time id="T346S" value="00:24:19,572" />
Luister, ek sal vir hom sorg.
    <time id="T346E" value="00:24:23,141" />
  </s>
  <s id="466">
    <time id="T347S" value="00:24:23,176" />
Mag jy doen, want niemand het dit ooit gedoen.
    <time id="T347E" value="00:24:27,445" />
  </s>
  <s id="467">
    <time id="T348S" value="00:24:29,656" />
Ja, ja, ek onthou jou.
  </s>
  <s id="468">
Die flik wat Marie gekom opsoek, nie?
    <time id="T348E" value="00:24:34,103" />
  </s>
  <s id="469">
    <time id="T349S" value="00:24:34,138" />
Dit is lank gelede.
  </s>
  <s id="470">
- Ja, beslis.
    <time id="T349E" value="00:24:35,983" />
  </s>
  <s id="471">
    <time id="T350S" value="00:24:36,018" />
Is Marie daar?
  </s>
  <s id="472">
- Nee, al enkele dae nie.
    <time id="T350E" value="00:24:38,918" />
  </s>
  <s id="473">
    <time id="T351S" value="00:24:39,018" />
Het jy haar adres?
  </s>
  <s id="474">
- Ja.
    <time id="T351E" value="00:24:41,421" />
  </s>
  <s id="475">
    <time id="T352S" value="00:24:43,462" />
Dit het my verras, na al die jare, om te hoor dat sy hier nog werk.
    <time id="T352E" value="00:24:48,121" />
  </s>
  <s id="476">
    <time id="T353S" value="00:24:48,156" />
So gaan dit hier.
  </s>
  <s id="477">
Ons is Russe.
    <time id="T353E" value="00:24:51,060" />
  </s>
  <s id="478">
    <time id="T354S" value="00:24:51,260" />
Ons sorg vir mekaar as familie.
    <time id="T354E" value="00:24:53,906" />
  </s>
  <s id="479">
    <time id="T355S" value="00:25:03,274" />
Oh, nee.
    <time id="T355E" value="00:25:05,246" />
  </s>
  <s id="480">
    <time id="T356S" value="00:25:23,778" />
Anton?
    <time id="T356E" value="00:25:25,696" />
  </s>
  <s id="481">
    <time id="T357S" value="00:25:31,265" />
He, baas.
    <time id="T357E" value="00:25:32,967" />
  </s>
  <s id="482">
    <time id="T358S" value="00:25:42,487" />
Daar is positief resultaat vir die vingerafdrukke van onderoffisier Wells.
    <time id="T358E" value="00:25:45,622" />
  </s>
  <s id="483">
    <time id="T359S" value="00:25:45,822" />
Die pak slaag dat hy gekry het begin hier.
  </s>
  <s id="484">
- Hy kon dalk ontkom, gevlug het park in en die aanvaller hom gevolg.
    <time id="T360E" value="00:25:51,620" />
  </s>
  <s id="485">
    <time id="T361S" value="00:25:51,655" />
Hy het die karwei af gemaak.
  </s>
  <s id="486">
- Wells gedien saam met die man van Marie.
    <time id="T361E" value="00:25:54,341" />
  </s>
  <s id="487">
    <time id="T362S" value="00:25:54,376" />
Sersant Randy Hollister in die vloot.
    <time id="T362E" value="00:25:56,282" />
  </s>
  <s id="488">
    <time id="T363S" value="00:25:56,317" />
Hulle gewerk het op dieselfde toesig pos in Afghanistan.
    <time id="T363E" value="00:25:58,880" />
  </s>
  <s id="489">
    <time id="T364S" value="00:25:58,915" />
Hollister is enkele weke gelede gedood toe sy Humvee oor kop is gegaan tydens 'n roetine patrollie.
    <time id="T365E" value="00:26:03,388" />
  </s>
  <s id="490">
    <time id="T366S" value="00:26:03,423" />
Gekom Wells sy simpatie betuig by die weduwee?
    <time id="T366E" value="00:26:05,222" />
  </s>
  <s id="491">
    <time id="T367S" value="00:26:05,322" />
Daar lyk dit op.
  </s>
  <s id="492">
Maar van haar geen spoor.
    <time id="T367E" value="00:26:08,031" />
  </s>
  <s id="493">
    <time id="T368S" value="00:26:23,874" />
Dankie, baas.
    <time id="T368E" value="00:26:25,406" />
  </s>
  <s id="494">
    <time id="T369S" value="00:26:25,506" />
Ek voel asof ek deur 'n trein getref is.
    <time id="T369E" value="00:26:27,924" />
  </s>
  <s id="495">
    <time id="T370S" value="00:26:28,402" />
Wat slaap kan help.
    <time id="T370E" value="00:26:30,320" />
  </s>
  <s id="496">
    <time id="T371S" value="00:26:30,904" />
Ek neem wat ek kry kan.
    <time id="T371E" value="00:26:32,854" />
  </s>
  <s id="497">
    <time id="T372S" value="00:26:33,166" />
Wie is Anton?
    <time id="T372E" value="00:26:35,222" />
  </s>
  <s id="498">
    <time id="T373S" value="00:26:36,064" />
'n Informant, toe ek nog in uniform was.
    <time id="T373E" value="00:26:39,679" />
  </s>
  <s id="499">
    <time id="T374S" value="00:26:40,491" />
Sit vasgeklem tussen die Russiese mafia en die bajes.
    <time id="T374E" value="00:26:43,362" />
  </s>
  <s id="500">
    <time id="T375S" value="00:26:43,562" />
Hy het uiteindelik een van die Russe waaroor hy uitvra.
    <time id="T375E" value="00:26:46,475" />
  </s>
  <s id="501">
    <time id="T376S" value="00:26:46,775" />
Gevlug die stad uit en laat sy suster, Marie, aan haar lot oor.
    <time id="T376E" value="00:26:52,313" />
  </s>
  <s id="502">
    <time id="T377S" value="00:26:53,510" />
Het Anton Wells gedood?
  </s>
  <s id="503">
- Hy ontken het.
    <time id="T377E" value="00:26:56,900" />
  </s>
  <s id="504">
    <time id="T378S" value="00:26:58,440" />
Ek dink dat ek hom geloof.
    <time id="T378E" value="00:27:00,895" />
  </s>
  <s id="505">
    <time id="T379S" value="00:27:02,000" />
Dit is een van die sake waarby alles uiteen val.
    <time id="T379E" value="00:27:04,916" />
  </s>
  <s id="506">
    <time id="T380S" value="00:27:05,987" />
Jy dink dat jy dit tog nog terug in mekaar kry.
    <time id="T380E" value="00:27:09,025" />
  </s>
  <s id="507">
    <time id="T381S" value="00:27:09,325" />
Nee.
    <time id="T381E" value="00:27:11,250" />
  </s>
  <s id="508">
    <time id="T382S" value="00:27:11,285" />
Anton is 'n koelbloedige moordenaar.
    <time id="T382E" value="00:27:13,074" />
  </s>
  <s id="509">
    <time id="T383S" value="00:27:13,174" />
Hy steek 'n man 15 keer met 'n skroewedraaier.
    <time id="T383E" value="00:27:16,282" />
  </s>
  <s id="510">
    <time id="T384S" value="00:27:16,482" />
Ek wil dit beëindig.
    <time id="T384E" value="00:27:18,746" />
  </s>
  <s id="511">
    <time id="T385S" value="00:27:18,946" />
As jy dit sê.
    <time id="T385E" value="00:27:20,295" />
  </s>
  <s id="512">
    <time id="T386S" value="00:27:20,330" />
Dink jy dat ek dit op m'n eentje gedoen omdat ek hom wou red?
    <time id="T386E" value="00:27:23,229" />
  </s>
  <s id="513">
    <time id="T387S" value="00:27:23,799" />
Dit is my gemors.
  </s>
  <s id="514">
Ek wil hom optel en in die oë kyk en uitvind wat daar verdorie verkeerd geloop het.
    <time id="T388E" value="00:27:29,397" />
  </s>
  <s id="515">
    <time id="T389S" value="00:27:31,101" />
Die rede waarom hy nie in aanhouding is is omdat hy me onder skoot gehou het.
    <time id="T389E" value="00:27:34,643" />
  </s>
  <s id="516">
    <time id="T390S" value="00:27:34,678" />
Baas, ek dink dat ek wat gevind het.
    <time id="T390E" value="00:27:36,599" />
  </s>
  <s id="517">
    <time id="T391S" value="00:27:39,667" />
As jy hom in hegtenis wou gehad het, DiNozzo, dan was dit so.
    <time id="T391E" value="00:27:44,405" />
  </s>
  <s id="518">
    <time id="T392S" value="00:27:51,278" />
Daar sit vingernael skrape en vinger kolle op die venster.
    <time id="T392E" value="00:27:55,150" />
  </s>
  <s id="519">
    <time id="T393S" value="00:27:55,185" />
Dit is ook gebreek.
    <time id="T393E" value="00:27:56,740" />
  </s>
  <s id="520">
    <time id="T394S" value="00:27:56,940" />
Iemand probeer om te ontsnap.
    <time id="T394E" value="00:27:58,886" />
  </s>
  <s id="521">
    <time id="T395S" value="00:28:01,322" />
Kyk hier eens.
  </s>
  <s id="522">
- Dat is van Marie.
    <time id="T395E" value="00:28:04,069" />
  </s>
  <s id="523">
    <time id="T396S" value="00:28:04,104" />
Wel, dan leef sy.
  </s>
  <s id="524">
Of sy was dit.
    <time id="T396E" value="00:28:06,781" />
  </s>
  <s id="525">
    <time id="T397S" value="00:28:06,816" />
Jammer, Tony, ek bedoel...
  </s>
  <s id="526">
- Ek weet wat jy bedoel.
    <time id="T397E" value="00:28:09,735" />
  </s>
  <s id="527">
    <time id="T398S" value="00:28:10,708" />
Marie sit in die moeilikheid, miskien dood en ons weet nie hoekom nie.
    <time id="T398E" value="00:28:13,583" />
  </s>
  <s id="528">
    <time id="T399S" value="00:28:32,331" />
Vervalsing Alstars, Gibbs.
  </s>
  <s id="529">
Net soos die laptop van Wells.
    <time id="T399E" value="00:28:36,100" />
  </s>
  <s id="530">
    <time id="T400S" value="00:28:36,135" />
Tot en met die waardelose moederborde en die benedenmaatse kodering.
    <time id="T400E" value="00:28:38,970" />
  </s>
  <s id="531">
    <time id="T401S" value="00:28:39,005" />
In China gemaak vir 'n fraksie van die koste van die werklike artikel, dan verkoop aan die kleinhandel.
    <time id="T402E" value="00:28:44,113" />
  </s>
  <s id="532">
    <time id="T403S" value="00:28:44,213" />
Die voorraad in die huis van Marie het 'n straatwaarde van $ 300,000.
    <time id="T403E" value="00:28:48,361" />
  </s>
  <s id="533">
    <time id="T404S" value="00:28:48,396" />
Dit is geen spioenasie.
  </s>
  <s id="534">
- Nee, dit is smokkel.
    <time id="T404E" value="00:28:50,822" />
  </s>
  <s id="535">
    <time id="T405S" value="00:28:50,842" />
Hoe gaan dit met die spyware?
  </s>
  <s id="536">
- Daar sit ons mis.
    <time id="T405E" value="00:28:53,575" />
  </s>
  <s id="537">
    <time id="T406S" value="00:28:53,675" />
Wat, is daar geen spyware?
  </s>
  <s id="538">
- Oh, maar daar is spyware.
    <time id="T406E" value="00:28:56,132" />
  </s>
  <s id="539">
    <time id="T407S" value="00:28:56,167" />
In alle rekenaars, ons het die kode daarvan gebreek.
    <time id="T407E" value="00:28:58,554" />
  </s>
  <s id="540">
    <time id="T408S" value="00:28:58,589" />
Ons kan jou vertel in welke fabriek hulle gemaak is, met watter skip en datum dat hulle op Amerikaanse bodem aankom.
    <time id="T409E" value="00:29:05,213" />
  </s>
  <s id="541">
    <time id="T410S" value="00:29:05,248" />
Dankie my nie, dit is vir Delilah.
  </s>
  <s id="542">
- O, nee, nee, dit was niks.
    <time id="T410E" value="00:29:08,607" />
  </s>
  <s id="543">
    <time id="T411S" value="00:29:08,707" />
Ek het gebreek enkel die kode van die bedryfstelsel.
    <time id="T411E" value="00:29:10,856" />
  </s>
  <s id="544">
    <time id="T412S" value="00:29:10,891" />
Wees nie so beskeie.
  </s>
  <s id="545">
Die meeste mense kan dit nie.
    <time id="T412E" value="00:29:13,133" />
  </s>
  <s id="546">
    <time id="T413S" value="00:29:13,233" />
Ja, maar dit was jou idee, Abby.
  </s>
  <s id="547">
Ek bedoel sonder jou...
    <time id="T413E" value="00:29:16,578" />
  </s>
  <s id="548">
    <time id="T414S" value="00:29:17,161" />
Wat het jy gevind?
  </s>
  <s id="549">
- Die spyware is Amerikaans.
    <time id="T414E" value="00:29:19,632" />
  </s>
  <s id="550">
    <time id="T415S" value="00:29:20,441" />
Ingeplant in die rekenaars om die manne wat hulle smokkel te kan volg.
    <time id="T415E" value="00:29:23,105" />
  </s>
  <s id="551">
    <time id="T416S" value="00:29:23,205" />
Hierdie rekenaars is van Amerikaanse doeane.
    <time id="T416E" value="00:29:27,208" />
  </s>
  <s id="552">
    <time id="T417S" value="00:29:28,855" />
Die eggenoot van Marie, sersant Hollister, het 'n vennoot, Jacob Spoke.
    <time id="T417E" value="00:29:32,067" />
  </s>
  <s id="553">
    <time id="T418S" value="00:29:32,167" />
Ses maand gelede het die doeane 'n stoorkamer binne, eiendom van Spoke.
    <time id="T418E" value="00:29:35,158" />
  </s>
  <s id="554">
    <time id="T419S" value="00:29:35,258" />
Hulle hegtenis geneem hom en sersant Hollister.
    <time id="T419E" value="00:29:37,511" />
  </s>
  <s id="555">
    <time id="T420S" value="00:29:37,546" />
Die probleem was, hulle kon geen rekenaars vind.
    <time id="T420E" value="00:29:40,570" />
  </s>
  <s id="556">
    <time id="T421S" value="00:29:40,670" />
Dus die doeane het Hollister laat gaan.
  </s>
  <s id="557">
- Sy vennoot nie?
    <time id="T421E" value="00:29:43,595" />
  </s>
  <s id="558">
    <time id="T422S" value="00:29:43,630" />
Nee, Spoke is gesoek weens wapenbezit.
    <time id="T422E" value="00:29:47,611" />
  </s>
  <s id="559">
    <time id="T423S" value="00:29:47,646" />
Hulle slotte hom op en hy is verlede week vrygestel.
    <time id="T423E" value="00:29:50,217" />
  </s>
  <s id="560">
    <time id="T424S" value="00:29:50,252" />
Miskien het hy sy deel opeis en het in plaas daarvan Marie.
    <time id="T424E" value="00:29:53,206" />
  </s>
  <s id="561">
    <time id="T425S" value="00:29:53,241" />
Ek nagegaan hul finansies, Marie Markin en haar man het saam 'n rekening met 50.000 dollar.
  </s>
  <s id="562">
Sy het 'n broer wat vlugteling is en haar dooie man het gelei die grootste smokkelbende van Maryland.
    <time id="T427E" value="00:30:03,869" />
  </s>
  <s id="563">
    <time id="T428S" value="00:30:03,904" />
Hulle is daar dalk ook by betrokke.
    <time id="T428E" value="00:30:05,727" />
  </s>
  <s id="564">
    <time id="T429S" value="00:30:05,762" />
Ons moet haar soek om dit uit te pluis.
  </s>
  <s id="565">
Kom op.
    <time id="T429E" value="00:30:08,224" />
  </s>
  <s id="566">
    <time id="T430S" value="00:30:08,324" />
Dit doen ek, baas.
  </s>
  <s id="567">
Ek het die adres van Jake Spoke.
    <time id="T430E" value="00:30:11,517" />
  </s>
  <s id="568">
    <time id="T431S" value="00:30:11,552" />
Dit is 'n stoorkamer naby Baltimore.
    <time id="T431E" value="00:30:13,750" />
  </s>
  <s id="569">
    <time id="T432S" value="00:30:13,785" />
Ek wag op Tony om hom op te pak.
    <time id="T432E" value="00:30:15,948" />
  </s>
  <s id="570">
    <time id="T433S" value="00:30:24,363" />
Wat doen jy hier, verdorie?
  </s>
  <s id="571">
- Me verberg.
    <time id="T433E" value="00:30:26,748" />
  </s>
  <s id="572">
    <time id="T434S" value="00:30:29,688" />
Jy steek in my woonstel?
  </s>
  <s id="573">
- Selfs jy het my nie gevind.
    <time id="T434E" value="00:30:32,719" />
  </s>
  <s id="574">
    <time id="T435S" value="00:30:32,754" />
Wel, speurder Price vra homself af waar jy sit.
    <time id="T435E" value="00:30:35,750" />
  </s>
  <s id="575">
    <time id="T436S" value="00:30:35,850" />
Speurder Price is 'n niksnut.
    <time id="T436E" value="00:30:38,092" />
  </s>
  <s id="576">
    <time id="T437S" value="00:30:38,127" />
Ja, hy is dalk 'n niksnut, maar die niksnut het jou lot in hande.
    <time id="T437E" value="00:30:42,191" />
  </s>
  <s id="577">
    <time id="T438S" value="00:30:45,826" />
Viktor weet dit.
    <time id="T438E" value="00:30:47,965" />
  </s>
  <s id="578">
    <time id="T439S" value="00:30:49,105" />
Hy weet dat ek vir jou werk.
    <time id="T439E" value="00:30:51,545" />
  </s>
  <s id="579">
    <time id="T440S" value="00:30:51,958" />
Wat het hy gesê?
  </s>
  <s id="580">
- Hy het 'n werkje.
    <time id="T440E" value="00:30:54,085" />
  </s>
  <s id="581">
    <time id="T441S" value="00:30:54,120" />
'n rRoof, hy wil dat ek ry. 
  </s>
  <s id="582">
Ek sou môre met hom die planne sien, maar...
    <time id="T441E" value="00:30:57,846" />
  </s>
  <s id="583">
    <time id="T442S" value="00:30:57,881" />
Dit is fantasties. 
  </s>
  <s id="584">
Goed.
  </s>
  <s id="585">
Ek bel speurder Price, ons sit 'n toesig op.
  </s>
  <s id="586">
- Hy gaan my doodmaak.
    <time id="T443E" value="00:31:02,315" />
  </s>
  <s id="587">
    <time id="T444S" value="00:31:02,415" />
Dat is zenuwpraat, kalmeer jou.
  </s>
  <s id="588">
- He, kyk my in die oë, agent DiNozzo.
    <time id="T444E" value="00:31:06,312" />
  </s>
  <s id="589">
    <time id="T445S" value="00:31:07,468" />
Viktor Khartov gaan my doodmaak.
  </s>
  <s id="590">
- Anton, ons kom naby in die buurt.
    <time id="T445E" value="00:31:11,640" />
  </s>
  <s id="591">
    <time id="T446S" value="00:31:11,675" />
Die enigste ding wat jy moet doen is gaan, laat Viktor homself ophang en jy mag na huis gaan.
    <time id="T447E" value="00:31:18,267" />
  </s>
  <s id="592">
    <time id="T448S" value="00:31:19,324" />
Hoe dikwels het jy dit al gedoen?
    <time id="T448E" value="00:31:21,616" />
  </s>
  <s id="593">
    <time id="T449S" value="00:31:22,796" />
Aan 'n undercoverzaak gewerk, 'n informant beskerm?
    <time id="T449E" value="00:31:25,897" />
  </s>
  <s id="594">
    <time id="T450S" value="00:31:27,269" />
Speurder Price wel, ook die ander agente van die ploeg.
    <time id="T450E" value="00:31:30,923" />
  </s>
  <s id="595">
    <time id="T451S" value="00:31:31,329" />
Luister, ek gaan na die agentskap en ek gaan alles reël, daarna kom ek terug na hier.
  </s>
  <s id="596">
Ek verloor jy nie uit die oog tot Viktor geboei is.
  </s>
  <s id="597">
- Beloof jy het, agent DiNozzo?
    <time id="T453E" value="00:31:41,738" />
  </s>
  <s id="598">
    <time id="T454S" value="00:31:41,773" />
Ons sit daar saam in, Anton.
  </s>
  <s id="599">
Ek gee jou rugdekking.
    <time id="T454E" value="00:31:45,856" />
  </s>
  <s id="600">
    <time id="T455S" value="00:31:56,766" />
Jy dink dat ek my skuldig voel oor Anton en hom daarom laat ontkom, nie?
    <time id="T455E" value="00:32:00,024" />
  </s>
  <s id="601">
    <time id="T456S" value="00:32:00,059" />
Ek weet dit nie. 
  </s>
  <s id="602">
Is dit so?
    <time id="T456E" value="00:32:01,982" />
  </s>
  <s id="603">
    <time id="T457S" value="00:32:02,017" />
Hy is gaan loop.
    <time id="T457E" value="00:32:03,906" />
  </s>
  <s id="604">
    <time id="T458S" value="00:32:04,668" />
Ek trek my wapen, maar kon die trekker nie oorhaal.
    <time id="T458E" value="00:32:07,633" />
  </s>
  <s id="605">
    <time id="T459S" value="00:32:09,577" />
Jy het hom binne die twee sekondes op die grond gehad.
    <time id="T459E" value="00:32:12,547" />
  </s>
  <s id="606">
    <time id="T460S" value="00:32:12,837" />
In 'n been of in sy gat geskiet, of...
    <time id="T460E" value="00:32:15,702" />
  </s>
  <s id="607">
    <time id="T461S" value="00:32:16,238" />
Ja, jy het jou gevoel gevolg.
    <time id="T461E" value="00:32:19,920" />
  </s>
  <s id="608">
    <time id="T462S" value="00:32:21,824" />
Dit het vir my nie so goed gewerk.
    <time id="T462E" value="00:32:25,630" />
  </s>
  <s id="609">
    <time id="T463S" value="00:32:26,906" />
Die laaste tyd.
    <time id="T463E" value="00:32:28,990" />
  </s>
  <s id="610">
    <time id="T464S" value="00:32:30,528" />
Miskien is die dag vier sonder slaap, ek kan my instink nie meer vertroue.
    <time id="T464E" value="00:32:35,285" />
  </s>
  <s id="611">
    <time id="T465S" value="00:32:38,419" />
Ek het Anton verkeerdelik vertroud.
    <time id="T465E" value="00:32:41,017" />
  </s>
  <s id="612">
    <time id="T466S" value="00:32:41,833" />
Miskien was ek wel verkeerd, wat baie mense betref.
    <time id="T466E" value="00:32:44,205" />
  </s>
  <s id="613">
    <time id="T467S" value="00:32:44,305" />
Het ons dit nog oor die saak?
    <time id="T467E" value="00:32:46,869" />
  </s>
  <s id="614">
    <time id="T468S" value="00:32:50,566" />
Dit is so interessant.
    <time id="T468E" value="00:32:52,887" />
  </s>
  <s id="615">
    <time id="T469S" value="00:32:55,062" />
Niemand sê haar naam.
    <time id="T469E" value="00:32:57,465" />
  </s>
  <s id="616">
    <time id="T470S" value="00:32:57,500" />
Het jy dit nie opgemerk?
  </s>
  <s id="617">
Dit is asof sy dood is.
    <time id="T470E" value="00:33:01,508" />
  </s>
  <s id="618">
    <time id="T471S" value="00:33:02,950" />
Telkens ek na haar lessenaar kyk of as ek my oë sluit.
    <time id="T471E" value="00:33:06,345" />
  </s>
  <s id="619">
    <time id="T472S" value="00:33:08,710" />
Dan het ek die gevoel dat ek 'n fout begaan het.
    <time id="T472E" value="00:33:11,455" />
  </s>
  <s id="620">
    <time id="T473S" value="00:33:12,311" />
Asof ek, 'n verkeerde besluit geneem het.
    <time id="T474E" value="00:33:17,571" />
  </s>
  <s id="621">
    <time id="T475S" value="00:33:17,871" />
Maar ek was dit nie die besliste.
    <time id="T475E" value="00:33:20,467" />
  </s>
  <s id="622">
    <time id="T476S" value="00:33:21,243" />
Dus, ja, ek vergis me dalk as ek dink dat Anton onskuldig is.
    <time id="T476E" value="00:33:26,329" />
  </s>
  <s id="623">
    <time id="T477S" value="00:33:27,662" />
Ek vertrou jy te alle tye.
    <time id="T477E" value="00:33:30,450" />
  </s>
  <s id="624">
    <time id="T478S" value="00:33:35,976" />
McGee, dek jy die agterkant.
  </s>
  <s id="625">
- Begrepen.
    <time id="T478E" value="00:33:38,396" />
  </s>
  <s id="626">
    <time id="T479S" value="00:33:43,806" />
Waar is my suster, verdorie?
  </s>
  <s id="627">
- Ek weet dit nie, dat ek het gesê jy tog.
    <time id="T479E" value="00:33:46,795" />
  </s>
  <s id="628">
    <time id="T480S" value="00:33:46,830" />
Ek het haar nie vasgevang word.
  </s>
  <s id="629">
- Jy lieg. 
  </s>
  <s id="630">
Waar is sy?
    <time id="T480E" value="00:33:49,411" />
  </s>
  <s id="631">
    <time id="T481S" value="00:33:49,511" />
Asseblief, doen my niks, man.
  </s>
  <s id="632">
- NCIS.
    <time id="T481E" value="00:33:51,593" />
  </s>
  <s id="633">
    <time id="T482S" value="00:33:51,628" />
Plaas die wapen neer.
  </s>
  <s id="634">
- Agteruit. 
  </s>
  <s id="635">
Ek is nog nie klaar met hom.
    <time id="T482E" value="00:33:54,450" />
  </s>
  <s id="636">
    <time id="T483S" value="00:33:54,485" />
Luister na hom, Anton.
    <time id="T483E" value="00:33:56,236" />
  </s>
  <s id="637">
    <time id="T484S" value="00:34:00,280" />
Agteruit.
    <time id="T484E" value="00:34:02,111" />
  </s>
  <s id="638">
    <time id="T485S" value="00:34:02,146" />
Anton, luister na hom.
    <time id="T485E" value="00:34:04,674" />
  </s>
  <s id="639">
    <time id="T486S" value="00:34:04,709" />
Hy rotzooit nie.
    <time id="T486E" value="00:34:06,458" />
  </s>
  <s id="640">
    <time id="T487S" value="00:34:06,658" />
Leg dat wapen neer.
    <time id="T487E" value="00:34:08,722" />
  </s>
  <s id="641">
    <time id="T488S" value="00:34:08,757" />
Ek vra dit jou nog 'n keer.
  </s>
  <s id="642">
- Ek weet nie, man, ek sweer het.
    <time id="T488E" value="00:34:13,028" />
  </s>
  <s id="643">
    <time id="T489S" value="00:34:14,704" />
Anton, kyk me aan.
    <time id="T489E" value="00:34:17,116" />
  </s>
  <s id="644">
    <time id="T490S" value="00:34:18,395" />
He, kyk me aan.
    <time id="T490E" value="00:34:20,316" />
  </s>
  <s id="645">
    <time id="T491S" value="00:34:20,516" />
Ons kan dit beëindig, OK.
  </s>
  <s id="646">
Ons sal Marie vind.
    <time id="T491E" value="00:34:23,478" />
  </s>
  <s id="647">
    <time id="T492S" value="00:34:23,678" />
Saam.
    <time id="T492E" value="00:34:25,554" />
  </s>
  <s id="648">
    <time id="T493S" value="00:34:27,197" />
Ek sweer het.
    <time id="T493E" value="00:34:29,196" />
  </s>
  <s id="649">
    <time id="T494S" value="00:34:30,489" />
Maar jy moet die wapen neerlê.
    <time id="T494E" value="00:34:32,827" />
  </s>
  <s id="650">
    <time id="T495S" value="00:34:43,366" />
Dit is OK.
    <time id="T495E" value="00:34:45,338" />
  </s>
  <s id="651">
    <time id="T496S" value="00:34:55,344" />
Twee dae gelede is onderoffisier Wells aangeval in die huis van Marie Markin.
    <time id="T496E" value="00:34:59,237" />
  </s>
  <s id="652">
    <time id="T497S" value="00:34:59,437" />
Dus?
    <time id="T497E" value="00:35:01,273" />
  </s>
  <s id="653">
    <time id="T498S" value="00:35:02,349" />
Sy is ontvoer.
  </s>
  <s id="654">
- En?
    <time id="T498E" value="00:35:04,958" />
  </s>
  <s id="655">
    <time id="T499S" value="00:35:05,993" />
Waar is sy?
  </s>
  <s id="656">
- Dat weet ek nie.
    <time id="T499E" value="00:35:07,580" />
  </s>
  <s id="657">
    <time id="T500S" value="00:35:07,615" />
Ek weet ook nie wie dit is.
  </s>
  <s id="658">
- Hy het een van jou nagemaakte rekenaars.
    <time id="T500E" value="00:35:10,747" />
  </s>
  <s id="659">
    <time id="T501S" value="00:35:10,782" />
Dit het wel meer mense.
  </s>
  <s id="660">
- Hierdie hier is dood.
    <time id="T501E" value="00:35:13,759" />
  </s>
  <s id="661">
    <time id="T502S" value="00:35:13,859" />
Gaan ons praat oor die een wat my wou doodmaak?
    <time id="T502E" value="00:35:15,665" />
  </s>
  <s id="662">
    <time id="T503S" value="00:35:15,765" />
Nee. 
  </s>
  <s id="663">
Waar is Marie?
  </s>
  <s id="664">
- Soos ek gesê het, geen idee.
    <time id="T503E" value="00:35:18,638" />
  </s>
  <s id="665">
    <time id="T504S" value="00:35:18,673" />
Jou vingerafdrukke sit oral in haar huis.
    <time id="T504E" value="00:35:21,512" />
  </s>
  <s id="666">
    <time id="T505S" value="00:35:21,712" />
Ek is daar gewees.
    <time id="T505E" value="00:35:23,240" />
  </s>
  <s id="667">
    <time id="T506S" value="00:35:23,340" />
Randy was my partner met die rekenaar saak.
    <time id="T506E" value="00:35:26,018" />
  </s>
  <s id="668">
    <time id="T507S" value="00:35:26,206" />
Is Marie hierby betrokke?
  </s>
  <s id="669">
- Die rekenaars? 
  </s>
  <s id="670">
Nee.
    <time id="T507E" value="00:35:28,995" />
  </s>
  <s id="671">
    <time id="T508S" value="00:35:29,095" />
Sy het geweet daar niks van.
    <time id="T508E" value="00:35:31,125" />
  </s>
  <s id="672">
    <time id="T509S" value="00:35:31,160" />
Vir wie werk jy?
    <time id="T509E" value="00:35:33,155" />
  </s>
  <s id="673">
    <time id="T510S" value="00:35:35,132" />
Ek het niks meer te sê nie.
  </s>
  <s id="674">
Sluit me maar op.
    <time id="T510E" value="00:35:37,760" />
  </s>
  <s id="675">
    <time id="T511S" value="00:35:37,795" />
Ek sit my tyd wel uit.
  </s>
  <s id="676">
Ek keer me nie teen hulle.
    <time id="T511E" value="00:35:41,313" />
  </s>
  <s id="677">
    <time id="T512S" value="00:35:41,613" />
Ek weet nie vir wie jy bang is, maar ek belowe jou, ek is erger.
    <time id="T512E" value="00:35:45,849" />
  </s>
  <s id="678">
    <time id="T513S" value="00:35:48,799" />
Die ouens is nie van hier.
    <time id="T513E" value="00:35:51,749" />
  </s>
  <s id="679">
    <time id="T514S" value="00:35:52,311" />
Hulle het hul eie kode, weet jy wel?
    <time id="T514E" value="00:35:54,793" />
  </s>
  <s id="680">
    <time id="T515S" value="00:35:55,713" />
Hulle doodmaak jy nie sommer.
  </s>
  <s id="681">
Hulle laat jou daaroor smeek.
    <time id="T515E" value="00:35:59,503" />
  </s>
  <s id="682">
    <time id="T516S" value="00:35:59,538" />
Jy maak my bang, agent Gibbs, maar hulle nog meer.
    <time id="T516E" value="00:36:03,294" />
  </s>
  <s id="683">
    <time id="T517S" value="00:36:06,792" />
Gibbs, ek het net klop, maar ek weet dat jy dat haat, maar, dit is werklik belangrik en ek veronderstel as dit belangrik is, dat ek mag steur nie.
    <time id="T518E" value="00:36:14,157" />
  </s>
  <s id="684">
    <time id="T519S" value="00:36:14,192" />
Dit is regtig belangrik...
  </s>
  <s id="685">
- Abbs, Abbs.
    <time id="T519E" value="00:36:15,920" />
  </s>
  <s id="686">
    <time id="T520S" value="00:36:15,955" />
Ek is daar, vertel het me.
    <time id="T520E" value="00:36:18,403" />
  </s>
  <s id="687">
    <time id="T521S" value="00:36:19,063" />
Glo jy in die lot?
  </s>
  <s id="688">
- Abby...
    <time id="T521E" value="00:36:22,196" />
  </s>
  <s id="689">
    <time id="T522S" value="00:36:22,396" />
Asof ons almal verbind is in 'n oneindige sirkel?
    <time id="T522E" value="00:36:27,011" />
  </s>
  <s id="690">
    <time id="T523S" value="00:36:27,046" />
Nee.
  </s>
  <s id="691">
- Oh, euh, nou, miskien nou wel.
    <time id="T524E" value="00:36:33,432" />
  </s>
  <s id="692">
    <time id="T525S" value="00:36:33,532" />
Ek het 'n resultaat op NIBIN met die koeël wat ons gaan haal uit onderoffisier Wells.
    <time id="T525E" value="00:36:37,434" />
  </s>
  <s id="693">
    <time id="T526S" value="00:36:37,469" />
Wat gekom het uit 'n wapen wat gebruik is by 'n vragmotorroof in Baltimore, 15 jaar gelede.
  </s>
  <s id="694">
- Die ou saak van Tony.
    <time id="T527E" value="00:36:43,851" />
  </s>
  <s id="695">
    <time id="T528S" value="00:36:43,886" />
Ja, so wat beteken dit?
    <time id="T528E" value="00:36:45,691" />
  </s>
  <s id="696">
    <time id="T529S" value="00:36:45,726" />
Dit beteken dat ons die verkeerde man ondervra.
    <time id="T529E" value="00:36:48,721" />
  </s>
  <s id="697">
    <time id="T530S" value="00:36:50,277" />
Dankie, Abbs.
    <time id="T530E" value="00:36:52,370" />
  </s>
  <s id="698">
    <time id="T531S" value="00:36:52,570" />
Die verslag van die ballistiese.
    <time id="T531E" value="00:36:54,768" />
  </s>
  <s id="699">
    <time id="T532S" value="00:36:55,340" />
Die wapen dat onderoffisier Wells gedood het was dieselfde van die roof 15 jaar gelede.
    <time id="T532E" value="00:37:01,452" />
  </s>
  <s id="700">
    <time id="T533S" value="00:37:01,487" />
Die dood van die matroos, die ontvoering van Marie,
    <time id="T533E" value="00:37:04,014" />
  </s>
  <s id="701">
    <time id="T534S" value="00:37:04,114" />
Dit gaan alles om jou.
    <time id="T534E" value="00:37:06,588" />
  </s>
  <s id="702">
    <time id="T535S" value="00:37:07,088" />
Jy vermoor die seun van Ivan Khartov en hulle wil nog steeds wraak.
    <time id="T535E" value="00:37:11,887" />
  </s>
  <s id="703">
    <time id="T536S" value="00:37:11,987" />
Jy het gesê me dat dit goed sou gaan, dat jy my rugdekking sou gee.
    <time id="T536E" value="00:37:14,915" />
  </s>
  <s id="704">
    <time id="T537S" value="00:37:14,950" />
Kom nou...
  </s>
  <s id="705">
- Dat Marie veilig sou wees.
    <time id="T537E" value="00:37:16,360" />
  </s>
  <s id="706">
    <time id="T538S" value="00:37:16,460" />
Dink jy dat dit my skuld is.
  </s>
  <s id="707">
- Dit is jou skuld.
    <time id="T538E" value="00:37:19,555" />
  </s>
  <s id="708">
    <time id="T539S" value="00:37:19,590" />
Regtig.
    <time id="T539E" value="00:37:20,699" />
  </s>
  <s id="709">
    <time id="T540S" value="00:37:20,999" />
Ek is nie die een wat selfone gesteel, ek is nie die een wat die vragmotor stal en ek is beslis nie een wat 'n Russiese gangster neerstak met 'n skroewedraaier.
  </s>
  <s id="710">
- Jy was nie daar nie.
    <time id="T542E" value="00:37:29,308" />
  </s>
  <s id="711">
    <time id="T543S" value="00:37:29,343" />
Jy het gesê dat jy daar sou wees, hoe dan ook. 
  </s>
  <s id="712">
Maar jy was nie daar nie.
    <time id="T543E" value="00:37:32,987" />
  </s>
  <s id="713">
    <time id="T544S" value="00:37:33,022" />
Jy weet nie eens wat gebeur is.
    <time id="T544E" value="00:37:34,922" />
  </s>
  <s id="714">
    <time id="T545S" value="00:37:35,222" />
Vertel die me dan.
    <time id="T545E" value="00:37:37,267" />
  </s>
  <s id="715">
    <time id="T546S" value="00:37:37,567" />
Dat dit van die tafel kan, vertel die me, wat gebeur is, die aand.
    <time id="T546E" value="00:37:42,244" />
  </s>
  <s id="716">
    <time id="T547S" value="00:37:42,444" />
Ek het gesê jy tog dat Viktor uitgevind het.
  </s>
  <s id="717">
- Hoe?
    <time id="T547E" value="00:37:44,210" />
  </s>
  <s id="718">
    <time id="T548S" value="00:37:44,310" />
Dat weet ek nie, ek weet dit nie.
  </s>
  <s id="719">
Jy het weg na die agentskap.
    <time id="T548E" value="00:37:47,777" />
  </s>
  <s id="720">
    <time id="T549S" value="00:37:48,421" />
'n Uur later, daag hy op, in jou flat.
    <time id="T549E" value="00:37:52,466" />
  </s>
  <s id="721">
    <time id="T550S" value="00:37:52,666" />
Hy bring my na die werf, al sy manne staan me daar op te wag.
    <time id="T550E" value="00:37:55,789" />
  </s>
  <s id="722">
    <time id="T551S" value="00:37:55,824" />
Ek het geen kans om hulp te roep.
    <time id="T551E" value="00:37:57,648" />
  </s>
  <s id="723">
    <time id="T552S" value="00:37:57,848" />
Daar lê 'n skroewedraaier agter in die wa.
    <time id="T552E" value="00:38:00,716" />
  </s>
  <s id="724">
    <time id="T553S" value="00:38:00,751" />
Ek het geen keuse gehad, Tony.
    <time id="T553E" value="00:38:02,887" />
  </s>
  <s id="725">
    <time id="T554S" value="00:38:03,196" />
Ek het geen keuse gehad.
    <time id="T554E" value="00:38:04,820" />
  </s>
  <s id="726">
    <time id="T555S" value="00:38:04,920" />
As die selfverdediging was waarom het jy dan nie na my?
    <time id="T555E" value="00:38:08,070" />
  </s>
  <s id="727">
    <time id="T556S" value="00:38:11,799" />
Dit lyk so sleg uit.
    <time id="T556E" value="00:38:14,215" />
  </s>
  <s id="728">
    <time id="T557S" value="00:38:14,250" />
Oh, God.
  </s>
  <s id="729">
Wat ek met hom gedoen het.
    <time id="T557E" value="00:38:16,520" />
  </s>
  <s id="730">
    <time id="T558S" value="00:38:16,555" />
Die seun van Ivan.
    <time id="T558E" value="00:38:18,858" />
  </s>
  <s id="731">
    <time id="T559S" value="00:38:19,645" />
As ek geluk had ek het na die gevangenis gegaan.
    <time id="T559E" value="00:38:21,947" />
  </s>
  <s id="732">
    <time id="T560S" value="00:38:21,997" />
Maar as Ivan me sou pak...
    <time id="T560E" value="00:38:23,922" />
  </s>
  <s id="733">
    <time id="T561S" value="00:38:24,644" />
Dus, ek is gevlug en bly solank weg as ek kon.
    <time id="T561E" value="00:38:28,100" />
  </s>
  <s id="734">
    <time id="T562S" value="00:38:28,200" />
Toe kom jy 15 jaar later terug vir die begrafnis van Randy.
    <time id="T562E" value="00:38:32,412" />
  </s>
  <s id="735">
    <time id="T563S" value="00:38:32,447" />
15 jaar, ek het gedink so, as ek daar die ene dag kon wees.
    <time id="T563E" value="00:38:37,217" />
  </s>
  <s id="736">
    <time id="T564S" value="00:38:38,622" />
Die dag dat Marie me die meeste nodig gehad het.
    <time id="T564E" value="00:38:41,639" />
  </s>
  <s id="737">
    <time id="T565S" value="00:38:43,150" />
Maar hulle soek me nog steeds.
    <time id="T565E" value="00:38:45,645" />
  </s>
  <s id="738">
    <time id="T566S" value="00:38:45,887" />
Hulle sit nog agter my aan.
    <time id="T566E" value="00:38:48,336" />
  </s>
  <s id="739">
    <time id="T567S" value="00:38:48,371" />
Hulle hou haar dalk as lokaas.
    <time id="T567E" value="00:38:51,035" />
  </s>
  <s id="740">
    <time id="T568S" value="00:38:53,515" />
Ek het name nodig.
    <time id="T568E" value="00:38:55,871" />
  </s>
  <s id="741">
    <time id="T569S" value="00:39:01,269" />
Spesiale agent DiNozzo. 
  </s>
  <s id="742">
Ons sluit so.
  </s>
  <s id="743">
As jy nog vinnig iets wil saamneem.
    <time id="T569E" value="00:39:04,871" />
  </s>
  <s id="744">
    <time id="T570S" value="00:39:05,394" />
15 jaar gelede vertel iemand aan Ivan Khartov, dat Anton vir die polisie gewerk het.
    <time id="T571E" value="00:39:11,881" />
  </s>
  <s id="745">
    <time id="T572S" value="00:39:12,238" />
Die "iemand" was jy.
    <time id="T572E" value="00:39:14,130" />
  </s>
  <s id="746">
    <time id="T573S" value="00:39:14,498" />
Ek geken Ivan nie eens.
  </s>
  <s id="747">
- Dit is die verkeerde antwoord.
    <time id="T573E" value="00:39:16,948" />
  </s>
  <s id="748">
    <time id="T574S" value="00:39:16,983" />
Ek het die dossier van Ivan, jy haal 'm op in die gevangenis toe hy is vrygestel.
    <time id="T574E" value="00:39:20,382" />
  </s>
  <s id="749">
    <time id="T575S" value="00:39:20,417" />
Jy betaal ook sy mediese koste toe hy siek is.
    <time id="T575E" value="00:39:22,989" />
  </s>
  <s id="750">
    <time id="T576S" value="00:39:23,089" />
Dus, wil jy dit nog eens probeer?
    <time id="T576E" value="00:39:25,413" />
  </s>
  <s id="751">
    <time id="T577S" value="00:39:26,601" />
Weet jy wat, ek gaan vars koffie sit.
    <time id="T577E" value="00:39:30,528" />
  </s>
  <s id="752">
    <time id="T578S" value="00:39:31,743" />
Nee, doen dit nie.
    <time id="T578E" value="00:39:33,840" />
  </s>
  <s id="753">
    <time id="T579S" value="00:39:34,664" />
Agteruit?
    <time id="T579E" value="00:39:36,654" />
  </s>
  <s id="754">
    <time id="T580S" value="00:39:46,005" />
Wauw.
    <time id="T580E" value="00:39:47,412" />
  </s>
  <s id="755">
    <time id="T581S" value="00:39:48,925" />
Dieselfde makelij en model dat Wells gedood het.
    <time id="T581E" value="00:39:51,673" />
  </s>
  <s id="756">
    <time id="T582S" value="00:39:51,773" />
Wat beteken dat jy Wells neerschoot en Marie ontvoerde.
    <time id="T582E" value="00:39:54,798" />
  </s>
  <s id="757">
    <time id="T583S" value="00:39:54,833" />
Jy is al even erg as wat rotzak, jou kêrel, Ivan.
    <time id="T583E" value="00:39:57,824" />
  </s>
  <s id="758">
    <time id="T584S" value="00:39:57,924" />
Nee, ek beskermde haar.
  </s>
  <s id="759">
Hulle wou haar dood.
    <time id="T584E" value="00:40:00,426" />
  </s>
  <s id="760">
    <time id="T585S" value="00:40:00,461" />
Ek oortuig hulle om haar te laat lewe en dat Anton my verantwoordelikheid is.
    <time id="T585E" value="00:40:03,833" />
  </s>
  <s id="761">
    <time id="T586S" value="00:40:04,133" />
My skuld.
    <time id="T586E" value="00:40:05,812" />
  </s>
  <s id="762">
    <time id="T587S" value="00:40:05,847" />
Hulle vergewe 'n skuld nie.
  </s>
  <s id="763">
Maar julle moet my glo.
    <time id="T587E" value="00:40:08,140" />
  </s>
  <s id="764">
    <time id="T588S" value="00:40:08,440" />
Ek hou van Marie.
  </s>
  <s id="765">
Daar mag haar niks oorkom.
    <time id="T588E" value="00:40:10,955" />
  </s>
  <s id="766">
    <time id="T589S" value="00:40:11,055" />
Wat is daar verkeerd geloop?
    <time id="T589E" value="00:40:12,815" />
  </s>
  <s id="767">
    <time id="T590S" value="00:40:12,850" />
Sy het gesê me dat Anton na die begrafnis van Randy sou kom.
    <time id="T590E" value="00:40:15,092" />
  </s>
  <s id="768">
    <time id="T591S" value="00:40:15,127" />
Ek het geen keuse gehad.
  </s>
  <s id="769">
Ek stuur manne om op haar te let.
    <time id="T591E" value="00:40:17,300" />
  </s>
  <s id="770">
    <time id="T592S" value="00:40:17,335" />
Twee aande gelede daag daar iemand op, My manne het hom vas by Marie, maar toe ek daar kom, het ek gesien dat die Anton was nie.
    <time id="T593E" value="00:40:22,529" />
  </s>
  <s id="771">
    <time id="T594S" value="00:40:22,629" />
Nee, dit was onderoffisier Wells.
  </s>
  <s id="772">
- Dit is reg en hy het daar vandoor.
    <time id="T594E" value="00:40:25,592" />
  </s>
  <s id="773">
    <time id="T595S" value="00:40:25,975" />
Dat had hy nie mag doen.
  </s>
  <s id="774">
- Gee jy hom die skuld dat hy gedood is?
    <time id="T595E" value="00:40:29,018" />
  </s>
  <s id="775">
    <time id="T596S" value="00:40:29,053" />
Waar is Marie?
  </s>
  <s id="776">
- Kan ek nie sê nie.
    <time id="T596E" value="00:40:30,121" />
  </s>
  <s id="777">
    <time id="T597S" value="00:40:30,141" />
Sê dit vir ons.
  </s>
  <s id="778">
- Besef jy wat hulle met my gaan doen?
    <time id="T597E" value="00:40:32,414" />
  </s>
  <s id="779">
    <time id="T598S" value="00:40:32,449" />
Kan ek nie omgee
    <time id="T598E" value="00:40:33,934" />
  </s>
  <s id="780">
    <time id="T599S" value="00:40:33,969" />
Dat kan my glad nie omgee nie.
  </s>
  <s id="781">
Spreek op.
    <time id="T599E" value="00:40:37,205" />
  </s>
  <s id="782">
    <time id="T600S" value="00:40:42,020" />
Is Marie OK?
  </s>
  <s id="783">
- Ja.
    <time id="T600E" value="00:40:44,658" />
  </s>
  <s id="784">
    <time id="T601S" value="00:40:44,693" />
Sy is wat ontwater, meer nie.
    <time id="T601E" value="00:40:47,006" />
  </s>
  <s id="785">
    <time id="T602S" value="00:40:50,666" />
Die Marshalls is daar om me mee te neem na Baltimore.
    <time id="T602E" value="00:40:53,252" />
  </s>
  <s id="786">
    <time id="T603S" value="00:40:54,451" />
Dit spyt my.
    <time id="T603E" value="00:40:56,133" />
  </s>
  <s id="787">
    <time id="T604S" value="00:40:56,609" />
oor, hoe die dinge verloop nie sy.
    <time id="T605E" value="00:41:01,266" />
  </s>
  <s id="788">
    <time id="T606S" value="00:41:01,998" />
Ek het my werk beter moet doen.
  </s>
  <s id="789">
Toe ek vir jou moes verseker.
    <time id="T606E" value="00:41:05,912" />
  </s>
  <s id="790">
    <time id="T607S" value="00:41:06,417" />
Ek het my keuses gemaak, jy joune.
  </s>
  <s id="791">
Laat ons daar by laat.
    <time id="T607E" value="00:41:11,812" />
  </s>
  <s id="792">
    <time id="T608S" value="00:41:11,847" />
Ek wil dit nie daar nie by laat.
    <time id="T608E" value="00:41:13,951" />
  </s>
  <s id="793">
    <time id="T609S" value="00:41:14,531" />
Ek wil jou help.
    <time id="T609E" value="00:41:16,715" />
  </s>
  <s id="794">
    <time id="T610S" value="00:41:17,090" />
Daar is iets wat ek geleer het, Tony.
    <time id="T610E" value="00:41:19,317" />
  </s>
  <s id="795">
    <time id="T611S" value="00:41:19,940" />
Omdat jy dit wil hê, beteken dit nog nie dat dit gaan gebeur.
    <time id="T611E" value="00:41:23,263" />
  </s>
  <s id="796">
    <time id="T612S" value="00:41:26,280" />
Daar sê jy my wat.
    <time id="T612E" value="00:41:28,579" />
  </s>
  <s id="797">
    <time id="T613S" value="00:41:30,937" />
Vreemd tog, dit hou my nooit teen om dit te probeer.
    <time id="T614E" value="00:41:35,801" />
  </s>
  <s id="798">
    <time id="T615S" value="00:41:41,996" />
Marie.
    <time id="T615E" value="00:41:43,752" />
  </s>
  <s id="799">
    <time id="T616S" value="00:41:47,040" />
Anton.
  </s>
  <s id="800">
- Is alles in orde?
    <time id="T616E" value="00:41:50,267" />
  </s>
  <s id="801">
    <time id="T617S" value="00:41:50,467" />
Ek is OK.
  </s>
  <s id="802">
- Ek het jou so gemis.
    <time id="T617E" value="00:41:54,015" />
  </s>
  <s id="803">
    <time id="T618S" value="00:41:58,004" />
Het jy 'n afspraak met Delilah?
    <time id="T618E" value="00:42:00,059" />
  </s>
  <s id="804">
    <time id="T619S" value="00:42:00,094" />
Net 'n dinee.
    <time id="T619E" value="00:42:01,886" />
  </s>
  <s id="805">
    <time id="T620S" value="00:42:05,662" />
Jy is ook welkom, hoor.
  </s>
  <s id="806">
- Dankie, maar, nee dankie, Tim.
    <time id="T620E" value="00:42:09,674" />
  </s>
  <s id="807">
    <time id="T621S" value="00:42:10,784" />
Met drie is nie my styl.
    <time id="T621E" value="00:42:12,909" />
  </s>
  <s id="808">
    <time id="T622S" value="00:42:13,049" />
Tot môre, Tony.
    <time id="T622E" value="00:42:14,983" />
  </s>
  <s id="809">
    <time id="T623S" value="00:42:15,018" />
Goeie nag.
    <time id="T623E" value="00:42:16,903" />
  </s>
  <s id="810">
    <time id="T624S" value="00:42:23,505" />
Gaan na huis.
  </s>
  <s id="811">
- Dit sal ek doen, baas.
    <time id="T624E" value="00:42:26,463" />
  </s>
  <s id="812">
    <time id="T625S" value="00:42:26,498" />
Ek wil seker wees dat alles vlot verloop vir Anton.
    <time id="T625E" value="00:42:29,405" />
  </s>
  <s id="813">
    <time id="T626S" value="00:42:30,928" />
Dit is die minste wat ek kan doen.
  </s>
  <s id="814">
Daarna reg na bed.
    <time id="T626E" value="00:42:33,300" />
  </s>
  <s id="815">
    <time id="T627S" value="00:42:33,400" />
Erewoord.
    <time id="T627E" value="00:42:35,603" />
  </s>
  <s id="816">
    <time id="T628S" value="00:43:10,858" />
Vertaling en sync deur: 
  </s>
  <s id="817">
Rie van die Buggy's
    <time id="T628E" value="00:43:16,462" />
  </s>
  <meta>
    <conversion>
      <tokens>6792</tokens>
      <encoding>windows-1252</encoding>
      <corrected_words>0</corrected_words>
      <truecased_words>1</truecased_words>
      <unknown_words>0</unknown_words>
      <sentences>817</sentences>
      <ignored_blocks>0</ignored_blocks>
    </conversion>
    <subtitle>
      <machine_translated>0</machine_translated>
      <date>2013-11-28</date>
      <language>Afrikaans</language>
      <confidence>1.0</confidence>
      <duration>00:43:16,462</duration>
      <blocks>628</blocks>
      <version>1</version>
      <rating>1.0</rating>
    </subtitle>
    <source>
      <year>2013</year>
      <duration>43</duration>
      <cds>1/1</cds>
      <genre>Action,Comedy,Crime</genre>
      <HD>1</HD>
    </source>
  </meta>
</document>
