<?xml version="1.0" encoding="utf-8"?>
<document id="5337472">
  <s id="1">
    <time id="T1S" value="00:00:00,300" />
NCIS.S11E05.HDTV.x264-LOL
    <time id="T1E" value="00:00:02,685" />
  </s>
  <s id="2">
    <time id="T2S" value="00:00:37,175" />
Maar hy woon daar.
  </s>
  <s id="3">
- Wel...
    <time id="T2E" value="00:00:39,418" />
  </s>
  <s id="4">
    <time id="T3S" value="00:00:39,887" />
Jy optree soos 'n kind.
  </s>
  <s id="5">
- Martha, asseblief, as jy om my gee, laat die me dan self uitvind.
    <time id="T4E" value="00:00:47,266" />
  </s>
  <s id="6">
    <time id="T5S" value="00:00:49,390" />
Help, help me.
    <time id="T5E" value="00:00:51,345" />
  </s>
  <s id="7">
    <time id="T6S" value="00:00:51,445" />
Ry maar.
  </s>
  <s id="8">
- Dankie.
    <time id="T6E" value="00:00:54,849" />
  </s>
  <s id="9">
    <time id="T7S" value="00:01:04,515" />
NCIS Seisoen 11
  </s>
  <s id="10">
- Episode 5 Once a Crook
    <time id="T7E" value="00:01:09,878" />
  </s>
  <s id="11">
    <time id="T8S" value="00:01:30,515" />
Vertaling en sync deur: 
  </s>
  <s id="12">
Rie van die Buggy's
    <time id="T8E" value="00:01:34,197" />
  </s>
  <s id="13">
    <time id="T9S" value="00:01:37,510" />
Tony, wat doen jy hier?
  </s>
  <s id="14">
- Werk, Tim.
    <time id="T9E" value="00:01:40,302" />
  </s>
  <s id="15">
    <time id="T10S" value="00:01:40,402" />
Ek probeer my deur hierdie ondersoek verslae te worstel.
    <time id="T10E" value="00:01:43,470" />
  </s>
  <s id="16">
    <time id="T11S" value="00:01:43,570" />
Om sewe uur soggens?
  </s>
  <s id="17">
- Ja, iemand moet dit doen.
    <time id="T11E" value="00:01:46,752" />
  </s>
  <s id="18">
    <time id="T12S" value="00:01:46,787" />
Weereens, wie is jy en wat het jy met die ware Tony gedoen?
    <time id="T12E" value="00:01:49,724" />
  </s>
  <s id="19">
    <time id="T13S" value="00:01:50,131" />
Oh, ek was vroeg op en sien kans om langs die gym te gaan en wat om te shop.
    <time id="T13E" value="00:01:53,727" />
  </s>
  <s id="20">
    <time id="T14S" value="00:01:53,762" />
Ek het ook nog ontbeten.
  </s>
  <s id="21">
- Om hoe laat was jy dan al op?
    <time id="T14E" value="00:01:57,035" />
  </s>
  <s id="22">
    <time id="T15S" value="00:01:57,742" />
Eintlik, het ek nie geslaap.
  </s>
  <s id="23">
- Glad nie?
    <time id="T15E" value="00:02:00,691" />
  </s>
  <s id="24">
    <time id="T16S" value="00:02:01,171" />
Wil jy daaroor praat?
    <time id="T16E" value="00:02:03,376" />
  </s>
  <s id="25">
    <time id="T17S" value="00:02:03,927" />
Ek het die gevoel dat ons dit net gedoen het.
    <time id="T17E" value="00:02:06,095" />
  </s>
  <s id="26">
    <time id="T18S" value="00:02:07,519" />
Jy is die afgelope weke anders, Tony.
    <time id="T18E" value="00:02:10,170" />
  </s>
  <s id="27">
    <time id="T19S" value="00:02:10,370" />
Hoe lank al?
    <time id="T19E" value="00:02:11,925" />
  </s>
  <s id="28">
    <time id="T20S" value="00:02:12,281" />
Dit is nogal persoonlik, Tim.
  </s>
  <s id="29">
Maar omdat jy dit vra...
    <time id="T20E" value="00:02:15,080" />
  </s>
  <s id="30">
    <time id="T21S" value="00:02:15,180" />
Nee, hoe lank het jy al nie meer geslaap het?
    <time id="T21E" value="00:02:17,710" />
  </s>
  <s id="31">
    <time id="T22S" value="00:02:22,324" />
Enkele dae, geen probleem.
  </s>
  <s id="32">
- Enkele dae is 'n groot probleem, die liggaam het rus nodig, Tony.
  </s>
  <s id="33">
- Meen jy dit?
    <time id="T23E" value="00:02:27,125" />
  </s>
  <s id="34">
    <time id="T24S" value="00:02:27,160" />
Ek voel nog nooit alerter, Ek is heeltemal in my sas.
    <time id="T24E" value="00:02:30,618" />
  </s>
  <s id="35">
    <time id="T25S" value="00:02:30,718" />
Ek voel goed, man.
    <time id="T25E" value="00:02:32,788" />
  </s>
  <s id="36">
    <time id="T26S" value="00:02:34,284" />
Staan op, DiNozzo.
    <time id="T26E" value="00:02:35,844" />
  </s>
  <s id="37">
    <time id="T27S" value="00:02:37,624" />
Jammer, baas, ek het jou nie sien kom.
  </s>
  <s id="38">
- Ek bring orde en ruimte skip...
    <time id="T27E" value="00:02:41,201" />
  </s>
  <s id="39">
    <time id="T28S" value="00:02:41,236" />
Ruimte... 
  </s>
  <s id="40">
Skip...
    <time id="T28E" value="00:02:43,476" />
  </s>
  <s id="41">
    <time id="T29S" value="00:02:45,537" />
Werk in uitvoering.
  </s>
  <s id="42">
- Doen dit later.
    <time id="T29E" value="00:02:48,142" />
  </s>
  <s id="43">
    <time id="T30S" value="00:02:48,177" />
'n Dooie matroos naby Baltimore, komaan.
    <time id="T30E" value="00:02:50,748" />
  </s>
  <s id="44">
    <time id="T31S" value="00:02:50,848" />
Ek het koffie nodig.
    <time id="T31E" value="00:02:52,905" />
  </s>
  <s id="45">
    <time id="T32S" value="00:02:55,994" />
Gebrek aan slaap beinvloed kognitiewe funksies, kardiovaskulêre gesondheid, bloedsirkulasie.
    <time id="T33E" value="00:03:02,469" />
  </s>
  <s id="46">
    <time id="T34S" value="00:03:02,519" />
Jy gesoek het onderweg op via Google, nie?
  </s>
  <s id="47">
- Newe-effekte is, hoër risiko van 'n beroerte, geheueverlies en hallusinasies, Tony.
    <time id="T35E" value="00:03:09,992" />
  </s>
  <s id="48">
    <time id="T36S" value="00:03:10,192" />
Wat bedoel jy daarmee?
  </s>
  <s id="49">
- Sou jy nou wel 'n gelaaide wapen dra?
    <time id="T36E" value="00:03:14,237" />
  </s>
  <s id="50">
    <time id="T37S" value="00:03:14,688" />
Luister, ek het by die huis slaappille, ek kan hulle saambring.
    <time id="T37E" value="00:03:17,515" />
  </s>
  <s id="51">
    <time id="T38S" value="00:03:17,615" />
Probeer jy my heeltemal " Dorothy Dandridge " te maak?
    <time id="T38E" value="00:03:19,439" />
  </s>
  <s id="52">
    <time id="T39S" value="00:03:19,474" />
Vergeet dit maar.
  </s>
  <s id="53">
Koffiebone en Turbo Tweak.
    <time id="T39E" value="00:03:22,513" />
  </s>
  <s id="54">
    <time id="T40S" value="00:03:22,713" />
Die liggaam is my tempel.
    <time id="T40E" value="00:03:24,879" />
  </s>
  <s id="55">
    <time id="T41S" value="00:03:30,942" />
Hemel, ek het maagzuurremmer nodig.
    <time id="T41E" value="00:03:33,565" />
  </s>
  <s id="56">
    <time id="T42S" value="00:03:40,329" />
Kan jy jou voor...
  </s>
  <s id="57">
Dit spyt my, baas.
    <time id="T42E" value="00:03:43,615" />
  </s>
  <s id="58">
    <time id="T43S" value="00:03:43,915" />
'n Nogal rustieke plek om te sterf, vind jy nie, Jethro?
    <time id="T43E" value="00:03:47,215" />
  </s>
  <s id="59">
    <time id="T44S" value="00:03:47,250" />
Dit hang van die oorsaak af, Duck.
  </s>
  <s id="60">
- Die is minder rustiek, vrees ek.
    <time id="T44E" value="00:03:51,650" />
  </s>
  <s id="61">
    <time id="T45S" value="00:03:51,685" />
Enkele skoot in die rug, vir sover ek dit kan sien.
    <time id="T45E" value="00:03:54,413" />
  </s>
  <s id="62">
    <time id="T46S" value="00:03:54,513" />
Voorafgegaan deur 'n brutaal geveg.
  </s>
  <s id="63">
- Hy het geveg.
    <time id="T46E" value="00:03:58,197" />
  </s>
  <s id="64">
    <time id="T47S" value="00:03:58,232" />
Ja met die omgewing, dit is geen wonde van verdediging op sy hande.
    <time id="T47E" value="00:04:01,685" />
  </s>
  <s id="65">
    <time id="T48S" value="00:04:01,785" />
Van bome en struike, waar hy hom ongetwyfeld deur moes.
    <time id="T48E" value="00:04:06,161" />
  </s>
  <s id="66">
    <time id="T49S" value="00:04:06,196" />
Hy het gevlug vir iemand.
  </s>
  <s id="67">
- Slagoffer is onderoffisier Wells.
    <time id="T49E" value="00:04:10,256" />
  </s>
  <s id="68">
    <time id="T50S" value="00:04:10,291" />
24 jaar oud, 'n crypto techie.
  </s>
  <s id="69">
Net terug uit Afghanistan, waar hy was ontplooi in 'n sekuriteit pos.
    <time id="T51E" value="00:04:16,374" />
  </s>
  <s id="70">
    <time id="T52S" value="00:04:16,409" />
Parkwachters het sy liggaam gevind om 6 uur.
  </s>
  <s id="71">
- Rollins Hotel.
    <time id="T52E" value="00:04:19,909" />
  </s>
  <s id="72">
    <time id="T53S" value="00:04:19,959" />
In Baltimore en nog duur ook. 
  </s>
  <s id="73">
Ek vraag me af hoe 'n militêre hom dat kan bekostig.
    <time id="T53E" value="00:04:23,642" />
  </s>
  <s id="74">
    <time id="T54S" value="00:04:23,677" />
Ondersoek.
    <time id="T54E" value="00:04:25,587" />
  </s>
  <s id="75">
    <time id="T55S" value="00:04:26,322" />
Ag, DiNozzo, waar is jy mee besig?
  </s>
  <s id="76">
Bome?
    <time id="T55E" value="00:04:29,766" />
  </s>
  <s id="77">
    <time id="T56S" value="00:04:36,598" />
Kyk bietjie loos.
  </s>
  <s id="78">
Hulle is almal iewers op gekleed.
    <time id="T56E" value="00:04:38,977" />
  </s>
  <s id="79">
    <time id="T57S" value="00:04:39,012" />
Stap, hardloop, vogelspotten.
  </s>
  <s id="80">
- Ja, behalwe?
    <time id="T57E" value="00:04:41,819" />
  </s>
  <s id="81">
    <time id="T58S" value="00:04:42,019" />
Die groot man met die groen hoodie en swart skoene.
    <time id="T58E" value="00:04:44,008" />
  </s>
  <s id="82">
    <time id="T59S" value="00:04:44,408" />
Die is nêrens op gekleed.
  </s>
  <s id="83">
- Waar?
    <time id="T59E" value="00:04:46,283" />
  </s>
  <s id="84">
    <time id="T60S" value="00:04:46,383" />
Agter my, reg voor jou uit.
    <time id="T60E" value="00:04:48,882" />
  </s>
  <s id="85">
    <time id="T61S" value="00:04:54,852" />
Hy het daar gestaan.
  </s>
  <s id="86">
- Wel, bring hom weer.
    <time id="T61E" value="00:04:57,599" />
  </s>
  <s id="87">
    <time id="T62S" value="00:05:04,529" />
He.
  </s>
  <s id="88">
Ek ken jou.
    <time id="T62E" value="00:05:07,685" />
  </s>
  <s id="89">
    <time id="T63S" value="00:05:08,895" />
Kom terug, NCIS.
  </s>
  <s id="90">
Bly staan?
  </s>
  <s id="91">
.
    <time id="T63E" value="00:05:11,260" />
  </s>
  <s id="92">
    <time id="T64S" value="00:05:26,719" />
Dit spyt my, hy is weg.
  </s>
  <s id="93">
Dit was...
    <time id="T64E" value="00:05:29,595" />
  </s>
  <s id="94">
    <time id="T65S" value="00:05:31,529" />
Wag eens even.
  </s>
  <s id="95">
- Is alles in orde, DiNozzo?
    <time id="T65E" value="00:05:34,024" />
  </s>
  <s id="96">
    <time id="T66S" value="00:05:35,211" />
Ja, natuurlik.
  </s>
  <s id="97">
Dit is...
    <time id="T66E" value="00:05:37,137" />
  </s>
  <s id="98">
    <time id="T67S" value="00:05:37,437" />
Die man staan hier, weet jy?
    <time id="T67E" value="00:05:40,192" />
  </s>
  <s id="99">
    <time id="T68S" value="00:05:40,227" />
Ek was net...
    <time id="T68E" value="00:05:42,104" />
  </s>
  <s id="100">
    <time id="T69S" value="00:05:51,975" />
Geurige Choward kougom.
  </s>
  <s id="101">
- Beteken dat iets vir jou?
    <time id="T69E" value="00:05:55,287" />
  </s>
  <s id="102">
    <time id="T70S" value="00:05:55,743" />
Ja, dat McGee gelyk het.
    <time id="T70E" value="00:05:58,770" />
  </s>
  <s id="103">
    <time id="T71S" value="00:05:59,586" />
Ek begin me dinge in te beelde.
    <time id="T71E" value="00:06:01,826" />
  </s>
  <s id="104">
    <time id="T72S" value="00:06:29,039" />
Hallo.
  </s>
  <s id="105">
- Oh, he, Delilah.
    <time id="T72E" value="00:06:32,598" />
  </s>
  <s id="106">
    <time id="T73S" value="00:06:33,756" />
Wat sit jy hier te doen?
  </s>
  <s id="107">
- Het jy dit nog nie gehoor nie?
    <time id="T73E" value="00:06:36,577" />
  </s>
  <s id="108">
    <time id="T74S" value="00:06:36,612" />
Die oordrag is gereël. 
  </s>
  <s id="109">
Dit is amptelik, ek behoort by die span.
    <time id="T74E" value="00:06:40,851" />
  </s>
  <s id="110">
    <time id="T75S" value="00:06:42,112" />
Versigtig, Delilah, Tony funksioneer onder 'n ernstige gebrek aan slaap.
    <time id="T75E" value="00:06:45,313" />
  </s>
  <s id="111">
    <time id="T76S" value="00:06:45,348" />
Sy, neurotransmitters kon nou geen humor hanteer.
    <time id="T76E" value="00:06:48,912" />
  </s>
  <s id="112">
    <time id="T77S" value="00:06:49,012" />
Ek het maar 'n grap gemaak, Tony.
    <time id="T77E" value="00:06:50,821" />
  </s>
  <s id="113">
    <time id="T78S" value="00:06:51,021" />
Jy sou 'n dokter moet raadpleeg as jy nie kan slaap nie.
    <time id="T78E" value="00:06:53,385" />
  </s>
  <s id="114">
    <time id="T79S" value="00:06:53,420" />
langdurige slapeloosheid kan tot 'n vroeë dood lei.
    <time id="T79E" value="00:06:55,750" />
  </s>
  <s id="115">
    <time id="T80S" value="00:06:55,785" />
Is dat 'n belofte?
    <time id="T80E" value="00:06:57,025" />
  </s>
  <s id="116">
    <time id="T81S" value="00:06:58,863" />
Slegte humeur is ook 'n simptoom?
    <time id="T81E" value="00:07:01,429" />
  </s>
  <s id="117">
    <time id="T82S" value="00:07:02,429" />
Hoekom sit jy hier, Delilah?
    <time id="T82E" value="00:07:03,931" />
  </s>
  <s id="118">
    <time id="T83S" value="00:07:04,231" />
Defensie gestuur haar, toe hulle hoor van die moord op onderoffisier Wells.
    <time id="T83E" value="00:07:07,819" />
  </s>
  <s id="119">
    <time id="T84S" value="00:07:07,869" />
Waarom het Defensie belangstel in 'n laaggestel computertechie?
    <time id="T84E" value="00:07:10,549" />
  </s>
  <s id="120">
    <time id="T85S" value="00:07:10,649" />
Wel, onderoffisier Wells was nie sommer 'n kripto techie.
    <time id="T85E" value="00:07:15,026" />
  </s>
  <s id="121">
    <time id="T86S" value="00:07:15,061" />
Hy was kommunikasie kenner van Defensie met toegang tot hoogs geheime inligting.
    <time id="T86E" value="00:07:19,711" />
  </s>
  <s id="122">
    <time id="T87S" value="00:07:19,746" />
Wat soort van inligting?
  </s>
  <s id="123">
- Dat is geheim, Tony.
    <time id="T87E" value="00:07:22,668" />
  </s>
  <s id="124">
    <time id="T88S" value="00:07:22,703" />
Ernstig?
  </s>
  <s id="125">
- Nee, ek het sin op die eens te sê.
    <time id="T88E" value="00:07:25,431" />
  </s>
  <s id="126">
    <time id="T89S" value="00:07:26,368" />
Ek begeef my nie so dikwels op dat terrein.
    <time id="T89E" value="00:07:29,211" />
  </s>
  <s id="127">
    <time id="T90S" value="00:07:30,309" />
Dit is nie die toegang wat Defensie bekommerd om was, dit is die enkripsie kodes wat hulle daagliks gebruik.
    <time id="T91E" value="00:07:35,359" />
  </s>
  <s id="128">
    <time id="T92S" value="00:07:35,459" />
Dit is die beste wat die weermag het.
  </s>
  <s id="129">
- Wells was 'n troef.
    <time id="T92E" value="00:07:38,232" />
  </s>
  <s id="130">
    <time id="T93S" value="00:07:38,332" />
Hy moes hom vanoggend rapporteer in NAS Point Mugu, Kalifornië.
    <time id="T93E" value="00:07:42,623" />
  </s>
  <s id="131">
    <time id="T94S" value="00:07:42,658" />
Oh, mag ek ook 'n stukkie?
  </s>
  <s id="132">
Ek hou van druiwesmaak.
    <time id="T94E" value="00:07:46,044" />
  </s>
  <s id="133">
    <time id="T95S" value="00:07:50,458" />
Kougom met druiwesmaak.
    <time id="T95E" value="00:07:52,839" />
  </s>
  <s id="134">
    <time id="T96S" value="00:07:52,874" />
Ooit van die voedselpiramide gehoor?
  </s>
  <s id="135">
Kougom is geen druiwe, maar pers.
    <time id="T96E" value="00:07:56,222" />
  </s>
  <s id="136">
    <time id="T97S" value="00:07:57,284" />
Wat is dit dan?
    <time id="T97E" value="00:07:58,914" />
  </s>
  <s id="137">
    <time id="T98S" value="00:07:59,822" />
'n Sak vol duur selfone, wat toevallig klop met die beskrywing van 'n vragmotorlading die gisteraand gekaap is in die hawe.
    <time id="T99E" value="00:08:07,723" />
  </s>
  <s id="138">
    <time id="T100S" value="00:08:07,758" />
Ek het niks gedoen nie.
    <time id="T100E" value="00:08:09,527" />
  </s>
  <s id="139">
    <time id="T101S" value="00:08:10,090" />
Waarom het jy dit dan by?
  </s>
  <s id="140">
- Ek hou hulle by vir 'n vriend.
    <time id="T101E" value="00:08:13,083" />
  </s>
  <s id="141">
    <time id="T102S" value="00:08:13,118" />
Hoe heet jy?
    <time id="T102E" value="00:08:14,955" />
  </s>
  <s id="142">
    <time id="T103S" value="00:08:15,155" />
Anton Markin.
  </s>
  <s id="143">
- Wel, Anton Markin, ons het hier te maak met 'n misdaad, wat beteken vir my, "goed so seuntjie"
    <time id="T104E" value="00:08:21,379" />
  </s>
  <s id="144">
    <time id="T105S" value="00:08:21,414" />
en wat gevangenisstraf vir jou.
  </s>
  <s id="145">
Dus, doen ons beide 'n plesier en vertel my hoe jou vriend heet.
    <time id="T106E" value="00:08:28,044" />
  </s>
  <s id="146">
    <time id="T107S" value="00:08:30,808" />
Wat gedoen Wells in Baltimore?
    <time id="T107E" value="00:08:33,243" />
  </s>
  <s id="147">
    <time id="T108S" value="00:08:34,656" />
Hy gebly in 'n duisend dollar per nag suite, in die Rollins Hotel.
    <time id="T109E" value="00:08:39,568" />
  </s>
  <s id="148">
    <time id="T110S" value="00:08:39,603" />
Op wie se koste?
    <time id="T110E" value="00:08:41,543" />
  </s>
  <s id="149">
    <time id="T111S" value="00:08:43,505" />
Die rekening is elektronies betaal.
  </s>
  <s id="150">
Ek trek dit nog na.
    <time id="T111E" value="00:08:46,818" />
  </s>
  <s id="151">
    <time id="T112S" value="00:08:47,018" />
Ons het gesoek in sy kamer en vind 10.000 dollar baar geld in die kamerkluis saam met die laptop van onderoffisier Wells.
    <time id="T113E" value="00:08:52,605" />
  </s>
  <s id="152">
    <time id="T114S" value="00:08:52,705" />
Ek het gestuur die rekenaar na Abby saam met die toesig beelde van die hotel.
    <time id="T114E" value="00:08:55,871" />
  </s>
  <s id="153">
    <time id="T115S" value="00:08:55,971" />
Eintlik het ek so vinnig moontlik toegang tot die rekenaar nodig.
    <time id="T115E" value="00:08:58,046" />
  </s>
  <s id="154">
    <time id="T116S" value="00:08:58,081" />
Daar kan geheime inligting op staan, wat nie vir almal bestem is.
    <time id="T116E" value="00:09:01,293" />
  </s>
  <s id="155">
    <time id="T117S" value="00:09:01,328" />
Wil jy die van Abby afneem?
  </s>
  <s id="156">
Dit wil ek wel eens sien.
    <time id="T117E" value="00:09:04,457" />
  </s>
  <s id="157">
    <time id="T118S" value="00:09:08,901" />
Dit gee nie, ek kan wag.
    <time id="T118E" value="00:09:11,919" />
  </s>
  <s id="158">
    <time id="T119S" value="00:09:13,099" />
Soos jy wil.
    <time id="T119E" value="00:09:15,187" />
  </s>
  <s id="159">
    <time id="T120S" value="00:09:16,952" />
Wat het jy, Abbs?
    <time id="T120E" value="00:09:18,523" />
  </s>
  <s id="160">
    <time id="T121S" value="00:09:19,169" />
Hang daarvan af wie dit vra.
  </s>
  <s id="161">
Het Sy jou gestuur?
    <time id="T121E" value="00:09:22,404" />
  </s>
  <s id="162">
    <time id="T122S" value="00:09:23,565" />
Sy het dit gedoen.
  </s>
  <s id="163">
Ek het dit geweet.
    <time id="T122E" value="00:09:26,009" />
  </s>
  <s id="164">
    <time id="T123S" value="00:09:26,044" />
Delilah.
    <time id="T123E" value="00:09:27,472" />
  </s>
  <s id="165">
    <time id="T124S" value="00:09:27,507" />
Sy het gesê me al dat ek nie mag inloggen in die laptop van Wells, sonder haar, Gibbs.
    <time id="T124E" value="00:09:32,328" />
  </s>
  <s id="166">
    <time id="T125S" value="00:09:32,363" />
Maar ek het hier baie werk, Gibbs.
  </s>
  <s id="167">
Sy gaan haar beurt moet afwag.
    <time id="T125E" value="00:09:34,979" />
  </s>
  <s id="168">
    <time id="T126S" value="00:09:35,079" />
Abbs, Sy doen net haar werk.
    <time id="T126E" value="00:09:37,354" />
  </s>
  <s id="169">
    <time id="T127S" value="00:09:37,454" />
Dat weet ek.
    <time id="T127E" value="00:09:39,089" />
  </s>
  <s id="170">
    <time id="T128S" value="00:09:39,289" />
Ek rek dit nie om persoonlike redes, Gibbs.
    <time id="T128E" value="00:09:41,854" />
  </s>
  <s id="171">
    <time id="T129S" value="00:09:41,954" />
Ek het net tyd nodig om hom terug in mekaar te steek.
    <time id="T129E" value="00:09:44,615" />
  </s>
  <s id="172">
    <time id="T130S" value="00:09:44,715" />
Wat het gebeur?
  </s>
  <s id="173">
- Ek het geen toestemming om in te loggen.
    <time id="T130E" value="00:09:47,457" />
  </s>
  <s id="174">
    <time id="T131S" value="00:09:47,492" />
maar niemand sê iets oor ontleding.
    <time id="T131E" value="00:09:50,280" />
  </s>
  <s id="175">
    <time id="T132S" value="00:09:50,315" />
Hierdie rekenaar was al verdag van toe hy hier aankom, Gibbs.
    <time id="T132E" value="00:09:53,044" />
  </s>
  <s id="176">
    <time id="T133S" value="00:09:53,144" />
Dit moet 'n top klas Altstar laptop is, maar, ek het opgemerk besonderhede op die behuising wat nie klopten met die spesifikasies van die vervaardiger.
    <time id="T135E" value="00:09:59,724" />
  </s>
  <s id="177">
    <time id="T136S" value="00:09:59,824" />
Die kante is ongelyk geaard en die moederbord, nou, kyk maar self.
    <time id="T136E" value="00:10:03,894" />
  </s>
  <s id="178">
    <time id="T137S" value="00:10:04,072" />
Ek bedoel, kom nou.
    <time id="T137E" value="00:10:06,228" />
  </s>
  <s id="179">
    <time id="T138S" value="00:10:06,614" />
Dit lyk op rekenaar ingewande.
  </s>
  <s id="180">
- Die baan is verskriklik.
    <time id="T138E" value="00:10:09,991" />
  </s>
  <s id="181">
    <time id="T139S" value="00:10:10,026" />
Dit is 'n ondermaatse afwerking, dit is slordige toerusting.
    <time id="T139E" value="00:10:13,058" />
  </s>
  <s id="182">
    <time id="T140S" value="00:10:13,093" />
Hierdie rekenaar lieg, Gibbs Hy is Chinees.
    <time id="T140E" value="00:10:16,974" />
  </s>
  <s id="183">
    <time id="T141S" value="00:10:17,174" />
Ek bedoel, die meeste rekenaars is Chinees, maar die beweer 'n Altstar laptop te wees.
    <time id="T141E" value="00:10:22,498" />
  </s>
  <s id="184">
    <time id="T142S" value="00:10:22,533" />
Dat is hy nie.
  </s>
  <s id="185">
Dit is 'n bedrieër.
    <time id="T142E" value="00:10:24,818" />
  </s>
  <s id="186">
    <time id="T143S" value="00:10:24,918" />
Daar is spyware ingebring op die chip.
    <time id="T143E" value="00:10:27,704" />
  </s>
  <s id="187">
    <time id="T144S" value="00:10:27,739" />
Dit is as 'n agterdeur op die rekenaar, bereikbaar van eender waar ter wêreld.
    <time id="T144E" value="00:10:32,794" />
  </s>
  <s id="188">
    <time id="T145S" value="00:10:34,043" />
Ons het dit hier oor spioenasie.
    <time id="T145E" value="00:10:36,754" />
  </s>
  <s id="189">
    <time id="T146S" value="00:10:37,896" />
Lyk ek OK in jou oë?
    <time id="T146E" value="00:10:40,188" />
  </s>
  <s id="190">
    <time id="T147S" value="00:10:40,758" />
Duidelik beter as die laaste gebruiker van die tafel.
    <time id="T147E" value="00:10:43,995" />
  </s>
  <s id="191">
    <time id="T148S" value="00:10:44,095" />
Ek kan net nie slaap nie, Ducky.
  </s>
  <s id="192">
Ek het...
    <time id="T148E" value="00:10:46,907" />
  </s>
  <s id="193">
    <time id="T149S" value="00:10:47,107" />
Al sedert...
    <time id="T149E" value="00:10:49,137" />
  </s>
  <s id="194">
    <time id="T150S" value="00:10:49,613" />
Wel, haar afwesigheid is moeilik, vir ons almal, Tony.
    <time id="T150E" value="00:10:53,112" />
  </s>
  <s id="195">
    <time id="T151S" value="00:10:53,312" />
Ek sê nie...
  </s>
  <s id="196">
- Dat hoef jy nie.
    <time id="T151E" value="00:10:56,145" />
  </s>
  <s id="197">
    <time id="T152S" value="00:10:58,279" />
Ek begin me dinge in te beelde.
    <time id="T152E" value="00:11:01,264" />
  </s>
  <s id="198">
    <time id="T153S" value="00:11:01,299" />
mense, wat daar nie eens sy.
    <time id="T153E" value="00:11:04,249" />
  </s>
  <s id="199">
    <time id="T154S" value="00:11:04,828" />
Wel, jy praat met iemand wat gesprekke voer met die dooies.
    <time id="T154E" value="00:11:09,091" />
  </s>
  <s id="200">
    <time id="T155S" value="00:11:09,552" />
Ek het vandag op die plek van die misdaad 'n stukkie kougom, dit het my terugdink aan 'n saak, van sowat 15 jaar gelede.
    <time id="T156E" value="00:11:16,429" />
  </s>
  <s id="201">
    <time id="T157S" value="00:11:17,182" />
Klein besonderhede kan kragtige herinneringe losweken.
    <time id="T157E" value="00:11:20,901" />
  </s>
  <s id="202">
    <time id="T158S" value="00:11:20,936" />
Die madeleine van Proust.
    <time id="T158E" value="00:11:22,963" />
  </s>
  <s id="203">
    <time id="T159S" value="00:11:23,163" />
'n Enkele byt opgetower 'n sewe volume roman te voorskyn.
    <time id="T159E" value="00:11:26,907" />
  </s>
  <s id="204">
    <time id="T160S" value="00:11:26,942" />
My geheue is nie die probleem nie.
    <time id="T160E" value="00:11:29,420" />
  </s>
  <s id="205">
    <time id="T161S" value="00:11:30,293" />
Ek vrees dat ek koekoek word.
  </s>
  <s id="206">
- As jy voel dat jy die vat verloor, hou jou vas aan waarvan jy seker weet dat dit regtig is, soos dit slagoffer en die koeël wat ek uiteindelik los gekry het.
    <time id="T163E" value="00:11:44,314" />
  </s>
  <s id="207">
    <time id="T164S" value="00:11:47,900" />
Dink dan, aan die mense wat daar nog is en wat op jou staatmaak.
    <time id="T164E" value="00:11:54,775" />
  </s>
  <s id="208">
    <time id="T165S" value="00:11:56,657" />
Tony, ek is gegaan deur die telefoondata van onderoffisier Wells.
    <time id="T165E" value="00:12:00,094" />
  </s>
  <s id="209">
    <time id="T166S" value="00:12:00,129" />
Hy het laas dekades oproepe gekry van 'n vrou genaamd, Amy Linden.
    <time id="T166E" value="00:12:04,413" />
  </s>
  <s id="210">
    <time id="T167S" value="00:12:04,448" />
Sy is 'n private Defensie kontrakteur.
    <time id="T167E" value="00:12:06,136" />
  </s>
  <s id="211">
    <time id="T168S" value="00:12:06,171" />
Die betaling vir die reis en die hotel van Wells kom van haar.
    <time id="T168E" value="00:12:09,446" />
  </s>
  <s id="212">
    <time id="T169S" value="00:12:09,481" />
Sy het ook enkele jare gewerk vir Chinese tegnologie maatskappye.
    <time id="T169E" value="00:12:12,721" />
  </s>
  <s id="213">
    <time id="T170S" value="00:12:12,756" />
As Wells 'n spioen was, dan was sy dalk sy handlanger.
    <time id="T170E" value="00:12:14,885" />
  </s>
  <s id="214">
    <time id="T171S" value="00:12:14,920" />
Gibbs wil dat ons haar optel.
    <time id="T171E" value="00:12:17,293" />
  </s>
  <s id="215">
    <time id="T172S" value="00:12:18,092" />
Tony?
  </s>
  <s id="216">
Hoor jy my?
    <time id="T172E" value="00:12:20,889" />
  </s>
  <s id="217">
    <time id="T173S" value="00:12:32,574" />
Hallo, baas.
  </s>
  <s id="218">
- Is jy seker dat alles OK is?
    <time id="T173E" value="00:12:34,629" />
  </s>
  <s id="219">
    <time id="T174S" value="00:12:34,664" />
Jy bly dit maar vra.
  </s>
  <s id="220">
- Wel, ek wag nog op 'n antwoord.
    <time id="T174E" value="00:12:36,665" />
  </s>
  <s id="221">
    <time id="T175S" value="00:12:36,765" />
Ek is in orde, ek hoor wat McGee gesê, Amy Linden gaan optel.
    <time id="T175E" value="00:12:41,049" />
  </s>
  <s id="222">
    <time id="T176S" value="00:12:41,149" />
Nee, nee, bly sit.
    <time id="T176E" value="00:12:43,321" />
  </s>
  <s id="223">
    <time id="T177S" value="00:12:46,516" />
Ruk jouself.
    <time id="T177E" value="00:12:48,845" />
  </s>
  <s id="224">
    <time id="T178S" value="00:12:49,361" />
McGee, komaan, gaan mee.
    <time id="T178E" value="00:12:51,467" />
  </s>
  <s id="225">
    <time id="T179S" value="00:12:53,283" />
Ry versigtig.
    <time id="T179E" value="00:12:55,511" />
  </s>
  <s id="226">
    <time id="T180S" value="00:12:59,033" />
Hallo.
  </s>
  <s id="227">
- Tony.
    <time id="T180E" value="00:13:00,329" />
  </s>
  <s id="228">
    <time id="T181S" value="00:13:00,429" />
Abby.
  </s>
  <s id="229">
- Is sy nog daar?
    <time id="T181E" value="00:13:03,335" />
  </s>
  <s id="230">
    <time id="T182S" value="00:13:03,609" />
Wie? 
  </s>
  <s id="231">
Wat? 
  </s>
  <s id="232">
Waar?
  </s>
  <s id="233">
- Delilah, is sy nog in die kantoorruimte?
    <time id="T182E" value="00:13:07,952" />
  </s>
  <s id="234">
    <time id="T183S" value="00:13:11,037" />
Ek sien haar nie.
  </s>
  <s id="235">
Wat het jy nodig?
    <time id="T183E" value="00:13:13,881" />
  </s>
  <s id="236">
    <time id="T184S" value="00:13:15,736" />
OK, goed, ek wou seker sy dat die kus veilig was.
    <time id="T184E" value="00:13:19,622" />
  </s>
  <s id="237">
    <time id="T185S" value="00:13:19,657" />
Voor ek jou dit gee.
  </s>
  <s id="238">
Die DNA resultaat van jou pers kougom.
    <time id="T185E" value="00:13:24,179" />
  </s>
  <s id="239">
    <time id="T186S" value="00:13:24,279" />
Ek dink dat jy die jackpot gewen het.
    <time id="T186E" value="00:13:25,952" />
  </s>
  <s id="240">
    <time id="T187S" value="00:13:25,987" />
Die man is vlugteling, hy word gesoek voor die steek, van 'n Russiese gangster in Baltimore, jare gelede.
    <time id="T188E" value="00:13:31,168" />
  </s>
  <s id="241">
    <time id="T189S" value="00:13:31,268" />
Dit sou ons moordenaar kan wees en dit beteken dat jy jou niks verbeel.
    <time id="T189E" value="00:13:35,011" />
  </s>
  <s id="242">
    <time id="T190S" value="00:13:35,046" />
En jy nie mal is. 
  </s>
  <s id="243">
Ek bedoel, nie dat ek gedink, dat jy, gek was.
    <time id="T190E" value="00:13:39,429" />
  </s>
  <s id="244">
    <time id="T191S" value="00:13:39,725" />
Of dat euh...
  </s>
  <s id="245">
McGee het gesê me dat jy dinge sien.
    <time id="T191E" value="00:13:43,604" />
  </s>
  <s id="246">
    <time id="T192S" value="00:13:43,704" />
Want hy...
  </s>
  <s id="247">
Hy nie.
    <time id="T192E" value="00:13:46,569" />
  </s>
  <s id="248">
    <time id="T193S" value="00:13:53,296" />
Is dit 'n soort van onderduik adres?
    <time id="T193E" value="00:13:55,733" />
  </s>
  <s id="249">
    <time id="T194S" value="00:13:56,205" />
Lyk dit so uit?
    <time id="T194E" value="00:13:58,541" />
  </s>
  <s id="250">
    <time id="T195S" value="00:13:58,972" />
dit lyk op 'n plek waar jy belydenisse uit verdagtes slaan.
    <time id="T195E" value="00:14:01,438" />
  </s>
  <s id="251">
    <time id="T196S" value="00:14:01,538" />
Dit is my woonstel.
    <time id="T196E" value="00:14:03,192" />
  </s>
  <s id="252">
    <time id="T197S" value="00:14:03,227" />
Ek het nog nie tyd om dit in te rig.
  </s>
  <s id="253">
- Daar sal meer nodig wees as wat kussings.
    <time id="T197E" value="00:14:07,572" />
  </s>
  <s id="254">
    <time id="T198S" value="00:14:10,029" />
Oh, nee, die koffie is vir die afwerkers.
    <time id="T198E" value="00:14:13,057" />
  </s>
  <s id="255">
    <time id="T199S" value="00:14:13,157" />
Kom nou, ek sit die hele aand in 'n sel.
    <time id="T199E" value="00:14:15,566" />
  </s>
  <s id="256">
    <time id="T200S" value="00:14:15,601" />
Dat jy nie op die bus na die gevangenis sit kom deur my.
    <time id="T200E" value="00:14:19,341" />
  </s>
  <s id="257">
    <time id="T201S" value="00:14:19,541" />
Graag gedaan, trouens.
    <time id="T201E" value="00:14:21,714" />
  </s>
  <s id="258">
    <time id="T202S" value="00:14:22,522" />
Ek het alles gedoen wat jy gevra het,
    <time id="T202E" value="00:14:24,058" />
  </s>
  <s id="259">
    <time id="T203S" value="00:14:24,158" />
Ek het jou die naam gegee van die vragmotor roof. 
  </s>
  <s id="260">
Maar ek moet gaan.
    <time id="T203E" value="00:14:26,560" />
  </s>
  <s id="261">
    <time id="T204S" value="00:14:26,610" />
Ek werk in 'n bakkery.
  </s>
  <s id="262">
Hulle verstaan dit nie as ek te laat kom.
    <time id="T204E" value="00:14:28,963" />
  </s>
  <s id="263">
    <time id="T205S" value="00:14:28,998" />
Dit sit so, die naam wat jy my gegee het, Viktor Khartov.
    <time id="T205E" value="00:14:32,036" />
  </s>
  <s id="264">
    <time id="T206S" value="00:14:33,142" />
Sy vader Ivan, is 'n leier van die georganiseerde misdaad in oos Baltimore.
    <time id="T207E" value="00:14:38,903" />
  </s>
  <s id="265">
    <time id="T208S" value="00:14:39,103" />
Ivan runt 'n stywe organisasie.
  </s>
  <s id="266">
Geen buitestaanders.
    <time id="T208E" value="00:14:41,449" />
  </s>
  <s id="267">
    <time id="T209S" value="00:14:41,549" />
Dit is feitlik onmoontlik om te infiltreer.
  </s>
  <s id="268">
- Nee.
    <time id="T209E" value="00:14:43,641" />
  </s>
  <s id="269">
    <time id="T210S" value="00:14:43,676" />
Laat me uitspreek.
  </s>
  <s id="270">
- Dat hoef jy nie.
    <time id="T210E" value="00:14:45,371" />
  </s>
  <s id="271">
    <time id="T211S" value="00:14:45,406" />
Jy gaan my vra om 'n rat te wees.
  </s>
  <s id="272">
Ek doen dit nie.
    <time id="T211E" value="00:14:47,743" />
  </s>
  <s id="273">
    <time id="T212S" value="00:14:47,778" />
Ek gaan dit nie doen nie. 
  </s>
  <s id="274">
Nee.
  </s>
  <s id="275">
- Die vragmotorbestuurder is dood.
    <time id="T212E" value="00:14:52,129" />
  </s>
  <s id="276">
    <time id="T213S" value="00:14:52,329" />
Viktor skoot hom neer en gestort die liggaam.
    <time id="T213E" value="00:14:54,632" />
  </s>
  <s id="277">
    <time id="T214S" value="00:14:55,236" />
Ek weet dat jy daar was, die aand.
  </s>
  <s id="278">
- Ja, maar die enigste...
    <time id="T214E" value="00:14:58,631" />
  </s>
  <s id="279">
    <time id="T215S" value="00:15:00,225" />
Die enigste ding wat ek gedoen het was ry, ek het gewag in die wa.
    <time id="T215E" value="00:15:03,499" />
  </s>
  <s id="280">
    <time id="T216S" value="00:15:06,303" />
Ek het nie geweet dat hy die man gedood het.
  </s>
  <s id="281">
Dat ek het nie geweet.
    <time id="T216E" value="00:15:08,621" />
  </s>
  <s id="282">
    <time id="T217S" value="00:15:08,641" />
Dit het geen belang, jy is aandadig aan roof en 'n moord.
    <time id="T217E" value="00:15:13,745" />
  </s>
  <s id="283">
    <time id="T218S" value="00:15:28,604" />
Luister, ek het 'n suster wat van me afhanklik is.
    <time id="T218E" value="00:15:30,891" />
  </s>
  <s id="284">
    <time id="T219S" value="00:15:30,991" />
Anton, he, kyk me aan.
  </s>
  <s id="285">
Wil jy vir jou suster verseker?
    <time id="T219E" value="00:15:34,917" />
  </s>
  <s id="286">
    <time id="T220S" value="00:15:34,952" />
Dan moet jy eers ons probleem oplos.
  </s>
  <s id="287">
Dit is die enigste uitweg.
    <time id="T220E" value="00:15:38,097" />
  </s>
  <s id="288">
    <time id="T221S" value="00:16:14,448" />
Nie beweeg nie.
  </s>
  <s id="289">
- Hallo, Anton.
    <time id="T221E" value="00:16:17,761" />
  </s>
  <s id="290">
    <time id="T222S" value="00:16:28,158" />
Hoe het jy my gevind?
    <time id="T222E" value="00:16:30,293" />
  </s>
  <s id="291">
    <time id="T223S" value="00:16:30,576" />
Dit was nie so moeilik.
    <time id="T223E" value="00:16:32,092" />
  </s>
  <s id="292">
    <time id="T224S" value="00:16:32,492" />
Dit is die enigste plek in Baltimore waar jy jou ooit veilig het gevoel.
    <time id="T224E" value="00:16:35,300" />
  </s>
  <s id="293">
    <time id="T225S" value="00:16:35,400" />
Ek het die man nie gedood nie.
  </s>
  <s id="294">
- Watter kerel?
    <time id="T225E" value="00:16:37,625" />
  </s>
  <s id="295">
    <time id="T226S" value="00:16:37,660" />
Die een wat jy 15 jaar gelede neerstak, of die matroos wat jy gister neerschoot?
    <time id="T226E" value="00:16:41,555" />
  </s>
  <s id="296">
    <time id="T227S" value="00:16:41,655" />
Die matroos.
  </s>
  <s id="297">
- Ek verstaan dit.
    <time id="T227E" value="00:16:43,825" />
  </s>
  <s id="298">
    <time id="T228S" value="00:16:43,860" />
Hy was 'n cryptoloog.
    <time id="T228E" value="00:16:45,547" />
  </s>
  <s id="299">
    <time id="T229S" value="00:16:45,747" />
Nou blyk dit dat hy dalk geheime aan die Chinese verkoop.
    <time id="T229E" value="00:16:47,734" />
  </s>
  <s id="300">
    <time id="T230S" value="00:16:47,834" />
Daar is beslis 'n logiese verklaring waarom jy op die plek van die misdaad was.
    <time id="T230E" value="00:16:51,204" />
  </s>
  <s id="301">
    <time id="T231S" value="00:16:51,224" />
Die is daar, maar na my ervaring hoef die man met die wapen niks uit te lê.
    <time id="T231E" value="00:16:55,591" />
  </s>
  <s id="302">
    <time id="T232S" value="00:16:55,691" />
Akkoord, maar leg die wapen neer, dan kan ons praat.
    <time id="T232E" value="00:16:57,891" />
  </s>
  <s id="303">
    <time id="T233S" value="00:16:57,926" />
Ek is hier nie vir 'n gesprek, maar om jou te waarsku hier weg te bly.
    <time id="T233E" value="00:17:00,677" />
  </s>
  <s id="304">
    <time id="T234S" value="00:17:00,712" />
Of wat? 
  </s>
  <s id="305">
Gaan jy my skiet?
  </s>
  <s id="306">
- As ek dit moet.
    <time id="T234E" value="00:17:02,978" />
  </s>
  <s id="307">
    <time id="T235S" value="00:17:03,078" />
Gee my jou wapen.
  </s>
  <s id="308">
- Nee.
    <time id="T235E" value="00:17:04,452" />
  </s>
  <s id="309">
    <time id="T236S" value="00:17:04,487" />
Wat?
  </s>
  <s id="310">
- Nee, as jy my wou skiet, dan was ek al dood. 
  </s>
  <s id="311">
Jy het al 'n wapen.
  </s>
  <s id="312">
Ek gee jou daar geen tweede, kom nou.
    <time id="T237E" value="00:17:10,109" />
  </s>
  <s id="313">
    <time id="T238S" value="00:17:11,767" />
Anton, waarom is jy terug in Baltimore?
  </s>
  <s id="314">
- Dit is ingewikkeld.
    <time id="T238E" value="00:17:15,632" />
  </s>
  <s id="315">
    <time id="T239S" value="00:17:15,667" />
Ek kan jou help.
  </s>
  <s id="316">
- Die laaste keer dat jy wou help, gekos het my en my suster die lewe.
  </s>
  <s id="317">
Ek dink dat ek pas, dankie.
    <time id="T240E" value="00:17:21,426" />
  </s>
  <s id="318">
    <time id="T241S" value="00:17:21,461" />
Dit is reg, jou suster, Marie.
    <time id="T241E" value="00:17:24,015" />
  </s>
  <s id="319">
    <time id="T242S" value="00:17:24,204" />
Hoe maak sy dit? 
  </s>
  <s id="320">
Sien jy haar nog?
  </s>
  <s id="321">
- Hou op met vrae stel.
    <time id="T242E" value="00:17:26,897" />
  </s>
  <s id="322">
    <time id="T243S" value="00:17:26,932" />
Draai om, op jou knieë, nu.
    <time id="T243E" value="00:17:29,682" />
  </s>
  <s id="323">
    <time id="T244S" value="00:17:33,544" />
Alles is nou anders.
  </s>
  <s id="324">
Ek is 'n federale agent. 
  </s>
  <s id="325">
Ek het invloed.
    <time id="T244E" value="00:17:38,349" />
  </s>
  <s id="326">
    <time id="T245S" value="00:17:38,384" />
Wauw, baie geluk.
    <time id="T245E" value="00:17:40,137" />
  </s>
  <s id="327">
    <time id="T246S" value="00:17:40,172" />
Ek het gehoor dat jy speurder is nadat jy my onder die bus gegooi, maar federale agent.
  </s>
  <s id="328">
- Ek gooi jy nie onder die bus.
    <time id="T247E" value="00:17:44,517" />
  </s>
  <s id="329">
    <time id="T248S" value="00:17:44,552" />
Wil jy weet hoe my lewe gewees het?
  </s>
  <s id="330">
Wegkruip lewe, valse name, doodloopstraat bane.
  </s>
  <s id="331">
15 jaar niemendal.
    <time id="T249E" value="00:17:51,052" />
  </s>
  <s id="332">
    <time id="T250S" value="00:17:51,087" />
Hardloop weg was jou eie keuse, Anton.
  </s>
  <s id="333">
- Niks daarvan was my keuse.
    <time id="T250E" value="00:17:54,241" />
  </s>
  <s id="334">
    <time id="T251S" value="00:18:02,551" />
Anton.
    <time id="T251E" value="00:18:03,924" />
  </s>
  <s id="335">
    <time id="T252S" value="00:18:23,876" />
Anton, bly staan.
    <time id="T252E" value="00:18:25,990" />
  </s>
  <s id="336">
    <time id="T253S" value="00:18:43,426" />
Tony, waar is jy?
  </s>
  <s id="337">
- Maak nie uit, jy moet iets doen vir me, McGee en dit moet onder ons bly.
    <time id="T254E" value="00:18:47,362" />
  </s>
  <s id="338">
    <time id="T255S" value="00:18:47,562" />
Wel, dat word nogal moeilik, want ons gaan Amy Linden verhoor.
    <time id="T255E" value="00:18:50,965" />
  </s>
  <s id="339">
    <time id="T256S" value="00:18:51,000" />
Ek het die huidige adres van Marie Markin nodig.
    <time id="T256E" value="00:18:53,275" />
  </s>
  <s id="340">
    <time id="T257S" value="00:18:53,310" />
Dit is waarskynlik in Baltimore.
  </s>
  <s id="341">
- Markin.
    <time id="T257E" value="00:18:55,515" />
  </s>
  <s id="342">
    <time id="T258S" value="00:18:55,550" />
Is dat dit die familienaam wat Abby het geïdentifiseer deur die pers kougom?
    <time id="T258E" value="00:18:59,022" />
  </s>
  <s id="343">
    <time id="T259S" value="00:18:59,057" />
Ja, bel me so vinnig jy kan en luister, jy mag dit nie aan Gibbs vertel.
    <time id="T260E" value="00:19:04,762" />
  </s>
  <s id="344">
    <time id="T261S" value="00:19:06,516" />
OK, dankie.
  </s>
  <s id="345">
Tot siens.
    <time id="T261E" value="00:19:09,733" />
  </s>
  <s id="346">
    <time id="T262S" value="00:19:10,433" />
Kan ek jou help, baas?
  </s>
  <s id="347">
- Jy moet 'n verhoor doen.
    <time id="T262E" value="00:19:13,836" />
  </s>
  <s id="348">
    <time id="T263S" value="00:19:19,521" />
Ek onthou niemand wat Wells heet.
  </s>
  <s id="349">
- Jy maatskappy betaal sy reis en hotel en het hom 10.000 dollar baar geld.
    <time id="T264E" value="00:19:25,977" />
  </s>
  <s id="350">
    <time id="T265S" value="00:19:26,012" />
Dit spyt my, maar dit sê me niks.
    <time id="T265E" value="00:19:28,428" />
  </s>
  <s id="351">
    <time id="T266S" value="00:19:28,728" />
Ons het 'n dooie navy cryptoloog, wat dalk geheime aan die Chinese verkoop.
    <time id="T266E" value="00:19:32,516" />
  </s>
  <s id="352">
    <time id="T267S" value="00:19:32,551" />
Jy is die laaste wat hom lewend gesien het.
  </s>
  <s id="353">
Van 'n Rollins hotel kamera's.
    <time id="T267E" value="00:19:36,936" />
  </s>
  <s id="354">
    <time id="T268S" value="00:19:36,971" />
Gister.
  </s>
  <s id="355">
- Dat is hom en dat is jy.
    <time id="T268E" value="00:19:39,944" />
  </s>
  <s id="356">
    <time id="T269S" value="00:19:39,979" />
Sê die jy nou iets?
    <time id="T269E" value="00:19:41,797" />
  </s>
  <s id="357">
    <time id="T270S" value="00:19:42,186" />
Vertel ons oor onderoffisier Wells.
  </s>
  <s id="358">
- Ek wou hom so graag hê.
    <time id="T270E" value="00:19:45,664" />
  </s>
  <s id="359">
    <time id="T271S" value="00:19:46,048" />
Maar nie vir spioenasie. 
  </s>
  <s id="360">
Hy was cryptoloog aan die einde van sy militêre diens.
    <time id="T271E" value="00:19:50,796" />
  </s>
  <s id="361">
    <time id="T272S" value="00:19:50,996" />
Weet jy hoe waardevol dat is in die private sektor?
    <time id="T272E" value="00:19:54,028" />
  </s>
  <s id="362">
    <time id="T273S" value="00:19:54,399" />
Ek het drie tegnologie maatskappye wat aan opbod gedoen het vir hom.
    <time id="T273E" value="00:19:59,225" />
  </s>
  <s id="363">
    <time id="T274S" value="00:19:59,430" />
Is jy 'n koppenjager?
  </s>
  <s id="364">
- Rekruteringsadviseur.
    <time id="T274E" value="00:20:02,086" />
  </s>
  <s id="365">
    <time id="T275S" value="00:20:02,121" />
Ontwikkeling van voormalige owerheid personeel met spesiale vaardighede.
    <time id="T275E" value="00:20:05,255" />
  </s>
  <s id="366">
    <time id="T276S" value="00:20:05,290" />
Waarom al die geheimdoenerij?
  </s>
  <s id="367">
- My beroep is moordend.
    <time id="T276E" value="00:20:07,673" />
  </s>
  <s id="368">
    <time id="T277S" value="00:20:07,708" />
As m'n mededingers Wells sou ontdek, dan sou hulle probeer om hom weg te kaap.
    <time id="T277E" value="00:20:10,900" />
  </s>
  <s id="369">
    <time id="T278S" value="00:20:10,935" />
En die 10.000 dollar wat ons in sy kamer gevind het?
    <time id="T278E" value="00:20:13,236" />
  </s>
  <s id="370">
    <time id="T279S" value="00:20:13,271" />
'n Bonus om te teken.
  </s>
  <s id="371">
Dit is maar 'n voorsmaakje, regtig.
    <time id="T279E" value="00:20:16,625" />
  </s>
  <s id="372">
    <time id="T280S" value="00:20:16,825" />
Jy het geen idee van die bedrae die maatskappye seker wil betaal.
    <time id="T280E" value="00:20:20,474" />
  </s>
  <s id="373">
    <time id="T281S" value="00:20:21,458" />
Hoeveel?
  </s>
  <s id="374">
Suiwer uit nuuskierigheid.
    <time id="T281E" value="00:20:24,814" />
  </s>
  <s id="375">
    <time id="T282S" value="00:20:25,014" />
Ses syfers, om te begin.
    <time id="T282E" value="00:20:26,681" />
  </s>
  <s id="376">
    <time id="T283S" value="00:20:26,781" />
Die hemel is die grens as jy die regte vakkennis het.
    <time id="T283E" value="00:20:29,412" />
  </s>
  <s id="377">
    <time id="T284S" value="00:20:29,596" />
Soek jy die skakelaar te maak, agent McGee?
    <time id="T284E" value="00:20:32,608" />
  </s>
  <s id="378">
    <time id="T285S" value="00:20:34,847" />
Bly sit.
    <time id="T285E" value="00:20:36,696" />
  </s>
  <s id="379">
    <time id="T286S" value="00:20:43,119" />
Hallo.
  </s>
  <s id="380">
- Gibbs, Gibbs.
    <time id="T286E" value="00:20:45,201" />
  </s>
  <s id="381">
    <time id="T287S" value="00:20:45,798" />
Abbs, sê me dat jy iets het.
    <time id="T287E" value="00:20:47,695" />
  </s>
  <s id="382">
    <time id="T288S" value="00:20:47,995" />
Slegte vibrasies, Gibbs.
    <time id="T288E" value="00:20:50,259" />
  </s>
  <s id="383">
    <time id="T289S" value="00:20:50,294" />
Sy het hier 'n uur gelede vrae na die rekenaar van onderoffisier Wells
    <time id="T289E" value="00:20:53,949" />
  </s>
  <s id="384">
    <time id="T290S" value="00:20:54,248" />
Sy het so van, "asseblief" en "dankie".
    <time id="T290E" value="00:20:56,441" />
  </s>
  <s id="385">
    <time id="T291S" value="00:20:56,641" />
Sy het me dit gebring.
  </s>
  <s id="386">
- Sy probeer net vriendelik te wees.
    <time id="T291E" value="00:20:59,532" />
  </s>
  <s id="387">
    <time id="T292S" value="00:20:59,732" />
Ek weet dit.
  </s>
  <s id="388">
Ek flip daarvan, man.
    <time id="T292E" value="00:21:02,600" />
  </s>
  <s id="389">
    <time id="T293S" value="00:21:02,700" />
Ballistiese 
  </s>
  <s id="390">
- Ek werk daar nog aan.
    <time id="T293E" value="00:21:05,343" />
  </s>
  <s id="391">
    <time id="T294S" value="00:21:05,378" />
Die fragment dat Ducky my gegee het is in 'n swak toestand.
    <time id="T294E" value="00:21:07,745" />
  </s>
  <s id="392">
    <time id="T295S" value="00:21:07,845" />
Ek scan hulle met die rekenaar om 'n 3
  </s>
  <s id="393">
- D model te bou en die koeël virtuele te rekonstrueer en na NIBIN te laai.
    <time id="T296E" value="00:21:13,960" />
  </s>
  <s id="394">
    <time id="T297S" value="00:21:13,995" />
maar telkens ek daar wil ingaan...
  </s>
  <s id="395">
- Ek dink dat ek iets gevind het.
    <time id="T297E" value="00:21:17,398" />
  </s>
  <s id="396">
    <time id="T298S" value="00:21:22,667" />
Ek het deur die lêers op die rekenaar van Wells, toe ek dit gevind op sy leser.
  </s>
  <s id="397">
Ek dink dat dit 'n kode is.
    <time id="T299E" value="00:21:29,308" />
  </s>
  <s id="398">
    <time id="T300S" value="00:21:29,343" />
Iets wat ek nog nooit gesien het.
  </s>
  <s id="399">
- Dat is geen kode, dat is sokker.
    <time id="T300E" value="00:21:32,739" />
  </s>
  <s id="400">
    <time id="T301S" value="00:21:33,343" />
Is dit so?
  </s>
  <s id="401">
Hoe weet jy dit?
    <time id="T301E" value="00:21:35,603" />
  </s>
  <s id="402">
    <time id="T302S" value="00:21:36,184" />
Dat is passing, rushing, receiving, sacks.
  </s>
  <s id="403">
Dit is statistieke van 'n speler.
    <time id="T302E" value="00:21:40,963" />
  </s>
  <s id="404">
    <time id="T303S" value="00:21:40,998" />
Wells spioneerde nie, hy gespeel fantasie sokker.
    <time id="T303E" value="00:21:44,734" />
  </s>
  <s id="405">
    <time id="T304S" value="00:21:44,769" />
Hy het nog 'n goeie span ook.
    <time id="T304E" value="00:21:46,901" />
  </s>
  <s id="406">
    <time id="T305S" value="00:21:47,101" />
Dit blyk, dat hy hierdie rekening gebruikte 'n uur voor hy gedood is.
    <time id="T306E" value="00:21:53,365" />
  </s>
  <s id="407">
    <time id="T307S" value="00:21:53,465" />
Deur gebruik te maak van die IP adres van iemand anders.
    <time id="T307E" value="00:21:55,704" />
  </s>
  <s id="408">
    <time id="T308S" value="00:21:55,804" />
Probeer om uit te vind van wie.
    <time id="T308E" value="00:21:57,711" />
  </s>
  <s id="409">
    <time id="T309S" value="00:22:00,875" />
Tony, he, ek is dit.
    <time id="T309E" value="00:22:02,341" />
  </s>
  <s id="410">
    <time id="T310S" value="00:22:02,376" />
Ek kon die werkswinkel van Marie Markin vind.
    <time id="T310E" value="00:22:04,793" />
  </s>
  <s id="411">
    <time id="T311S" value="00:22:04,893" />
Rankoff 's Bakery, dat is in oos Baltimore.
  </s>
  <s id="412">
Oh, ken jy dat.
    <time id="T311E" value="00:22:08,104" />
  </s>
  <s id="413">
    <time id="T312S" value="00:22:08,139" />
Ja, ek is daar al gewees.
  </s>
  <s id="414">
- Goed.
    <time id="T312E" value="00:22:09,989" />
  </s>
  <s id="415">
    <time id="T313S" value="00:22:10,194" />
Luister, dit is nou jou tou.
  </s>
  <s id="416">
Vertel me eens wat daar gaande is, Tony.
    <time id="T313E" value="00:22:14,715" />
  </s>
  <s id="417">
    <time id="T314S" value="00:22:19,650" />
Me haak?
    <time id="T314E" value="00:22:21,918" />
  </s>
  <s id="418">
    <time id="T315S" value="00:22:24,198" />
Baas is jy dat?
    <time id="T315E" value="00:22:26,270" />
  </s>
  <s id="419">
    <time id="T316S" value="00:22:29,844" />
Wie is Marie Markin?
    <time id="T316E" value="00:22:31,916" />
  </s>
  <s id="420">
    <time id="T317S" value="00:22:49,082" />
Goeie môre, agent.
  </s>
  <s id="421">
Kan ek u help?
    <time id="T317E" value="00:22:51,570" />
  </s>
  <s id="422">
    <time id="T318S" value="00:22:51,605" />
Is die eienaar daar?
  </s>
  <s id="423">
- Nee.
    <time id="T318E" value="00:22:53,651" />
  </s>
  <s id="424">
    <time id="T319S" value="00:22:53,686" />
Nee, my ouers is daar nie.
  </s>
  <s id="425">
- Anton Markin werk hier tog, nie?
    <time id="T319E" value="00:22:57,570" />
  </s>
  <s id="426">
    <time id="T320S" value="00:22:58,237" />
Dit hang daarvan af.
    <time id="T320E" value="00:23:00,076" />
  </s>
  <s id="427">
    <time id="T321S" value="00:23:00,111" />
Van wat?
  </s>
  <s id="428">
- Van wat hy gedoen het.
    <time id="T321E" value="00:23:02,456" />
  </s>
  <s id="429">
    <time id="T322S" value="00:23:03,193" />
Het jy hom gesien?
  </s>
  <s id="430">
- Nee.
    <time id="T322E" value="00:23:05,377" />
  </s>
  <s id="431">
    <time id="T323S" value="00:23:05,412" />
Hy moes hier enkele ure gelede al sy.
  </s>
  <s id="432">
Nou kry ek geen vrye dag.
    <time id="T323E" value="00:23:09,193" />
  </s>
  <s id="433">
    <time id="T324S" value="00:23:10,235" />
Waar sit hy presies?
  </s>
  <s id="434">
- Dat weet ek nie.
    <time id="T324E" value="00:23:13,017" />
  </s>
  <s id="435">
    <time id="T325S" value="00:23:13,458" />
Maar as jy hom sien, sê hom dat die "hulp gesoek" bordjie vanaand uitgehangen word.
    <time id="T326E" value="00:23:17,729" />
  </s>
  <s id="436">
    <time id="T327S" value="00:23:19,371" />
Neem dit nie te persoonlik.
    <time id="T327E" value="00:23:21,215" />
  </s>
  <s id="437">
    <time id="T328S" value="00:23:21,557" />
Milo is nie onbeskof.
  </s>
  <s id="438">
Hy vertrou net geen wetstoepassers.
    <time id="T328E" value="00:23:24,577" />
  </s>
  <s id="439">
    <time id="T329S" value="00:23:24,677" />
Dit is 'n Russiese trekje.
    <time id="T329E" value="00:23:27,024" />
  </s>
  <s id="440">
    <time id="T330S" value="00:23:27,953" />
Hoe gaan dit met jou?
  </s>
  <s id="441">
- Of ek polisiemanne vertrou?
    <time id="T330E" value="00:23:30,328" />
  </s>
  <s id="442">
    <time id="T331S" value="00:23:30,428" />
Ken jy Anton?
  </s>
  <s id="443">
- Sou moet. 
  </s>
  <s id="444">
Hy is m'n broer.
    <time id="T331E" value="00:23:34,288" />
  </s>
  <s id="445">
    <time id="T332S" value="00:23:35,298" />
Oh, Marie, ek is agent DiNozzo.
  </s>
  <s id="446">
- Ja, ek weet wie jy is.
    <time id="T332E" value="00:23:39,260" />
  </s>
  <s id="447">
    <time id="T333S" value="00:23:40,624" />
Jy sou hier nie mag kom.
  </s>
  <s id="448">
- As gevolg van hom?
    <time id="T333E" value="00:23:43,190" />
  </s>
  <s id="449">
    <time id="T334S" value="00:23:43,290" />
Nee, maar jy weet nooit wie daar in die buurt is.
    <time id="T334E" value="00:23:46,486" />
  </s>
  <s id="450">
    <time id="T335S" value="00:23:46,912" />
Luister, ek moet Anton net vind.
  </s>
  <s id="451">
Hy sit nie in die moeilikheid.
    <time id="T335E" value="00:23:50,820" />
  </s>
  <s id="452">
    <time id="T336S" value="00:23:50,920" />
Kom nou, Anton het byna altyd probleme.
    <time id="T336E" value="00:23:53,974" />
  </s>
  <s id="453">
    <time id="T337S" value="00:23:55,208" />
Maar hy is 'n goeie mens.
  </s>
  <s id="454">
- Dit glo ek wel.
    <time id="T337E" value="00:23:58,387" />
  </s>
  <s id="455">
    <time id="T338S" value="00:23:58,587" />
Hy was nie op afspraak met die speurder.
  </s>
  <s id="456">
- Die behandel hom as 'n misdadiger.
    <time id="T338E" value="00:24:02,819" />
  </s>
  <s id="457">
    <time id="T339S" value="00:24:02,854" />
Dit doen jy ook.
  </s>
  <s id="458">
- Wel, tegnies gesien, Marie...
    <time id="T339E" value="00:24:04,937" />
  </s>
  <s id="459">
    <time id="T340S" value="00:24:05,037" />
Tegnies, probeer hy in my oë alleen goed te doen.
    <time id="T340E" value="00:24:08,696" />
  </s>
  <s id="460">
    <time id="T341S" value="00:24:09,508" />
Weet jy, ons is maar met ons tweetjes.
    <time id="T341E" value="00:24:11,319" />
  </s>
  <s id="461">
    <time id="T342S" value="00:24:11,419" />
Anton verlaat die skool om vir me te verseker en het die sosiale dienste uit die buurt.
    <time id="T343E" value="00:24:15,722" />
  </s>
  <s id="462">
    <time id="T344S" value="00:24:15,757" />
Dus, ja, hy verkoop dinge wat hy nie mag verkoop.
    <time id="T344E" value="00:24:20,835" />
  </s>
  <s id="463">
    <time id="T345S" value="00:24:20,935" />
Net soos almal.
  </s>
  <s id="464">
Om rond te kom.
    <time id="T345E" value="00:24:24,411" />
  </s>
  <s id="465">
    <time id="T346S" value="00:24:24,797" />
Luister, ek sal vir hom sorg.
    <time id="T346E" value="00:24:28,366" />
  </s>
  <s id="466">
    <time id="T347S" value="00:24:28,401" />
Mag jy doen, want niemand het dit ooit gedoen.
    <time id="T347E" value="00:24:32,670" />
  </s>
  <s id="467">
    <time id="T348S" value="00:24:34,881" />
Ja, ja, ek onthou jou.
  </s>
  <s id="468">
Die flik wat Marie gekom opsoek, nie?
    <time id="T348E" value="00:24:39,328" />
  </s>
  <s id="469">
    <time id="T349S" value="00:24:39,363" />
Dit is lank gelede.
  </s>
  <s id="470">
- Ja, beslis.
    <time id="T349E" value="00:24:41,208" />
  </s>
  <s id="471">
    <time id="T350S" value="00:24:41,243" />
Is Marie daar?
  </s>
  <s id="472">
- Nee, al enkele dae nie.
    <time id="T350E" value="00:24:44,143" />
  </s>
  <s id="473">
    <time id="T351S" value="00:24:44,243" />
Het jy haar adres?
  </s>
  <s id="474">
- Ja.
    <time id="T351E" value="00:24:46,646" />
  </s>
  <s id="475">
    <time id="T352S" value="00:24:48,687" />
Dit het my verras, na al die jare, om te hoor dat sy hier nog werk.
    <time id="T352E" value="00:24:53,346" />
  </s>
  <s id="476">
    <time id="T353S" value="00:24:53,381" />
So gaan dit hier.
  </s>
  <s id="477">
Ons is Russe.
    <time id="T353E" value="00:24:56,285" />
  </s>
  <s id="478">
    <time id="T354S" value="00:24:56,485" />
Ons sorg vir mekaar as familie.
    <time id="T354E" value="00:24:59,131" />
  </s>
  <s id="479">
    <time id="T355S" value="00:25:08,499" />
Oh, nee.
    <time id="T355E" value="00:25:10,471" />
  </s>
  <s id="480">
    <time id="T356S" value="00:25:29,003" />
Anton?
    <time id="T356E" value="00:25:30,921" />
  </s>
  <s id="481">
    <time id="T357S" value="00:25:36,490" />
He, baas.
    <time id="T357E" value="00:25:38,192" />
  </s>
  <s id="482">
    <time id="T358S" value="00:25:49,835" />
Daar is positief resultaat vir die vingerafdrukke van onderoffisier Wells.
    <time id="T358E" value="00:25:52,970" />
  </s>
  <s id="483">
    <time id="T359S" value="00:25:53,170" />
Die pak slaag dat hy gekry het begin hier.
  </s>
  <s id="484">
- Hy kon dalk ontkom, gevlug het park in en die aanvaller hom gevolg.
    <time id="T360E" value="00:25:58,968" />
  </s>
  <s id="485">
    <time id="T361S" value="00:25:59,003" />
Hy het die karwei af gemaak.
  </s>
  <s id="486">
- Wells gedien saam met die man van Marie.
    <time id="T361E" value="00:26:01,689" />
  </s>
  <s id="487">
    <time id="T362S" value="00:26:01,724" />
Sersant Randy Hollister in die vloot.
    <time id="T362E" value="00:26:03,630" />
  </s>
  <s id="488">
    <time id="T363S" value="00:26:03,665" />
Hulle gewerk het op dieselfde toesig pos in Afghanistan.
    <time id="T363E" value="00:26:06,228" />
  </s>
  <s id="489">
    <time id="T364S" value="00:26:06,263" />
Hollister is enkele weke gelede gedood toe sy Humvee oor kop is gegaan tydens 'n roetine patrollie.
    <time id="T365E" value="00:26:10,736" />
  </s>
  <s id="490">
    <time id="T366S" value="00:26:10,771" />
Gekom Wells sy simpatie betuig by die weduwee?
    <time id="T366E" value="00:26:12,570" />
  </s>
  <s id="491">
    <time id="T367S" value="00:26:12,670" />
Daar lyk dit op.
  </s>
  <s id="492">
Maar van haar geen spoor.
    <time id="T367E" value="00:26:15,379" />
  </s>
  <s id="493">
    <time id="T368S" value="00:26:31,222" />
Dankie, baas.
    <time id="T368E" value="00:26:32,754" />
  </s>
  <s id="494">
    <time id="T369S" value="00:26:32,854" />
Ek voel asof ek deur 'n trein getref is.
    <time id="T369E" value="00:26:35,272" />
  </s>
  <s id="495">
    <time id="T370S" value="00:26:35,750" />
Wat slaap kan help.
    <time id="T370E" value="00:26:37,668" />
  </s>
  <s id="496">
    <time id="T371S" value="00:26:38,252" />
Ek neem wat ek kry kan.
    <time id="T371E" value="00:26:40,202" />
  </s>
  <s id="497">
    <time id="T372S" value="00:26:40,514" />
Wie is Anton?
    <time id="T372E" value="00:26:42,570" />
  </s>
  <s id="498">
    <time id="T373S" value="00:26:43,412" />
'n Informant, toe ek nog in uniform was.
    <time id="T373E" value="00:26:47,027" />
  </s>
  <s id="499">
    <time id="T374S" value="00:26:47,839" />
Sit vasgeklem tussen die Russiese mafia en die bajes.
    <time id="T374E" value="00:26:50,710" />
  </s>
  <s id="500">
    <time id="T375S" value="00:26:50,910" />
Hy het uiteindelik een van die Russe waaroor hy uitvra.
    <time id="T375E" value="00:26:53,823" />
  </s>
  <s id="501">
    <time id="T376S" value="00:26:54,123" />
Gevlug die stad uit en laat sy suster, Marie, aan haar lot oor.
    <time id="T376E" value="00:26:59,661" />
  </s>
  <s id="502">
    <time id="T377S" value="00:27:00,858" />
Het Anton Wells gedood?
  </s>
  <s id="503">
- Hy ontken het.
    <time id="T377E" value="00:27:04,248" />
  </s>
  <s id="504">
    <time id="T378S" value="00:27:05,788" />
Ek dink dat ek hom geloof.
    <time id="T378E" value="00:27:08,243" />
  </s>
  <s id="505">
    <time id="T379S" value="00:27:09,348" />
Dit is een van die sake waarby alles uiteen val.
    <time id="T379E" value="00:27:12,264" />
  </s>
  <s id="506">
    <time id="T380S" value="00:27:13,335" />
Jy dink dat jy dit tog nog terug in mekaar kry.
    <time id="T380E" value="00:27:16,373" />
  </s>
  <s id="507">
    <time id="T381S" value="00:27:16,673" />
Nee.
    <time id="T381E" value="00:27:18,598" />
  </s>
  <s id="508">
    <time id="T382S" value="00:27:18,633" />
Anton is 'n koelbloedige moordenaar.
    <time id="T382E" value="00:27:20,422" />
  </s>
  <s id="509">
    <time id="T383S" value="00:27:20,522" />
Hy steek 'n man 15 keer met 'n skroewedraaier.
    <time id="T383E" value="00:27:23,630" />
  </s>
  <s id="510">
    <time id="T384S" value="00:27:23,830" />
Ek wil dit beëindig.
    <time id="T384E" value="00:27:26,094" />
  </s>
  <s id="511">
    <time id="T385S" value="00:27:26,294" />
As jy dit sê.
    <time id="T385E" value="00:27:27,643" />
  </s>
  <s id="512">
    <time id="T386S" value="00:27:27,678" />
Dink jy dat ek dit op m'n eentje gedoen omdat ek hom wou red?
    <time id="T386E" value="00:27:30,577" />
  </s>
  <s id="513">
    <time id="T387S" value="00:27:31,147" />
Dit is my gemors.
  </s>
  <s id="514">
Ek wil hom optel en in die oë kyk en uitvind wat daar verdorie verkeerd geloop het.
    <time id="T388E" value="00:27:36,745" />
  </s>
  <s id="515">
    <time id="T389S" value="00:27:38,449" />
Die rede waarom hy nie in aanhouding is is omdat hy me onder skoot gehou het.
    <time id="T389E" value="00:27:41,991" />
  </s>
  <s id="516">
    <time id="T390S" value="00:27:42,026" />
Baas, ek dink dat ek wat gevind het.
    <time id="T390E" value="00:27:43,947" />
  </s>
  <s id="517">
    <time id="T391S" value="00:27:47,015" />
As jy hom in hegtenis wou gehad het, DiNozzo, dan was dit so.
    <time id="T391E" value="00:27:51,753" />
  </s>
  <s id="518">
    <time id="T392S" value="00:27:58,626" />
Daar sit vingernael skrape en vinger kolle op die venster.
    <time id="T392E" value="00:28:02,498" />
  </s>
  <s id="519">
    <time id="T393S" value="00:28:02,533" />
Dit is ook gebreek.
    <time id="T393E" value="00:28:04,088" />
  </s>
  <s id="520">
    <time id="T394S" value="00:28:04,288" />
Iemand probeer om te ontsnap.
    <time id="T394E" value="00:28:06,234" />
  </s>
  <s id="521">
    <time id="T395S" value="00:28:08,670" />
Kyk hier eens.
  </s>
  <s id="522">
- Dat is van Marie.
    <time id="T395E" value="00:28:11,417" />
  </s>
  <s id="523">
    <time id="T396S" value="00:28:11,452" />
Wel, dan leef sy.
  </s>
  <s id="524">
Of sy was dit.
    <time id="T396E" value="00:28:14,129" />
  </s>
  <s id="525">
    <time id="T397S" value="00:28:14,164" />
Jammer, Tony, ek bedoel...
  </s>
  <s id="526">
- Ek weet wat jy bedoel.
    <time id="T397E" value="00:28:17,083" />
  </s>
  <s id="527">
    <time id="T398S" value="00:28:18,056" />
Marie sit in die moeilikheid, miskien dood en ons weet nie hoekom nie.
    <time id="T398E" value="00:28:20,931" />
  </s>
  <s id="528">
    <time id="T399S" value="00:28:39,679" />
Vervalsing Alstars, Gibbs.
  </s>
  <s id="529">
Net soos die laptop van Wells.
    <time id="T399E" value="00:28:43,448" />
  </s>
  <s id="530">
    <time id="T400S" value="00:28:43,483" />
Tot en met die waardelose moederborde en die benedenmaatse kodering.
    <time id="T400E" value="00:28:46,318" />
  </s>
  <s id="531">
    <time id="T401S" value="00:28:46,353" />
In China gemaak vir 'n fraksie van die koste van die werklike artikel, dan verkoop aan die kleinhandel.
    <time id="T402E" value="00:28:51,461" />
  </s>
  <s id="532">
    <time id="T403S" value="00:28:51,561" />
Die voorraad in die huis van Marie het 'n straatwaarde van $ 300,000.
    <time id="T403E" value="00:28:55,709" />
  </s>
  <s id="533">
    <time id="T404S" value="00:28:55,744" />
Dit is geen spioenasie.
  </s>
  <s id="534">
- Nee, dit is smokkel.
    <time id="T404E" value="00:28:58,170" />
  </s>
  <s id="535">
    <time id="T405S" value="00:28:58,190" />
Hoe gaan dit met die spyware?
  </s>
  <s id="536">
- Daar sit ons mis.
    <time id="T405E" value="00:29:00,923" />
  </s>
  <s id="537">
    <time id="T406S" value="00:29:01,023" />
Wat, is daar geen spyware?
  </s>
  <s id="538">
- Oh, maar daar is spyware.
    <time id="T406E" value="00:29:03,480" />
  </s>
  <s id="539">
    <time id="T407S" value="00:29:03,515" />
In alle rekenaars, ons het die kode daarvan gebreek.
    <time id="T407E" value="00:29:05,902" />
  </s>
  <s id="540">
    <time id="T408S" value="00:29:05,937" />
Ons kan jou vertel in welke fabriek hulle gemaak is, met watter skip en datum dat hulle op Amerikaanse bodem aankom.
    <time id="T409E" value="00:29:12,561" />
  </s>
  <s id="541">
    <time id="T410S" value="00:29:12,596" />
Dankie my nie, dit is vir Delilah.
  </s>
  <s id="542">
- O, nee, nee, dit was niks.
    <time id="T410E" value="00:29:15,955" />
  </s>
  <s id="543">
    <time id="T411S" value="00:29:16,055" />
Ek het gebreek enkel die kode van die bedryfstelsel.
    <time id="T411E" value="00:29:18,204" />
  </s>
  <s id="544">
    <time id="T412S" value="00:29:18,239" />
Wees nie so beskeie.
  </s>
  <s id="545">
Die meeste mense kan dit nie.
    <time id="T412E" value="00:29:20,481" />
  </s>
  <s id="546">
    <time id="T413S" value="00:29:20,581" />
Ja, maar dit was jou idee, Abby.
  </s>
  <s id="547">
Ek bedoel sonder jou...
    <time id="T413E" value="00:29:23,926" />
  </s>
  <s id="548">
    <time id="T414S" value="00:29:24,509" />
Wat het jy gevind?
  </s>
  <s id="549">
- Die spyware is Amerikaans.
    <time id="T414E" value="00:29:26,980" />
  </s>
  <s id="550">
    <time id="T415S" value="00:29:27,789" />
Ingeplant in die rekenaars om die manne wat hulle smokkel te kan volg.
    <time id="T415E" value="00:29:30,453" />
  </s>
  <s id="551">
    <time id="T416S" value="00:29:30,553" />
Hierdie rekenaars is van Amerikaanse doeane.
    <time id="T416E" value="00:29:34,556" />
  </s>
  <s id="552">
    <time id="T417S" value="00:29:36,203" />
Die eggenoot van Marie, sersant Hollister, het 'n vennoot, Jacob Spoke.
    <time id="T417E" value="00:29:39,415" />
  </s>
  <s id="553">
    <time id="T418S" value="00:29:39,515" />
Ses maand gelede het die doeane 'n stoorkamer binne, eiendom van Spoke.
    <time id="T418E" value="00:29:42,506" />
  </s>
  <s id="554">
    <time id="T419S" value="00:29:42,606" />
Hulle hegtenis geneem hom en sersant Hollister.
    <time id="T419E" value="00:29:44,859" />
  </s>
  <s id="555">
    <time id="T420S" value="00:29:44,894" />
Die probleem was, hulle kon geen rekenaars vind.
    <time id="T420E" value="00:29:47,918" />
  </s>
  <s id="556">
    <time id="T421S" value="00:29:48,018" />
Dus die doeane het Hollister laat gaan.
  </s>
  <s id="557">
- Sy vennoot nie?
    <time id="T421E" value="00:29:50,943" />
  </s>
  <s id="558">
    <time id="T422S" value="00:29:50,978" />
Nee, Spoke is gesoek weens wapenbezit.
    <time id="T422E" value="00:29:54,959" />
  </s>
  <s id="559">
    <time id="T423S" value="00:29:54,994" />
Hulle slotte hom op en hy is verlede week vrygestel.
    <time id="T423E" value="00:29:57,565" />
  </s>
  <s id="560">
    <time id="T424S" value="00:29:57,600" />
Miskien het hy sy deel opeis en het in plaas daarvan Marie.
    <time id="T424E" value="00:30:00,554" />
  </s>
  <s id="561">
    <time id="T425S" value="00:30:00,589" />
Ek nagegaan hul finansies, Marie Markin en haar man het saam 'n rekening met 50.000 dollar.
  </s>
  <s id="562">
Sy het 'n broer wat vlugteling is en haar dooie man het gelei die grootste smokkelbende van Maryland.
    <time id="T427E" value="00:30:11,217" />
  </s>
  <s id="563">
    <time id="T428S" value="00:30:11,252" />
Hulle is daar dalk ook by betrokke.
    <time id="T428E" value="00:30:13,075" />
  </s>
  <s id="564">
    <time id="T429S" value="00:30:13,110" />
Ons moet haar soek om dit uit te pluis.
  </s>
  <s id="565">
Kom op.
    <time id="T429E" value="00:30:15,572" />
  </s>
  <s id="566">
    <time id="T430S" value="00:30:15,672" />
Dit doen ek, baas.
  </s>
  <s id="567">
Ek het die adres van Jake Spoke.
    <time id="T430E" value="00:30:18,865" />
  </s>
  <s id="568">
    <time id="T431S" value="00:30:18,900" />
Dit is 'n stoorkamer naby Baltimore.
    <time id="T431E" value="00:30:21,098" />
  </s>
  <s id="569">
    <time id="T432S" value="00:30:21,133" />
Ek wag op Tony om hom op te pak.
    <time id="T432E" value="00:30:23,296" />
  </s>
  <s id="570">
    <time id="T433S" value="00:30:31,711" />
Wat doen jy hier, verdorie?
  </s>
  <s id="571">
- Me verberg.
    <time id="T433E" value="00:30:34,096" />
  </s>
  <s id="572">
    <time id="T434S" value="00:30:37,036" />
Jy steek in my woonstel?
  </s>
  <s id="573">
- Selfs jy het my nie gevind.
    <time id="T434E" value="00:30:40,067" />
  </s>
  <s id="574">
    <time id="T435S" value="00:30:40,102" />
Wel, speurder Price vra homself af waar jy sit.
    <time id="T435E" value="00:30:43,098" />
  </s>
  <s id="575">
    <time id="T436S" value="00:30:43,198" />
Speurder Price is 'n niksnut.
    <time id="T436E" value="00:30:45,440" />
  </s>
  <s id="576">
    <time id="T437S" value="00:30:45,475" />
Ja, hy is dalk 'n niksnut, maar die niksnut het jou lot in hande.
    <time id="T437E" value="00:30:49,539" />
  </s>
  <s id="577">
    <time id="T438S" value="00:30:53,174" />
Viktor weet dit.
    <time id="T438E" value="00:30:55,313" />
  </s>
  <s id="578">
    <time id="T439S" value="00:30:56,453" />
Hy weet dat ek vir jou werk.
    <time id="T439E" value="00:30:58,893" />
  </s>
  <s id="579">
    <time id="T440S" value="00:30:59,306" />
Wat het hy gesê?
  </s>
  <s id="580">
- Hy het 'n werkje.
    <time id="T440E" value="00:31:01,433" />
  </s>
  <s id="581">
    <time id="T441S" value="00:31:01,468" />
'n rRoof, hy wil dat ek ry. 
  </s>
  <s id="582">
Ek sou môre met hom die planne sien, maar...
    <time id="T441E" value="00:31:05,194" />
  </s>
  <s id="583">
    <time id="T442S" value="00:31:05,229" />
Dit is fantasties. 
  </s>
  <s id="584">
Goed.
  </s>
  <s id="585">
Ek bel speurder Price, ons sit 'n toesig op.
  </s>
  <s id="586">
- Hy gaan my doodmaak.
    <time id="T443E" value="00:31:09,663" />
  </s>
  <s id="587">
    <time id="T444S" value="00:31:09,763" />
Dat is zenuwpraat, kalmeer jou.
  </s>
  <s id="588">
- He, kyk my in die oë, agent DiNozzo.
    <time id="T444E" value="00:31:13,660" />
  </s>
  <s id="589">
    <time id="T445S" value="00:31:14,816" />
Viktor Khartov gaan my doodmaak.
  </s>
  <s id="590">
- Anton, ons kom naby in die buurt.
    <time id="T445E" value="00:31:18,988" />
  </s>
  <s id="591">
    <time id="T446S" value="00:31:19,023" />
Die enigste ding wat jy moet doen is gaan, laat Viktor homself ophang en jy mag na huis gaan.
    <time id="T447E" value="00:31:25,615" />
  </s>
  <s id="592">
    <time id="T448S" value="00:31:26,672" />
Hoe dikwels het jy dit al gedoen?
    <time id="T448E" value="00:31:28,964" />
  </s>
  <s id="593">
    <time id="T449S" value="00:31:30,144" />
Aan 'n undercoverzaak gewerk, 'n informant beskerm?
    <time id="T449E" value="00:31:33,245" />
  </s>
  <s id="594">
    <time id="T450S" value="00:31:34,617" />
Speurder Price wel, ook die ander agente van die ploeg.
    <time id="T450E" value="00:31:38,271" />
  </s>
  <s id="595">
    <time id="T451S" value="00:31:38,677" />
Luister, ek gaan na die agentskap en ek gaan alles reël, daarna kom ek terug na hier.
  </s>
  <s id="596">
Ek verloor jy nie uit die oog tot Viktor geboei is.
  </s>
  <s id="597">
- Beloof jy het, agent DiNozzo?
    <time id="T453E" value="00:31:49,086" />
  </s>
  <s id="598">
    <time id="T454S" value="00:31:49,121" />
Ons sit daar saam in, Anton.
  </s>
  <s id="599">
Ek gee jou rugdekking.
    <time id="T454E" value="00:31:53,204" />
  </s>
  <s id="600">
    <time id="T455S" value="00:32:04,114" />
Jy dink dat ek my skuldig voel oor Anton en hom daarom laat ontkom, nie?
    <time id="T455E" value="00:32:07,372" />
  </s>
  <s id="601">
    <time id="T456S" value="00:32:07,407" />
Ek weet dit nie. 
  </s>
  <s id="602">
Is dit so?
    <time id="T456E" value="00:32:09,330" />
  </s>
  <s id="603">
    <time id="T457S" value="00:32:09,365" />
Hy is gaan loop.
    <time id="T457E" value="00:32:11,254" />
  </s>
  <s id="604">
    <time id="T458S" value="00:32:12,016" />
Ek trek my wapen, maar kon die trekker nie oorhaal.
    <time id="T458E" value="00:32:14,981" />
  </s>
  <s id="605">
    <time id="T459S" value="00:32:16,925" />
Jy het hom binne die twee sekondes op die grond gehad.
    <time id="T459E" value="00:32:19,895" />
  </s>
  <s id="606">
    <time id="T460S" value="00:32:20,185" />
In 'n been of in sy gat geskiet, of...
    <time id="T460E" value="00:32:23,050" />
  </s>
  <s id="607">
    <time id="T461S" value="00:32:23,586" />
Ja, jy het jou gevoel gevolg.
    <time id="T461E" value="00:32:27,268" />
  </s>
  <s id="608">
    <time id="T462S" value="00:32:29,172" />
Dit het vir my nie so goed gewerk.
    <time id="T462E" value="00:32:32,978" />
  </s>
  <s id="609">
    <time id="T463S" value="00:32:34,254" />
Die laaste tyd.
    <time id="T463E" value="00:32:36,338" />
  </s>
  <s id="610">
    <time id="T464S" value="00:32:37,876" />
Miskien is die dag vier sonder slaap, ek kan my instink nie meer vertroue.
    <time id="T464E" value="00:32:42,633" />
  </s>
  <s id="611">
    <time id="T465S" value="00:32:45,767" />
Ek het Anton verkeerdelik vertroud.
    <time id="T465E" value="00:32:48,365" />
  </s>
  <s id="612">
    <time id="T466S" value="00:32:49,181" />
Miskien was ek wel verkeerd, wat baie mense betref.
    <time id="T466E" value="00:32:51,553" />
  </s>
  <s id="613">
    <time id="T467S" value="00:32:51,653" />
Het ons dit nog oor die saak?
    <time id="T467E" value="00:32:54,217" />
  </s>
  <s id="614">
    <time id="T468S" value="00:32:57,914" />
Dit is so interessant.
    <time id="T468E" value="00:33:00,235" />
  </s>
  <s id="615">
    <time id="T469S" value="00:33:02,410" />
Niemand sê haar naam.
    <time id="T469E" value="00:33:04,813" />
  </s>
  <s id="616">
    <time id="T470S" value="00:33:04,848" />
Het jy dit nie opgemerk?
  </s>
  <s id="617">
Dit is asof sy dood is.
    <time id="T470E" value="00:33:08,856" />
  </s>
  <s id="618">
    <time id="T471S" value="00:33:10,298" />
Telkens ek na haar lessenaar kyk of as ek my oë sluit.
    <time id="T471E" value="00:33:13,693" />
  </s>
  <s id="619">
    <time id="T472S" value="00:33:16,058" />
Dan het ek die gevoel dat ek 'n fout begaan het.
    <time id="T472E" value="00:33:18,803" />
  </s>
  <s id="620">
    <time id="T473S" value="00:33:19,659" />
Asof ek, 'n verkeerde besluit geneem het.
    <time id="T474E" value="00:33:24,919" />
  </s>
  <s id="621">
    <time id="T475S" value="00:33:25,219" />
Maar ek was dit nie die besliste.
    <time id="T475E" value="00:33:27,815" />
  </s>
  <s id="622">
    <time id="T476S" value="00:33:28,591" />
Dus, ja, ek vergis me dalk as ek dink dat Anton onskuldig is.
    <time id="T476E" value="00:33:33,677" />
  </s>
  <s id="623">
    <time id="T477S" value="00:33:35,010" />
Ek vertrou jy te alle tye.
    <time id="T477E" value="00:33:37,798" />
  </s>
  <s id="624">
    <time id="T478S" value="00:33:43,324" />
McGee, dek jy die agterkant.
  </s>
  <s id="625">
- Begrepen.
    <time id="T478E" value="00:33:45,744" />
  </s>
  <s id="626">
    <time id="T479S" value="00:33:51,154" />
Waar is my suster, verdorie?
  </s>
  <s id="627">
- Ek weet dit nie, dat ek het gesê jy tog.
    <time id="T479E" value="00:33:54,143" />
  </s>
  <s id="628">
    <time id="T480S" value="00:33:54,178" />
Ek het haar nie vasgevang word.
  </s>
  <s id="629">
- Jy lieg. 
  </s>
  <s id="630">
Waar is sy?
    <time id="T480E" value="00:33:56,759" />
  </s>
  <s id="631">
    <time id="T481S" value="00:33:56,859" />
Asseblief, doen my niks, man.
  </s>
  <s id="632">
- NCIS.
    <time id="T481E" value="00:33:58,941" />
  </s>
  <s id="633">
    <time id="T482S" value="00:33:58,976" />
Plaas die wapen neer.
  </s>
  <s id="634">
- Agteruit. 
  </s>
  <s id="635">
Ek is nog nie klaar met hom.
    <time id="T482E" value="00:34:01,798" />
  </s>
  <s id="636">
    <time id="T483S" value="00:34:01,833" />
Luister na hom, Anton.
    <time id="T483E" value="00:34:03,584" />
  </s>
  <s id="637">
    <time id="T484S" value="00:34:07,628" />
Agteruit.
    <time id="T484E" value="00:34:09,459" />
  </s>
  <s id="638">
    <time id="T485S" value="00:34:09,494" />
Anton, luister na hom.
    <time id="T485E" value="00:34:12,022" />
  </s>
  <s id="639">
    <time id="T486S" value="00:34:12,057" />
Hy rotzooit nie.
    <time id="T486E" value="00:34:13,806" />
  </s>
  <s id="640">
    <time id="T487S" value="00:34:14,006" />
Leg dat wapen neer.
    <time id="T487E" value="00:34:16,070" />
  </s>
  <s id="641">
    <time id="T488S" value="00:34:16,105" />
Ek vra dit jou nog 'n keer.
  </s>
  <s id="642">
- Ek weet nie, man, ek sweer het.
    <time id="T488E" value="00:34:20,376" />
  </s>
  <s id="643">
    <time id="T489S" value="00:34:22,052" />
Anton, kyk me aan.
    <time id="T489E" value="00:34:24,464" />
  </s>
  <s id="644">
    <time id="T490S" value="00:34:25,743" />
He, kyk me aan.
    <time id="T490E" value="00:34:27,664" />
  </s>
  <s id="645">
    <time id="T491S" value="00:34:27,864" />
Ons kan dit beëindig, OK.
  </s>
  <s id="646">
Ons sal Marie vind.
    <time id="T491E" value="00:34:30,826" />
  </s>
  <s id="647">
    <time id="T492S" value="00:34:31,026" />
Saam.
    <time id="T492E" value="00:34:32,902" />
  </s>
  <s id="648">
    <time id="T493S" value="00:34:34,545" />
Ek sweer het.
    <time id="T493E" value="00:34:36,544" />
  </s>
  <s id="649">
    <time id="T494S" value="00:34:37,837" />
Maar jy moet die wapen neerlê.
    <time id="T494E" value="00:34:40,175" />
  </s>
  <s id="650">
    <time id="T495S" value="00:34:50,714" />
Dit is OK.
    <time id="T495E" value="00:34:52,686" />
  </s>
  <s id="651">
    <time id="T496S" value="00:35:05,258" />
Twee dae gelede is onderoffisier Wells aangeval in die huis van Marie Markin.
    <time id="T496E" value="00:35:09,151" />
  </s>
  <s id="652">
    <time id="T497S" value="00:35:09,351" />
Dus?
    <time id="T497E" value="00:35:11,187" />
  </s>
  <s id="653">
    <time id="T498S" value="00:35:12,263" />
Sy is ontvoer.
  </s>
  <s id="654">
- En?
    <time id="T498E" value="00:35:14,872" />
  </s>
  <s id="655">
    <time id="T499S" value="00:35:15,907" />
Waar is sy?
  </s>
  <s id="656">
- Dat weet ek nie.
    <time id="T499E" value="00:35:17,494" />
  </s>
  <s id="657">
    <time id="T500S" value="00:35:17,529" />
Ek weet ook nie wie dit is.
  </s>
  <s id="658">
- Hy het een van jou nagemaakte rekenaars.
    <time id="T500E" value="00:35:20,661" />
  </s>
  <s id="659">
    <time id="T501S" value="00:35:20,696" />
Dit het wel meer mense.
  </s>
  <s id="660">
- Hierdie hier is dood.
    <time id="T501E" value="00:35:23,673" />
  </s>
  <s id="661">
    <time id="T502S" value="00:35:23,773" />
Gaan ons praat oor die een wat my wou doodmaak?
    <time id="T502E" value="00:35:25,579" />
  </s>
  <s id="662">
    <time id="T503S" value="00:35:25,679" />
Nee. 
  </s>
  <s id="663">
Waar is Marie?
  </s>
  <s id="664">
- Soos ek gesê het, geen idee.
    <time id="T503E" value="00:35:28,552" />
  </s>
  <s id="665">
    <time id="T504S" value="00:35:28,587" />
Jou vingerafdrukke sit oral in haar huis.
    <time id="T504E" value="00:35:31,426" />
  </s>
  <s id="666">
    <time id="T505S" value="00:35:31,626" />
Ek is daar gewees.
    <time id="T505E" value="00:35:33,154" />
  </s>
  <s id="667">
    <time id="T506S" value="00:35:33,254" />
Randy was my partner met die rekenaar saak.
    <time id="T506E" value="00:35:35,932" />
  </s>
  <s id="668">
    <time id="T507S" value="00:35:36,120" />
Is Marie hierby betrokke?
  </s>
  <s id="669">
- Die rekenaars? 
  </s>
  <s id="670">
Nee.
    <time id="T507E" value="00:35:38,909" />
  </s>
  <s id="671">
    <time id="T508S" value="00:35:39,009" />
Sy het geweet daar niks van.
    <time id="T508E" value="00:35:41,039" />
  </s>
  <s id="672">
    <time id="T509S" value="00:35:41,074" />
Vir wie werk jy?
    <time id="T509E" value="00:35:43,069" />
  </s>
  <s id="673">
    <time id="T510S" value="00:35:45,046" />
Ek het niks meer te sê nie.
  </s>
  <s id="674">
Sluit me maar op.
    <time id="T510E" value="00:35:47,674" />
  </s>
  <s id="675">
    <time id="T511S" value="00:35:47,709" />
Ek sit my tyd wel uit.
  </s>
  <s id="676">
Ek keer me nie teen hulle.
    <time id="T511E" value="00:35:51,227" />
  </s>
  <s id="677">
    <time id="T512S" value="00:35:51,527" />
Ek weet nie vir wie jy bang is, maar ek belowe jou, ek is erger.
    <time id="T512E" value="00:35:55,763" />
  </s>
  <s id="678">
    <time id="T513S" value="00:35:58,713" />
Die ouens is nie van hier.
    <time id="T513E" value="00:36:01,663" />
  </s>
  <s id="679">
    <time id="T514S" value="00:36:02,225" />
Hulle het hul eie kode, weet jy wel?
    <time id="T514E" value="00:36:04,707" />
  </s>
  <s id="680">
    <time id="T515S" value="00:36:05,627" />
Hulle doodmaak jy nie sommer.
  </s>
  <s id="681">
Hulle laat jou daaroor smeek.
    <time id="T515E" value="00:36:09,417" />
  </s>
  <s id="682">
    <time id="T516S" value="00:36:09,452" />
Jy maak my bang, agent Gibbs, maar hulle nog meer.
    <time id="T516E" value="00:36:13,208" />
  </s>
  <s id="683">
    <time id="T517S" value="00:36:16,706" />
Gibbs, ek het net klop, maar ek weet dat jy dat haat, maar, dit is werklik belangrik en ek veronderstel as dit belangrik is, dat ek mag steur nie.
    <time id="T518E" value="00:36:24,071" />
  </s>
  <s id="684">
    <time id="T519S" value="00:36:24,106" />
Dit is regtig belangrik...
  </s>
  <s id="685">
- Abbs, Abbs.
    <time id="T519E" value="00:36:25,834" />
  </s>
  <s id="686">
    <time id="T520S" value="00:36:25,869" />
Ek is daar, vertel het me.
    <time id="T520E" value="00:36:28,317" />
  </s>
  <s id="687">
    <time id="T521S" value="00:36:28,977" />
Glo jy in die lot?
  </s>
  <s id="688">
- Abby...
    <time id="T521E" value="00:36:32,110" />
  </s>
  <s id="689">
    <time id="T522S" value="00:36:32,310" />
Asof ons almal verbind is in 'n oneindige sirkel?
    <time id="T522E" value="00:36:36,925" />
  </s>
  <s id="690">
    <time id="T523S" value="00:36:36,960" />
Nee.
  </s>
  <s id="691">
- Oh, euh, nou, miskien nou wel.
    <time id="T524E" value="00:36:43,346" />
  </s>
  <s id="692">
    <time id="T525S" value="00:36:43,446" />
Ek het 'n resultaat op NIBIN met die koeël wat ons gaan haal uit onderoffisier Wells.
    <time id="T525E" value="00:36:47,348" />
  </s>
  <s id="693">
    <time id="T526S" value="00:36:47,383" />
Wat gekom het uit 'n wapen wat gebruik is by 'n vragmotorroof in Baltimore, 15 jaar gelede.
  </s>
  <s id="694">
- Die ou saak van Tony.
    <time id="T527E" value="00:36:53,765" />
  </s>
  <s id="695">
    <time id="T528S" value="00:36:53,800" />
Ja, so wat beteken dit?
    <time id="T528E" value="00:36:55,605" />
  </s>
  <s id="696">
    <time id="T529S" value="00:36:55,640" />
Dit beteken dat ons die verkeerde man ondervra.
    <time id="T529E" value="00:36:58,635" />
  </s>
  <s id="697">
    <time id="T530S" value="00:37:00,191" />
Dankie, Abbs.
    <time id="T530E" value="00:37:02,284" />
  </s>
  <s id="698">
    <time id="T531S" value="00:37:02,484" />
Die verslag van die ballistiese.
    <time id="T531E" value="00:37:04,682" />
  </s>
  <s id="699">
    <time id="T532S" value="00:37:05,254" />
Die wapen dat onderoffisier Wells gedood het was dieselfde van die roof 15 jaar gelede.
    <time id="T532E" value="00:37:11,366" />
  </s>
  <s id="700">
    <time id="T533S" value="00:37:11,401" />
Die dood van die matroos, die ontvoering van Marie,
    <time id="T533E" value="00:37:13,928" />
  </s>
  <s id="701">
    <time id="T534S" value="00:37:14,028" />
Dit gaan alles om jou.
    <time id="T534E" value="00:37:16,502" />
  </s>
  <s id="702">
    <time id="T535S" value="00:37:17,002" />
Jy vermoor die seun van Ivan Khartov en hulle wil nog steeds wraak.
    <time id="T535E" value="00:37:21,801" />
  </s>
  <s id="703">
    <time id="T536S" value="00:37:21,901" />
Jy het gesê me dat dit goed sou gaan, dat jy my rugdekking sou gee.
    <time id="T536E" value="00:37:24,829" />
  </s>
  <s id="704">
    <time id="T537S" value="00:37:24,864" />
Kom nou...
  </s>
  <s id="705">
- Dat Marie veilig sou wees.
    <time id="T537E" value="00:37:26,274" />
  </s>
  <s id="706">
    <time id="T538S" value="00:37:26,374" />
Dink jy dat dit my skuld is.
  </s>
  <s id="707">
- Dit is jou skuld.
    <time id="T538E" value="00:37:29,469" />
  </s>
  <s id="708">
    <time id="T539S" value="00:37:29,504" />
Regtig.
    <time id="T539E" value="00:37:30,613" />
  </s>
  <s id="709">
    <time id="T540S" value="00:37:30,913" />
Ek is nie die een wat selfone gesteel, ek is nie die een wat die vragmotor stal en ek is beslis nie een wat 'n Russiese gangster neerstak met 'n skroewedraaier.
  </s>
  <s id="710">
- Jy was nie daar nie.
    <time id="T542E" value="00:37:39,222" />
  </s>
  <s id="711">
    <time id="T543S" value="00:37:39,257" />
Jy het gesê dat jy daar sou wees, hoe dan ook. 
  </s>
  <s id="712">
Maar jy was nie daar nie.
    <time id="T543E" value="00:37:42,901" />
  </s>
  <s id="713">
    <time id="T544S" value="00:37:42,936" />
Jy weet nie eens wat gebeur is.
    <time id="T544E" value="00:37:44,836" />
  </s>
  <s id="714">
    <time id="T545S" value="00:37:45,136" />
Vertel die me dan.
    <time id="T545E" value="00:37:47,181" />
  </s>
  <s id="715">
    <time id="T546S" value="00:37:47,481" />
Dat dit van die tafel kan, vertel die me, wat gebeur is, die aand.
    <time id="T546E" value="00:37:52,158" />
  </s>
  <s id="716">
    <time id="T547S" value="00:37:52,358" />
Ek het gesê jy tog dat Viktor uitgevind het.
  </s>
  <s id="717">
- Hoe?
    <time id="T547E" value="00:37:54,124" />
  </s>
  <s id="718">
    <time id="T548S" value="00:37:54,224" />
Dat weet ek nie, ek weet dit nie.
  </s>
  <s id="719">
Jy het weg na die agentskap.
    <time id="T548E" value="00:37:57,691" />
  </s>
  <s id="720">
    <time id="T549S" value="00:37:58,335" />
'n Uur later, daag hy op, in jou flat.
    <time id="T549E" value="00:38:02,380" />
  </s>
  <s id="721">
    <time id="T550S" value="00:38:02,580" />
Hy bring my na die werf, al sy manne staan me daar op te wag.
    <time id="T550E" value="00:38:05,703" />
  </s>
  <s id="722">
    <time id="T551S" value="00:38:05,738" />
Ek het geen kans om hulp te roep.
    <time id="T551E" value="00:38:07,562" />
  </s>
  <s id="723">
    <time id="T552S" value="00:38:07,762" />
Daar lê 'n skroewedraaier agter in die wa.
    <time id="T552E" value="00:38:10,630" />
  </s>
  <s id="724">
    <time id="T553S" value="00:38:10,665" />
Ek het geen keuse gehad, Tony.
    <time id="T553E" value="00:38:12,801" />
  </s>
  <s id="725">
    <time id="T554S" value="00:38:13,110" />
Ek het geen keuse gehad.
    <time id="T554E" value="00:38:14,734" />
  </s>
  <s id="726">
    <time id="T555S" value="00:38:14,834" />
As die selfverdediging was waarom het jy dan nie na my?
    <time id="T555E" value="00:38:17,984" />
  </s>
  <s id="727">
    <time id="T556S" value="00:38:21,713" />
Dit lyk so sleg uit.
    <time id="T556E" value="00:38:24,129" />
  </s>
  <s id="728">
    <time id="T557S" value="00:38:24,164" />
Oh, God.
  </s>
  <s id="729">
Wat ek met hom gedoen het.
    <time id="T557E" value="00:38:26,434" />
  </s>
  <s id="730">
    <time id="T558S" value="00:38:26,469" />
Die seun van Ivan.
    <time id="T558E" value="00:38:28,772" />
  </s>
  <s id="731">
    <time id="T559S" value="00:38:29,559" />
As ek geluk had ek het na die gevangenis gegaan.
    <time id="T559E" value="00:38:31,861" />
  </s>
  <s id="732">
    <time id="T560S" value="00:38:31,911" />
Maar as Ivan me sou pak...
    <time id="T560E" value="00:38:33,836" />
  </s>
  <s id="733">
    <time id="T561S" value="00:38:34,558" />
Dus, ek is gevlug en bly solank weg as ek kon.
    <time id="T561E" value="00:38:38,014" />
  </s>
  <s id="734">
    <time id="T562S" value="00:38:38,114" />
Toe kom jy 15 jaar later terug vir die begrafnis van Randy.
    <time id="T562E" value="00:38:42,326" />
  </s>
  <s id="735">
    <time id="T563S" value="00:38:42,361" />
15 jaar, ek het gedink so, as ek daar die ene dag kon wees.
    <time id="T563E" value="00:38:47,131" />
  </s>
  <s id="736">
    <time id="T564S" value="00:38:48,536" />
Die dag dat Marie me die meeste nodig gehad het.
    <time id="T564E" value="00:38:51,553" />
  </s>
  <s id="737">
    <time id="T565S" value="00:38:53,064" />
Maar hulle soek me nog steeds.
    <time id="T565E" value="00:38:55,559" />
  </s>
  <s id="738">
    <time id="T566S" value="00:38:55,801" />
Hulle sit nog agter my aan.
    <time id="T566E" value="00:38:58,250" />
  </s>
  <s id="739">
    <time id="T567S" value="00:38:58,285" />
Hulle hou haar dalk as lokaas.
    <time id="T567E" value="00:39:00,949" />
  </s>
  <s id="740">
    <time id="T568S" value="00:39:03,429" />
Ek het name nodig.
    <time id="T568E" value="00:39:05,785" />
  </s>
  <s id="741">
    <time id="T569S" value="00:39:11,183" />
Spesiale agent DiNozzo. 
  </s>
  <s id="742">
Ons sluit so.
  </s>
  <s id="743">
As jy nog vinnig iets wil saamneem.
    <time id="T569E" value="00:39:14,785" />
  </s>
  <s id="744">
    <time id="T570S" value="00:39:15,308" />
15 jaar gelede vertel iemand aan Ivan Khartov, dat Anton vir die polisie gewerk het.
    <time id="T571E" value="00:39:21,795" />
  </s>
  <s id="745">
    <time id="T572S" value="00:39:22,152" />
Die "iemand" was jy.
    <time id="T572E" value="00:39:24,044" />
  </s>
  <s id="746">
    <time id="T573S" value="00:39:24,412" />
Ek geken Ivan nie eens.
  </s>
  <s id="747">
- Dit is die verkeerde antwoord.
    <time id="T573E" value="00:39:26,862" />
  </s>
  <s id="748">
    <time id="T574S" value="00:39:26,897" />
Ek het die dossier van Ivan, jy haal 'm op in die gevangenis toe hy is vrygestel.
    <time id="T574E" value="00:39:30,296" />
  </s>
  <s id="749">
    <time id="T575S" value="00:39:30,331" />
Jy betaal ook sy mediese koste toe hy siek is.
    <time id="T575E" value="00:39:32,903" />
  </s>
  <s id="750">
    <time id="T576S" value="00:39:33,003" />
Dus, wil jy dit nog eens probeer?
    <time id="T576E" value="00:39:35,327" />
  </s>
  <s id="751">
    <time id="T577S" value="00:39:36,515" />
Weet jy wat, ek gaan vars koffie sit.
    <time id="T577E" value="00:39:40,442" />
  </s>
  <s id="752">
    <time id="T578S" value="00:39:41,657" />
Nee, doen dit nie.
    <time id="T578E" value="00:39:43,754" />
  </s>
  <s id="753">
    <time id="T579S" value="00:39:44,578" />
Agteruit?
    <time id="T579E" value="00:39:46,568" />
  </s>
  <s id="754">
    <time id="T580S" value="00:39:55,919" />
Wauw.
    <time id="T580E" value="00:39:57,326" />
  </s>
  <s id="755">
    <time id="T581S" value="00:39:58,839" />
Dieselfde makelij en model dat Wells gedood het.
    <time id="T581E" value="00:40:01,587" />
  </s>
  <s id="756">
    <time id="T582S" value="00:40:01,687" />
Wat beteken dat jy Wells neerschoot en Marie ontvoerde.
    <time id="T582E" value="00:40:04,712" />
  </s>
  <s id="757">
    <time id="T583S" value="00:40:04,747" />
Jy is al even erg as wat rotzak, jou kêrel, Ivan.
    <time id="T583E" value="00:40:07,738" />
  </s>
  <s id="758">
    <time id="T584S" value="00:40:07,838" />
Nee, ek beskermde haar.
  </s>
  <s id="759">
Hulle wou haar dood.
    <time id="T584E" value="00:40:10,340" />
  </s>
  <s id="760">
    <time id="T585S" value="00:40:10,375" />
Ek oortuig hulle om haar te laat lewe en dat Anton my verantwoordelikheid is.
    <time id="T585E" value="00:40:13,747" />
  </s>
  <s id="761">
    <time id="T586S" value="00:40:14,047" />
My skuld.
    <time id="T586E" value="00:40:15,726" />
  </s>
  <s id="762">
    <time id="T587S" value="00:40:15,761" />
Hulle vergewe 'n skuld nie.
  </s>
  <s id="763">
Maar julle moet my glo.
    <time id="T587E" value="00:40:18,054" />
  </s>
  <s id="764">
    <time id="T588S" value="00:40:18,354" />
Ek hou van Marie.
  </s>
  <s id="765">
Daar mag haar niks oorkom.
    <time id="T588E" value="00:40:20,869" />
  </s>
  <s id="766">
    <time id="T589S" value="00:40:20,969" />
Wat is daar verkeerd geloop?
    <time id="T589E" value="00:40:22,729" />
  </s>
  <s id="767">
    <time id="T590S" value="00:40:22,764" />
Sy het gesê me dat Anton na die begrafnis van Randy sou kom.
    <time id="T590E" value="00:40:25,006" />
  </s>
  <s id="768">
    <time id="T591S" value="00:40:25,041" />
Ek het geen keuse gehad.
  </s>
  <s id="769">
Ek stuur manne om op haar te let.
    <time id="T591E" value="00:40:27,214" />
  </s>
  <s id="770">
    <time id="T592S" value="00:40:27,249" />
Twee aande gelede daag daar iemand op, My manne het hom vas by Marie, maar toe ek daar kom, het ek gesien dat die Anton was nie.
    <time id="T593E" value="00:40:32,443" />
  </s>
  <s id="771">
    <time id="T594S" value="00:40:32,543" />
Nee, dit was onderoffisier Wells.
  </s>
  <s id="772">
- Dit is reg en hy het daar vandoor.
    <time id="T594E" value="00:40:35,506" />
  </s>
  <s id="773">
    <time id="T595S" value="00:40:35,889" />
Dat had hy nie mag doen.
  </s>
  <s id="774">
- Gee jy hom die skuld dat hy gedood is?
    <time id="T595E" value="00:40:38,932" />
  </s>
  <s id="775">
    <time id="T596S" value="00:40:38,967" />
Waar is Marie?
  </s>
  <s id="776">
- Kan ek nie sê nie.
    <time id="T596E" value="00:40:40,035" />
  </s>
  <s id="777">
    <time id="T597S" value="00:40:40,055" />
Sê dit vir ons.
  </s>
  <s id="778">
- Besef jy wat hulle met my gaan doen?
    <time id="T597E" value="00:40:42,328" />
  </s>
  <s id="779">
    <time id="T598S" value="00:40:42,363" />
Kan ek nie omgee
    <time id="T598E" value="00:40:43,848" />
  </s>
  <s id="780">
    <time id="T599S" value="00:40:43,883" />
Dat kan my glad nie omgee nie.
  </s>
  <s id="781">
Spreek op.
    <time id="T599E" value="00:40:47,119" />
  </s>
  <s id="782">
    <time id="T600S" value="00:40:51,934" />
Is Marie OK?
  </s>
  <s id="783">
- Ja.
    <time id="T600E" value="00:40:54,572" />
  </s>
  <s id="784">
    <time id="T601S" value="00:40:54,607" />
Sy is wat ontwater, meer nie.
    <time id="T601E" value="00:40:56,920" />
  </s>
  <s id="785">
    <time id="T602S" value="00:41:00,580" />
Die Marshalls is daar om me mee te neem na Baltimore.
    <time id="T602E" value="00:41:03,166" />
  </s>
  <s id="786">
    <time id="T603S" value="00:41:04,365" />
Dit spyt my.
    <time id="T603E" value="00:41:06,047" />
  </s>
  <s id="787">
    <time id="T604S" value="00:41:06,523" />
oor, hoe die dinge verloop nie sy.
    <time id="T605E" value="00:41:11,180" />
  </s>
  <s id="788">
    <time id="T606S" value="00:41:11,912" />
Ek het my werk beter moet doen.
  </s>
  <s id="789">
Toe ek vir jou moes verseker.
    <time id="T606E" value="00:41:15,826" />
  </s>
  <s id="790">
    <time id="T607S" value="00:41:16,331" />
Ek het my keuses gemaak, jy joune.
  </s>
  <s id="791">
Laat ons daar by laat.
    <time id="T607E" value="00:41:21,726" />
  </s>
  <s id="792">
    <time id="T608S" value="00:41:21,761" />
Ek wil dit nie daar nie by laat.
    <time id="T608E" value="00:41:23,865" />
  </s>
  <s id="793">
    <time id="T609S" value="00:41:24,445" />
Ek wil jou help.
    <time id="T609E" value="00:41:26,629" />
  </s>
  <s id="794">
    <time id="T610S" value="00:41:27,004" />
Daar is iets wat ek geleer het, Tony.
    <time id="T610E" value="00:41:29,231" />
  </s>
  <s id="795">
    <time id="T611S" value="00:41:29,854" />
Omdat jy dit wil hê, beteken dit nog nie dat dit gaan gebeur.
    <time id="T611E" value="00:41:33,177" />
  </s>
  <s id="796">
    <time id="T612S" value="00:41:36,194" />
Daar sê jy my wat.
    <time id="T612E" value="00:41:38,493" />
  </s>
  <s id="797">
    <time id="T613S" value="00:41:40,851" />
Vreemd tog, dit hou my nooit teen om dit te probeer.
    <time id="T614E" value="00:41:45,715" />
  </s>
  <s id="798">
    <time id="T615S" value="00:41:51,910" />
Marie.
    <time id="T615E" value="00:41:53,666" />
  </s>
  <s id="799">
    <time id="T616S" value="00:41:56,954" />
Anton.
  </s>
  <s id="800">
- Is alles in orde?
    <time id="T616E" value="00:42:00,181" />
  </s>
  <s id="801">
    <time id="T617S" value="00:42:00,381" />
Ek is OK.
  </s>
  <s id="802">
- Ek het jou so gemis.
    <time id="T617E" value="00:42:03,929" />
  </s>
  <s id="803">
    <time id="T618S" value="00:42:07,918" />
Het jy 'n afspraak met Delilah?
    <time id="T618E" value="00:42:09,973" />
  </s>
  <s id="804">
    <time id="T619S" value="00:42:10,008" />
Net 'n dinee.
    <time id="T619E" value="00:42:11,800" />
  </s>
  <s id="805">
    <time id="T620S" value="00:42:15,576" />
Jy is ook welkom, hoor.
  </s>
  <s id="806">
- Dankie, maar, nee dankie, Tim.
    <time id="T620E" value="00:42:19,588" />
  </s>
  <s id="807">
    <time id="T621S" value="00:42:20,698" />
Met drie is nie my styl.
    <time id="T621E" value="00:42:22,823" />
  </s>
  <s id="808">
    <time id="T622S" value="00:42:22,963" />
Tot môre, Tony.
    <time id="T622E" value="00:42:24,897" />
  </s>
  <s id="809">
    <time id="T623S" value="00:42:24,932" />
Goeie nag.
    <time id="T623E" value="00:42:26,817" />
  </s>
  <s id="810">
    <time id="T624S" value="00:42:33,419" />
Gaan na huis.
  </s>
  <s id="811">
- Dit sal ek doen, baas.
    <time id="T624E" value="00:42:36,377" />
  </s>
  <s id="812">
    <time id="T625S" value="00:42:36,412" />
Ek wil seker wees dat alles vlot verloop vir Anton.
    <time id="T625E" value="00:42:39,319" />
  </s>
  <s id="813">
    <time id="T626S" value="00:42:40,842" />
Dit is die minste wat ek kan doen.
  </s>
  <s id="814">
Daarna reg na bed.
    <time id="T626E" value="00:42:43,214" />
  </s>
  <s id="815">
    <time id="T627S" value="00:42:43,314" />
Erewoord.
    <time id="T627E" value="00:42:45,517" />
  </s>
  <s id="816">
    <time id="T628S" value="00:43:20,772" />
Vertaling en sync deur: 
  </s>
  <s id="817">
Rie van die Buggy's
    <time id="T628E" value="00:43:26,376" />
  </s>
  <meta>
    <conversion>
      <tokens>6792</tokens>
      <encoding>windows-1252</encoding>
      <corrected_words>0</corrected_words>
      <truecased_words>1</truecased_words>
      <unknown_words>0</unknown_words>
      <sentences>817</sentences>
      <ignored_blocks>0</ignored_blocks>
    </conversion>
    <subtitle>
      <machine_translated>0</machine_translated>
      <date>2013-11-28</date>
      <language>Afrikaans</language>
      <confidence>1.0</confidence>
      <duration>00:43:26,376</duration>
      <blocks>628</blocks>
      <version>1</version>
      <rating>1.0</rating>
    </subtitle>
    <source>
      <year>2013</year>
      <duration>43</duration>
      <cds>1/1</cds>
      <genre>Action,Comedy,Crime</genre>
      <HD>1</HD>
    </source>
  </meta>
</document>
