<?xml version="1.0" encoding="utf-8"?>
<document id="5381714">
  <s id="1">
    <time id="T1S" value="00:00:00,300" />
NCIS.S11E06.720p.WEB-DL.DD5.1.H.264-CtrlHD
    <time id="T1E" value="00:00:03,499" />
  </s>
  <s id="2">
    <time id="T2S" value="00:00:07,536" />
Alarm waarskuwing.
  </s>
  <s id="3">
Ek herhaal, naderende vyandig doel.
    <time id="T2E" value="00:00:12,000" />
  </s>
  <s id="4">
    <time id="T3S" value="00:00:12,100" />
Begin die noodontruiming.
    <time id="T3E" value="00:00:15,152" />
  </s>
  <s id="5">
    <time id="T4S" value="00:00:15,580" />
Vorentoe, vorentoe.
  </s>
  <s id="6">
Kom op.
    <time id="T4E" value="00:00:18,144" />
  </s>
  <s id="7">
    <time id="T5S" value="00:00:18,244" />
Die veiligheid is gebreek.
    <time id="T5E" value="00:00:21,285" />
  </s>
  <s id="8">
    <time id="T6S" value="00:00:22,178" />
60 sekondes voor die inslag.
  </s>
  <s id="9">
Almal in die reddingsbote.
    <time id="T6E" value="00:00:25,395" />
  </s>
  <s id="10">
    <time id="T7S" value="00:00:25,495" />
... 6, 57, 58...
    <time id="T7E" value="00:00:28,377" />
  </s>
  <s id="11">
    <time id="T8S" value="00:00:28,477" />
Kom op, Machaca. 
  </s>
  <s id="12">
Komaan.
  </s>
  <s id="13">
- 30 sekondes voor die inslag.
    <time id="T8E" value="00:00:33,049" />
  </s>
  <s id="14">
    <time id="T9S" value="00:00:33,811" />
59 siele opgeneem, sit die klok stil.
    <time id="T9E" value="00:00:36,438" />
  </s>
  <s id="15">
    <time id="T10S" value="00:00:36,458" />
Drie minute, 40 sekondes.
  </s>
  <s id="16">
- Begryp.
    <time id="T10E" value="00:00:39,196" />
  </s>
  <s id="17">
    <time id="T11S" value="00:00:39,296" />
Die oefening is verby.
    <time id="T11E" value="00:00:41,464" />
  </s>
  <s id="18">
    <time id="T12S" value="00:00:43,116" />
Dat was pateties, Machaca.
  </s>
  <s id="19">
Ek het vinniger na hier kan kruip.
    <time id="T12E" value="00:00:46,420" />
  </s>
  <s id="20">
    <time id="T13S" value="00:00:46,520" />
Wees vrolik, dit is maar 'n oefening.
    <time id="T13E" value="00:00:48,621" />
  </s>
  <s id="21">
    <time id="T14S" value="00:00:48,721" />
Is ons daar klaar mee?
  </s>
  <s id="22">
Die eet word koud daar af.
    <time id="T14E" value="00:00:51,898" />
  </s>
  <s id="23">
    <time id="T15S" value="00:00:57,231" />
Ontploffing op die brug, ontploffing op die brug.
    <time id="T15E" value="00:00:59,692" />
  </s>
  <s id="24">
    <time id="T16S" value="00:00:59,712" />
Dit is nie 'n oefening nie.
  </s>
  <s id="25">
Ek herhaal, dit is nie 'n oefening.
    <time id="T16E" value="00:01:03,718" />
  </s>
  <s id="26">
    <time id="T17S" value="00:01:05,698" />
NCIS Seisoen 11 
  </s>
  <s id="27">
- Episode 6 Oil  Water
    <time id="T17E" value="00:01:11,231" />
  </s>
  <s id="28">
    <time id="T18S" value="00:01:31,652" />
Vertaling en sync deur: 
  </s>
  <s id="29">
Rie van die Buggy's
    <time id="T18E" value="00:01:35,111" />
  </s>
  <s id="30">
    <time id="T19S" value="00:01:36,688" />
McGee, ons het tog ooreengekom om hierdie jaar geen nachtelijk poets uit te haal.
    <time id="T20E" value="00:01:40,412" />
  </s>
  <s id="31">
    <time id="T21S" value="00:01:40,512" />
Wauw.
    <time id="T21E" value="00:01:43,595" />
  </s>
  <s id="32">
    <time id="T22S" value="00:01:43,615" />
Mooi, so presisie, wie dit ook gedoen het, wat moet baie behendig wees.
    <time id="T22E" value="00:01:48,492" />
  </s>
  <s id="33">
    <time id="T23S" value="00:01:50,606" />
Ek bedoel, oh nee, God.
  </s>
  <s id="34">
Verskriklik, hoe durf hulle?
    <time id="T23E" value="00:01:52,923" />
  </s>
  <s id="35">
    <time id="T24S" value="00:01:53,023" />
Dus, jy het dit nie gedoen nie?
  </s>
  <s id="36">
- Nee.
    <time id="T24E" value="00:01:55,100" />
  </s>
  <s id="37">
    <time id="T25S" value="00:01:55,120" />
Het jy my lab nie onteer?
  </s>
  <s id="38">
- Wat? 
  </s>
  <s id="39">
Nee. 
  </s>
  <s id="40">
Wat het hulle gedoen?
    <time id="T25E" value="00:01:57,843" />
  </s>
  <s id="41">
    <time id="T26S" value="00:01:57,943" />
Iemand het verskuif my werktafel sewe sentimeter na regs.
    <time id="T26E" value="00:02:01,941" />
  </s>
  <s id="42">
    <time id="T27S" value="00:02:02,041" />
Jeetje, hoe durf hulle.
  </s>
  <s id="43">
- Ek weet dit.
    <time id="T27E" value="00:02:04,210" />
  </s>
  <s id="44">
    <time id="T28S" value="00:02:04,230" />
Wie dit gedoen het, het geweet dat ek dit sou sien selfs al was dit maar 'n haar verskuif.
    <time id="T29E" value="00:02:08,366" />
  </s>
  <s id="45">
    <time id="T30S" value="00:02:08,465" />
Ons het te doen met 'n boosaardige geniale sadis.
    <time id="T30E" value="00:02:11,565" />
  </s>
  <s id="46">
    <time id="T31S" value="00:02:14,172" />
Ek dink dat die helfte van jou gevolgtrekking klop.
    <time id="T31E" value="00:02:16,684" />
  </s>
  <s id="47">
    <time id="T32S" value="00:02:18,156" />
Wat het ons hier?
    <time id="T32E" value="00:02:20,213" />
  </s>
  <s id="48">
    <time id="T33S" value="00:02:20,233" />
Ek is bly dat jy ons gesprek oor veilig werk ernstig neem, maar, dat is daar wat oor, McRibbed.
  </s>
  <s id="49">
- Jy het jou plesier gehad, Tony.
    <time id="T34E" value="00:02:27,125" />
  </s>
  <s id="50">
    <time id="T35S" value="00:02:27,145" />
Pak die maar uit.
  </s>
  <s id="51">
- Oh, goh, ek is gevlei,.
    <time id="T35E" value="00:02:30,064" />
  </s>
  <s id="52">
    <time id="T36S" value="00:02:30,164" />
Maar helaas, die voorkoming is my werk nie.
    <time id="T36E" value="00:02:34,121" />
  </s>
  <s id="53">
    <time id="T37S" value="00:02:34,221" />
Van wie dan?
  </s>
  <s id="54">
- Wie weet? "The Great Pumpkin"?
    <time id="T37E" value="00:02:36,469" />
  </s>
  <s id="55">
    <time id="T38S" value="00:02:36,489" />
Die ruiter sonder kop of miskien 'n Halloween gees uit die verlede?
    <time id="T38E" value="00:02:39,693" />
  </s>
  <s id="56">
    <time id="T39S" value="00:02:39,797" />
Mike Franks?
  </s>
  <s id="57">
Die moontlikhede is eindeloos.
    <time id="T39E" value="00:02:42,045" />
  </s>
  <s id="58">
    <time id="T40S" value="00:02:42,145" />
Nie vir ons dooie marinier.
  </s>
  <s id="59">
Gryp jou dinge.
    <time id="T40E" value="00:02:44,318" />
  </s>
  <s id="60">
    <time id="T41S" value="00:02:44,338" />
Ons gaan na Virginia Beach.
    <time id="T41E" value="00:02:46,492" />
  </s>
  <s id="61">
    <time id="T42S" value="00:02:48,167" />
Het jy 'n nuwe lessenaar, McGee?
  </s>
  <s id="62">
- Nie bepaal, baas.
    <time id="T42E" value="00:02:50,643" />
  </s>
  <s id="63">
    <time id="T43S" value="00:02:50,750" />
Dit lyk my tog nuut.
  </s>
  <s id="64">
Kom nou.
    <time id="T43E" value="00:02:53,374" />
  </s>
  <s id="65">
    <time id="T44S" value="00:02:54,372" />
Ek was daar eers vanoggend, dus die poets moet afgelope nag uitgehaal is.
    <time id="T44E" value="00:02:58,492" />
  </s>
  <s id="66">
    <time id="T45S" value="00:02:58,627" />
Toe ek gisteraand vertrek, was jy daar nog.
    <time id="T45E" value="00:03:00,808" />
  </s>
  <s id="67">
    <time id="T46S" value="00:03:00,828" />
Ek het 'n dinee beplan.
  </s>
  <s id="68">
- Om hoe laat?
    <time id="T46E" value="00:03:03,423" />
  </s>
  <s id="69">
    <time id="T47S" value="00:03:03,523" />
Weet ek nie meer nie.
  </s>
  <s id="70">
- Ek het vertrek om middernag, DiNozzo.
    <time id="T47E" value="00:03:06,283" />
  </s>
  <s id="71">
    <time id="T48S" value="00:03:06,303" />
Jy was toe nog op kantoor.
    <time id="T48E" value="00:03:07,887" />
  </s>
  <s id="72">
    <time id="T49S" value="00:03:08,087" />
Die omgewing is gesluit, meneer.
  </s>
  <s id="73">
- Daar is 'n lyk in my jurisdiksie, onderofficier.
  </s>
  <s id="74">
- Ek volg die bevele van die baas, meneer.
    <time id="T50E" value="00:03:12,955" />
  </s>
  <s id="75">
    <time id="T51S" value="00:03:12,975" />
Dus, as dat 'n probleem is, moet jy jou tot haar wend.
    <time id="T51E" value="00:03:15,882" />
  </s>
  <s id="76">
    <time id="T52S" value="00:03:21,710" />
Wat doen jy, baas?
    <time id="T52E" value="00:03:23,327" />
  </s>
  <s id="77">
    <time id="T53S" value="00:03:23,347" />
Jy het hom gehoor, ons wag.
  </s>
  <s id="78">
- Wag?
    <time id="T53E" value="00:03:26,706" />
  </s>
  <s id="79">
    <time id="T54S" value="00:03:26,741" />
Waarop?
  </s>
  <s id="80">
- Op die een wat die leiding het, DiNozzo.
    <time id="T54E" value="00:03:29,580" />
  </s>
  <s id="81">
    <time id="T55S" value="00:03:29,661" />
Jy kyk daarna.
  </s>
  <s id="82">
- Agent Borin, ek het dit kan weet.
    <time id="T55E" value="00:03:33,106" />
  </s>
  <s id="83">
    <time id="T56S" value="00:03:33,206" />
Die teenwoordigheid van die kustwacht was tog 'n wenk.
    <time id="T56E" value="00:03:35,905" />
  </s>
  <s id="84">
    <time id="T57S" value="00:03:35,925" />
Wat het jy, Borin.
  </s>
  <s id="85">
- Ontploffing op 'n aflandige olie platform en die lyk van 'n dooie marinier.
  </s>
  <s id="86">
'n Groot gemors vir NCIS en die kuswag.
    <time id="T58E" value="00:03:44,001" />
  </s>
  <s id="87">
    <time id="T59S" value="00:03:44,101" />
Wat is die oorsaak?
  </s>
  <s id="88">
- Nog geen idee.
    <time id="T59E" value="00:03:45,555" />
  </s>
  <s id="89">
    <time id="T60S" value="00:03:45,655" />
Ons mag nie aan boord vir die geblus is en die platform veilig beskou word.
    <time id="T60E" value="00:03:50,845" />
  </s>
  <s id="90">
    <time id="T61S" value="00:03:50,865" />
Die enigste ding wat ons het, is die lyk?
  </s>
  <s id="91">
- En die verklarings van die bemanning.
    <time id="T61E" value="00:03:53,597" />
  </s>
  <s id="92">
    <time id="T62S" value="00:03:53,677" />
Dit is daar 59, dus, begin maar.
    <time id="T62E" value="00:03:56,559" />
  </s>
  <s id="93">
    <time id="T63S" value="00:03:57,459" />
Ja, gaan maar.
    <time id="T63E" value="00:03:59,798" />
  </s>
  <s id="94">
    <time id="T64S" value="00:04:00,717" />
Fyn om te sien dat die span nie veel verander is, Gibbs.
    <time id="T64E" value="00:04:03,227" />
  </s>
  <s id="95">
    <time id="T65S" value="00:04:03,327" />
Ek het treurig geword om te hoor oor David.
    <time id="T65E" value="00:04:05,360" />
  </s>
  <s id="96">
    <time id="T66S" value="00:04:05,380" />
Dit was vir haar dalk geen maklike besluit.
    <time id="T66E" value="00:04:08,285" />
  </s>
  <s id="97">
    <time id="T67S" value="00:04:08,306" />
Ons het dit ook ervaar.
  </s>
  <s id="98">
- Het jy 'n lyk vir my, Borin?
    <time id="T67E" value="00:04:11,488" />
  </s>
  <s id="99">
    <time id="T68S" value="00:04:12,195" />
Ja.
  </s>
  <s id="100">
Die slagoffer is Marv Hebner.
    <time id="T68E" value="00:04:15,172" />
  </s>
  <s id="101">
    <time id="T69S" value="00:04:15,272" />
Hy staan op die brug tydens die ontploffing.
    <time id="T69E" value="00:04:17,123" />
  </s>
  <s id="102">
    <time id="T70S" value="00:04:17,173" />
Duikers het hom vanoggend uit die water gehaal.
    <time id="T70E" value="00:04:19,531" />
  </s>
  <s id="103">
    <time id="T71S" value="00:04:19,997" />
Sy bolyf het die grootste slag gekry.
    <time id="T71E" value="00:04:21,969" />
  </s>
  <s id="104">
    <time id="T72S" value="00:04:21,989" />
Die skade deur skerwe is oppervlakkig, dat is die oorsaak van dood nie.
    <time id="T72E" value="00:04:24,576" />
  </s>
  <s id="105">
    <time id="T73S" value="00:04:24,596" />
Dit weet ons na die ondersoek van Ducky.
  </s>
  <s id="106">
- Vertrou my maar.
    <time id="T73E" value="00:04:27,005" />
  </s>
  <s id="107">
    <time id="T74S" value="00:04:27,025" />
Ek het al genoeg trauma deur ontploffings.
    <time id="T74E" value="00:04:30,090" />
  </s>
  <s id="108">
    <time id="T75S" value="00:04:31,047" />
Maar, Dr Mallard sal beslis my vermoede kan bevestig.
    <time id="T75E" value="00:04:34,399" />
  </s>
  <s id="109">
    <time id="T76S" value="00:04:35,933" />
Het jy gekommunikeer met Hebner, tydens die oefening?
    <time id="T76E" value="00:04:38,226" />
  </s>
  <s id="110">
    <time id="T77S" value="00:04:38,326" />
Juis, tot aan die ontploffing.
  </s>
  <s id="111">
Hy het gesê dat alle stelsels normaal was.
    <time id="T77E" value="00:04:42,938" />
  </s>
  <s id="112">
    <time id="T78S" value="00:04:43,996" />
Ek werk al jare op olieplatformen, maar dit het ek nog nooit gesien nie.
    <time id="T78E" value="00:04:48,304" />
  </s>
  <s id="113">
    <time id="T79S" value="00:04:48,324" />
Ek bedoel, ons kry waarskuwing en alarm seine, fout boodskappe.
    <time id="T79E" value="00:04:50,754" />
  </s>
  <s id="114">
    <time id="T80S" value="00:04:50,774" />
As Hebner die enigste was wat die beheer bemande is dit dan nie moontlik dat hy die waarskuwingstekens oor die hoof gesien het?
    <time id="T81E" value="00:04:55,180" />
  </s>
  <s id="115">
    <time id="T82S" value="00:04:55,200" />
'n Menslike fout?
  </s>
  <s id="116">
- Nee.
    <time id="T82E" value="00:04:57,190" />
  </s>
  <s id="117">
    <time id="T83S" value="00:04:57,210" />
Marv was die mees ervare man van die platform.
    <time id="T83E" value="00:04:59,197" />
  </s>
  <s id="118">
    <time id="T84S" value="00:04:59,217" />
Hy was nie die tipe wat foute maak.
  </s>
  <s id="119">
- Ek moet hom sien.
    <time id="T84E" value="00:05:01,934" />
  </s>
  <s id="120">
    <time id="T85S" value="00:05:01,954" />
Ek soek... 
  </s>
  <s id="121">
Daar is hy.
  </s>
  <s id="122">
- Nee, ek moet hom sien. 
  </s>
  <s id="123">
Jonah.
    <time id="T85E" value="00:05:04,862" />
  </s>
  <s id="124">
    <time id="T86S" value="00:05:05,150" />
Dit is die vrou van Marv.
  </s>
  <s id="125">
- Jonah.
    <time id="T86E" value="00:05:07,004" />
  </s>
  <s id="126">
    <time id="T87S" value="00:05:07,024" />
He, Paige.
  </s>
  <s id="127">
- Hy is dit nie, tog?
    <time id="T87E" value="00:05:09,773" />
  </s>
  <s id="128">
    <time id="T88S" value="00:05:09,793" />
Tog wel.
  </s>
  <s id="129">
Dit is so jammer, Page.
    <time id="T88E" value="00:05:12,937" />
  </s>
  <s id="130">
    <time id="T89S" value="00:05:14,697" />
Mevrou, Hebner, my simpatie.
    <time id="T89E" value="00:05:17,666" />
  </s>
  <s id="131">
    <time id="T90S" value="00:05:19,322" />
Ek verstaan dit nie.
    <time id="T90E" value="00:05:21,071" />
  </s>
  <s id="132">
    <time id="T91S" value="00:05:21,091" />
Ek het Marv gister nog aan die telefoon en alles is reg.
    <time id="T91E" value="00:05:25,251" />
  </s>
  <s id="133">
    <time id="T92S" value="00:05:25,853" />
Wat is gebeur.
  </s>
  <s id="134">
- Dat probeer ons om uit te pluis.
    <time id="T92E" value="00:05:28,476" />
  </s>
  <s id="135">
    <time id="T93S" value="00:05:29,675" />
Waar is hy?
    <time id="T93E" value="00:05:31,478" />
  </s>
  <s id="136">
    <time id="T94S" value="00:05:32,524" />
Asseblief.
    <time id="T94E" value="00:05:34,065" />
  </s>
  <s id="137">
    <time id="T95S" value="00:05:35,141" />
He, kom.
    <time id="T95E" value="00:05:36,880" />
  </s>
  <s id="138">
    <time id="T96S" value="00:05:37,944" />
Niemand aan boord herinner iets ongewoons vir die ontploffing.
    <time id="T96E" value="00:05:41,411" />
  </s>
  <s id="139">
    <time id="T97S" value="00:05:41,511" />
Alle stelsels het gewerk normaal.
  </s>
  <s id="140">
'n Gereelde weeksdag.
    <time id="T97E" value="00:05:44,281" />
  </s>
  <s id="141">
    <time id="T98S" value="00:05:44,381" />
Maar so het hy nie geëindig nie.
  </s>
  <s id="142">
- Die instruksies sentrum is gebel deur die kaptein van 'n vragskip.
    <time id="T99E" value="00:05:48,533" />
  </s>
  <s id="143">
    <time id="T100S" value="00:05:48,553" />
Hy herinner ' n onverligte motorboot, wat verby voer, gisteraand by die platform.
  </s>
  <s id="144">
- Dink jy aan 'n terroriste aanslag?
    <time id="T101E" value="00:05:55,657" />
  </s>
  <s id="145">
    <time id="T102S" value="00:05:55,677" />
Dit was beslis geen drank cruise.
  </s>
  <s id="146">
- Verskoon, agent Borin.
    <time id="T102E" value="00:05:59,546" />
  </s>
  <s id="147">
    <time id="T103S" value="00:06:00,652" />
Dankie.
    <time id="T103E" value="00:06:02,381" />
  </s>
  <s id="148">
    <time id="T104S" value="00:06:03,421" />
Binnelandse veiligheid het alle olie installasies verskrik.
    <time id="T104E" value="00:06:06,930" />
  </s>
  <s id="149">
    <time id="T105S" value="00:06:07,130" />
Dit is óf 'n geïsoleerde voorval of...
  </s>
  <s id="150">
- Die begin van meer dat nog moet kom.
    <time id="T105E" value="00:06:12,011" />
  </s>
  <s id="151">
    <time id="T106S" value="00:06:23,364" />
Timmy, jy het ten prooi geval aan een van die oudste grappe in die boekie.
    <time id="T106E" value="00:06:27,450" />
  </s>
  <s id="152">
    <time id="T107S" value="00:06:27,470" />
Daarom dat klassiekers nooit gaan verveeld.
    <time id="T107E" value="00:06:29,572" />
  </s>
  <s id="153">
    <time id="T108S" value="00:06:29,592" />
Gebrek aan fantasie en individualiteit?
  </s>
  <s id="154">
Lyk op jou manier van doen.
    <time id="T108E" value="00:06:32,840" />
  </s>
  <s id="155">
    <time id="T109S" value="00:06:32,860" />
Moenie kwaad op my wees nie.
  </s>
  <s id="156">
Ek het niks gedoen nie.
    <time id="T109E" value="00:06:35,729" />
  </s>
  <s id="157">
    <time id="T110S" value="00:06:35,749" />
Weet jy wat? 
  </s>
  <s id="158">
Jy maak jouself tot 'n te maklik doel, McBull's-eye.
    <time id="T110E" value="00:06:39,906" />
  </s>
  <s id="159">
    <time id="T111S" value="00:06:40,528" />
Jy moet bly beweeg.
  </s>
  <s id="160">
Ek nie, ek is meer 'n uitdaging.
    <time id="T111E" value="00:06:45,192" />
  </s>
  <s id="161">
    <time id="T112S" value="00:06:45,260" />
Daar 'n uithaal met Gibbs, dat sou die prestasie van die eeu wees.
    <time id="T112E" value="00:06:49,057" />
  </s>
  <s id="162">
    <time id="T113S" value="00:06:49,157" />
Wat het jy, 'n dood wil?
  </s>
  <s id="163">
- Ek wil op gevaarlike wyse lewe.
    <time id="T113E" value="00:06:52,177" />
  </s>
  <s id="164">
    <time id="T114S" value="00:06:52,377" />
Ons dooie marinier, kom op.
    <time id="T114E" value="00:06:54,130" />
  </s>
  <s id="165">
    <time id="T115S" value="00:06:54,230" />
Marv Hebner, 45, majoor in die gekies reserve marinierskorps.
    <time id="T115E" value="00:06:58,977" />
  </s>
  <s id="166">
    <time id="T116S" value="00:06:58,997" />
Saam met die geniebataljon het hy meegedoen aan drie missies in Irak en Afghanistan.
    <time id="T116E" value="00:07:03,402" />
  </s>
  <s id="167">
    <time id="T117S" value="00:07:03,422" />
Sy nuutste missie het geëindig agt maand gelede, toe het hy terug gaan werk vir CityLine Oil.
    <time id="T118E" value="00:07:08,002" />
  </s>
  <s id="168">
    <time id="T119S" value="00:07:08,022" />
'n Mediumgrootte oliebedrijf met 'n onberispelik veiligheid.
    <time id="T119E" value="00:07:10,976" />
  </s>
  <s id="169">
    <time id="T120S" value="00:07:10,996" />
Tot nou toe, natuurlik.
  </s>
  <s id="170">
- Updates van binnelandse veiligheid?
    <time id="T120E" value="00:07:12,949" />
  </s>
  <s id="171">
    <time id="T121S" value="00:07:12,969" />
Hulle hou die bedreiging verhoog, maar daar is geen gerugte en geen enkele terreurgroep eis die ontploffing op.
    <time id="T122E" value="00:07:18,830" />
  </s>
  <s id="172">
    <time id="T123S" value="00:07:18,943" />
Die olie industrie is 'n kolfje na die hand van Benham Parsa.
    <time id="T123E" value="00:07:21,246" />
  </s>
  <s id="173">
    <time id="T124S" value="00:07:21,346" />
FBI?
  </s>
  <s id="174">
- Hulle dink nie dat daar 'n verband is.
    <time id="T124E" value="00:07:23,315" />
  </s>
  <s id="175">
    <time id="T125S" value="00:07:23,335" />
Volgens intelligensie sit Parsa nog wegkruip.
    <time id="T125E" value="00:07:25,653" />
  </s>
  <s id="176">
    <time id="T126S" value="00:07:25,673" />
Marine en kuswag speur vanuit die lug na die skelm boot, wat deur die vragskip gerapporteer is.
  </s>
  <s id="177">
- Ja, Gibbs.
    <time id="T127E" value="00:07:32,279" />
  </s>
  <s id="178">
    <time id="T128S" value="00:07:32,976" />
Wat?
    <time id="T128E" value="00:07:34,596" />
  </s>
  <s id="179">
    <time id="T129S" value="00:07:34,962" />
Waar?
    <time id="T129E" value="00:07:36,635" />
  </s>
  <s id="180">
    <time id="T130S" value="00:07:38,042" />
Dankie dat u vergader met ons afwesigheid van direkteur Vance.
    <time id="T130E" value="00:07:41,872" />
  </s>
  <s id="181">
    <time id="T131S" value="00:07:42,172" />
Laat me u voorstelle aan Perry Davidson, bestuurder van CityLine Oil en hul adviseur, Brett Creevy.
  </s>
  <s id="182">
- U moet weet dat CityLine alles in die werk stel om dit tot op die bodem uit te soek.
    <time id="T133E" value="00:07:53,772" />
  </s>
  <s id="183">
    <time id="T134S" value="00:07:53,872" />
As ons soos hoe dan ook kan help, laat dit ons asseblief weet.
    <time id="T134E" value="00:07:55,969" />
  </s>
  <s id="184">
    <time id="T135S" value="00:07:56,069" />
Die laaste ding wat ons wil is 'n oliestorting soos in die Golf.
    <time id="T135E" value="00:07:59,250" />
  </s>
  <s id="185">
    <time id="T136S" value="00:07:59,270" />
Daar is ek dit volledig mee eens.
    <time id="T136E" value="00:08:00,894" />
  </s>
  <s id="186">
    <time id="T137S" value="00:08:00,914" />
Daarom het ek die opdrag toe te sien op hierdie navorsing.
    <time id="T137E" value="00:08:03,500" />
  </s>
  <s id="187">
    <time id="T138S" value="00:08:03,520" />
Marv Hebner was lid van die CityLine familie.
    <time id="T138E" value="00:08:07,038" />
  </s>
  <s id="188">
    <time id="T139S" value="00:08:07,920" />
Dit is 'n swaar verlies.
    <time id="T139E" value="00:08:09,898" />
  </s>
  <s id="189">
    <time id="T140S" value="00:08:09,998" />
Mr Creevy en ek was gisteroggend nog op dat platform.
    <time id="T140E" value="00:08:14,010" />
  </s>
  <s id="190">
    <time id="T141S" value="00:08:14,030" />
Ek kon my nie voorstel dat dit sou gebeur.
    <time id="T141E" value="00:08:15,699" />
  </s>
  <s id="191">
    <time id="T142S" value="00:08:15,799" />
Ons weet dat ons platforms 'n moontlik doel is vir terreuraanvallen.
    <time id="T142E" value="00:08:19,768" />
  </s>
  <s id="192">
    <time id="T143S" value="00:08:19,788" />
Ons berei daar ons op voor, maar, dit kom tog hard aan.
    <time id="T143E" value="00:08:23,360" />
  </s>
  <s id="193">
    <time id="T144S" value="00:08:23,469" />
Ek dink dit is 'n bietjie voortydig om van 'n terreuraanval te praat, menere.
    <time id="T144E" value="00:08:26,772" />
  </s>
  <s id="194">
    <time id="T145S" value="00:08:26,792" />
Ek is seker dat NCIS al ondersoekende paaie oop hou.
    <time id="T145E" value="00:08:29,860" />
  </s>
  <s id="195">
    <time id="T146S" value="00:08:29,880" />
Wel, as dit 'n aanslag was, dan was hy nie baie strategies.
    <time id="T146E" value="00:08:33,383" />
  </s>
  <s id="196">
    <time id="T147S" value="00:08:33,483" />
Hoe bedoel u dat?
    <time id="T147E" value="00:08:34,959" />
  </s>
  <s id="197">
    <time id="T148S" value="00:08:34,979" />
Op gebied van die uitvoer en mannekrag.
    <time id="T148E" value="00:08:37,633" />
  </s>
  <s id="198">
    <time id="T149S" value="00:08:37,653" />
Dit platform produseer slegs 'n fraksie van ander installasies aan die ooskus en dit word beman deur 'n ploeg 60.
    <time id="T150E" value="00:08:44,140" />
  </s>
  <s id="199">
    <time id="T151S" value="00:08:44,160" />
Op die ander sit daar meer as 200.
    <time id="T151E" value="00:08:45,759" />
  </s>
  <s id="200">
    <time id="T152S" value="00:08:45,859" />
Die gevolge van 'n groter platform sou rampspoedig wees.
    <time id="T152E" value="00:08:50,213" />
  </s>
  <s id="201">
    <time id="T153S" value="00:08:50,233" />
Die prioriteit is om die oorsaak aan te pak en die skade te verminder.
    <time id="T153E" value="00:08:56,618" />
  </s>
  <s id="202">
    <time id="T154S" value="00:08:57,092" />
Daar is 'n man dood, dat val moeilik te verminder.
    <time id="T154E" value="00:09:01,167" />
  </s>
  <s id="203">
    <time id="T155S" value="00:09:01,851" />
Eeue was die aand van die heiliges 'n tyd van viering en bygeloof.
    <time id="T155E" value="00:09:08,216" />
  </s>
  <s id="204">
    <time id="T156S" value="00:09:08,528" />
Dit sou ontstaan is uit die Keltiese fees Samhain, toe volgelinge vreugdevure gedoen brande in 'n poging om rondreisende spoke en bose geeste af te weer.
  </s>
  <s id="205">
Ah.
    <time id="T158E" value="00:09:23,374" />
  </s>
  <s id="206">
    <time id="T159S" value="00:09:25,596" />
Het jy iets gehoor?
    <time id="T159E" value="00:09:27,675" />
  </s>
  <s id="207">
    <time id="T160S" value="00:09:27,775" />
Hoe dan ook, Halloween is gegroei tot 'n vakansie vir die kinders.
    <time id="T160E" value="00:09:33,688" />
  </s>
  <s id="208">
    <time id="T161S" value="00:09:33,708" />
Gretige gesigte, sommige geklee in 'n twyfelagtige vermomming, wat van deur tot deur gaan, vir 'n lekkergoed of verrassing.
    <time id="T162E" value="00:09:40,911" />
  </s>
  <s id="209">
    <time id="T163S" value="00:09:40,931" />
Wat het jy vir my, Dr Mallard?
  </s>
  <s id="210">
- Agent Borin.
    <time id="T163E" value="00:09:43,595" />
  </s>
  <s id="211">
    <time id="T164S" value="00:09:43,615" />
Ek het gehoor dat ons paaie sou kruis.
  </s>
  <s id="212">
- Die gerug gaan vinnig.
    <time id="T164E" value="00:09:47,570" />
  </s>
  <s id="213">
    <time id="T165S" value="00:09:47,590" />
ek kan my nie voorstel dat ek die enigste is wat bly is dat jy in ons klein kudde sit.
    <time id="T165E" value="00:09:52,172" />
  </s>
  <s id="214">
    <time id="T166S" value="00:09:52,192" />
Al is dit net tydelik.
    <time id="T166E" value="00:09:54,579" />
  </s>
  <s id="215">
    <time id="T167S" value="00:09:55,580" />
Euh, Dr Mallard.
  </s>
  <s id="216">
- Het jy gehoor dat?
    <time id="T167E" value="00:09:58,735" />
  </s>
  <s id="217">
    <time id="T168S" value="00:09:58,755" />
Wat hoor?
  </s>
  <s id="218">
- Een sagte beep.
    <time id="T168E" value="00:10:02,331" />
  </s>
  <s id="219">
    <time id="T169S" value="00:10:02,351" />
Oh, dit spyt my, my beste.
    <time id="T169E" value="00:10:04,713" />
  </s>
  <s id="220">
    <time id="T170S" value="00:10:05,335" />
Waar was ek?
  </s>
  <s id="221">
- Sê my, Duck.
    <time id="T170E" value="00:10:07,251" />
  </s>
  <s id="222">
    <time id="T171S" value="00:10:07,271" />
Ah, Jethro. 
  </s>
  <s id="223">
Ek het bevestig wat julle al afgelei het.
    <time id="T171E" value="00:10:11,746" />
  </s>
  <s id="224">
    <time id="T172S" value="00:10:11,846" />
Die liggaam van majoor Hebner het 'n fors trauma deur die ontploffing.
    <time id="T172E" value="00:10:17,089" />
  </s>
  <s id="225">
    <time id="T173S" value="00:10:17,189" />
Maar geen van sy belangrike inwendige organe is geraak.
    <time id="T173E" value="00:10:22,223" />
  </s>
  <s id="226">
    <time id="T174S" value="00:10:22,243" />
Wat was dan die oorsaak van dood?
  </s>
  <s id="227">
- Wel, hierdie man verdrink.
    <time id="T174E" value="00:10:25,300" />
  </s>
  <s id="228">
    <time id="T175S" value="00:10:25,320" />
Ek vermoed dat hierdie kneusing hom bewusteloos gemaak het voor hy in die water geval het.
    <time id="T176E" value="00:10:30,956" />
  </s>
  <s id="229">
    <time id="T177S" value="00:10:36,850" />
He, Borin.
    <time id="T177E" value="00:10:38,770" />
  </s>
  <s id="230">
    <time id="T178S" value="00:10:40,054" />
Verskoning.
    <time id="T178E" value="00:10:42,178" />
  </s>
  <s id="231">
    <time id="T179S" value="00:10:42,278" />
Borin.
  </s>
  <s id="232">
- Het jy nog iets, Duck?
    <time id="T179E" value="00:10:44,169" />
  </s>
  <s id="233">
    <time id="T180S" value="00:10:44,269" />
Wel, ek het nogal wat materiaal gehaal van die vel van die majoor.
    <time id="T180E" value="00:10:48,666" />
  </s>
  <s id="234">
    <time id="T181S" value="00:10:48,686" />
Hierdie goue fragmente is die mees eienaardige.
    <time id="T181E" value="00:10:52,494" />
  </s>
  <s id="235">
    <time id="T182S" value="00:10:52,594" />
Ek het hulle na Abby gestuur, vir die analise.
    <time id="T182E" value="00:10:55,820" />
  </s>
  <s id="236">
    <time id="T183S" value="00:10:57,959" />
Daar het jy dit weer, waar kom die afleidende piep tog vandaan.
    <time id="T183E" value="00:11:02,242" />
  </s>
  <s id="237">
    <time id="T184S" value="00:11:02,682" />
'n patrollie het die skelm motorboot gevind vyf myl ten suide van die olie platform.
    <time id="T184E" value="00:11:06,669" />
  </s>
  <s id="238">
    <time id="T185S" value="00:11:06,689" />
Afkomstig van 'n seiljag, wat die gesink het berig, vorige week.
    <time id="T185E" value="00:11:10,814" />
  </s>
  <s id="239">
    <time id="T186S" value="00:11:10,834" />
Ons moet aan boord van die platform gaan.
  </s>
  <s id="240">
- Wel, jy het geluk, die vuur is geblus.
    <time id="T186E" value="00:11:13,670" />
  </s>
  <s id="241">
    <time id="T187S" value="00:11:13,690" />
Ons kan die plaas van die misdaad ondersoek.
    <time id="T187E" value="00:11:15,821" />
  </s>
  <s id="242">
    <time id="T188S" value="00:11:15,841" />
Weet jy, majoor, ek glo dat daar onheil op koms is.
    <time id="T188E" value="00:11:21,625" />
  </s>
  <s id="243">
    <time id="T189S" value="00:11:22,875" />
Wat dink jy?
    <time id="T189E" value="00:11:25,376" />
  </s>
  <s id="244">
    <time id="T190S" value="00:11:30,317" />
Abby?
    <time id="T190E" value="00:11:31,799" />
  </s>
  <s id="245">
    <time id="T191S" value="00:11:32,611" />
Brand.
  </s>
  <s id="246">
Daar is brand.
    <time id="T191E" value="00:11:35,216" />
  </s>
  <s id="247">
    <time id="T192S" value="00:11:39,276" />
McGee?
  </s>
  <s id="248">
- Dit is in orde, geen paniek.
    <time id="T192E" value="00:11:42,254" />
  </s>
  <s id="249">
    <time id="T193S" value="00:11:42,274" />
Sien ek daar in paniek uit?
  </s>
  <s id="250">
- Eintlik nie.
    <time id="T193E" value="00:11:44,927" />
  </s>
  <s id="251">
    <time id="T194S" value="00:11:45,027" />
Dit is salie, McGee.
    <time id="T194E" value="00:11:47,128" />
  </s>
  <s id="252">
    <time id="T195S" value="00:11:47,148" />
Ek suiwer my heiligdom van die negatiewe karma agter gelaat deur die Halloween grapjas.
  </s>
  <s id="253">
- Oordoen jy nie wat?
    <time id="T196E" value="00:11:53,990" />
  </s>
  <s id="254">
    <time id="T197S" value="00:11:54,010" />
Ek wil ook nie dat Tony m'n dinge prutst, maar ek gebruik net bleikmiddel.
    <time id="T197E" value="00:11:57,114" />
  </s>
  <s id="255">
    <time id="T198S" value="00:11:57,134" />
Wel, ons is nie seker van dat hy dit is.
    <time id="T198E" value="00:11:59,628" />
  </s>
  <s id="256">
    <time id="T199S" value="00:11:59,648" />
Ons moet dus, alle voorsorgmaatreëls neem.
    <time id="T199E" value="00:12:01,728" />
  </s>
  <s id="257">
    <time id="T200S" value="00:12:01,748" />
Abby, jy het gesê dat jy iets gevind het.
  </s>
  <s id="258">
- Dit het ek.
    <time id="T200E" value="00:12:04,029" />
  </s>
  <s id="259">
    <time id="T201S" value="00:12:04,229" />
Dit is die mainframe van die olie platform.
    <time id="T201E" value="00:12:07,588" />
  </s>
  <s id="260">
    <time id="T202S" value="00:12:07,608" />
Ek het al hulle stelsel funksies nagegaan tot aan die ontploffing,
    <time id="T202E" value="00:12:10,479" />
  </s>
  <s id="261">
    <time id="T203S" value="00:12:10,499" />
Soos die bemanning al gesê het, alles was normaal. 
  </s>
  <s id="262">
Ek het niks gevind.
    <time id="T203E" value="00:12:14,598" />
  </s>
  <s id="263">
    <time id="T204S" value="00:12:14,618" />
Ek het gedink jy het gesê dat jy iets gevind het.
    <time id="T204E" value="00:12:16,348" />
  </s>
  <s id="264">
    <time id="T205S" value="00:12:16,398" />
Wel, dan is die "niks " die " iets".
    <time id="T205E" value="00:12:18,983" />
  </s>
  <s id="265">
    <time id="T206S" value="00:12:19,224" />
Abby, is jy seker dan jy nie van die salie ingesluk het?
    <time id="T206E" value="00:12:21,852" />
  </s>
  <s id="266">
    <time id="T207S" value="00:12:21,872" />
Miskien.
    <time id="T207E" value="00:12:23,672" />
  </s>
  <s id="267">
    <time id="T208S" value="00:12:24,281" />
Ek het gevind verborge malware op hul server. 
  </s>
  <s id="268">
Dit is 'n rootkit.
    <time id="T208E" value="00:12:28,685" />
  </s>
  <s id="269">
    <time id="T209S" value="00:12:28,705" />
Dit gee die hacker oral toegang, sonder bespeur te word.
    <time id="T209E" value="00:12:33,014" />
  </s>
  <s id="270">
    <time id="T210S" value="00:12:33,034" />
Dit beteken dat iemand die stelsel kon manipuleer, die ontploffing van op afstand veroorsaak sonder die alarm te doen afgaan.
    <time id="T211E" value="00:12:37,985" />
  </s>
  <s id="271">
    <time id="T212S" value="00:12:38,005" />
Hoe is dit in die platform gebring?
  </s>
  <s id="272">
- E-mail spam.
    <time id="T212E" value="00:12:41,095" />
  </s>
  <s id="273">
    <time id="T213S" value="00:12:41,115" />
Wie sou 'n lêer oopmaak, " vergroot en lei"?
    <time id="T213E" value="00:12:44,932" />
  </s>
  <s id="274">
    <time id="T214S" value="00:12:46,115" />
Ek het dalk nog 'n manier om die programmeerder op te spoor.
    <time id="T214E" value="00:12:48,291" />
  </s>
  <s id="275">
    <time id="T215S" value="00:12:48,311" />
Hackers dink van hulself dat hulle kunstenaars is.
    <time id="T215E" value="00:12:50,776" />
  </s>
  <s id="276">
    <time id="T216S" value="00:12:50,796" />
Sommige vind selfs 'n manier om hul werk te signeren.
    <time id="T216E" value="00:12:52,923" />
  </s>
  <s id="277">
    <time id="T217S" value="00:12:52,943" />
Dit sit gewoonlik ingebed in hul kodering volgorde.
    <time id="T217E" value="00:12:55,616" />
  </s>
  <s id="278">
    <time id="T218S" value="00:12:55,636" />
Laat ons kyk of ons Picasso 'n teken agtergelaat waarmee ons hom kan identifiseer.
    <time id="T219E" value="00:13:00,591" />
  </s>
  <s id="279">
    <time id="T220S" value="00:13:00,691" />
Wie het nou die leiding?
    <time id="T220E" value="00:13:03,139" />
  </s>
  <s id="280">
    <time id="T221S" value="00:13:04,195" />
Wie is ons techie?
  </s>
  <s id="281">
- Danielle Benton.
    <time id="T221E" value="00:13:07,805" />
  </s>
  <s id="282">
    <time id="T222S" value="00:13:07,825" />
Gevorderde rekenaar ingenieursdiploma van Carnegie Mellon.
    <time id="T222E" value="00:13:10,723" />
  </s>
  <s id="283">
    <time id="T223S" value="00:13:10,743" />
Daar is sy.
  </s>
  <s id="284">
- Ons lewe in 'n vreemde wêreld, McGee.
    <time id="T223E" value="00:13:13,517" />
  </s>
  <s id="285">
    <time id="T224S" value="00:13:13,537" />
Ek het heimwee na die tyd dat computernerds op jou leke.
    <time id="T224E" value="00:13:16,128" />
  </s>
  <s id="286">
    <time id="T225S" value="00:13:16,228" />
Danielle Benton.
    <time id="T225E" value="00:13:18,118" />
  </s>
  <s id="287">
    <time id="T226S" value="00:13:18,218" />
NCIS, ons moet met u praat.
    <time id="T226E" value="00:13:20,823" />
  </s>
  <s id="288">
    <time id="T227S" value="00:13:24,721" />
Die vloot.
  </s>
  <s id="289">
Die besoedelaars van ons see.
    <time id="T227E" value="00:13:27,895" />
  </s>
  <s id="290">
    <time id="T228S" value="00:13:27,915" />
Doders van onskuldig mariene lewe.
    <time id="T228E" value="00:13:30,076" />
  </s>
  <s id="291">
    <time id="T229S" value="00:13:30,276" />
Ek het nie geweet dat dit in die folder staan?
    <time id="T229E" value="00:13:32,622" />
  </s>
  <s id="292">
    <time id="T230S" value="00:13:33,227" />
Kom dit jou bekend vir?
    <time id="T230E" value="00:13:35,202" />
  </s>
  <s id="293">
    <time id="T231S" value="00:13:37,726" />
Dit lyk op die rekenaarprogram dat ek ontwerp het vir my eindwerk.
    <time id="T231E" value="00:13:40,851" />
  </s>
  <s id="294">
    <time id="T232S" value="00:13:41,396" />
Bachelor in terrorisme?
  </s>
  <s id="295">
- Terrorisme?
    <time id="T232E" value="00:13:43,265" />
  </s>
  <s id="296">
    <time id="T233S" value="00:13:43,285" />
Ja, jy cijfertjes mengelmoes is geïnstalleer op die olie platform van CityLine, voor die ontplof het.
    <time id="T234E" value="00:13:50,186" />
  </s>
  <s id="297">
    <time id="T235S" value="00:13:50,206" />
Daar weet ek niks van.
  </s>
  <s id="298">
- Hoe het geraak die program dat jy ontwerp dan in hul stelsel?
  </s>
  <s id="299">
- Ek het die drie jaar gelede, online.
    <time id="T236E" value="00:13:55,873" />
  </s>
  <s id="300">
    <time id="T237S" value="00:13:55,893" />
Dit is 'n skool dokument.
  </s>
  <s id="301">
Eender wie kon dit dupliseer.
    <time id="T237E" value="00:13:59,554" />
  </s>
  <s id="302">
    <time id="T238S" value="00:13:59,574" />
Die kode kon geen ontploffing veroorsaak.
  </s>
  <s id="303">
- Waarom nie?
    <time id="T238E" value="00:14:02,368" />
  </s>
  <s id="304">
    <time id="T239S" value="00:14:02,835" />
Dit is 'n hulpmiddel vir die invordering van inligting teen maatskappye.
    <time id="T239E" value="00:14:06,553" />
  </s>
  <s id="305">
    <time id="T240S" value="00:14:06,573" />
Toegang tot interne kommunikasie en data.
    <time id="T240E" value="00:14:09,315" />
  </s>
  <s id="306">
    <time id="T241S" value="00:14:09,335" />
Daar is geen moontlikheid om iets in te voer.
    <time id="T241E" value="00:14:11,648" />
  </s>
  <s id="307">
    <time id="T242S" value="00:14:11,668" />
Dit is alleen kyk, raak nie.
    <time id="T242E" value="00:14:14,620" />
  </s>
  <s id="308">
    <time id="T243S" value="00:14:14,640" />
Sy het gelyk.
  </s>
  <s id="309">
- Kyk maar raak nie.
    <time id="T243E" value="00:14:17,711" />
  </s>
  <s id="310">
    <time id="T244S" value="00:14:17,811" />
Leer hulle jou dat op MIT?
    <time id="T244E" value="00:14:20,083" />
  </s>
  <s id="311">
    <time id="T245S" value="00:14:20,103" />
Rekenaar programmering is baie verander sedert die jaar 2000.
    <time id="T245E" value="00:14:22,975" />
  </s>
  <s id="312">
    <time id="T246S" value="00:14:23,354" />
Tyd vir 'n opknappingskursus.
    <time id="T246E" value="00:14:25,410" />
  </s>
  <s id="313">
    <time id="T247S" value="00:14:27,040" />
Jammer, McGeek, jy is onttroon.
  </s>
  <s id="314">
Alle heil aan die koningin.
    <time id="T247E" value="00:14:30,274" />
  </s>
  <s id="315">
    <time id="T248S" value="00:14:31,335" />
Ek ry.
    <time id="T248E" value="00:14:33,448" />
  </s>
  <s id="316">
    <time id="T249S" value="00:14:40,178" />
Nee, nee, dit is nie langs daar.
    <time id="T249E" value="00:14:42,165" />
  </s>
  <s id="317">
    <time id="T250S" value="00:14:42,265" />
Die brug is afwaarts onder die helipad.
    <time id="T250E" value="00:14:45,388" />
  </s>
  <s id="318">
    <time id="T251S" value="00:14:45,688" />
Is jy al voorheen aan boord gewees?
    <time id="T251E" value="00:14:47,381" />
  </s>
  <s id="319">
    <time id="T252S" value="00:14:47,481" />
Nee, ek weet my weg op 'n platform.
    <time id="T252E" value="00:14:49,650" />
  </s>
  <s id="320">
    <time id="T253S" value="00:14:49,670" />
Tydens my laaste missie in die vloot sit ek in 'n veiligheidsploeg op die Al
  </s>
  <s id="321">
- Kashir olie platform in Irak.
    <time id="T254E" value="00:14:56,433" />
  </s>
  <s id="322">
    <time id="T255S" value="00:14:57,511" />
Goed, ons is daar.
    <time id="T255E" value="00:14:59,786" />
  </s>
  <s id="323">
    <time id="T256S" value="00:15:02,210" />
Hebner het die oefening gelei vanuit hierdie ruimte.
    <time id="T256E" value="00:15:04,873" />
  </s>
  <s id="324">
    <time id="T257S" value="00:15:06,485" />
Wat verduidelik hoe hy in die water is geraak.
    <time id="T257E" value="00:15:08,983" />
  </s>
  <s id="325">
    <time id="T258S" value="00:15:11,906" />
Al
  </s>
  <s id="326">
- Kashir, dat is beskou as 'n gevaarlike opdrag, is dit nie?
    <time id="T258E" value="00:15:15,817" />
  </s>
  <s id="327">
    <time id="T259S" value="00:15:15,950" />
Ja, ons was 'n voortdurend doel.
    <time id="T259E" value="00:15:19,474" />
  </s>
  <s id="328">
    <time id="T260S" value="00:15:21,680" />
Boot aanvalle, selfmoord, bedreiging in alle groottes en gewigte.
    <time id="T260E" value="00:15:26,518" />
  </s>
  <s id="329">
    <time id="T261S" value="00:15:26,718" />
Was dit nooit op die randjie?
    <time id="T261E" value="00:15:29,107" />
  </s>
  <s id="330">
    <time id="T262S" value="00:15:29,127" />
Ja, een keer.
    <time id="T262E" value="00:15:30,863" />
  </s>
  <s id="331">
    <time id="T263S" value="00:15:30,963" />
Tydens 'n roetine patrollie, was daar 'n noodoproep van 'n visserman met sy jong seun.
    <time id="T264E" value="00:15:36,463" />
  </s>
  <s id="332">
    <time id="T265S" value="00:15:37,449" />
Ons sien die vaartuig en ons is langszij gegaan om dit te inspekteer.
    <time id="T265E" value="00:15:40,816" />
  </s>
  <s id="333">
    <time id="T266S" value="00:15:41,016" />
Toe ons aan boord gegaan het, ontplof daar 'n springtuig.
    <time id="T266E" value="00:15:44,715" />
  </s>
  <s id="334">
    <time id="T267S" value="00:15:47,220" />
Ons verloor drie man, enkele sekondes later en ek was by hulle gewees.
    <time id="T267E" value="00:15:50,410" />
  </s>
  <s id="335">
    <time id="T268S" value="00:15:53,125" />
Dit is lank gelede, Gibbs, ek konsentreer me liewer op wat dit veroorsaak het.
    <time id="T268E" value="00:15:58,126" />
  </s>
  <s id="336">
    <time id="T269S" value="00:15:58,756" />
Wel, ek dink dat ons dit het.
    <time id="T269E" value="00:16:01,293" />
  </s>
  <s id="337">
    <time id="T270S" value="00:16:06,044" />
Ja, nou, dat is die ontsteker.
    <time id="T271E" value="00:16:11,695" />
  </s>
  <s id="338">
    <time id="T272S" value="00:16:11,715" />
Of wat daarvan oor bly.
    <time id="T272E" value="00:16:13,083" />
  </s>
  <s id="339">
    <time id="T273S" value="00:16:13,133" />
Daar gaan die ongeluk waar ek op gehoop het.
    <time id="T273E" value="00:16:15,442" />
  </s>
  <s id="340">
    <time id="T274S" value="00:16:15,492" />
Van alle ruimtes om 'n bom te lê, waarom die brug?
    <time id="T274E" value="00:16:18,891" />
  </s>
  <s id="341">
    <time id="T275S" value="00:16:18,911" />
As jy 'n boom wil velle, doen dit by die stam, nie aan 'n tak.
    <time id="T275E" value="00:16:23,023" />
  </s>
  <s id="342">
    <time id="T276S" value="00:16:23,223" />
Miskien gaan dit nie om die ruimte.
    <time id="T276E" value="00:16:25,823" />
  </s>
  <s id="343">
    <time id="T277S" value="00:16:27,493" />
Die platform was nie die teiken.
  </s>
  <s id="344">
Marv Hebner was die.
    <time id="T277E" value="00:16:31,316" />
  </s>
  <s id="345">
    <time id="T278S" value="00:16:40,498" />
'n Ontsteker? 
  </s>
  <s id="346">
Dui u daarop dat een van ons mans 'n bom op die platform het gelê?
    <time id="T278E" value="00:16:44,165" />
  </s>
  <s id="347">
    <time id="T279S" value="00:16:44,265" />
Dat is stapelgek.
  </s>
  <s id="348">
- Elke werknemer van CityLine is gekeur en is onderworpe aan 'n uitgebreide agtergrond ondersoek.
    <time id="T280E" value="00:16:51,199" />
  </s>
  <s id="349">
    <time id="T281S" value="00:16:51,219" />
Vir hulle aangeneem word.
  </s>
  <s id="350">
Niemand het 'n "gevaarlik" sein.
    <time id="T281E" value="00:16:54,070" />
  </s>
  <s id="351">
    <time id="T282S" value="00:16:54,170" />
Iemand nou wel.
  </s>
  <s id="352">
- Had Marv geen probleme met 'n bemanningslid?
  </s>
  <s id="353">
- Ek sou dit geen probleem noem.
    <time id="T283E" value="00:17:00,153" />
  </s>
  <s id="354">
    <time id="T284S" value="00:17:00,173" />
Ek weet dat hy 'n rusie het met Jonah McGuire, die leier van die bedrywighede.
  </s>
  <s id="355">
- Waaroor?
    <time id="T285E" value="00:17:05,052" />
  </s>
  <s id="356">
    <time id="T286S" value="00:17:05,072" />
McGuire het ' n verslag vir oortreding van die veiligheid tydens 'n onlangse OSHA inspeksie.
  </s>
  <s id="357">
- Die maatskappy het besluit om
    <time id="T287E" value="00:17:09,769" />
  </s>
  <s id="358">
    <time id="T288S" value="00:17:09,789" />
McGuire te laat gaan.
  </s>
  <s id="359">
'n Besluit wat Hebner gesteun het.
    <time id="T288E" value="00:17:12,805" />
  </s>
  <s id="360">
    <time id="T289S" value="00:17:12,905" />
Het McGuire geweet dat hy moes gaan?
  </s>
  <s id="361">
- Die papier was nog nie rond.
    <time id="T289E" value="00:17:16,461" />
  </s>
  <s id="362">
    <time id="T290S" value="00:17:16,481" />
Maar, hy het dit sien aankom.
  </s>
  <s id="363">
- Dat is nie sommer 'n "gevaarlik" sein, dit is 'n motief.
    <time id="T291E" value="00:17:22,037" />
  </s>
  <s id="364">
    <time id="T292S" value="00:17:22,057" />
Waarom sou iemand Marv wil doodmaak?
  </s>
  <s id="365">
- Ons het gehoop dat jy dit ons kon vertel.
    <time id="T292E" value="00:17:26,275" />
  </s>
  <s id="366">
    <time id="T293S" value="00:17:26,759" />
Ek het geen idee.
  </s>
  <s id="367">
- Dit is nie wat ons hoor.
    <time id="T293E" value="00:17:29,458" />
  </s>
  <s id="368">
    <time id="T294S" value="00:17:29,558" />
Julle het blykbaar 'n verskil van mening.
  </s>
  <s id="369">
- Dan is jy verkeerd ingelig.
    <time id="T294E" value="00:17:33,500" />
  </s>
  <s id="370">
    <time id="T295S" value="00:17:33,520" />
Marv was my beste vriend.
  </s>
  <s id="371">
- Jy trekpas tekens was nie baie vriendelik.
    <time id="T296E" value="00:17:39,031" />
  </s>
  <s id="372">
    <time id="T297S" value="00:17:39,051" />
Vriende word veronderstel jy rugdekking te gee en nie daar in te steek.
    <time id="T297E" value="00:17:41,938" />
  </s>
  <s id="373">
    <time id="T298S" value="00:17:42,038" />
Dit is nie wat dit lyk, ek was nie kwaad oor my ontslag.
    <time id="T298E" value="00:17:45,869" />
  </s>
  <s id="374">
    <time id="T299S" value="00:17:45,969" />
Dit was my idee.
    <time id="T299E" value="00:17:48,081" />
  </s>
  <s id="375">
    <time id="T300S" value="00:17:48,181" />
Dit hou geen steek.
  </s>
  <s id="376">
Gebeur nogal dikwels vandag.
    <time id="T300E" value="00:17:50,979" />
  </s>
  <s id="377">
    <time id="T301S" value="00:17:50,999" />
Marv het die veiligheidsfout gemaak, nie ek nie.
    <time id="T301E" value="00:17:55,102" />
  </s>
  <s id="378">
    <time id="T302S" value="00:17:55,695" />
Ek het dit op me geneem, want ek het geweet wat die gevolge sou wees.
    <time id="T302E" value="00:17:59,216" />
  </s>
  <s id="379">
    <time id="T303S" value="00:17:59,236" />
Jy het gelieg dus, om afgedank te word.
  </s>
  <s id="380">
Dit hou nog steeds geen steek.
    <time id="T303E" value="00:18:02,148" />
  </s>
  <s id="381">
    <time id="T304S" value="00:18:02,168" />
Jy verstaan nie wat die baan vir Marv beteken.
    <time id="T304E" value="00:18:04,999" />
  </s>
  <s id="382">
    <time id="T305S" value="00:18:05,199" />
'n OSHA oortreding sou sou sy loopbaan verwoes het.
    <time id="T305E" value="00:18:08,111" />
  </s>
  <s id="383">
    <time id="T306S" value="00:18:09,216" />
Ek kon dit nie laat gebeur, na al wat hy al vir my gedoen het.
    <time id="T306E" value="00:18:12,612" />
  </s>
  <s id="384">
    <time id="T307S" value="00:18:12,980" />
Ek het hom nie gedood.
  </s>
  <s id="385">
Ek het probeer om hom te beskerm.
    <time id="T307E" value="00:18:17,429" />
  </s>
  <s id="386">
    <time id="T308S" value="00:18:21,439" />
Perfekte tydsberekening, soos steeds.
  </s>
  <s id="387">
- Het jy my verwag?
    <time id="T308E" value="00:18:24,784" />
  </s>
  <s id="388">
    <time id="T309S" value="00:18:25,148" />
Agent Abby.
  </s>
  <s id="389">
Ek is so bly om jou te sien, ek bedoel, ek is nie gelukkig om die lyk en so.
  </s>
  <s id="390">
Maar ek is bly dat jy daar is.
    <time id="T310E" value="00:18:32,048" />
  </s>
  <s id="391">
    <time id="T311S" value="00:18:32,068" />
Wat dink jy hiervan?
    <time id="T311E" value="00:18:34,178" />
  </s>
  <s id="392">
    <time id="T312S" value="00:18:34,492" />
Oh, dat is 'n hoop geneentheid vir wat kafeïen.
    <time id="T312E" value="00:18:38,205" />
  </s>
  <s id="393">
    <time id="T313S" value="00:18:38,225" />
Ek sou meer dikwels moet kom.
    <time id="T313E" value="00:18:40,169" />
  </s>
  <s id="394">
    <time id="T314S" value="00:18:40,269" />
Ja, daar is ek dit 110% mee eens.
    <time id="T314E" value="00:18:44,397" />
  </s>
  <s id="395">
    <time id="T315S" value="00:18:44,417" />
Hoewel dat getalsmatig nie moontlik is.
    <time id="T315E" value="00:18:47,234" />
  </s>
  <s id="396">
    <time id="T316S" value="00:18:47,254" />
Om iets te beklemtoon, werk dit volkome.
  </s>
  <s id="397">
- Ek is bly dat ek kan help.
    <time id="T316E" value="00:18:50,218" />
  </s>
  <s id="398">
    <time id="T317S" value="00:18:50,238" />
Nou is dit my beurt om jou te help.
  </s>
  <s id="399">
- Wat het jy, Abbs?
    <time id="T317E" value="00:18:52,625" />
  </s>
  <s id="400">
    <time id="T318S" value="00:18:52,725" />
Ek verwerk die puin van die platform nog, dit kan nog even duur.
    <time id="T318E" value="00:18:56,761" />
  </s>
  <s id="401">
    <time id="T319S" value="00:18:56,781" />
Maar ek kan jou wat vertel oor die bom.
  </s>
  <s id="402">
- Dat is goed.
    <time id="T319E" value="00:18:59,821" />
  </s>
  <s id="403">
    <time id="T320S" value="00:18:59,841" />
Nie regtig nie.
  </s>
  <s id="404">
- Nee.
    <time id="T320E" value="00:19:00,795" />
  </s>
  <s id="405">
    <time id="T321S" value="00:19:00,815" />
Die ontstekertelefoon is 'n weggooibare tipe daar is dus geen spoor en die hoof bestanddeel van die plofstof was suiwer kruit.
    <time id="T322E" value="00:19:08,314" />
  </s>
  <s id="406">
    <time id="T323S" value="00:19:08,334" />
Wat nie gereguleer is en feitlik onmoontlik om op te spoor.
    <time id="T323E" value="00:19:11,228" />
  </s>
  <s id="407">
    <time id="T324S" value="00:19:11,248" />
Ons weet dat die bom maar 'n minimaal skadelik vermoë het.
    <time id="T324E" value="00:19:14,496" />
  </s>
  <s id="408">
    <time id="T325S" value="00:19:14,516" />
Ons het dus nie te maak met 'n professionele terrorist
    <time id="T325E" value="00:19:17,473" />
  </s>
  <s id="409">
    <time id="T326S" value="00:19:17,573" />
Maar dit was nie nodig, met al die vlambare materiaal aan boord van 't platform, was net die regte ontsteking nodig om 'n kettingreaksie te veroorsaak.
    <time id="T327E" value="00:19:25,141" />
  </s>
  <s id="410">
    <time id="T328S" value="00:19:25,241" />
Dit bring my by my volgende interessante feit.
    <time id="T328E" value="00:19:27,583" />
  </s>
  <s id="411">
    <time id="T329S" value="00:19:27,603" />
Afgaande op die ontploffingsradius, was die geplaas op die ene plek op die brug, waar die kettingreaksie nie die hele platform sou verwoes.
    <time id="T330E" value="00:19:35,893" />
  </s>
  <s id="412">
    <time id="T331S" value="00:19:36,411" />
Óf het hulle baie geluk, of die bomlegger het 'n deeglike kennis van die struktuur.
    <time id="T331E" value="00:19:42,572" />
  </s>
  <s id="413">
    <time id="T332S" value="00:19:42,592" />
Ek glo nie in geluk.
    <time id="T332E" value="00:19:44,546" />
  </s>
  <s id="414">
    <time id="T333S" value="00:19:44,781" />
Goed gewerk, Abbs.
    <time id="T333E" value="00:19:46,447" />
  </s>
  <s id="415">
    <time id="T334S" value="00:19:55,031" />
Ek het 'n ongemaklik gevoel, McGee.
    <time id="T334E" value="00:19:56,950" />
  </s>
  <s id="416">
    <time id="T335S" value="00:19:57,050" />
Ek het gesê jy nog geen Chinees te bestel in 'n Meksikaanse restaurant.
    <time id="T335E" value="00:20:00,637" />
  </s>
  <s id="417">
    <time id="T336S" value="00:20:01,191" />
Ek het dit oor SecNav.
  </s>
  <s id="418">
Sy hang hier baie rond die laaste tyd.
    <time id="T336E" value="00:20:05,313" />
  </s>
  <s id="419">
    <time id="T337S" value="00:20:05,413" />
Spreek geen kwaad oor Jose de Mandaryns.
    <time id="T337E" value="00:20:07,847" />
  </s>
  <s id="420">
    <time id="T338S" value="00:20:07,947" />
Sy loempia 's is baie goed.
  </s>
  <s id="421">
- Luister, dit is die NCIS,
    <time id="T338E" value="00:20:11,091" />
  </s>
  <s id="422">
    <time id="T339S" value="00:20:11,111" />
Porter is SecNav, sy doen net haar werk.
    <time id="T339E" value="00:20:13,573" />
  </s>
  <s id="423">
    <time id="T340S" value="00:20:13,773" />
Ek het dieselfde sleg gevoel in Ohio as stage student.
    <time id="T340E" value="00:20:17,716" />
  </s>
  <s id="424">
    <time id="T341S" value="00:20:17,816" />
Daar kom toe ook 'n nuwe trainer.
  </s>
  <s id="425">
'n Nuwe trainer beteken 'n nuwe ploeg.
    <time id="T341E" value="00:20:21,532" />
  </s>
  <s id="426">
    <time id="T342S" value="00:20:21,552" />
Dink jy dat SecNav die boel hier gaan uitruiling?
    <time id="T342E" value="00:20:23,746" />
  </s>
  <s id="427">
    <time id="T343S" value="00:20:23,766" />
Nie bekommerd wees nie, ek staan agter jou.
  </s>
  <s id="428">
Elke span het 'n waterjongen nodig.
    <time id="T343E" value="00:20:27,166" />
  </s>
  <s id="429">
    <time id="T344S" value="00:20:28,051" />
Waar staan ons?
    <time id="T344E" value="00:20:29,415" />
  </s>
  <s id="430">
    <time id="T345S" value="00:20:29,435" />
He, baas. 
  </s>
  <s id="431">
Ek het die CityLine personeel nagegaan, niks opmerklik.
    <time id="T345E" value="00:20:33,955" />
  </s>
  <s id="432">
    <time id="T346S" value="00:20:33,975" />
Boetes vir openbare dronkenskap, agterstallige motor betalings en flinke 1-900 rekeninge vir 'n man wat nooit van die internet gehoor het.
    <time id="T347E" value="00:20:40,937" />
  </s>
  <s id="433">
    <time id="T348S" value="00:20:40,957" />
Ek het iets. 
  </s>
  <s id="434">
Die hele voedsel diens van die platform was gehuur via 'n derde party.
    <time id="T349E" value="00:20:46,598" />
  </s>
  <s id="435">
    <time id="T350S" value="00:20:46,618" />
Dit beteken dat hulle nie deur CityLine werden gekeur.
    <time id="T350E" value="00:20:48,831" />
  </s>
  <s id="436">
    <time id="T351S" value="00:20:48,940" />
Hulle sou tog nie op die brug mag kom.
  </s>
  <s id="437">
- Iemand met 'n kriminele verlede?
    <time id="T351E" value="00:20:52,491" />
  </s>
  <s id="438">
    <time id="T352S" value="00:20:54,172" />
Lenny Pachaca, 'n kok.
    <time id="T352E" value="00:20:56,347" />
  </s>
  <s id="439">
    <time id="T353S" value="00:20:56,367" />
Werk onder die naam, "Lenny Machaca".
    <time id="T353E" value="00:20:58,848" />
  </s>
  <s id="440">
    <time id="T354S" value="00:20:59,646" />
Hy hou daar tog geen ander mening op na?
  </s>
  <s id="441">
- Hy het gesit vir besit en vervoer van plofstof.
  </s>
  <s id="442">
- DiNozzo, haal Borin en pak hom op.
    <time id="T355E" value="00:21:06,072" />
  </s>
  <s id="443">
    <time id="T356S" value="00:21:06,092" />
Dit doen ek.
    <time id="T356E" value="00:21:07,458" />
  </s>
  <s id="444">
    <time id="T357S" value="00:21:20,989" />
Ek hou van die reuk.
    <time id="T357E" value="00:21:22,757" />
  </s>
  <s id="445">
    <time id="T358S" value="00:21:22,857" />
Vrot vis en diesel.
  </s>
  <s id="446">
- Ja, asem dit in.
    <time id="T358E" value="00:21:26,123" />
  </s>
  <s id="447">
    <time id="T359S" value="00:21:26,759" />
Jy is 'n besondere vrou, Borin.
    <time id="T359E" value="00:21:28,201" />
  </s>
  <s id="448">
    <time id="T360S" value="00:21:28,221" />
Ek popel om die man met die hout been te ontmoet wat jou mislei.
    <time id="T360E" value="00:21:30,432" />
  </s>
  <s id="449">
    <time id="T361S" value="00:21:30,452" />
Jo, ho, ho, DiNozzo.
  </s>
  <s id="450">
- Lenny Machaca?
    <time id="T361E" value="00:21:32,995" />
  </s>
  <s id="451">
    <time id="T362S" value="00:21:34,749" />
Oh, kom nou.
  </s>
  <s id="452">
- Ek sny hom die pas af.
    <time id="T362E" value="00:21:37,405" />
  </s>
  <s id="453">
    <time id="T363S" value="00:21:56,493" />
Sagtebal gespeel op skool.
    <time id="T363E" value="00:21:58,661" />
  </s>
  <s id="454">
    <time id="T364S" value="00:21:58,681" />
Sagtebal?
  </s>
  <s id="455">
- Ek slinger in beide rigtings.
    <time id="T364E" value="00:22:01,892" />
  </s>
  <s id="456">
    <time id="T365S" value="00:22:12,802" />
Ek dink dat dit gekke wijf my ribbes gebreek het.
    <time id="T365E" value="00:22:16,271" />
  </s>
  <s id="457">
    <time id="T366S" value="00:22:16,291" />
Glo my, Len, stop beter as jy dit kan.
  </s>
  <s id="458">
- Jy asemhaal nog.
    <time id="T366E" value="00:22:20,321" />
  </s>
  <s id="459">
    <time id="T367S" value="00:22:20,341" />
Ek het dit al gesê, julle het die verkeerde.
    <time id="T367E" value="00:22:23,774" />
  </s>
  <s id="460">
    <time id="T368S" value="00:22:23,826" />
Volgens my ervaring loop die een wat wat te verberg het weg van die flikken.
    <time id="T368E" value="00:22:27,231" />
  </s>
  <s id="461">
    <time id="T369S" value="00:22:27,331" />
En skuilname gebruik.
  </s>
  <s id="462">
- Ek sien wat julle probeer.
    <time id="T369E" value="00:22:30,378" />
  </s>
  <s id="463">
    <time id="T370S" value="00:22:30,398" />
Maar jy gaan my die skuld gee nie.
  </s>
  <s id="464">
- Ek het dit nie gedoen nie.
    <time id="T370E" value="00:22:35,568" />
  </s>
  <s id="465">
    <time id="T371S" value="00:22:35,668" />
Jy beweer ook dat jy geen probleme het met Marv Hebner.
    <time id="T371E" value="00:22:39,502" />
  </s>
  <s id="466">
    <time id="T372S" value="00:22:39,602" />
Maar jy hoof, sê dat hy klagtes oor jy gehad het.
    <time id="T372E" value="00:22:42,685" />
  </s>
  <s id="467">
    <time id="T373S" value="00:22:42,705" />
Hy sê dat jy 'n nie gelei projektiel is.
  </s>
  <s id="468">
- Is jy onvoorspelbaar, Len?
    <time id="T373E" value="00:22:45,683" />
  </s>
  <s id="469">
    <time id="T374S" value="00:22:45,703" />
Jy mag hom dalk nie, want hy het jou aan die reëls gehou.
    <time id="T374E" value="00:22:48,010" />
  </s>
  <s id="470">
    <time id="T375S" value="00:22:48,030" />
Hy was 'n koppige donkie.
    <time id="T375E" value="00:22:50,089" />
  </s>
  <s id="471">
    <time id="T376S" value="00:22:50,189" />
Hy het teen almal tekere as verdomde 'n sersant.
    <time id="T376E" value="00:22:52,322" />
  </s>
  <s id="472">
    <time id="T377S" value="00:22:52,422" />
Hy was die vloot nie.
    <time id="T377E" value="00:22:54,401" />
  </s>
  <s id="473">
    <time id="T378S" value="00:22:54,421" />
Hy het te ver gegaan met die verkeerde 
  </s>
  <s id="474">
- Die verkeerde met kriminele verlede in plofstof? 
  </s>
  <s id="475">
Daar is slegs 'n man aan boord wat daaraan beantwoord en dat is jy.
  </s>
  <s id="476">
- Aangehou vir besit van C -4, laders, ontstekers en buskruit.
    <time id="T381E" value="00:23:07,964" />
  </s>
  <s id="477">
    <time id="T382S" value="00:23:07,984" />
Oh, Lenny, oude gewoontes leer je moeilijk af.
    <time id="T382E" value="00:23:11,245" />
  </s>
  <s id="478">
    <time id="T383S" value="00:23:11,265" />
Dat is lang geleden, OK.
    <time id="T383E" value="00:23:12,803" />
  </s>
  <s id="479">
    <time id="T384S" value="00:23:12,903" />
Ik en mijn vriend kickten ervan om dingen op te blazen, niemand werd gewond.
    <time id="T384E" value="00:23:16,336" />
  </s>
  <s id="480">
    <time id="T385S" value="00:23:16,436" />
Ons het net pret.
    <time id="T385E" value="00:23:18,962" />
  </s>
  <s id="481">
    <time id="T386S" value="00:23:20,196" />
Het was pret?
  </s>
  <s id="482">
- Ja, gewoon een manier om te niksen.
    <time id="T386E" value="00:23:23,820" />
  </s>
  <s id="483">
    <time id="T387S" value="00:23:24,069" />
Ek het nooit die drukmakery verstaan, dus.
  </s>
  <s id="484">
- Het jy al ooit gesien wat die pret uithaal met 'n menseliggaam op kort afstand?
  </s>
  <s id="485">
Nee?
    <time id="T388E" value="00:23:31,745" />
  </s>
  <s id="486">
    <time id="T389S" value="00:23:31,845" />
Ek sal jou inlig.
  </s>
  <s id="487">
Die begin met 'n flits van lig, die uit het niets kom.
    <time id="T390E" value="00:23:38,529" />
  </s>
  <s id="488">
    <time id="T391S" value="00:23:38,549" />
Jy is tydelik verblind, maar glo my dat is 'n seën.
    <time id="T391E" value="00:23:42,149" />
  </s>
  <s id="489">
    <time id="T392S" value="00:23:42,169" />
want die laaste ding wat jy wil sien is wat daar met jou gaan gebeur.
    <time id="T392E" value="00:23:45,167" />
  </s>
  <s id="490">
    <time id="T393S" value="00:23:45,267" />
Dan is daar die klank, die hardste wat jy in jou lewe al gehoor het.
    <time id="T393E" value="00:23:48,502" />
  </s>
  <s id="491">
    <time id="T394S" value="00:23:48,602" />
Dit is ook die laaste wat jy ooit hoor.
  </s>
  <s id="492">
Dan is daar die stilte.
    <time id="T394E" value="00:23:53,325" />
  </s>
  <s id="493">
    <time id="T395S" value="00:23:53,336" />
Jy hoor jouself nie eens meer skree.
  </s>
  <s id="494">
As die hitte jou vel doen smelt en die skerwe deur jou liggaam skeur.
  </s>
  <s id="495">
Dus, vertel me eens, Len, het ons pret?
  </s>
  <s id="496">
Vind jy dit pret?
    <time id="T397E" value="00:24:05,295" />
  </s>
  <s id="497">
    <time id="T398S" value="00:24:05,395" />
Ek luister hier nie meer na.
  </s>
  <s id="498">
- O, nee, ons is pas begin.
    <time id="T398E" value="00:24:08,570" />
  </s>
  <s id="499">
    <time id="T399S" value="00:24:08,580" />
Dus, jy bly sit waar jy is.
  </s>
  <s id="500">
- Agent Borin.
    <time id="T399E" value="00:24:11,618" />
  </s>
  <s id="501">
    <time id="T400S" value="00:24:15,004" />
Neem 'n breek.
    <time id="T400E" value="00:24:17,398" />
  </s>
  <s id="502">
    <time id="T401S" value="00:24:24,554" />
Luister, ek gebruik ' n alias omdat ek anders geen werk vind met my verlede, OK?
    <time id="T401E" value="00:24:28,940" />
  </s>
  <s id="503">
    <time id="T402S" value="00:24:28,975" />
Ek moet vir my gesin sorg.
  </s>
  <s id="504">
Meer het ek nie gedoen nie, ek sweer het.
    <time id="T402E" value="00:24:32,445" />
  </s>
  <s id="505">
    <time id="T403S" value="00:24:32,455" />
Leg me aan die leuenverklikker, maar hou haar uit my buurt.
    <time id="T403E" value="00:24:36,834" />
  </s>
  <s id="506">
    <time id="T404S" value="00:24:40,868" />
Wel, ek het altyd deeltyds gewerk in die Green Dragon taverne.
    <time id="T404E" value="00:24:43,775" />
  </s>
  <s id="507">
    <time id="T405S" value="00:24:43,785" />
Op Dinsdag hulle georganiseer...
  </s>
  <s id="508">
- Trivia oor Amerikaanse geskiedenis.
    <time id="T405E" value="00:24:46,685" />
  </s>
  <s id="509">
    <time id="T406S" value="00:24:46,695" />
Ek is daar elke week heen gegaan.
  </s>
  <s id="510">
- Goed, hoe sit dit buite Cambridge?
    <time id="T406E" value="00:24:50,335" />
  </s>
  <s id="511">
    <time id="T407S" value="00:24:50,342" />
Moeilik keuse, maar dan gaan ek vir...
  </s>
  <s id="512">
Baas.
    <time id="T407E" value="00:24:54,813" />
  </s>
  <s id="513">
    <time id="T408S" value="00:24:54,913" />
Ek het jou nie sien kom.
    <time id="T408E" value="00:24:56,771" />
  </s>
  <s id="514">
    <time id="T409S" value="00:24:56,871" />
Jy vra jy vas af wat ek doen?
    <time id="T409E" value="00:24:58,870" />
  </s>
  <s id="515">
    <time id="T410S" value="00:24:58,878" />
Ons het dit oor ons akademiese verlede in Boston.
    <time id="T410E" value="00:25:02,207" />
  </s>
  <s id="516">
    <time id="T411S" value="00:25:02,307" />
MIT, Harvard.
    <time id="T411E" value="00:25:04,306" />
  </s>
  <s id="517">
    <time id="T412S" value="00:25:04,867" />
Verskoon, dankie vir die wandeling deur die herinneringe, Tim.
    <time id="T412E" value="00:25:07,465" />
  </s>
  <s id="518">
    <time id="T413S" value="00:25:07,471" />
Ja, mev.
    <time id="T413E" value="00:25:09,273" />
  </s>
  <s id="519">
    <time id="T414S" value="00:25:09,948" />
Porter.
  </s>
  <s id="520">
- Wat het jy gevind?
    <time id="T414E" value="00:25:12,736" />
  </s>
  <s id="521">
    <time id="T415S" value="00:25:13,103" />
Heel wat eintlik.
  </s>
  <s id="522">
Sy skryf vir die "Crimson".
    <time id="T415E" value="00:25:15,467" />
  </s>
  <s id="523">
    <time id="T416S" value="00:25:15,567" />
Sy was 'n lid van die bespreking klub, magna cum laude gegradueer.
    <time id="T416E" value="00:25:18,138" />
  </s>
  <s id="524">
    <time id="T417S" value="00:25:18,238" />
Oor die saak, McGee?
  </s>
  <s id="525">
- Oh.
    <time id="T417E" value="00:25:21,124" />
  </s>
  <s id="526">
    <time id="T418S" value="00:25:21,224" />
Juis. 
  </s>
  <s id="527">
Wel, sedert hy vrygelaat is het Lenny sy kriminele rekord proper gehou.
    <time id="T418E" value="00:25:26,110" />
  </s>
  <s id="528">
    <time id="T419S" value="00:25:26,116" />
Sy alibi is bevestig deur twee ander kokke aan boord.
    <time id="T419E" value="00:25:28,855" />
  </s>
  <s id="529">
    <time id="T420S" value="00:25:28,863" />
Hulle het gesê dat hy gewerk het in die kombuis tot aan die oefening.
    <time id="T420E" value="00:25:31,691" />
  </s>
  <s id="530">
    <time id="T421S" value="00:25:31,791" />
Dit is nie regtig 'n spoor.
    <time id="T421E" value="00:25:33,839" />
  </s>
  <s id="531">
    <time id="T422S" value="00:25:33,924" />
Dit wel.
  </s>
  <s id="532">
Kyk 'n bietjie.
    <time id="T422E" value="00:25:36,151" />
  </s>
  <s id="533">
    <time id="T423S" value="00:25:37,902" />
Skedules van die olie platform van CityLine.
  </s>
  <s id="534">
Die maatskappy dat die planne ontwerp, het twee weke gelede 'n probleem met die beveiliging.
    <time id="T424E" value="00:25:44,762" />
  </s>
  <s id="535">
    <time id="T425S" value="00:25:44,862" />
Dit was die enigste lêer wat in die gedrang is.
    <time id="T425E" value="00:25:47,281" />
  </s>
  <s id="536">
    <time id="T426S" value="00:25:47,381" />
Wat soort inbreuk was dit?
  </s>
  <s id="537">
- Dieselfde malware as wat ons gevind het op die mainframe van CityLine.
  </s>
  <s id="538">
- Een persoon wat hulle in gemeen het.
    <time id="T427E" value="00:25:52,630" />
  </s>
  <s id="539">
    <time id="T428S" value="00:25:52,930" />
Danielle Benton.
    <time id="T428E" value="00:25:54,871" />
  </s>
  <s id="540">
    <time id="T429S" value="00:25:55,797" />
Soek haar, McGee.
    <time id="T429E" value="00:25:57,786" />
  </s>
  <s id="541">
    <time id="T430S" value="00:26:16,952" />
Ek het gedink dat dit maar 'n mite was.
  </s>
  <s id="542">
- Is daar iets wat jy wil deel?
    <time id="T430E" value="00:26:20,851" />
  </s>
  <s id="543">
    <time id="T431S" value="00:26:20,951" />
Mev die sekretaris?
  </s>
  <s id="544">
- Verskoon?
    <time id="T431E" value="00:26:22,525" />
  </s>
  <s id="545">
    <time id="T432S" value="00:26:22,533" />
Is daar 'n rede vir jou teenwoordigheid, buite hierdie navorsing?
    <time id="T432E" value="00:26:25,955" />
  </s>
  <s id="546">
    <time id="T433S" value="00:26:25,963" />
Wat in my agenda staat, gaan bo jou graad, agent Gibbs.
    <time id="T433E" value="00:26:28,455" />
  </s>
  <s id="547">
    <time id="T434S" value="00:26:28,467" />
As dit my of my span mag behels, dan moet ek dit, met respek, nie eens sy.
    <time id="T434E" value="00:26:32,025" />
  </s>
  <s id="548">
    <time id="T435S" value="00:26:32,468" />
Wees gerus, my teenwoordigheid op die NCIS is suiwer saak gebind.
    <time id="T435E" value="00:26:36,515" />
  </s>
  <s id="549">
    <time id="T436S" value="00:26:36,615" />
Jy het jou beveel en ek ook.
    <time id="T436E" value="00:26:38,948" />
  </s>
  <s id="550">
    <time id="T437S" value="00:26:39,686" />
As 'n persoon met 'n agtergrond in sake, sou ek nalatig sy, as ek geen gate sien op hierdie agentskap as dit op mannekrag aankom.
    <time id="T439E" value="00:26:47,585" />
  </s>
  <s id="551">
    <time id="T440S" value="00:26:47,593" />
Personeelskwesties is onder jou graad.
    <time id="T440E" value="00:26:49,310" />
  </s>
  <s id="552">
    <time id="T441S" value="00:26:49,324" />
Nie as dit die opbrengs van die NCIS aantas.
    <time id="T441E" value="00:26:51,480" />
  </s>
  <s id="553">
    <time id="T442S" value="00:26:51,488" />
Dit is nie so nie.
  </s>
  <s id="554">
- Ek is dit eens.
    <time id="T442E" value="00:26:53,736" />
  </s>
  <s id="555">
    <time id="T443S" value="00:27:00,826" />
Ek is hier nie om my grondgebied af te baken, agent Gibbs.
    <time id="T443E" value="00:27:03,482" />
  </s>
  <s id="556">
    <time id="T444S" value="00:27:03,682" />
Dit is jou span.
  </s>
  <s id="557">
Jy lei dit na goeddunke.
    <time id="T444E" value="00:27:06,685" />
  </s>
  <s id="558">
    <time id="T445S" value="00:27:06,785" />
Solank ek maar resultate sien, het ons geen probleem.
    <time id="T445E" value="00:27:10,706" />
  </s>
  <s id="559">
    <time id="T446S" value="00:27:14,216" />
As dit nie stuk is...
    <time id="T446E" value="00:27:17,077" />
  </s>
  <s id="560">
    <time id="T447S" value="00:27:29,146" />
Pak aan.
  </s>
  <s id="561">
- Ja, ek kan er wel 'n gebruik.
    <time id="T447E" value="00:27:33,674" />
  </s>
  <s id="562">
    <time id="T448S" value="00:27:37,352" />
Wel, sê iets, Gibbs.
    <time id="T448E" value="00:27:40,415" />
  </s>
  <s id="563">
    <time id="T449S" value="00:27:40,515" />
Ek wag op jou, Borin.
  </s>
  <s id="564">
Ek tas wat in die donker.
    <time id="T449E" value="00:27:43,619" />
  </s>
  <s id="565">
    <time id="T450S" value="00:27:44,742" />
Ek het hierdie saak nie mag aanvaar.
  </s>
  <s id="566">
Ek het geweet dat dit, teveel dinge sou opbaggeren wat ek nie weer wil beleef.
    <time id="T451E" value="00:27:51,766" />
  </s>
  <s id="567">
    <time id="T452S" value="00:27:52,066" />
Wel, miskien het jy net daarom die saak aangeneem.
    <time id="T452E" value="00:27:55,267" />
  </s>
  <s id="568">
    <time id="T453S" value="00:28:00,597" />
Ek herinner my nog elke detail van die dag in Irak.
    <time id="T453E" value="00:28:03,846" />
  </s>
  <s id="569">
    <time id="T454S" value="00:28:05,970" />
Ek speel die steeds opnuut weer af in my kop en dink, aan al die dinge wat ek kon anders gedoen het.
    <time id="T455E" value="00:28:16,096" />
  </s>
  <s id="570">
    <time id="T456S" value="00:28:16,702" />
Seine wat ek gemis het.
    <time id="T456E" value="00:28:19,108" />
  </s>
  <s id="571">
    <time id="T457S" value="00:28:22,105" />
'n Man in die stryd verloor vergeet jy nooit.
    <time id="T457E" value="00:28:25,294" />
  </s>
  <s id="572">
    <time id="T458S" value="00:28:25,805" />
Ek het nie net drie mede mariniers verloor nie in die ontploffing.
    <time id="T458E" value="00:28:30,028" />
  </s>
  <s id="573">
    <time id="T459S" value="00:28:32,159" />
Gibbs, ek verloor my marinier.
    <time id="T459E" value="00:28:34,845" />
  </s>
  <s id="574">
    <time id="T460S" value="00:28:37,226" />
Liam.
    <time id="T460E" value="00:28:39,725" />
  </s>
  <s id="575">
    <time id="T461S" value="00:28:40,847" />
Hy moes altyd voorop loop.
  </s>
  <s id="576">
So was hy, hy was, sterk.
  </s>
  <s id="577">
Hardkoppig, oh, God.
    <time id="T462E" value="00:28:49,955" />
  </s>
  <s id="578">
    <time id="T463S" value="00:28:49,965" />
Eigenwijs.
    <time id="T463E" value="00:28:52,458" />
  </s>
  <s id="579">
    <time id="T464S" value="00:28:52,498" />
'n Marinier is 'n marinier.
    <time id="T464E" value="00:28:55,104" />
  </s>
  <s id="580">
    <time id="T465S" value="00:28:57,145" />
Ek het hom gesien aan boord van die vaartuig.
    <time id="T465E" value="00:28:59,880" />
  </s>
  <s id="581">
    <time id="T466S" value="00:29:00,323" />
Ek het gesien hoe die ontploffing hom geneem het.
    <time id="T466E" value="00:29:02,864" />
  </s>
  <s id="582">
    <time id="T467S" value="00:29:03,747" />
Dan sien ek wat van hom oorgebly het, toe ek hom uit die water haal.
    <time id="T467E" value="00:29:07,234" />
  </s>
  <s id="583">
    <time id="T468S" value="00:29:09,015" />
Dit is iets wat ek nie agter my kan laat.
    <time id="T468E" value="00:29:12,246" />
  </s>
  <s id="584">
    <time id="T469S" value="00:29:19,024" />
Ja, DiNozzo.
  </s>
  <s id="585">
- Baas, ons het die telefoon van Benton opgespoor in die buurt van 'n hawe naby Hampton Roads.
    <time id="T471E" value="00:29:24,385" />
  </s>
  <s id="586">
    <time id="T472S" value="00:29:24,391" />
McGee stuur jou die adres.
  </s>
  <s id="587">
- Goed, ons sien jou daar.
    <time id="T472E" value="00:29:27,614" />
  </s>
  <s id="588">
    <time id="T473S" value="00:29:28,220" />
Is jy gereed om te gaan?
  </s>
  <s id="589">
Ek ry.
    <time id="T473E" value="00:29:29,972" />
  </s>
  <s id="590">
    <time id="T474S" value="00:29:30,072" />
Nee, na al wat gebeur is, is dit beter vir almal dat ek my terugtrek uit die saak.
    <time id="T475E" value="00:29:35,455" />
  </s>
  <s id="591">
    <time id="T476S" value="00:29:35,463" />
Dit is goed, ek bel die hoofkantoor hulle kan jy 'n ander agent toewys...
    <time id="T476E" value="00:29:37,914" />
  </s>
  <s id="592">
    <time id="T477S" value="00:29:38,014" />
Nee, Borin, dit gaan nie gebeur nie.
    <time id="T477E" value="00:29:40,558" />
  </s>
  <s id="593">
    <time id="T478S" value="00:29:41,190" />
Dit is my saak, ek beslis.
    <time id="T478E" value="00:29:43,413" />
  </s>
  <s id="594">
    <time id="T479S" value="00:29:43,659" />
Gebruik jy nou jou rang teenoor me, gunny?
    <time id="T479E" value="00:29:45,802" />
  </s>
  <s id="595">
    <time id="T480S" value="00:29:46,435" />
'n Marinier laat niemand agter.
    <time id="T480E" value="00:29:48,934" />
  </s>
  <s id="596">
    <time id="T481S" value="00:29:55,790" />
Sorg dat ons 'n volle tank het en gereed staan?
    <time id="T481E" value="00:29:58,041" />
  </s>
  <s id="597">
    <time id="T482S" value="00:29:58,141" />
Ek wil weg wees voor die gety draai.
    <time id="T482E" value="00:30:00,595" />
  </s>
  <s id="598">
    <time id="T483S" value="00:30:00,695" />
Gaan nog nie weg nie.
    <time id="T483E" value="00:30:02,845" />
  </s>
  <s id="599">
    <time id="T484S" value="00:30:02,855" />
Wie is jy verdorie?
    <time id="T484E" value="00:30:04,549" />
  </s>
  <s id="600">
    <time id="T485S" value="00:30:04,649" />
Ek het die vrae van NCIS al beantwoord.
    <time id="T485E" value="00:30:07,956" />
  </s>
  <s id="601">
    <time id="T486S" value="00:30:08,056" />
As jy meer IT steun wil, probeer dan die Genius Bar.
    <time id="T486E" value="00:30:10,460" />
  </s>
  <s id="602">
    <time id="T487S" value="00:30:10,560" />
Gaan jy op reis?
  </s>
  <s id="603">
- Werk.
    <time id="T487E" value="00:30:12,480" />
  </s>
  <s id="604">
    <time id="T488S" value="00:30:12,487" />
Die ekologiese impak van die kustvaart op die walvis migrasie bestudeer.
    <time id="T488E" value="00:30:16,645" />
  </s>
  <s id="605">
    <time id="T489S" value="00:30:16,654" />
En, ja, ons het 'n permit.
    <time id="T489E" value="00:30:19,682" />
  </s>
  <s id="606">
    <time id="T490S" value="00:30:19,892" />
Baas.
    <time id="T490E" value="00:30:21,740" />
  </s>
  <s id="607">
    <time id="T491S" value="00:30:21,746" />
Hou hulle in die gate.
    <time id="T491E" value="00:30:23,250" />
  </s>
  <s id="608">
    <time id="T492S" value="00:30:23,350" />
Wat het jy?
    <time id="T492E" value="00:30:25,256" />
  </s>
  <s id="609">
    <time id="T493S" value="00:30:25,984" />
Skulpvis.
    <time id="T493E" value="00:30:27,842" />
  </s>
  <s id="610">
    <time id="T494S" value="00:30:28,042" />
Ons het 'n probleem.
  </s>
  <s id="611">
- Erger as die skulpvis van DiNozzo?
    <time id="T494E" value="00:30:31,815" />
  </s>
  <s id="612">
    <time id="T495S" value="00:30:33,155" />
Dit is buiskruit.
    <time id="T495E" value="00:30:35,070" />
  </s>
  <s id="613">
    <time id="T496S" value="00:30:35,079" />
Daar staan daar benede meer as 50 emmers.
    <time id="T496E" value="00:30:37,358" />
  </s>
  <s id="614">
    <time id="T497S" value="00:30:37,458" />
Genoeg om hierdie hawe met die grond gelyk te maak.
    <time id="T497E" value="00:30:40,421" />
  </s>
  <s id="615">
    <time id="T498S" value="00:30:59,282" />
Geen sorge, jy gaan gewoond raak aan luide klanke in die gevangenis.
    <time id="T498E" value="00:31:01,693" />
  </s>
  <s id="616">
    <time id="T499S" value="00:31:01,699" />
Met wat ons aan boord gevind het kan dit daar 'n lang verblyf word.
    <time id="T499E" value="00:31:05,250" />
  </s>
  <s id="617">
    <time id="T500S" value="00:31:05,350" />
Houers met petrol, kruit en seep.
    <time id="T500E" value="00:31:08,206" />
  </s>
  <s id="618">
    <time id="T501S" value="00:31:08,214" />
Ook geken as "vegan napalm", in ekstremistiese omgewing kringe.
    <time id="T501E" value="00:31:12,464" />
  </s>
  <s id="619">
    <time id="T502S" value="00:31:12,664" />
Ek het die houers in my lewe nooit voorheen gesien.
    <time id="T502E" value="00:31:15,393" />
  </s>
  <s id="620">
    <time id="T503S" value="00:31:15,403" />
Dit moet van die kaptein wees.
  </s>
  <s id="621">
Ek is onskuldig.
    <time id="T503E" value="00:31:18,200" />
  </s>
  <s id="622">
    <time id="T504S" value="00:31:18,300" />
Ek het tog gesê dat sy dit sou sê.
  </s>
  <s id="623">
- Inderdaad.
    <time id="T504E" value="00:31:20,068" />
  </s>
  <s id="624">
    <time id="T505S" value="00:31:20,075" />
Hy het gesê dat jy dat sou sê en ook dat jy terug sou leun, arms gekruis.
    <time id="T505E" value="00:31:22,994" />
  </s>
  <s id="625">
    <time id="T506S" value="00:31:23,094" />
Hy het dit alles voor, dit was redelik goed.
    <time id="T506E" value="00:31:24,621" />
  </s>
  <s id="626">
    <time id="T507S" value="00:31:24,721" />
Hy het ook gesê dat jy verbaas sou wees dat ons jou skuilplek sou ontdek onder die vloer van die stuurhuis.
    <time id="T508E" value="00:31:31,688" />
  </s>
  <s id="627">
    <time id="T509S" value="00:31:31,695" />
bouplanne, toesig foto's en toegangskodes van tien biotech laboratoriums aan die ooskus, elk getref deur dieselfde brandstigter.
    <time id="T511E" value="00:31:42,133" />
  </s>
  <s id="628">
    <time id="T512S" value="00:31:42,143" />
Jammer dat jy daar nie aan gedink al jou vingerafdrukke te verwyder.
    <time id="T512E" value="00:31:44,928" />
  </s>
  <s id="629">
    <time id="T513S" value="00:31:44,938" />
Dit is 'n vroeë Kersfees vir die FBI.
  </s>
  <s id="630">
- Boo-ya.
    <time id="T513E" value="00:31:48,743" />
  </s>
  <s id="631">
    <time id="T514S" value="00:31:49,246" />
Boo-ya?
  </s>
  <s id="632">
Wat is dat?
    <time id="T514E" value="00:31:52,043" />
  </s>
  <s id="633">
    <time id="T515S" value="00:31:52,053" />
Die laboratoriums gevoer indringende en oneties proe uit op onskuldige diere.
    <time id="T515E" value="00:31:57,376" />
  </s>
  <s id="634">
    <time id="T516S" value="00:31:57,794" />
Wat hulle doen is geen navorsing, maar martel.
    <time id="T516E" value="00:32:00,158" />
  </s>
  <s id="635">
    <time id="T517S" value="00:32:00,169" />
Ek het gedoen wat moes om lewens te red.
  </s>
  <s id="636">
- Jy het nie om die lewe van Marv Hebner gegee vir jou saak.
    <time id="T518E" value="00:32:06,552" />
  </s>
  <s id="637">
    <time id="T519S" value="00:32:06,652" />
Ons het ook 'n bloudruk van CityLine aan boord gevind.
    <time id="T519E" value="00:32:10,076" />
  </s>
  <s id="638">
    <time id="T520S" value="00:32:10,176" />
Boo-ya.
    <time id="T520E" value="00:32:11,863" />
  </s>
  <s id="639">
    <time id="T521S" value="00:32:11,963" />
Klop dit?
  </s>
  <s id="640">
- Ja.
    <time id="T521E" value="00:32:13,228" />
  </s>
  <s id="641">
    <time id="T522S" value="00:32:13,237" />
Ek het die ontwerpe nie gesteel om die platform op te blaas.
    <time id="T522E" value="00:32:15,913" />
  </s>
  <s id="642">
    <time id="T523S" value="00:32:15,927" />
Ek wou daar aan boord gaan.
  </s>
  <s id="643">
Volgende maand.
    <time id="T523E" value="00:32:18,253" />
  </s>
  <s id="644">
    <time id="T524S" value="00:32:18,260" />
'n Protes aan boord teen boor op see sodat CityLine ons nie kan ignoreer.
    <time id="T524E" value="00:32:22,508" />
  </s>
  <s id="645">
    <time id="T525S" value="00:32:22,518" />
Ek sou sê, jy het hulle aandag.
  </s>
  <s id="646">
- Die ontploffing veroorsaak onherstelbare skade aan die ekosisteem van die oseaan.
    <time id="T526E" value="00:32:27,838" />
  </s>
  <s id="647">
    <time id="T527S" value="00:32:27,848" />
Ek wil best na die gevangenis gaan voor waar ek in geloof, maar dat is teen alles waarvoor ek staan?
  </s>
  <s id="648">
.
    <time id="T528E" value="00:32:35,395" />
  </s>
  <s id="649">
    <time id="T529S" value="00:32:43,148" />
Gabs, Gabs, Gabs.
    <time id="T529E" value="00:32:45,993" />
  </s>
  <s id="650">
    <time id="T530S" value="00:32:46,006" />
Gabs, om tyd te wen, sien jy?
    <time id="T530E" value="00:32:48,993" />
  </s>
  <s id="651">
    <time id="T531S" value="00:32:49,006" />
Doen dit daar maar mee.
  </s>
  <s id="652">
- Ek het iets met 'n visgeur, op ons bewys.
  </s>
  <s id="653">
Regtig geurige.
    <time id="T532E" value="00:32:54,255" />
  </s>
  <s id="654">
    <time id="T533S" value="00:32:54,355" />
Acipenser oxyrinchus.
    <time id="T533E" value="00:32:56,558" />
  </s>
  <s id="655">
    <time id="T534S" value="00:32:56,567" />
Ook geken as, die Noord-Atlantiese steur.
  </s>
  <s id="656">
- Die vond jy waar?
    <time id="T535E" value="00:33:01,192" />
  </s>
  <s id="657">
    <time id="T536S" value="00:33:01,292" />
Saamgesmelt met die ontsteker en ander puin op die brug.
    <time id="T536E" value="00:33:04,763" />
  </s>
  <s id="658">
    <time id="T537S" value="00:33:04,774" />
Hierdie vis staaltje is gewysig met die acrylaathars, kalium chroomsulfaat, formaldehied...
  </s>
  <s id="659">
- Abbs.
    <time id="T538E" value="00:33:11,287" />
  </s>
  <s id="660">
    <time id="T539S" value="00:33:11,854" />
In die Engels.
    <time id="T539E" value="00:33:13,231" />
  </s>
  <s id="661">
    <time id="T540S" value="00:33:13,331" />
Visleder.
    <time id="T540E" value="00:33:15,269" />
  </s>
  <s id="662">
    <time id="T541S" value="00:33:15,642" />
Van 'n werkschoen?
  </s>
  <s id="663">
- Nee, steurleder is skaars en uitermate duur, dus, Dit is meer 'n kwaliteit.
    <time id="T542E" value="00:33:23,963" />
  </s>
  <s id="664">
    <time id="T543S" value="00:33:23,972" />
Kan jy dit wat spesifiseer vir ons?
  </s>
  <s id="665">
- Kan ek, danksy 'n metaal scherf wat Ducky uit die liggaam van Hebner gehaal het. 
  </s>
  <s id="666">
Dit was nie net 'n bomscherf, dit is 'n stukkie legering van 'n legering tuimelaar sluitmeganisme.
    <time id="T545E" value="00:33:33,031" />
  </s>
  <s id="667">
    <time id="T546S" value="00:33:33,131" />
Afsonderlik het die slot en die leer geen steek.
    <time id="T546E" value="00:33:36,371" />
  </s>
  <s id="668">
    <time id="T547S" value="00:33:36,471" />
Maar as jy hulle saamvoeg, kry jy dit.
    <time id="T547E" value="00:33:39,154" />
  </s>
  <s id="669">
    <time id="T548S" value="00:33:40,637" />
Die Attache van Merion.
    <time id="T548E" value="00:33:42,541" />
  </s>
  <s id="670">
    <time id="T549S" value="00:33:42,641" />
Daar sit die bom in.
  </s>
  <s id="671">
- Een aktetas.
    <time id="T549E" value="00:33:45,731" />
  </s>
  <s id="672">
    <time id="T550S" value="00:33:45,831" />
Onskuldig genoeg om dit in volle sig te verberg.
    <time id="T550E" value="00:33:48,253" />
  </s>
  <s id="673">
    <time id="T551S" value="00:33:48,261" />
Goed gewerk, Abbs.
  </s>
  <s id="674">
- Sy is nog nie klaar nie.
    <time id="T551E" value="00:33:50,695" />
  </s>
  <s id="675">
    <time id="T552S" value="00:33:51,146" />
Hy ken my so goed.
    <time id="T552E" value="00:33:53,058" />
  </s>
  <s id="676">
    <time id="T553S" value="00:33:53,067" />
Ek vergelyk die geregistreerde aankope van die Merion attache met die personeel van CityLine en ek het 'n resultaat.
    <time id="T554E" value="00:34:00,976" />
  </s>
  <s id="677">
    <time id="T555S" value="00:34:01,176" />
Brett Creevy, regsafdeling.
    <time id="T555E" value="00:34:04,137" />
  </s>
  <s id="678">
    <time id="T556S" value="00:34:07,237" />
Beheer hy sy e-mail?
  </s>
  <s id="679">
Oh, dit is 'n selfvoldane klootzak, nie?
    <time id="T556E" value="00:34:11,433" />
  </s>
  <s id="680">
    <time id="T557S" value="00:34:11,441" />
'n Prokureur.
  </s>
  <s id="681">
- Baas.
    <time id="T557E" value="00:34:13,876" />
  </s>
  <s id="682">
    <time id="T558S" value="00:34:14,176" />
Die bom lê was maar 'n van die slegte besluite van Creevy.
    <time id="T558E" value="00:34:17,483" />
  </s>
  <s id="683">
    <time id="T559S" value="00:34:17,490" />
Hy verloor sy spaarcenten in die Broad Street ponzifraude, verlede jaar.
    <time id="T559E" value="00:34:21,444" />
  </s>
  <s id="684">
    <time id="T560S" value="00:34:21,579" />
Het nie veel op sy naam, tot aan die ontploffing.
    <time id="T560E" value="00:34:24,223" />
  </s>
  <s id="685">
    <time id="T561S" value="00:34:24,323" />
Nou blyk Creevy afgelope week aandele van CityLine te verkoop het.
    <time id="T561E" value="00:34:27,094" />
  </s>
  <s id="686">
    <time id="T562S" value="00:34:27,194" />
Eens die ontploffing bekend raak, doken die aandele af.
    <time id="T562E" value="00:34:30,166" />
  </s>
  <s id="687">
    <time id="T563S" value="00:34:30,266" />
Net soos met BP, na die voorval in die Golf.
    <time id="T563E" value="00:34:33,034" />
  </s>
  <s id="688">
    <time id="T564S" value="00:34:33,234" />
Wall Street.
  </s>
  <s id="689">
"Hebsug is goed".
    <time id="T564E" value="00:34:35,902" />
  </s>
  <s id="690">
    <time id="T565S" value="00:34:36,541" />
The Gekko.
    <time id="T565E" value="00:34:38,143" />
  </s>
  <s id="691">
    <time id="T566S" value="00:34:38,152" />
Ek hou van die film.
    <time id="T566E" value="00:34:40,193" />
  </s>
  <s id="692">
    <time id="T567S" value="00:34:40,205" />
Creevy verdien 'n bootlading geld, baas.
  </s>
  <s id="693">
- Definieer "bootlading".
    <time id="T567E" value="00:34:42,608" />
  </s>
  <s id="694">
    <time id="T568S" value="00:34:42,617" />
Miljoene.
    <time id="T568E" value="00:34:44,013" />
  </s>
  <s id="695">
    <time id="T569S" value="00:34:44,023" />
Ek traceerde sy fondse tot op 'n buitelandse rekening, waar ek 'n rekening het vir 'n charter vlug na die Maldives, wat vanaand vertrek.
    <time id="T571E" value="00:34:50,492" />
  </s>
  <s id="696">
    <time id="T572S" value="00:34:57,979" />
Hy is heeltemal vir jou, Borin.
    <time id="T572E" value="00:35:00,540" />
  </s>
  <s id="697">
    <time id="T573S" value="00:35:01,872" />
Met baie pret.
    <time id="T573E" value="00:35:03,768" />
  </s>
  <s id="698">
    <time id="T574S" value="00:35:05,000" />
Sukses.
    <time id="T574E" value="00:35:06,856" />
  </s>
  <s id="699">
    <time id="T575S" value="00:35:11,281" />
Is dat wel 'n goeie idee, baas?
    <time id="T575E" value="00:35:13,129" />
  </s>
  <s id="700">
    <time id="T576S" value="00:35:13,229" />
Want die laaste keer, is sy tekere gegaan as "Dirty Harry".
    <time id="T576E" value="00:35:15,997" />
  </s>
  <s id="701">
    <time id="T577S" value="00:35:16,443" />
Maar, agent Borin is is 'n professionele en ek het vertroue in haar.
    <time id="T577E" value="00:35:20,255" />
  </s>
  <s id="702">
    <time id="T578S" value="00:35:29,768" />
Ek sit hier al byna 'n uur, agent Borin.
    <time id="T578E" value="00:35:32,558" />
  </s>
  <s id="703">
    <time id="T579S" value="00:35:32,567" />
U het die volle samewerking CityLine, maar ek moet my ook aan 'n skedule hou.
    <time id="T579E" value="00:35:35,818" />
  </s>
  <s id="704">
    <time id="T580S" value="00:35:35,824" />
Dit verstaan ek.
    <time id="T580E" value="00:35:37,499" />
  </s>
  <s id="705">
    <time id="T581S" value="00:35:38,471" />
Jy wil vas na huis om te pak vir die reis.
    <time id="T581E" value="00:35:41,066" />
  </s>
  <s id="706">
    <time id="T582S" value="00:35:41,266" />
Reis?
  </s>
  <s id="707">
Waar het jy dit oor?
    <time id="T582E" value="00:35:42,621" />
  </s>
  <s id="708">
    <time id="T583S" value="00:35:42,721" />
Jy het 'n enkele reis gekoop na die Maldives, dat is 'n mooi keuse.
    <time id="T583E" value="00:35:46,580" />
  </s>
  <s id="709">
    <time id="T584S" value="00:35:46,680" />
Dit het pragtige wit strande, palmbome en geen uitlewering.
    <time id="T585E" value="00:35:53,159" />
  </s>
  <s id="710">
    <time id="T586S" value="00:35:54,934" />
Ek weet dat jy 'n stuk bagasie nie kan neem.
    <time id="T586E" value="00:35:57,988" />
  </s>
  <s id="711">
    <time id="T587S" value="00:36:00,083" />
Die interessante is, ek het getuies op die platform, wat onthou het, die môre van die ontploffing en jy hierdie aktetas dra.
    <time id="T588E" value="00:36:07,806" />
  </s>
  <s id="712">
    <time id="T589S" value="00:36:08,078" />
Maar, niemand skyn om te onthou dat jy daarmee vertrek.
    <time id="T589E" value="00:36:12,163" />
  </s>
  <s id="713">
    <time id="T590S" value="00:36:12,172" />
Selfs Perry Davidson nie, wie jy die hele dag vergesel het.
    <time id="T590E" value="00:36:16,480" />
  </s>
  <s id="714">
    <time id="T591S" value="00:36:18,701" />
Miskien is dit nou die tyd om te sê dat daar 'n ploeg agente jou huis nou deursoek.
  </s>
  <s id="715">
Oh, ja.
    <time id="T592E" value="00:36:24,809" />
  </s>
  <s id="716">
    <time id="T593S" value="00:36:26,007" />
Hulle het gevind materiaal om bomme te maak in jou garage.
    <time id="T593E" value="00:36:29,573" />
  </s>
  <s id="717">
    <time id="T594S" value="00:36:30,967" />
Dus, as 'n kaartjie na die dodesel jy nie aanspreek, Mr Creevy, dan stel ek voor dat jy begin te praat.
    <time id="T595E" value="00:36:40,939" />
  </s>
  <s id="718">
    <time id="T596S" value="00:36:46,618" />
Dit is nie soos ek dit beplan het.
    <time id="T596E" value="00:36:48,936" />
  </s>
  <s id="719">
    <time id="T597S" value="00:36:49,880" />
Ek het nie geweet dat Hebner op die brug sou wees tydens die oefening.
    <time id="T597E" value="00:36:53,984" />
  </s>
  <s id="720">
    <time id="T598S" value="00:36:55,235" />
Ek wou net die geld, niemand mag gewond raak.
    <time id="T598E" value="00:36:57,739" />
  </s>
  <s id="721">
    <time id="T599S" value="00:36:58,139" />
Ek sweer het.
    <time id="T599E" value="00:37:00,064" />
  </s>
  <s id="722">
    <time id="T600S" value="00:37:02,606" />
Dus, dat is dit? 
  </s>
  <s id="723">
Hy gekraak reeds?
  </s>
  <s id="724">
- Volledige bekentenis in tien minute.
    <time id="T600E" value="00:37:05,500" />
  </s>
  <s id="725">
    <time id="T601S" value="00:37:05,600" />
Wind jy nie op my rekord is vyf.
    <time id="T601E" value="00:37:07,610" />
  </s>
  <s id="726">
    <time id="T602S" value="00:37:07,710" />
Dr Mallard, wat het jy daar?
  </s>
  <s id="727">
- Dit my beste, is die duiwelse ding, dat me die laaste dae gek gemaak het.
    <time id="T603E" value="00:37:15,570" />
  </s>
  <s id="728">
    <time id="T604S" value="00:37:16,168" />
Die DenkGeek Irriteer-tron?
  </s>
  <s id="729">
- Ja, irriteer is 'n onderskatting
    <time id="T604E" value="00:37:20,648" />
  </s>
  <s id="730">
    <time id="T605S" value="00:37:20,657" />
Ja, ek het van sulke dinge gehoor.
    <time id="T605E" value="00:37:21,828" />
  </s>
  <s id="731">
    <time id="T606S" value="00:37:21,836" />
Hulle stuur tussenposes hoë-frekwensie klanke uit.
    <time id="T606E" value="00:37:24,163" />
  </s>
  <s id="732">
    <time id="T607S" value="00:37:24,172" />
Wat dit onmoontlik maak om dit te vind.
    <time id="T607E" value="00:37:26,523" />
  </s>
  <s id="733">
    <time id="T608S" value="00:37:26,623" />
Wat die bedoeling is, vermoed ek.
  </s>
  <s id="734">
Ek het dit uiteindelik tog, weggestopt in my lessenaar lamp.
    <time id="T609E" value="00:37:34,934" />
  </s>
  <s id="735">
    <time id="T610S" value="00:37:35,034" />
Dink daar aan, Anthony, wraak kan soet wees.
    <time id="T610E" value="00:37:39,301" />
  </s>
  <s id="736">
    <time id="T611S" value="00:37:39,676" />
Wat?
    <time id="T611E" value="00:37:41,111" />
  </s>
  <s id="737">
    <time id="T612S" value="00:37:41,411" />
Waarom dink almal dat dit ek is?
  </s>
  <s id="738">
- Omdat daar jou niks oorkom het.
    <time id="T612E" value="00:37:44,533" />
  </s>
  <s id="739">
    <time id="T613S" value="00:37:44,545" />
En omdat jy " jy" is.
    <time id="T613E" value="00:37:46,519" />
  </s>
  <s id="740">
    <time id="T614S" value="00:37:47,141" />
Borin, komaan, jy weet dat ek onskuldig is, steun me.
    <time id="T614E" value="00:37:50,850" />
  </s>
  <s id="741">
    <time id="T615S" value="00:37:54,012" />
Ek verstaan dit.
  </s>
  <s id="742">
Wel, ek is opgestel.
    <time id="T615E" value="00:37:57,707" />
  </s>
  <s id="743">
    <time id="T616S" value="00:37:57,807" />
Ek sal dit tot op die bodem uitspitten.
  </s>
  <s id="744">
Wag maar af.
    <time id="T616E" value="00:38:00,970" />
  </s>
  <s id="745">
    <time id="T617S" value="00:38:10,673" />
Jy is al op die bodem, DiNozzo.
    <time id="T617E" value="00:38:13,470" />
  </s>
  <s id="746">
    <time id="T618S" value="00:38:23,184" />
Jou geheim is veilig by me.
  </s>
  <s id="747">
'n Verzwaarde toerusting.
    <time id="T618E" value="00:38:26,773" />
  </s>
  <s id="748">
    <time id="T619S" value="00:38:26,780" />
Die oudste mariniersgrap wat daar is.
    <time id="T619E" value="00:38:29,187" />
  </s>
  <s id="749">
    <time id="T620S" value="00:38:31,890" />
Ek het geen idee waaroor jy dit het.
  </s>
  <s id="750">
- Juis.
    <time id="T620E" value="00:38:34,501" />
  </s>
  <s id="751">
    <time id="T621S" value="00:38:34,699" />
He, ek wil jou iets vra.
    <time id="T621E" value="00:38:37,759" />
  </s>
  <s id="752">
    <time id="T622S" value="00:38:40,010" />
As jy die korps verlaat het, was die kuswag die verandering waar jy na gesoek het?
    <time id="T622E" value="00:38:43,868" />
  </s>
  <s id="753">
    <time id="T623S" value="00:38:47,470" />
Nie presies nie.
  </s>
  <s id="754">
In die begin tog nie.
    <time id="T623E" value="00:38:50,076" />
  </s>
  <s id="755">
    <time id="T624S" value="00:38:52,159" />
Dit was meer vlugte dan 'n nuwe begin.
    <time id="T624E" value="00:38:54,949" />
  </s>
  <s id="756">
    <time id="T625S" value="00:38:59,421" />
Maar uiteindelik was dit meer.
    <time id="T625E" value="00:39:02,029" />
  </s>
  <s id="757">
    <time id="T626S" value="00:39:02,129" />
Die werk begin iets te beteken.
    <time id="T626E" value="00:39:04,617" />
  </s>
  <s id="758">
    <time id="T627S" value="00:39:05,289" />
Dit het begin te voel as...
    <time id="T627E" value="00:39:07,492" />
  </s>
  <s id="759">
    <time id="T628S" value="00:39:07,692" />
Terug 'n gevoel van waarde te hê?
    <time id="T628E" value="00:39:10,072" />
  </s>
  <s id="760">
    <time id="T629S" value="00:39:13,925" />
Jy is goed.
    <time id="T629E" value="00:39:16,376" />
  </s>
  <s id="761">
    <time id="T630S" value="00:39:19,095" />
Vertel my hoe die storie eindig en dan is ek regtig onder die indruk.
    <time id="T630E" value="00:39:22,274" />
  </s>
  <s id="762">
    <time id="T631S" value="00:39:23,510" />
Dit hang van jou af, Borin.
    <time id="T631E" value="00:39:25,968" />
  </s>
  <s id="763">
    <time id="T632S" value="00:39:26,168" />
Hoekom?
    <time id="T632E" value="00:39:28,293" />
  </s>
  <s id="764">
    <time id="T633S" value="00:39:28,693" />
Ooit gedink oor 'n ander verandering?
    <time id="T633E" value="00:39:31,705" />
  </s>
  <s id="765">
    <time id="T634S" value="00:39:37,774" />
Dit is 'n verleidelike gedagte.
    <time id="T634E" value="00:39:39,818" />
  </s>
  <s id="766">
    <time id="T635S" value="00:39:39,828" />
Ek sou lieg as ek sê dat ek dit nog nie het oorweeg.
    <time id="T635E" value="00:39:43,111" />
  </s>
  <s id="767">
    <time id="T636S" value="00:39:43,889" />
Maar ek dink nie dat ek by die kuswag al klaar is. 
  </s>
  <s id="768">
Dit pas my nog goed.
    <time id="T636E" value="00:39:48,792" />
  </s>
  <s id="769">
    <time id="T637S" value="00:39:48,827" />
Verder, ek moet Omagi nog baie leer voor hy dit kan oorneem.
    <time id="T637E" value="00:39:52,789" />
  </s>
  <s id="770">
    <time id="T638S" value="00:39:54,189" />
Dit kan ek nie weerspreek nie.
    <time id="T638E" value="00:39:56,296" />
  </s>
  <s id="771">
    <time id="T639S" value="00:39:58,915" />
Borin.
  </s>
  <s id="772">
Ja, ek kom so.
    <time id="T639E" value="00:40:01,948" />
  </s>
  <s id="773">
    <time id="T640S" value="00:40:05,019" />
Wel, dit is sover.
  </s>
  <s id="774">
Dankie vir die drank.
    <time id="T640E" value="00:40:07,539" />
  </s>
  <s id="775">
    <time id="T641S" value="00:40:12,473" />
Stel, dat ek 'n verandering wil, in die nabye toekoms?
    <time id="T641E" value="00:40:17,217" />
  </s>
  <s id="776">
    <time id="T642S" value="00:40:18,729" />
Ek gaan nêrens heen.
    <time id="T642E" value="00:40:21,245" />
  </s>
  <s id="777">
    <time id="T643S" value="00:40:23,064" />
Semper fi, Gibbs.
    <time id="T643E" value="00:40:24,915" />
  </s>
  <s id="778">
    <time id="T644S" value="00:40:29,868" />
Altyd bereid,
    <time id="T644E" value="00:40:32,226" />
  </s>
  <s id="779">
    <time id="T645S" value="00:40:35,129" />
Borin.
    <time id="T645E" value="00:40:37,229" />
  </s>
  <s id="780">
    <time id="T646S" value="00:40:39,987" />
Vertaling en sync deur: 
  </s>
  <s id="781">
Rie van die Buggy's
    <time id="T646E" value="00:40:45,208" />
  </s>
  <meta>
    <conversion>
      <tokens>7029</tokens>
      <encoding>windows-1252</encoding>
      <corrected_words>0</corrected_words>
      <truecased_words>1</truecased_words>
      <unknown_words>0</unknown_words>
      <sentences>781</sentences>
      <ignored_blocks>0</ignored_blocks>
    </conversion>
    <subtitle>
      <machine_translated>0</machine_translated>
      <date>2013-12-07</date>
      <language>Afrikaans</language>
      <confidence>1.0</confidence>
      <duration>00:40:45,208</duration>
      <blocks>646</blocks>
      <version>1</version>
      <rating>1.0</rating>
    </subtitle>
    <source>
      <year>2013</year>
      <duration>41</duration>
      <cds>1/1</cds>
      <genre>Action,Comedy,Crime</genre>
      <HD>1</HD>
    </source>
  </meta>
</document>
