<?xml version="1.0" encoding="utf-8"?>
<document id="5335766">
  <s id="1">
    <time id="T1S" value="00:00:00,300" />
NCIS.S11E04.HDTV.x264-LOL
    <time id="T1E" value="00:00:01,812" />
  </s>
  <s id="2">
    <time id="T2S" value="00:00:05,002" />
Bobby, Bobby tog.
    <time id="T2E" value="00:00:06,463" />
  </s>
  <s id="3">
    <time id="T3S" value="00:00:06,513" />
Hoe dikwels moet ek dit vir jou nog sê, ek wil geen water gevul.
    <time id="T3E" value="00:00:09,099" />
  </s>
  <s id="4">
    <time id="T4S" value="00:00:10,022" />
Omdat hulle in die beste geval gaan lek en erger nog jy kry daar swam deur.
    <time id="T5E" value="00:00:15,815" />
  </s>
  <s id="5">
    <time id="T6S" value="00:00:15,865" />
Ja.
    <time id="T6E" value="00:00:17,194" />
  </s>
  <s id="6">
    <time id="T7S" value="00:00:17,922" />
As jy daar het met 'n bokwiet vulling, wat kan ek ruil met ferweel kussings.
    <time id="T7E" value="00:00:22,909" />
  </s>
  <s id="7">
    <time id="T8S" value="00:00:23,109" />
Hulle is geweldig vir die maak van koppe.
    <time id="T8E" value="00:00:25,492" />
  </s>
  <s id="8">
    <time id="T9S" value="00:00:25,542" />
Snap jy 'm?
  </s>
  <s id="9">
Hoof lyne.
    <time id="T9E" value="00:00:28,220" />
  </s>
  <s id="10">
    <time id="T10S" value="00:00:28,520" />
Kussing humor.
    <time id="T10E" value="00:00:30,464" />
  </s>
  <s id="11">
    <time id="T11S" value="00:00:34,329" />
Ek bel jou straks terug, OK?
    <time id="T11E" value="00:00:36,524" />
  </s>
  <s id="12">
    <time id="T12S" value="00:00:58,939" />
NCIS Seisoen 11 
  </s>
  <s id="13">
- Episode 4 Anonymous Was a Woman
    <time id="T12E" value="00:01:04,175" />
  </s>
  <s id="14">
    <time id="T13S" value="00:01:24,856" />
Vertaling en sync deur: 
  </s>
  <s id="15">
Rie van die Buggy's
    <time id="T13E" value="00:01:28,311" />
  </s>
  <s id="16">
    <time id="T14S" value="00:01:34,455" />
Nie baie slim.
    <time id="T14E" value="00:01:35,815" />
  </s>
  <s id="17">
    <time id="T15S" value="00:01:35,865" />
As Tony jou sien terwyl jy snuffel dan...
    <time id="T15E" value="00:01:37,808" />
  </s>
  <s id="18">
    <time id="T16S" value="00:01:37,858" />
Weet jy? 
  </s>
  <s id="19">
Dan wil ek nie eens weet wat hy dink?
    <time id="T16E" value="00:01:40,166" />
  </s>
  <s id="20">
    <time id="T17S" value="00:01:40,216" />
Ek snuffel nie.
  </s>
  <s id="21">
Ek was nie aan die snuffel.
    <time id="T17E" value="00:01:42,292" />
  </s>
  <s id="22">
    <time id="T18S" value="00:01:42,342" />
Ek het net voor, euh, 'n handtekening van agent DiNozzo en iets op sy lessenaar trek my aandag.
    <time id="T19E" value="00:01:47,611" />
  </s>
  <s id="23">
    <time id="T20S" value="00:01:47,661" />
Is daar iets op my lessenaar dat ooit jou aandag het getrek?
    <time id="T20E" value="00:01:49,766" />
  </s>
  <s id="24">
    <time id="T21S" value="00:01:53,005" />
Dit spyt my.
  </s>
  <s id="25">
Is dit 'n strikvraag?
    <time id="T21E" value="00:01:54,790" />
  </s>
  <s id="26">
    <time id="T22S" value="00:01:54,840" />
Jimmy, ons moet mekaar se privaatheid respekteer, jy verbaas my.
    <time id="T22E" value="00:01:57,791" />
  </s>
  <s id="27">
    <time id="T23S" value="00:01:57,841" />
Ek weet dit, maar, ek kon myself nie beheer nie.
    <time id="T23E" value="00:02:00,017" />
  </s>
  <s id="28">
    <time id="T24S" value="00:02:00,871" />
Tony is nie die man wat 'n handgeskrewe nota skryf.
    <time id="T24E" value="00:02:03,342" />
  </s>
  <s id="29">
    <time id="T25S" value="00:02:03,392" />
Wie is Jessica?
    <time id="T25E" value="00:02:05,072" />
  </s>
  <s id="30">
    <time id="T26S" value="00:02:06,426" />
Tony sê dat sy geweldig is en niks dan...
    <time id="T26E" value="00:02:09,275" />
  </s>
  <s id="31">
    <time id="T27S" value="00:02:09,325" />
Niks dan geluk verdien.
  </s>
  <s id="32">
Dit spyt my ontsettend voor...
    <time id="T27E" value="00:02:12,805" />
  </s>
  <s id="33">
    <time id="T28S" value="00:02:13,205" />
Vir wat? 
  </s>
  <s id="34">
Dat hy skryf nie.
  </s>
  <s id="35">
- Omdat dit nog nie af is.
    <time id="T28E" value="00:02:16,455" />
  </s>
  <s id="36">
    <time id="T29S" value="00:02:16,655" />
En, dit is julle sake nie, Jim, Tim.
    <time id="T29E" value="00:02:20,372" />
  </s>
  <s id="37">
    <time id="T30S" value="00:02:20,572" />
Dit verbaas my dat julle op m'n lessenaar neuse. 
  </s>
  <s id="38">
Veral jy, James Palmer.
    <time id="T30E" value="00:02:24,221" />
  </s>
  <s id="39">
    <time id="T31S" value="00:02:24,271" />
Ek is baie kwaad vir jou en word nog boser in vyf, vier, drie...
    <time id="T31E" value="00:02:28,139" />
  </s>
  <s id="40">
    <time id="T32S" value="00:02:30,556" />
Wat?
  </s>
  <s id="41">
- Jessica is die danseres waarmee jy afsprak net oor vier jaar gelede.
  </s>
  <s id="42">
- Geen kommentaar.
    <time id="T33E" value="00:02:36,026" />
  </s>
  <s id="43">
    <time id="T34S" value="00:02:37,968" />
Sit jy in 'n twaalfstappen program vir die genesing van misogynists?
    <time id="T34E" value="00:02:41,769" />
  </s>
  <s id="44">
    <time id="T35S" value="00:02:45,491" />
Die afgelope weke was, interessant, is dit nie?
    <time id="T36E" value="00:02:50,957" />
  </s>
  <s id="45">
    <time id="T37S" value="00:02:51,651" />
Dit het my doen nadenke oor die keuses wat ons maak en die mense, weet jy, wat ons
    <time id="T38E" value="00:02:58,226" />
  </s>
  <s id="46">
    <time id="T39S" value="00:02:59,555" />
in ons lewe laat of nie en ek probeer dit net te verbeter.
    <time id="T39E" value="00:03:03,087" />
  </s>
  <s id="47">
    <time id="T40S" value="00:03:03,387" />
Is daar nog vrae?
  </s>
  <s id="48">
- Ja, wat het jy gedoen met die egte Tony?
    <time id="T40E" value="00:03:06,958" />
  </s>
  <s id="49">
    <time id="T41S" value="00:03:07,058" />
Miskien is dit die ware Tony.
  </s>
  <s id="50">
- Gryp jou dinge.
    <time id="T41E" value="00:03:10,247" />
  </s>
  <s id="51">
    <time id="T42S" value="00:03:11,055" />
Verskoon?
    <time id="T42E" value="00:03:12,412" />
  </s>
  <s id="52">
    <time id="T43S" value="00:03:12,512" />
Wie het jou uit die polygraafkamer gelaat?
  </s>
  <s id="53">
- Agent Gibbs.
    <time id="T43E" value="00:03:14,939" />
  </s>
  <s id="54">
    <time id="T44S" value="00:03:14,989" />
Hy het me gebel en gevra om te help om bewys te versamel op die plek van die misdaad.
    <time id="T44E" value="00:03:18,518" />
  </s>
  <s id="55">
    <time id="T45S" value="00:03:19,716" />
Daar is geen misdaad plek.
  </s>
  <s id="56">
- Nou wel.
    <time id="T45E" value="00:03:22,574" />
  </s>
  <s id="57">
    <time id="T46S" value="00:03:22,674" />
Maar jy versamel geen bewys.
    <time id="T46E" value="00:03:24,526" />
  </s>
  <s id="58">
    <time id="T47S" value="00:03:24,826" />
Wel, die tye verander, ouens.
    <time id="T47E" value="00:03:28,679" />
  </s>
  <s id="59">
    <time id="T48S" value="00:03:29,553" />
Dat is al die derde waar Gibbs ons mee laat optrek die afgelope week.
    <time id="T48E" value="00:03:32,923" />
  </s>
  <s id="60">
    <time id="T49S" value="00:03:32,973" />
Ek begin al te dink dat hy geen vertroue het in ons.
    <time id="T49E" value="00:03:36,590" />
  </s>
  <s id="61">
    <time id="T50S" value="00:03:44,115" />
Die eienaar van die winkel, wat die woonstel gehuur sê dat sy Patricia Moreno heet.
    <time id="T51E" value="00:03:48,128" />
  </s>
  <s id="62">
    <time id="T52S" value="00:03:48,178" />
Die agente van die nooddiens het gevind dat hierdie en het gebel ons.
    <time id="T52E" value="00:03:50,928" />
  </s>
  <s id="63">
    <time id="T53S" value="00:03:51,028" />
Dankie.
    <time id="T53E" value="00:03:52,904" />
  </s>
  <s id="64">
    <time id="T54S" value="00:03:53,141" />
Dit is erger as wat ons gedink het.
  </s>
  <s id="65">
Sy vra die voltydse funksie van kriminele navorser aan.
  </s>
  <s id="66">
Gibbs voer die voorlopige oorsig uit.
    <time id="T55E" value="00:04:00,809" />
  </s>
  <s id="67">
    <time id="T56S" value="00:04:00,859" />
Wat is die plan?
    <time id="T56E" value="00:04:02,116" />
  </s>
  <s id="68">
    <time id="T57S" value="00:04:02,166" />
Sy sal hom nie so maklik laat afskrik as die ander.
    <time id="T57E" value="00:04:04,898" />
  </s>
  <s id="69">
    <time id="T58S" value="00:04:04,948" />
Ons mag aan Gibbs nie laat blyk dat sy ons irriteer.
    <time id="T58E" value="00:04:07,575" />
  </s>
  <s id="70">
    <time id="T59S" value="00:04:07,625" />
Hy sal dink ons ons bedreig voel.
  </s>
  <s id="71">
Wat hy graag sal hê.
    <time id="T59E" value="00:04:10,218" />
  </s>
  <s id="72">
    <time id="T60S" value="00:04:10,268" />
Het die eienaar iets gesê?
    <time id="T60E" value="00:04:11,580" />
  </s>
  <s id="73">
    <time id="T61S" value="00:04:11,630" />
Nee, hy gehuur haar die woonstel 2,5 jaar gelede en verkoop sersant Morena 'n liggaamkussing...
  </s>
  <s id="74">
- Waarna hy haar amper nog gesien het.
    <time id="T62E" value="00:04:18,534" />
  </s>
  <s id="75">
    <time id="T63S" value="00:04:18,634" />
Hy het gesê dat sy nogal teruggetrokke was.
  </s>
  <s id="76">
Ons het gehoor jy verhoor.
    <time id="T63E" value="00:04:21,703" />
  </s>
  <s id="77">
    <time id="T64S" value="00:04:21,753" />
Wat jy baie goed gedoen het.
  </s>
  <s id="78">
- Regtig?
    <time id="T64E" value="00:04:24,014" />
  </s>
  <s id="79">
    <time id="T65S" value="00:04:24,441" />
Hoekom?
  </s>
  <s id="80">
- Wel, euh, dit het alle...
  </s>
  <s id="81">
Oh, kyk, daar het ons Ducky.
    <time id="T66E" value="00:04:30,899" />
  </s>
  <s id="82">
    <time id="T67S" value="00:04:30,999" />
Die eerste geken gebruik van 'n kussing dateer van 7000 vC.
    <time id="T67E" value="00:04:35,593" />
  </s>
  <s id="83">
    <time id="T68S" value="00:04:35,643" />
Natuurlik kon toe net die rykes hom die luukse bekostig.
    <time id="T68E" value="00:04:40,066" />
  </s>
  <s id="84">
    <time id="T69S" value="00:04:40,166" />
Kyk wat jy nou vir 30 dollar het.
    <time id="T69E" value="00:04:42,440" />
  </s>
  <s id="85">
    <time id="T70S" value="00:04:43,167" />
Ek het altyd al 'n liggaamkussing gewil.
  </s>
  <s id="86">
- Is jy gereed met inkopies, Palmer?
    <time id="T70E" value="00:04:46,846" />
  </s>
  <s id="87">
    <time id="T71S" value="00:04:46,896" />
Wel, ek het eintlik my oog op 'n bokwiet kniekussing laat val.
    <time id="T71E" value="00:04:51,629" />
  </s>
  <s id="88">
    <time id="T72S" value="00:04:51,864" />
Sien jy, die interessante van bokwiet is dat...
    <time id="T72E" value="00:04:54,999" />
  </s>
  <s id="89">
    <time id="T73S" value="00:04:56,679" />
Laat maar sit.
  </s>
  <s id="90">
Oh, hallo.
    <time id="T73E" value="00:04:59,578" />
  </s>
  <s id="91">
    <time id="T74S" value="00:04:59,628" />
Hallo.
    <time id="T74E" value="00:05:01,478" />
  </s>
  <s id="92">
    <time id="T75S" value="00:05:01,528" />
Wat het ons hier?
  </s>
  <s id="93">
- 'n Gemors.
    <time id="T75E" value="00:05:04,546" />
  </s>
  <s id="94">
    <time id="T76S" value="00:05:04,596" />
Oh, liewe hemel.
    <time id="T76E" value="00:05:06,932" />
  </s>
  <s id="95">
    <time id="T77S" value="00:05:07,639" />
Duidelik veroorsaak deur een of ander suur.
    <time id="T77E" value="00:05:10,349" />
  </s>
  <s id="96">
    <time id="T78S" value="00:05:10,399" />
Gesien ek daaraan twyfel dat sy stil sit bleef, vermoedelik na die dood toegedien.
  </s>
  <s id="97">
- Maak die oorsaak van dood bepaal moeilik.
    <time id="T79E" value="00:05:18,436" />
  </s>
  <s id="98">
    <time id="T80S" value="00:05:19,080" />
Veral as dit 'n trauma op die hoof was.
  </s>
  <s id="99">
- Ja, dat was dalk die bedoeling.
    <time id="T80E" value="00:05:22,687" />
  </s>
  <s id="100">
    <time id="T81S" value="00:05:23,093" />
Laat ons die dame saamneem, vir ons nog verder spekuleer hoe sy gesterf het.
    <time id="T81E" value="00:05:28,662" />
  </s>
  <s id="101">
    <time id="T82S" value="00:05:28,712" />
Ons kan wel spekuleer waarom, Duck.
  </s>
  <s id="102">
- Daar skyn niks te ontbreek.
    <time id="T82E" value="00:05:32,887" />
  </s>
  <s id="103">
    <time id="T83S" value="00:05:33,526" />
Wat doen vermoed dat dit geen roof was.
  </s>
  <s id="104">
- McGee.
    <time id="T83E" value="00:05:36,322" />
  </s>
  <s id="105">
    <time id="T84S" value="00:05:36,372" />
Waar is sy aangestel?
    <time id="T84E" value="00:05:38,241" />
  </s>
  <s id="106">
    <time id="T85S" value="00:05:38,291" />
Nêrens.
    <time id="T85E" value="00:05:39,969" />
  </s>
  <s id="107">
    <time id="T86S" value="00:05:41,090" />
Sersant Moreno is in Afghanistan gesterf, byna drie jaar gelede.
    <time id="T86E" value="00:05:44,945" />
  </s>
  <s id="108">
    <time id="T87S" value="00:05:45,585" />
Wel, wie is sy dan, verdomme?
    <time id="T87E" value="00:05:48,942" />
  </s>
  <s id="109">
    <time id="T88S" value="00:06:00,004" />
Die ware Sersant Moreno is gedood deur 'n geïmproviseerde bom in Afghanistan, drie jaar gelede.
  </s>
  <s id="110">
- Haar liggaam is oorgeplaas na Dover en begrawe in haar woonplek in Kansas.
  </s>
  <s id="111">
- Ons kan veronderstel, dat iewers op pad na huis haar identifikasie gesteel is en gebruik is deur, wie dit ook is, om 'n nuwe identiteit te skep.
    <time id="T92E" value="00:06:16,090" />
  </s>
  <s id="112">
    <time id="T93S" value="00:06:16,290" />
Die bedrieër gebruikte die identiteit om die kredietkaart en rybewys te bekom en selfs 'n Amazon Prime rekening.
    <time id="T94E" value="00:06:21,650" />
  </s>
  <s id="113">
    <time id="T95S" value="00:06:21,950" />
Dieselfde lengte, dieselfde liggaamsbou.
  </s>
  <s id="114">
- Doe het die bedrieër die ID verkry?
    <time id="T95E" value="00:06:25,049" />
  </s>
  <s id="115">
    <time id="T96S" value="00:06:25,099" />
Die werd saam met die besittings van sersant Moreno na haar huis toe gestuur, na haar afsterwe.
  </s>
  <s id="116">
- Maar Susan het met die familie gepraat en hulle sê dat dit nooit is aangekom.
  </s>
  <s id="117">
Sy doen nog navraag, maar ek sou my asem inhou nie.
    <time id="T99E" value="00:06:37,319" />
  </s>
  <s id="118">
    <time id="T100S" value="00:06:37,369" />
Jou asem nie inhou nie, hoezo?
    <time id="T100E" value="00:06:39,396" />
  </s>
  <s id="119">
    <time id="T101S" value="00:06:39,446" />
Hy bedoel dat Susan 'n poligraaf vrou is, nie regtig 'n mensekenner.
    <time id="T101E" value="00:06:43,526" />
  </s>
  <s id="120">
    <time id="T102S" value="00:06:44,111" />
Maar ons mag haar wel.
  </s>
  <s id="121">
- Ons vind haar geweldig.
    <time id="T102E" value="00:06:46,170" />
  </s>
  <s id="122">
    <time id="T103S" value="00:06:46,220" />
So...
  </s>
  <s id="123">
- Dit beval ons wel.
    <time id="T103E" value="00:06:48,717" />
  </s>
  <s id="124">
    <time id="T104S" value="00:06:48,904" />
Wat beval julle?
    <time id="T104E" value="00:06:50,770" />
  </s>
  <s id="125">
    <time id="T105S" value="00:06:54,591" />
Dit is duidelik dat jy op soek is na 'n plaasvervanger.
    <time id="T105E" value="00:06:57,244" />
  </s>
  <s id="126">
    <time id="T106S" value="00:06:58,171" />
Motief?
  </s>
  <s id="127">
- Dat weet ek nie, miskien dink jy dat ons hulp nodig het.
  </s>
  <s id="128">
Drie is 'n magiese getal. 
  </s>
  <s id="129">
Wie weet?
    <time id="T107E" value="00:07:03,059" />
  </s>
  <s id="130">
    <time id="T108S" value="00:07:03,109" />
Maar, ons het niemand anders nodig, baas en ons wil niemand.
    <time id="T108E" value="00:07:06,824" />
  </s>
  <s id="131">
    <time id="T109S" value="00:07:06,874" />
Ek het dit oor die moord.
  </s>
  <s id="132">
Maar as julle jy bedreig voel?
    <time id="T109E" value="00:07:10,569" />
  </s>
  <s id="133">
    <time id="T110S" value="00:07:11,444" />
Nee, nee...
  </s>
  <s id="134">
- Nee, nie bedreig nie.
    <time id="T110E" value="00:07:13,412" />
  </s>
  <s id="135">
    <time id="T111S" value="00:07:13,512" />
Wat is die motief?
    <time id="T111E" value="00:07:15,627" />
  </s>
  <s id="136">
    <time id="T112S" value="00:07:15,677" />
Juis.
    <time id="T112E" value="00:07:17,053" />
  </s>
  <s id="137">
    <time id="T113S" value="00:07:17,103" />
Een van die bure het gesê dat die slagoffer gewerk as meid in 'n nabygeleë motel.
    <time id="T113E" value="00:07:21,572" />
  </s>
  <s id="138">
    <time id="T114S" value="00:07:21,772" />
Daar word daar heel wat dwelms verhandel.
  </s>
  <s id="139">
- Minstens elke jaar 'n paar moorde.
    <time id="T114E" value="00:07:24,719" />
  </s>
  <s id="140">
    <time id="T115S" value="00:07:24,819" />
Ons dink dat sy dalk iets gesien het, wat haar die lewe gekos het.
    <time id="T115E" value="00:07:26,950" />
  </s>
  <s id="141">
    <time id="T116S" value="00:07:27,000" />
DiNozzo, die motel.
    <time id="T116E" value="00:07:28,791" />
  </s>
  <s id="142">
    <time id="T117S" value="00:07:28,841" />
McGee, gaan na of Ducky die liggaam al skoongemaak het.
    <time id="T117E" value="00:07:31,909" />
  </s>
  <s id="143">
    <time id="T118S" value="00:07:32,109" />
Wie is sy?
  </s>
  <s id="144">
Soek die uit.
    <time id="T118E" value="00:07:34,941" />
  </s>
  <s id="145">
    <time id="T119S" value="00:07:38,380" />
He, Abby. 
  </s>
  <s id="146">
Ducky het gesê dat jy afdrukke van ons onbekende kon neem.
    <time id="T119E" value="00:07:41,680" />
  </s>
  <s id="147">
    <time id="T120S" value="00:07:41,780" />
Geluk gehad?
  </s>
  <s id="148">
- Geluk.
    <time id="T120E" value="00:07:44,295" />
  </s>
  <s id="149">
    <time id="T121S" value="00:07:44,701" />
Dink jy dat dit hier so werk?
    <time id="T121E" value="00:07:46,998" />
  </s>
  <s id="150">
    <time id="T122S" value="00:07:47,098" />
Nee, ek bedoel net...
  </s>
  <s id="151">
- Dit is Dinsdag, dus, nie terugtrekke.
    <time id="T122E" value="00:07:50,549" />
  </s>
  <s id="152">
    <time id="T123S" value="00:07:50,749" />
Die vingers van die slagoffer was te swaar verbrand vir die identifisering.
    <time id="T123E" value="00:07:54,211" />
  </s>
  <s id="153">
    <time id="T124S" value="00:07:54,311" />
Ek kon egter vind watter chemiese daar gebruik is.
    <time id="T124E" value="00:07:57,205" />
  </s>
  <s id="154">
    <time id="T125S" value="00:07:57,649" />
Fluoorsuur is die naam en die oplossing van vel is die werking.
    <time id="T125E" value="00:08:01,976" />
  </s>
  <s id="155">
    <time id="T126S" value="00:08:02,026" />
Dit is ongelukkig maklik beskikbaar as velgenreiniger in net omtrent elke motor onderdele saak.
  </s>
  <s id="156">
Maar, ek het 'n bietjie "geluk", met die halsketting van die slagoffer.
    <time id="T128E" value="00:08:12,089" />
  </s>
  <s id="157">
    <time id="T129S" value="00:08:12,139" />
Daar sit DNA op, wat van die doder kan wees, dus bly aandagtig.
    <time id="T129E" value="00:08:15,464" />
  </s>
  <s id="158">
    <time id="T130S" value="00:08:15,764" />
Maar ek het iets interessant oor die steen self aan die weet.
    <time id="T130E" value="00:08:19,005" />
  </s>
  <s id="159">
    <time id="T131S" value="00:08:19,448" />
Dit is 'n lapis lazuli, feitlik eksklusief uit Afghaanse myne afkomstig.
    <time id="T131E" value="00:08:23,978" />
  </s>
  <s id="160">
    <time id="T132S" value="00:08:24,130" />
Op die agterkant, is daar 'n opskrif.
    <time id="T132E" value="00:08:27,286" />
  </s>
  <s id="161">
    <time id="T133S" value="00:08:27,486" />
"Vir Nadira ".
  </s>
  <s id="162">
- Watter taal is dit?
    <time id="T133E" value="00:08:30,103" />
  </s>
  <s id="163">
    <time id="T134S" value="00:08:30,153" />
Pasjtoe, ook Afghaanse.
  </s>
  <s id="164">
- So ons het 'n land van herkoms.
    <time id="T134E" value="00:08:34,777" />
  </s>
  <s id="165">
    <time id="T135S" value="00:08:34,827" />
Ja, maar ons kan ook meer het, want Tony het my gestuur per e - pos 'n aansoek van die motel waar sy gewerk het.
    <time id="T136E" value="00:08:40,832" />
  </s>
  <s id="166">
    <time id="T137S" value="00:08:40,882" />
Sy het dit verlede jaar ingevul
    <time id="T137E" value="00:08:42,772" />
  </s>
  <s id="167">
    <time id="T138S" value="00:08:43,941" />
Sy gebruik haar " sersant Moreno " identiteit.
    <time id="T138E" value="00:08:46,381" />
  </s>
  <s id="168">
    <time id="T139S" value="00:08:46,431" />
Ja. 
  </s>
  <s id="169">
Wow.
    <time id="T139E" value="00:08:48,183" />
  </s>
  <s id="170">
    <time id="T140S" value="00:08:48,644" />
Kyk wie sy opgegee het in geval van nood.
    <time id="T140E" value="00:08:51,844" />
  </s>
  <s id="171">
    <time id="T141S" value="00:08:51,894" />
Leyla Shakarji.
  </s>
  <s id="172">
Is dit nie...
    <time id="T141E" value="00:08:54,394" />
  </s>
  <s id="173">
    <time id="T142S" value="00:08:54,444" />
Die skoondogter van Mike Franks.
    <time id="T142E" value="00:08:56,925" />
  </s>
  <s id="174">
    <time id="T143S" value="00:08:59,951" />
Die motel manager kon nie veel sê nie oor die slagoffer.
    <time id="T143E" value="00:09:02,177" />
  </s>
  <s id="175">
    <time id="T144S" value="00:09:02,277" />
Behalwe dat sy stiptelik was en hard gewerk het, 'n dood spoor.
    <time id="T144E" value="00:09:05,776" />
  </s>
  <s id="176">
    <time id="T145S" value="00:09:05,826" />
Gibbsy.
    <time id="T145E" value="00:09:07,736" />
  </s>
  <s id="177">
    <time id="T146S" value="00:09:09,049" />
He, he.
  </s>
  <s id="178">
Kom, ek het jou.
    <time id="T146E" value="00:09:11,814" />
  </s>
  <s id="179">
    <time id="T147S" value="00:09:15,602" />
Jy word groot.
    <time id="T147E" value="00:09:17,537" />
  </s>
  <s id="180">
    <time id="T148S" value="00:09:18,520" />
Kom jy op besoek?
  </s>
  <s id="181">
Kan ons Twister nog eens speel?
    <time id="T148E" value="00:09:21,462" />
  </s>
  <s id="182">
    <time id="T149S" value="00:09:21,512" />
Ons sien wel. laat my toe om eers even met jou ma te praat.
    <time id="T149E" value="00:09:24,435" />
  </s>
  <s id="183">
    <time id="T150S" value="00:09:24,819" />
Speel maar wat op die swaaie, Amira, ek kom so.
    <time id="T150E" value="00:09:28,359" />
  </s>
  <s id="184">
    <time id="T151S" value="00:09:29,538" />
Waarom het ek die gevoel dat dit geen sosio besoek is?
    <time id="T151E" value="00:09:32,878" />
  </s>
  <s id="185">
    <time id="T152S" value="00:09:32,928" />
Ek wil jou iets vra oor 'n saak.
    <time id="T152E" value="00:09:34,491" />
  </s>
  <s id="186">
    <time id="T153S" value="00:09:34,541" />
Natuurlik.
  </s>
  <s id="187">
Wat dan ook.
    <time id="T153E" value="00:09:36,995" />
  </s>
  <s id="188">
    <time id="T154S" value="00:09:37,950" />
Ken jy haar?
    <time id="T154E" value="00:09:39,843" />
  </s>
  <s id="189">
    <time id="T155S" value="00:09:43,780" />
Nee.
  </s>
  <s id="190">
- Leyla, sy het jou op gegee as kontakpersoon in geval van nood op haar dekbrief.
    <time id="T156E" value="00:09:51,244" />
  </s>
  <s id="191">
    <time id="T157S" value="00:09:51,475" />
Was daar 'n noodgeval?
  </s>
  <s id="192">
- Ja, sy is vermoor.
    <time id="T157E" value="00:09:55,627" />
  </s>
  <s id="193">
    <time id="T158S" value="00:09:56,871" />
Hoe?
    <time id="T158E" value="00:09:58,860" />
  </s>
  <s id="194">
    <time id="T159S" value="00:10:06,445" />
Ek het haar maar 'n paar keer ontmoet.
    <time id="T159E" value="00:10:09,129" />
  </s>
  <s id="195">
    <time id="T160S" value="00:10:09,317" />
Mike het ons aan mekaar voorgestel.
    <time id="T160E" value="00:10:11,151" />
  </s>
  <s id="196">
    <time id="T161S" value="00:10:11,201" />
Hy het my gevra om op haar te pas as hy weg was.
    <time id="T161E" value="00:10:14,158" />
  </s>
  <s id="197">
    <time id="T162S" value="00:10:15,360" />
Wie is sy?
  </s>
  <s id="198">
- Ek weet nie.
    <time id="T162E" value="00:10:18,546" />
  </s>
  <s id="199">
    <time id="T163S" value="00:10:18,596" />
Hoe geken Mike haar?
  </s>
  <s id="200">
- Dat wou hy nie sê nie.
    <time id="T163E" value="00:10:21,169" />
  </s>
  <s id="201">
    <time id="T164S" value="00:10:21,234" />
Ek het haar nooit terug gesien na sy dood.
    <time id="T164E" value="00:10:25,152" />
  </s>
  <s id="202">
    <time id="T165S" value="00:10:25,202" />
Hy moet tog iets vertel het?
  </s>
  <s id="203">
- Hy het niks vertel en ek het nie daarop aangedring
    <time id="T166E" value="00:10:30,366" />
  </s>
  <s id="204">
    <time id="T167S" value="00:10:30,416" />
Jy weet net so goed soos ek, dat as Mike jou iets vroeg, die beter was nie te veel vrae te stel.
    <time id="T168E" value="00:10:36,843" />
  </s>
  <s id="205">
    <time id="T169S" value="00:10:37,468" />
Dit spyt my, ek wou dat ek meer kon vertel.
    <time id="T169E" value="00:10:40,838" />
  </s>
  <s id="206">
    <time id="T170S" value="00:10:41,566" />
Kom jy spoedig eens eet?
    <time id="T170E" value="00:10:44,006" />
  </s>
  <s id="207">
    <time id="T171S" value="00:10:53,666" />
Waar was Mike Franks mee besig, baas?
    <time id="T171E" value="00:10:56,351" />
  </s>
  <s id="208">
    <time id="T172S" value="00:10:58,297" />
Hoe gaan dit?
  </s>
  <s id="209">
- Stadig.
    <time id="T172E" value="00:11:01,646" />
  </s>
  <s id="210">
    <time id="T173S" value="00:11:02,549" />
Ek kan ophou met rook om wat tyd te wen, maar ek vrees dat my longe die skok nie hanteer.
    <time id="T174E" value="00:11:08,477" />
  </s>
  <s id="211">
    <time id="T175S" value="00:11:08,577" />
Wat is dat?
  </s>
  <s id="212">
Duitse renaissance?
    <time id="T175E" value="00:11:11,520" />
  </s>
  <s id="213">
    <time id="T176S" value="00:11:11,620" />
Gee my iets met blomme, ek hou van blomme.
    <time id="T176E" value="00:11:15,103" />
  </s>
  <s id="214">
    <time id="T177S" value="00:11:20,787" />
Nog iets?
  </s>
  <s id="215">
- Ek het eintlik 'n guns nodig.
    <time id="T177E" value="00:11:25,849" />
  </s>
  <s id="216">
    <time id="T178S" value="00:11:26,836" />
He, kom.
  </s>
  <s id="217">
Dit is in orde.
    <time id="T178E" value="00:11:30,593" />
  </s>
  <s id="218">
    <time id="T179S" value="00:11:30,693" />
Kom.
  </s>
  <s id="219">
Gibbs, dit is Elina.
    <time id="T179E" value="00:11:34,602" />
  </s>
  <s id="220">
    <time id="T180S" value="00:11:37,154" />
Ek moet haar 'n paar dae by jou laat.
    <time id="T180E" value="00:11:40,306" />
  </s>
  <s id="221">
    <time id="T181S" value="00:11:40,602" />
Neem my nie kwalik?
  </s>
  <s id="222">
- Oh, jy het die goed gehoor.
    <time id="T181E" value="00:11:44,700" />
  </s>
  <s id="223">
    <time id="T182S" value="00:11:44,750" />
Moenie bekommerd wees nie, sy praat minder Engels as jy Pasjtoe.
    <time id="T182E" value="00:11:49,138" />
  </s>
  <s id="224">
    <time id="T183S" value="00:11:49,912" />
Mike, dit is geen hotel.
    <time id="T183E" value="00:11:53,008" />
  </s>
  <s id="225">
    <time id="T184S" value="00:11:53,426" />
Is sit midde in 'n saak.
  </s>
  <s id="226">
- Dat weet ek.
    <time id="T184E" value="00:11:56,404" />
  </s>
  <s id="227">
    <time id="T185S" value="00:11:56,454" />
Daar is niemand anders wat ek kan vertrou.
    <time id="T185E" value="00:11:59,413" />
  </s>
  <s id="228">
    <time id="T186S" value="00:11:59,613" />
Dit is so.
    <time id="T186E" value="00:12:02,418" />
  </s>
  <s id="229">
    <time id="T187S" value="00:12:09,018" />
Goed, goed, maar ek...
  </s>
  <s id="230">
- Geen vrae.
    <time id="T187E" value="00:12:11,788" />
  </s>
  <s id="231">
    <time id="T188S" value="00:12:11,888" />
Ek kan nie sommer in 'n tienermeisie in huis laat sonder om vrae te stel.
    <time id="T188E" value="00:12:16,165" />
  </s>
  <s id="232">
    <time id="T189S" value="00:12:16,695" />
Jy kom steeds na my om hulp, probie.
    <time id="T189E" value="00:12:19,700" />
  </s>
  <s id="233">
    <time id="T190S" value="00:12:19,750" />
Nou kom ek na jou.
  </s>
  <s id="234">
Ek het hulp nodig.
    <time id="T190E" value="00:12:23,025" />
  </s>
  <s id="235">
    <time id="T191S" value="00:12:43,373" />
Lê dit aan my, want dit het gelyk asof dat Leyla huiwerig was?
    <time id="T191E" value="00:12:46,413" />
  </s>
  <s id="236">
    <time id="T192S" value="00:12:46,961" />
Ek weet dat sy byna familie is, maar, dit sou die eerste keer wees nie.
    <time id="T192E" value="00:12:51,122" />
  </s>
  <s id="237">
    <time id="T193S" value="00:12:51,172" />
Verder, telkens Mike Franks daarmee gemoeid is, is alles moontlik.
    <time id="T193E" value="00:12:55,484" />
  </s>
  <s id="238">
    <time id="T194S" value="00:12:57,040" />
Sy sou die dogter van Mike Franks kan wees.
    <time id="T194E" value="00:12:58,733" />
  </s>
  <s id="239">
    <time id="T195S" value="00:12:58,783" />
Sy vriendin, dalk?
  </s>
  <s id="240">
Hoewel, dat is nogal creepy.
    <time id="T195E" value="00:13:01,581" />
  </s>
  <s id="241">
    <time id="T196S" value="00:13:02,865" />
Byna net so creepy as jy die Twister speel.
    <time id="T196E" value="00:13:05,491" />
  </s>
  <s id="242">
    <time id="T197S" value="00:13:10,765" />
Sit daar jou iets dwars, baas?
  </s>
  <s id="243">
- Ja.
    <time id="T197E" value="00:13:13,426" />
  </s>
  <s id="244">
    <time id="T198S" value="00:13:16,625" />
Ek neem hom.
    <time id="T198E" value="00:13:18,276" />
  </s>
  <s id="245">
    <time id="T199S" value="00:13:18,326" />
McGee, jy sit op die luidspreker, geen sleg oor die baas praat.
    <time id="T199E" value="00:13:21,506" />
  </s>
  <s id="246">
    <time id="T200S" value="00:13:21,854" />
Wat, ek sê nooit...
  </s>
  <s id="247">
- Wat het jy, McGee?
    <time id="T200E" value="00:13:24,738" />
  </s>
  <s id="248">
    <time id="T201S" value="00:13:25,274" />
Ons het gevolg oor die DNA op die halsketting van die slagoffer.
    <time id="T201E" value="00:13:28,223" />
  </s>
  <s id="249">
    <time id="T202S" value="00:13:28,273" />
Sy naam is Farshad Sarabi, hy het geëmigreer tien jaar gelede uit Afghanistan.
    <time id="T202E" value="00:13:32,653" />
  </s>
  <s id="250">
    <time id="T203S" value="00:13:32,703" />
'n Kriminele verlede?
  </s>
  <s id="251">
- Slegs vir geweld binne die gesin
    <time id="T203E" value="00:13:35,988" />
  </s>
  <s id="252">
    <time id="T204S" value="00:13:36,038" />
Slegs?
  </s>
  <s id="253">
- Hy werk per toeval in 'n motor-onderdele saak, waar per toeval ook fluoorsuur verkoop word.
    <time id="T205E" value="00:13:42,762" />
  </s>
  <s id="254">
    <time id="T206S" value="00:13:43,540" />
Lanseer 'n opsporing en vra 'n deursoekingslasbrief aan.
    <time id="T206E" value="00:13:46,585" />
  </s>
  <s id="255">
    <time id="T207S" value="00:13:46,635" />
Verstaan?
  </s>
  <s id="256">
, baas.
    <time id="T207E" value="00:13:48,134" />
  </s>
  <s id="257">
    <time id="T208S" value="00:13:49,877" />
Tot siens.
    <time id="T208E" value="00:13:51,486" />
  </s>
  <s id="258">
    <time id="T209S" value="00:13:53,949" />
Wil jy nie daaroor praat nie?
    <time id="T209E" value="00:13:56,006" />
  </s>
  <s id="259">
    <time id="T210S" value="00:13:58,147" />
Jy wil dalk ook geen skyfies?
    <time id="T210E" value="00:14:00,716" />
  </s>
  <s id="260">
    <time id="T211S" value="00:14:05,726" />
Nee.
    <time id="T211E" value="00:14:07,633" />
  </s>
  <s id="261">
    <time id="T212S" value="00:14:13,109" />
Mike sou daar weldra moet wees.
  </s>
  <s id="262">
Hy sou me hier ontmoet.
    <time id="T212E" value="00:14:16,712" />
  </s>
  <s id="263">
    <time id="T213S" value="00:14:17,601" />
Mike, goed.
    <time id="T213E" value="00:14:20,740" />
  </s>
  <s id="264">
    <time id="T214S" value="00:14:22,480" />
Mike, goed.
    <time id="T214E" value="00:14:24,190" />
  </s>
  <s id="265">
    <time id="T215S" value="00:14:25,092" />
Hang daarvan af wat vir dag dit is.
    <time id="T215E" value="00:14:27,295" />
  </s>
  <s id="266">
    <time id="T216S" value="00:14:28,964" />
Maar hy het sy oomblikke.
    <time id="T216E" value="00:14:31,147" />
  </s>
  <s id="267">
    <time id="T217S" value="00:14:44,995" />
Waar is jou ouers?
    <time id="T217E" value="00:14:47,197" />
  </s>
  <s id="268">
    <time id="T218S" value="00:14:48,410" />
Moeder, vader?
    <time id="T218E" value="00:14:51,617" />
  </s>
  <s id="269">
    <time id="T219S" value="00:14:57,099" />
Verkoop me.
    <time id="T219E" value="00:15:00,112" />
  </s>
  <s id="270">
    <time id="T220S" value="00:15:00,162" />
Aan man.
    <time id="T220E" value="00:15:02,051" />
  </s>
  <s id="271">
    <time id="T221S" value="00:15:05,814" />
Watter man?
    <time id="T221E" value="00:15:08,047" />
  </s>
  <s id="272">
    <time id="T222S" value="00:15:08,704" />
Eggenoot.
    <time id="T222E" value="00:15:11,258" />
  </s>
  <s id="273">
    <time id="T223S" value="00:15:13,194" />
Oud.
  </s>
  <s id="274">
Soos jy.
    <time id="T223E" value="00:15:16,693" />
  </s>
  <s id="275">
    <time id="T224S" value="00:15:23,447" />
Dit gee nie hoor.
    <time id="T224E" value="00:15:25,479" />
  </s>
  <s id="276">
    <time id="T225S" value="00:15:25,779" />
Dit is goed.
    <time id="T225E" value="00:15:28,094" />
  </s>
  <s id="277">
    <time id="T226S" value="00:15:32,988" />
Zuuraanvalle was 'n rage in die 19de eeuse Europa.
    <time id="T226E" value="00:15:36,987" />
  </s>
  <s id="278">
    <time id="T227S" value="00:15:37,037" />
Dit was pas deur tekort aan sure tydens die tweede wereldoorlog dat die afgeneem.
    <time id="T227E" value="00:15:42,156" />
  </s>
  <s id="279">
    <time id="T228S" value="00:15:42,206" />
Sien jy, alles het sy goeie kante.
  </s>
  <s id="280">
Selfs 'n wêreldoorlog.
    <time id="T228E" value="00:15:45,210" />
  </s>
  <s id="281">
    <time id="T229S" value="00:15:45,804" />
Wat het jy, Duck?
    <time id="T229E" value="00:15:46,961" />
  </s>
  <s id="282">
    <time id="T230S" value="00:15:47,011" />
In teenstelling tot die spekulasie van Mr Palmer op die plek van die misdaad, is die suur nie gebruik om die oorsaak van dood te verdoesel.
    <time id="T231E" value="00:15:54,505" />
  </s>
  <s id="283">
    <time id="T232S" value="00:15:54,555" />
Nee, dit was die oorsaak van dood.
  </s>
  <s id="284">
In groot hoeveelhede kan fluoorsuur hartstilstand veroorsaak.
  </s>
  <s id="285">
- Sê jy dat dit 'n ongeluk was?
    <time id="T233E" value="00:16:01,930" />
  </s>
  <s id="286">
    <time id="T234S" value="00:16:02,030" />
Die doel was om hierdie vrou te vermink, Jethro.
    <time id="T234E" value="00:16:05,370" />
  </s>
  <s id="287">
    <time id="T235S" value="00:16:05,420" />
As sy gesterf het, dan het sy gesterf.
    <time id="T235E" value="00:16:07,395" />
  </s>
  <s id="288">
    <time id="T236S" value="00:16:07,445" />
Ons stuitten dalk op 'n eremoord.
  </s>
  <s id="289">
- Verskoon, 'n wat?
    <time id="T236E" value="00:16:11,328" />
  </s>
  <s id="290">
    <time id="T237S" value="00:16:11,378" />
'n Eremoord, Mr Palmer, is wanneer iemand gedood word weens skande aan die familie.
    <time id="T237E" value="00:16:17,873" />
  </s>
  <s id="291">
    <time id="T238S" value="00:16:18,008" />
Dit is 'n wrede gewoonte.
    <time id="T238E" value="00:16:19,528" />
  </s>
  <s id="292">
    <time id="T239S" value="00:16:19,578" />
Vroue kan gedood word vir die weier van 'n huwelik of vir ontrouheid.
    <time id="T240E" value="00:16:24,514" />
  </s>
  <s id="293">
    <time id="T241S" value="00:16:24,614" />
Of net om 'n smoorverliefde tiener te wees.
    <time id="T241E" value="00:16:28,663" />
  </s>
  <s id="294">
    <time id="T242S" value="00:16:28,763" />
Gevang word tydens die soen van 'n seuntjie.
    <time id="T242E" value="00:16:30,681" />
  </s>
  <s id="295">
    <time id="T243S" value="00:16:30,731" />
Dit is die ergste benaming wat ek ooit gehoor het.
    <time id="T243E" value="00:16:32,680" />
  </s>
  <s id="296">
    <time id="T244S" value="00:16:32,730" />
Ek bedoel, daar is geen eer mee gemoeid.
    <time id="T244E" value="00:16:35,250" />
  </s>
  <s id="297">
    <time id="T245S" value="00:16:35,300" />
Wie dit gedoen het is 'n koelbloedige moordenaar.
    <time id="T245E" value="00:16:38,201" />
  </s>
  <s id="298">
    <time id="T246S" value="00:16:38,251" />
Wat binnekort die pyn gaan voel.
    <time id="T246E" value="00:16:39,689" />
  </s>
  <s id="299">
    <time id="T247S" value="00:16:39,739" />
Die opsporing opgelewer resultaat op, baas.
  </s>
  <s id="300">
Die polisie van Rockville het hom.
    <time id="T247E" value="00:16:42,625" />
  </s>
  <s id="301">
    <time id="T248S" value="00:16:42,675" />
Goed.
    <time id="T248E" value="00:16:44,058" />
  </s>
  <s id="302">
    <time id="T249S" value="00:16:44,108" />
Wat doen jy dan hier?
  </s>
  <s id="303">
- Vertrek.
    <time id="T249E" value="00:16:47,486" />
  </s>
  <s id="304">
    <time id="T250S" value="00:16:49,052" />
Ek hoop van harte dat jy by hierdie man die duimskroewe aanhaal, Jethro.
    <time id="T250E" value="00:16:53,210" />
  </s>
  <s id="305">
    <time id="T251S" value="00:16:53,476" />
Dit doen ek.
  </s>
  <s id="306">
- Dit kan jou help tydens die verhoor.
    <time id="T251E" value="00:16:56,617" />
  </s>
  <s id="307">
    <time id="T252S" value="00:16:56,667" />
Ons slagoffer dra die letsels van 'n lewe van mishandelinge.
    <time id="T252E" value="00:17:01,619" />
  </s>
  <s id="308">
    <time id="T253S" value="00:17:01,819" />
Sy is vervolg, eenvoudig omdat sy 'n vrou was.
    <time id="T253E" value="00:17:05,385" />
  </s>
  <s id="309">
    <time id="T254S" value="00:17:16,534" />
Totsiens.
    <time id="T254E" value="00:17:18,624" />
  </s>
  <s id="310">
    <time id="T255S" value="00:17:29,630" />
Wat is daar gaande?
    <time id="T255E" value="00:17:31,776" />
  </s>
  <s id="311">
    <time id="T256S" value="00:17:32,132" />
Waarom die valse ID?
    <time id="T256E" value="00:17:34,336" />
  </s>
  <s id="312">
    <time id="T257S" value="00:17:35,031" />
Net oor 'n jaar gelede, het voormalige, laat ons sê, geassosieerdes me opsoek omdat hulle 'n twaalfjarige Afghaanse meisie het, dat hulle die VSA gehelp het binne smokkel.
  </s>
  <s id="313">
- Goed, hou op.
    <time id="T259E" value="00:17:48,973" />
  </s>
  <s id="314">
    <time id="T260S" value="00:17:49,173" />
Ek wil dit nie hoor nie.
  </s>
  <s id="315">
- Jy moet.
    <time id="T260E" value="00:17:52,583" />
  </s>
  <s id="316">
    <time id="T261S" value="00:17:53,228" />
Hierdie meisie is herhaaldelik verkrag deur haar oom.
    <time id="T261E" value="00:17:57,239" />
  </s>
  <s id="317">
    <time id="T262S" value="00:17:57,289" />
Toe sy uiteindelik na die polisie gaan.
    <time id="T262E" value="00:18:00,403" />
  </s>
  <s id="318">
    <time id="T263S" value="00:18:00,703" />
is sy in hegtenis geneem.
  </s>
  <s id="319">
- Waarom?
    <time id="T263E" value="00:18:03,536" />
  </s>
  <s id="320">
    <time id="T264S" value="00:18:03,636" />
Omdat sy buite kom sonder manlike begeleiding.
    <time id="T264E" value="00:18:07,577" />
  </s>
  <s id="321">
    <time id="T265S" value="00:18:07,677" />
Sonder haar oom, in hemelsnaam.
    <time id="T265E" value="00:18:10,695" />
  </s>
  <s id="322">
    <time id="T266S" value="00:18:11,087" />
Ek is veronderstel maar met die een te help.
    <time id="T266E" value="00:18:14,245" />
  </s>
  <s id="323">
    <time id="T267S" value="00:18:14,501" />
Maar toe ek die kind ontmoet, dit liewe, onskuldige kind, dat kan jy nie loslaat.
    <time id="T269E" value="00:18:21,879" />
  </s>
  <s id="324">
    <time id="T270S" value="00:18:21,929" />
Dus, ek sloot me aan by die groep wat aan vrouwenopvang in Kaboel doen.
    <time id="T270E" value="00:18:26,185" />
  </s>
  <s id="325">
    <time id="T271S" value="00:18:27,089" />
Ek reël net oor hul ondergrondse spoorlyn.
    <time id="T271E" value="00:18:30,686" />
  </s>
  <s id="326">
    <time id="T272S" value="00:18:30,736" />
Hulle help om die swaar gevalle te plaas.
  </s>
  <s id="327">
- Mike, ek hoor die maar, al myle ver kom.
    <time id="T272E" value="00:18:37,178" />
  </s>
  <s id="328">
    <time id="T273S" value="00:18:38,422" />
Maar, deur al die gepraat oor afsluit van die grense, word dit moeiliker en moeiliker om die meisies binne te smokkel.
    <time id="T274E" value="00:18:46,015" />
  </s>
  <s id="329">
    <time id="T275S" value="00:18:46,215" />
Nog moeiliker om hulle 'n valse identiteit te besorg.
    <time id="T275E" value="00:18:49,451" />
  </s>
  <s id="330">
    <time id="T276S" value="00:18:49,501" />
Wat wil jy?
    <time id="T276E" value="00:18:51,476" />
  </s>
  <s id="331">
    <time id="T277S" value="00:18:53,150" />
Ek het jou nodig om 'n "A" reisverzoek in die stelsel te sit.
    <time id="T277E" value="00:18:58,135" />
  </s>
  <s id="332">
    <time id="T278S" value="00:18:58,335" />
'n Magtiging vir militêre vervoer van Kaboel na El Salvador.
    <time id="T279E" value="00:19:04,874" />
  </s>
  <s id="333">
    <time id="T280S" value="00:19:14,467" />
Dit is vir ses persone.
  </s>
  <s id="334">
- Ses vlugtelinge.
    <time id="T280E" value="00:19:18,170" />
  </s>
  <s id="335">
    <time id="T281S" value="00:19:18,470" />
Ek sorg vir al die res.
  </s>
  <s id="336">
Meer hoef jy nie te weet.
    <time id="T281E" value="00:19:22,927" />
  </s>
  <s id="337">
    <time id="T282S" value="00:19:32,095" />
Ek sit te gretig dat Gibbs hierdie man deur die hel laat gaan.
    <time id="T282E" value="00:19:34,664" />
  </s>
  <s id="338">
    <time id="T283S" value="00:19:34,764" />
Ek ook.
  </s>
  <s id="339">
- Jy sal dit my moet doen.
    <time id="T283E" value="00:19:39,820" />
  </s>
  <s id="340">
    <time id="T284S" value="00:19:40,840" />
Jy?
  </s>
  <s id="341">
Waarom jy?
    <time id="T284E" value="00:19:42,861" />
  </s>
  <s id="342">
    <time id="T285S" value="00:19:42,911" />
Gibbs wil dat ek met die verdagte praat.
    <time id="T285E" value="00:19:45,507" />
  </s>
  <s id="343">
    <time id="T286S" value="00:19:46,282" />
Luister, dit is geen foto's maak op die plek van die misdaad, maar 'n verhoor.
    <time id="T286E" value="00:19:50,735" />
  </s>
  <s id="344">
    <time id="T287S" value="00:19:50,785" />
Het ek maar ervaring in die vrae stel en kon uitmaak of hulle lieg.
    <time id="T287E" value="00:19:56,507" />
  </s>
  <s id="345">
    <time id="T288S" value="00:19:56,972" />
En die baan as speurder wat ek wil is in San Diego.
    <time id="T288E" value="00:20:00,202" />
  </s>
  <s id="346">
    <time id="T289S" value="00:20:02,518" />
Ons sal jou mis.
  </s>
  <s id="347">
- Daar twyfel ek nie aan.
    <time id="T289E" value="00:20:05,640" />
  </s>
  <s id="348">
    <time id="T290S" value="00:20:05,840" />
Kom ons begin.
    <time id="T290E" value="00:20:07,756" />
  </s>
  <s id="349">
    <time id="T291S" value="00:20:08,477" />
Ons het 'n lys met name in die woonstel van die verdagte, almal Afghaanse vroue.
    <time id="T291E" value="00:20:11,737" />
  </s>
  <s id="350">
    <time id="T292S" value="00:20:11,787" />
Elke naam is gekoppel aan 'n oorlede vroulike militêre.
    <time id="T292E" value="00:20:15,268" />
  </s>
  <s id="351">
    <time id="T293S" value="00:20:15,318" />
Ons dink dat die Afghaanse meisies hulle as valse identiteite gebruik net soos ons slagoffer.
  </s>
  <s id="352">
- Sy staan ook op die lys.
    <time id="T294E" value="00:20:22,080" />
  </s>
  <s id="353">
    <time id="T295S" value="00:20:22,130" />
Gekruis 
  </s>
  <s id="354">
- Nog twee ander ook.
    <time id="T295E" value="00:20:25,400" />
  </s>
  <s id="355">
    <time id="T296S" value="00:20:25,600" />
Dit is 'n lys met afrekeninge.
    <time id="T296E" value="00:20:28,317" />
  </s>
  <s id="356">
    <time id="T297S" value="00:20:56,404" />
Sy daag hom uit, Tony.
    <time id="T297E" value="00:20:58,762" />
  </s>
  <s id="357">
    <time id="T298S" value="00:21:07,303" />
Hoe sien ek lyk?
  </s>
  <s id="358">
- Jy sien daar onnosel uit.
    <time id="T298E" value="00:21:11,194" />
  </s>
  <s id="359">
    <time id="T299S" value="00:21:11,244" />
Net 'n geverf clown.
    <time id="T299E" value="00:21:13,843" />
  </s>
  <s id="360">
    <time id="T300S" value="00:21:14,922" />
Jy verkies dalk eerder, so iets?
    <time id="T300E" value="00:21:20,066" />
  </s>
  <s id="361">
    <time id="T301S" value="00:21:22,192" />
Sy het gewoon in die VSA, weggesteek agter 'n gesteelde identiteit, toe jy uitgevind het wat die was, aangespoor jy haar op en vermoor jou hare.
    <time id="T302E" value="00:21:32,992" />
  </s>
  <s id="362">
    <time id="T303S" value="00:21:33,092" />
Klop dat so 'n bietjie?
    <time id="T303E" value="00:21:35,432" />
  </s>
  <s id="363">
    <time id="T304S" value="00:21:36,226" />
Ek veronderstel, dat dit die plan vir almal op jou lys is.
    <time id="T304E" value="00:21:42,038" />
  </s>
  <s id="364">
    <time id="T305S" value="00:21:42,558" />
Lys?
    <time id="T305E" value="00:21:44,181" />
  </s>
  <s id="365">
    <time id="T306S" value="00:21:44,231" />
Ek weet nie waaroor jy dit het?
  </s>
  <s id="366">
- OK, hou op met die nonsens...
    <time id="T306E" value="00:21:47,250" />
  </s>
  <s id="367">
    <time id="T307S" value="00:21:47,300" />
Ons het gevind dat fluoorsuur in jou wa, jou handskrif op 'n afrekening lys en jy DNA op die plek van die misdaad.
    <time id="T308E" value="00:21:54,610" />
  </s>
  <s id="368">
    <time id="T309S" value="00:21:55,155" />
Ek het jou nie net vir hierdie hier, maar ek maak daar my lewe se missie van om jou vir die ander twee ook te laat opdraaien.
    <time id="T310E" value="00:22:04,758" />
  </s>
  <s id="369">
    <time id="T311S" value="00:22:04,958" />
Jy is hier omdat ek maar een ding wil weet, ek wil weet waarom.
    <time id="T312E" value="00:22:11,972" />
  </s>
  <s id="370">
    <time id="T313S" value="00:22:12,022" />
Kan jy nie daar nie teen dat vroue slimmer as mans is?
    <time id="T313E" value="00:22:16,276" />
  </s>
  <s id="371">
    <time id="T314S" value="00:22:17,030" />
Of miskien is dit omdat ons jou op jou swakste en mees kwesbaar sien?
    <time id="T314E" value="00:22:25,379" />
  </s>
  <s id="372">
    <time id="T315S" value="00:22:25,479" />
Praat so nie teen me. 
  </s>
  <s id="373">
Hulle het skande en oneer oor hul familie.
    <time id="T315E" value="00:22:28,850" />
  </s>
  <s id="374">
    <time id="T316S" value="00:22:28,900" />
Hulle is gestraf volgens die wette van God.
    <time id="T316E" value="00:22:31,480" />
  </s>
  <s id="375">
    <time id="T317S" value="00:22:31,580" />
Is dit vir hom dat jy werk?
    <time id="T317E" value="00:22:33,888" />
  </s>
  <s id="376">
    <time id="T318S" value="00:22:34,355" />
Ek lewer die diens vir wie dit nodig het.
  </s>
  <s id="377">
- Waar het jy hierdie lys gehaal?
    <time id="T318E" value="00:22:39,804" />
  </s>
  <s id="378">
    <time id="T319S" value="00:22:41,336" />
Dit maak nie uit waar.
    <time id="T319E" value="00:22:43,728" />
  </s>
  <s id="379">
    <time id="T320S" value="00:22:43,928" />
Wat van belang is, ons het die name waaragter hulle skuil in hierdie land.
    <time id="T320E" value="00:22:50,130" />
  </s>
  <s id="380">
    <time id="T321S" value="00:22:50,180" />
Ons sal hulle vind.
    <time id="T321E" value="00:22:52,477" />
  </s>
  <s id="381">
    <time id="T322S" value="00:22:52,677" />
Jy kon my dalk stop, maar iemand anders gaan voor hulle kom.
    <time id="T323E" value="00:22:58,831" />
  </s>
  <s id="382">
    <time id="T324S" value="00:23:02,382" />
Was al wat vroue in die VSA gesmokkel en het 'n valse identiteit?
    <time id="T324E" value="00:23:06,089" />
  </s>
  <s id="383">
    <time id="T325S" value="00:23:06,367" />
Deur wie?
  </s>
  <s id="384">
- Dit is nou ons prioriteit nie.
    <time id="T325E" value="00:23:08,978" />
  </s>
  <s id="385">
    <time id="T326S" value="00:23:09,028" />
Wie lekte die nuwe identiteite na die hitmen.
    <time id="T326E" value="00:23:12,944" />
  </s>
  <s id="386">
    <time id="T327S" value="00:23:13,192" />
Dink jy dat die iemand in Afghanistan is?
  </s>
  <s id="387">
- Daarom praat ek met u.
    <time id="T327E" value="00:23:16,463" />
  </s>
  <s id="388">
    <time id="T328S" value="00:23:16,513" />
Jy is die verbindingsofficier met die enigste vroueregte groep in die land.
    <time id="T328E" value="00:23:20,218" />
  </s>
  <s id="389">
    <time id="T329S" value="00:23:20,817" />
As dit eremoorde is, het die familie van die meisies dalk saam om die sluipmoordenaar te huur.
    <time id="T330E" value="00:23:25,746" />
  </s>
  <s id="390">
    <time id="T331S" value="00:23:26,011" />
Wat beteken dat daar duisende die bron kan wees.
    <time id="T331E" value="00:23:28,652" />
  </s>
  <s id="391">
    <time id="T332S" value="00:23:28,702" />
Die teikens staan almal op dieselfde lys, hulle moet dus iets in gemeen het.
    <time id="T332E" value="00:23:32,850" />
  </s>
  <s id="392">
    <time id="T333S" value="00:23:34,082" />
Dit is so.
    <time id="T333E" value="00:23:35,093" />
  </s>
  <s id="393">
    <time id="T334S" value="00:23:35,143" />
Volgens my data gebly hulle almal in 'n vroue opvang naby Kaboel.
    <time id="T334E" value="00:23:39,394" />
  </s>
  <s id="394">
    <time id="T335S" value="00:23:39,444" />
Wat ek goed ken.
  </s>
  <s id="395">
- Goed, laat ons daar begin.
    <time id="T335E" value="00:23:42,471" />
  </s>
  <s id="396">
    <time id="T336S" value="00:23:42,521" />
Maak 'n slaapbank gereed.
  </s>
  <s id="397">
Ek is daar binne 18 uur.
    <time id="T336E" value="00:23:45,528" />
  </s>
  <s id="398">
    <time id="T337S" value="00:23:46,957" />
Gaan jy na Afghanistan, baas?
  </s>
  <s id="399">
Jy is net terug uit die Midde-Ooste.
    <time id="T337E" value="00:23:49,886" />
  </s>
  <s id="400">
    <time id="T338S" value="00:23:49,936" />
Ek weet seker dat hulle dit hanteer.
    <time id="T338E" value="00:23:52,420" />
  </s>
  <s id="401">
    <time id="T339S" value="00:24:24,914" />
Ons is daar.
  </s>
  <s id="402">
Die Noor vroue opvang.
    <time id="T339E" value="00:24:27,675" />
  </s>
  <s id="403">
    <time id="T340S" value="00:24:27,775" />
Dit lyk meer op 'n bom skuiling.
  </s>
  <s id="404">
- Hulle is gelukkig dat hulle dit het.
    <time id="T340E" value="00:24:31,183" />
  </s>
  <s id="405">
    <time id="T341S" value="00:24:31,283" />
Hulle kry geen enkele steun van die gemeenskap.
    <time id="T341E" value="00:24:33,316" />
  </s>
  <s id="406">
    <time id="T342S" value="00:24:33,366" />
Dat is sag uitgedruk, Tom.
    <time id="T342E" value="00:24:36,150" />
  </s>
  <s id="407">
    <time id="T343S" value="00:24:36,200" />
Die plaaslike inwoners dink dat die vroue opvang 'n facade vir 'n bordeel is.
  </s>
  <s id="408">
Daarom word hulle gelei deur NGO 's.
    <time id="T344E" value="00:24:41,566" />
  </s>
  <s id="409">
    <time id="T345S" value="00:24:42,879" />
U moet agent Gibbs is.
    <time id="T345E" value="00:24:44,683" />
  </s>
  <s id="410">
    <time id="T346S" value="00:24:44,883" />
Catherine Tavier.
  </s>
  <s id="411">
Ek bestuur hierdie opvang.
    <time id="T346E" value="00:24:47,447" />
  </s>
  <s id="412">
    <time id="T347S" value="00:24:48,350" />
Laat ons binne verder praat, vir 'n mens dink dat julle kliënte is en jy geskaafde word.
    <time id="T348E" value="00:24:52,898" />
  </s>
  <s id="413">
    <time id="T349S" value="00:25:15,875" />
Die meisies weet nie van Nadira.
    <time id="T349E" value="00:25:18,307" />
  </s>
  <s id="414">
    <time id="T350S" value="00:25:18,507" />
Hulle praat geen Engels.
    <time id="T350E" value="00:25:20,430" />
  </s>
  <s id="415">
    <time id="T351S" value="00:25:20,879" />
Is jy seker dat hulle dit was?
    <time id="T351E" value="00:25:22,817" />
  </s>
  <s id="416">
    <time id="T352S" value="00:25:22,867" />
Sê u het ons.
    <time id="T352E" value="00:25:24,902" />
  </s>
  <s id="417">
    <time id="T353S" value="00:25:32,659" />
Hoe het haar familie haar gevind?
    <time id="T353E" value="00:25:35,263" />
  </s>
  <s id="418">
    <time id="T354S" value="00:25:35,313" />
Dink jy dat die iemand uit die familie van Nadira was wat haar laat doodmaak?
    <time id="T354E" value="00:25:38,300" />
  </s>
  <s id="419">
    <time id="T355S" value="00:25:38,600" />
Hulle is die enigstes wat die wat kan omgee.
  </s>
  <s id="420">
Vergewe my my woordkeuse.
    <time id="T355E" value="00:25:44,088" />
  </s>
  <s id="421">
    <time id="T356S" value="00:25:44,510" />
Maar selfs al vind jy die oortreders, jy kry hulle nooit veroordeel.
    <time id="T356E" value="00:25:48,594" />
  </s>
  <s id="422">
    <time id="T357S" value="00:25:48,644" />
Hier nie.
    <time id="T357E" value="00:25:50,456" />
  </s>
  <s id="423">
    <time id="T358S" value="00:25:50,556" />
Daar is vroue wat gevaar loop, vroue wat jy ken.
    <time id="T358E" value="00:25:53,435" />
  </s>
  <s id="424">
    <time id="T359S" value="00:25:53,485" />
Het jy geweet nadat Nadira hier weg te gaan, sy in die VSA gesmokkel is?
    <time id="T359E" value="00:25:56,783" />
  </s>
  <s id="425">
    <time id="T360S" value="00:25:56,883" />
en daar gewoon het onder 'n valse identiteit?
    <time id="T360E" value="00:25:59,531" />
  </s>
  <s id="426">
    <time id="T361S" value="00:26:00,210" />
Amptelik, nie.
  </s>
  <s id="427">
Officieus hoor ek af en toe wel wat.
    <time id="T361E" value="00:26:05,281" />
  </s>
  <s id="428">
    <time id="T362S" value="00:26:05,803" />
Jammer genoeg, is die leiding na die VSA gesluit.
    <time id="T362E" value="00:26:09,353" />
  </s>
  <s id="429">
    <time id="T363S" value="00:26:09,553" />
Nadira is gevind omdat iemand haar ware identiteit uitgelek.
    <time id="T363E" value="00:26:12,675" />
  </s>
  <s id="430">
    <time id="T364S" value="00:26:12,725" />
Ons bring die vroue in beskermende bewaring,
    <time id="T364E" value="00:26:15,091" />
  </s>
  <s id="431">
    <time id="T365S" value="00:26:15,141" />
Om hulle werklik te beskerm moet ons vind wie hul oordadige lek.
    <time id="T365E" value="00:26:19,459" />
  </s>
  <s id="432">
    <time id="T366S" value="00:26:20,400" />
Ek is die enigste wat hulle almal geken het.
  </s>
  <s id="433">
Buiten die meisies hier.
    <time id="T366E" value="00:26:24,340" />
  </s>
  <s id="434">
    <time id="T367S" value="00:26:24,917" />
Ons is die enigstes wat vertroud kan word.
    <time id="T367E" value="00:26:27,306" />
  </s>
  <s id="435">
    <time id="T368S" value="00:26:27,406" />
Ek sal met hulle moet praat.
    <time id="T368E" value="00:26:28,712" />
  </s>
  <s id="436">
    <time id="T369S" value="00:26:28,762" />
Hulle sal die inligting nie met jou deel.
  </s>
  <s id="437">
Hulle weet wat dit kan beteken.
    <time id="T369E" value="00:26:33,343" />
  </s>
  <s id="438">
    <time id="T370S" value="00:26:34,284" />
Tog sal ek met hulle moet praat.
    <time id="T370E" value="00:26:36,496" />
  </s>
  <s id="439">
    <time id="T371S" value="00:26:37,532" />
Luitenant Gorman en ekself kan vertaal.
    <time id="T371E" value="00:26:40,587" />
  </s>
  <s id="440">
    <time id="T372S" value="00:26:41,240" />
Ja.
  </s>
  <s id="441">
McGee, gaan by die luitenant.
    <time id="T372E" value="00:26:44,952" />
  </s>
  <s id="442">
    <time id="T373S" value="00:26:54,222" />
Dit is lekker om jou uiteindelik te ontmoet.
    <time id="T373E" value="00:26:56,538" />
  </s>
  <s id="443">
    <time id="T374S" value="00:26:57,298" />
Mike Franks het met baie lof oor jou.
    <time id="T374E" value="00:27:00,392" />
  </s>
  <s id="444">
    <time id="T375S" value="00:27:04,736" />
Ek het jou nodig om 'n reisverzoek in die stelsel te bring.
    <time id="T375E" value="00:27:09,347" />
  </s>
  <s id="445">
    <time id="T376S" value="00:27:09,397" />
Dit is vir ses persone.
  </s>
  <s id="446">
- Ses vlugtelinge.
    <time id="T376E" value="00:27:12,643" />
  </s>
  <s id="447">
    <time id="T377S" value="00:27:59,260" />
Sy sê nie te weet wie die name lek en sy sterf liewer as om dit self te doen.
    <time id="T377E" value="00:28:03,350" />
  </s>
  <s id="448">
    <time id="T378S" value="00:28:03,963" />
Sê haar dat sy dankie is.
    <time id="T378E" value="00:28:05,984" />
  </s>
  <s id="449">
    <time id="T379S" value="00:28:12,927" />
Het jy iets?
    <time id="T379E" value="00:28:14,176" />
  </s>
  <s id="450">
    <time id="T380S" value="00:28:14,226" />
Ja, die vreeslikste stories wat ek nog ooit gehoor het.
    <time id="T380E" value="00:28:17,644" />
  </s>
  <s id="451">
    <time id="T381S" value="00:28:17,694" />
Ek kan jou wel sê dat ek die vrou regs op die stapelbed in die gate het.
    <time id="T381E" value="00:28:20,982" />
  </s>
  <s id="452">
    <time id="T382S" value="00:28:21,082" />
Sy doen verdag sedert ons hier aangekom het.
    <time id="T382E" value="00:28:23,531" />
  </s>
  <s id="453">
    <time id="T383S" value="00:28:24,318" />
Daar het jy Tony.
  </s>
  <s id="454">
Miskien het hy meer geluk.
    <time id="T383E" value="00:28:27,323" />
  </s>
  <s id="455">
    <time id="T384S" value="00:28:28,643" />
Uiteindelik. 
  </s>
  <s id="456">
Dames, asseblief, dit is intercontinentaal.
    <time id="T384E" value="00:28:32,600" />
  </s>
  <s id="457">
    <time id="T385S" value="00:28:32,650" />
Wat het jy, DiNozzo?
  </s>
  <s id="458">
- Ek het hoofpyn, baas.
    <time id="T385E" value="00:28:35,831" />
  </s>
  <s id="459">
    <time id="T386S" value="00:28:36,196" />
Maar Susan en ek kon alle vroue op die afrekening lys vind.
    <time id="T386E" value="00:28:38,712" />
  </s>
  <s id="460">
    <time id="T387S" value="00:28:38,972" />
Sy is op soek na onderduikadresse en euh...
    <time id="T387E" value="00:28:42,162" />
  </s>
  <s id="461">
    <time id="T388S" value="00:28:42,948" />
Ek het die immigrasie moet bel.
    <time id="T388E" value="00:28:45,567" />
  </s>
  <s id="462">
    <time id="T389S" value="00:28:45,891" />
Waarom?
  </s>
  <s id="463">
- Omdat die vroue onwettig wees, baas.
    <time id="T389E" value="00:28:49,086" />
  </s>
  <s id="464">
    <time id="T390S" value="00:28:49,136" />
Ons stuur hulle nie terug na huis, DiNozzo.
  </s>
  <s id="465">
- Hulle is hier nie veilig, Tony.
    <time id="T390E" value="00:28:52,467" />
  </s>
  <s id="466">
    <time id="T391S" value="00:28:52,866" />
Bel binnelandse veiligheid en vraag tydelik asiel vir hulle aan, dat hou hulle wel even besig.
  </s>
  <s id="467">
- Goed, daarom noem ons jou die baas.
    <time id="T392E" value="00:28:59,325" />
  </s>
  <s id="468">
    <time id="T393S" value="00:29:13,034" />
"Mor" beteken "moeder".
    <time id="T393E" value="00:29:15,029" />
  </s>
  <s id="469">
    <time id="T394S" value="00:29:15,229" />
Haar dogter is eers na Amerika gestuur.
    <time id="T394E" value="00:29:17,814" />
  </s>
  <s id="470">
    <time id="T395S" value="00:29:17,864" />
Haar moeder sou volg, helaas gebeur dat nie meer, omdat Mike Franks gesterf het.
    <time id="T395E" value="00:29:23,627" />
  </s>
  <s id="471">
    <time id="T396S" value="00:29:38,618" />
Die eerste keer, in twee jaar, dat hulle mekaar sien.
    <time id="T396E" value="00:29:41,490" />
  </s>
  <s id="472">
    <time id="T397S" value="00:29:44,687" />
Tony, ek bel jou wel weer.
  </s>
  <s id="473">
- Wag, McGee...
    <time id="T397E" value="00:29:47,243" />
  </s>
  <s id="474">
    <time id="T398S" value="00:29:56,127" />
Baas, sien jy iets?
  </s>
  <s id="475">
- Nee.
    <time id="T398E" value="00:29:58,815" />
  </s>
  <s id="476">
    <time id="T399S" value="00:30:00,736" />
Alles is in orde.
  </s>
  <s id="477">
- Dit is al 'n swaar week gewees.
    <time id="T399E" value="00:30:03,506" />
  </s>
  <s id="478">
    <time id="T400S" value="00:30:03,556" />
Dit is niks.
    <time id="T400E" value="00:30:05,185" />
  </s>
  <s id="479">
    <time id="T401S" value="00:30:05,235" />
Hoewel, so laat nog, beteken waarskynlik dat dit 'n swaar nag gaan word.
    <time id="T401E" value="00:30:08,707" />
  </s>
  <s id="480">
    <time id="T402S" value="00:30:11,580" />
Het jy elke greintjie menslike ordentlikheid verloor?
    <time id="T402E" value="00:30:14,777" />
  </s>
  <s id="481">
    <time id="T403S" value="00:30:14,877" />
Dit is nie 'n spel, dit beteken lewe of dood voor die vroue.
    <time id="T403E" value="00:30:18,853" />
  </s>
  <s id="482">
    <time id="T404S" value="00:30:19,161" />
Dat weet jy nie.
  </s>
  <s id="483">
- Weet ek dat verdomme nie?
    <time id="T404E" value="00:30:21,538" />
  </s>
  <s id="484">
    <time id="T405S" value="00:30:21,588" />
Die meisies loop gevaar.
  </s>
  <s id="485">
Selfs in die skuilings.
    <time id="T405E" value="00:30:25,302" />
  </s>
  <s id="486">
    <time id="T406S" value="00:30:25,502" />
As die VSA gereed is met sy militêre onttrekking, dan is die afgelope voor hulle.
    <time id="T407E" value="00:30:30,610" />
  </s>
  <s id="487">
    <time id="T408S" value="00:30:31,445" />
Kyk daarna, kyk na hul gesigte.
    <time id="T408E" value="00:30:33,943" />
  </s>
  <s id="488">
    <time id="T409S" value="00:30:37,273" />
Ek is 'n federale agent en ek kan geen materiële steun verleen aan 'n operasie van smokkel.
  </s>
  <s id="489">
- Sedert wanneer gee jy om die reëls?
    <time id="T410E" value="00:30:45,238" />
  </s>
  <s id="490">
    <time id="T411S" value="00:30:45,288" />
My reëls.
  </s>
  <s id="491">
- Ja, welke?
    <time id="T411E" value="00:30:47,539" />
  </s>
  <s id="492">
    <time id="T412S" value="00:30:47,589" />
Reël 10.
    <time id="T412E" value="00:30:49,179" />
  </s>
  <s id="493">
    <time id="T413S" value="00:30:49,479" />
Raak nooit persoonlik betrokke in 'n saak.
    <time id="T413E" value="00:30:51,675" />
  </s>
  <s id="494">
    <time id="T414S" value="00:30:51,775" />
Reël 14.
  </s>
  <s id="495">
Buig die lyn, maar breek hulle nie.
    <time id="T414E" value="00:30:55,352" />
  </s>
  <s id="496">
    <time id="T415S" value="00:30:55,652" />
Smokkel breek hulle.
    <time id="T415E" value="00:30:57,898" />
  </s>
  <s id="497">
    <time id="T416S" value="00:30:57,948" />
Jy was al eens betrokke.
    <time id="T416E" value="00:31:00,175" />
  </s>
  <s id="498">
    <time id="T417S" value="00:31:00,275" />
Of is jy vergeet hoe Leyla en Amira hier geraakten?
    <time id="T417E" value="00:31:03,874" />
  </s>
  <s id="499">
    <time id="T418S" value="00:31:06,898" />
Hoe kies jy, Mike?
    <time id="T418E" value="00:31:08,897" />
  </s>
  <s id="500">
    <time id="T419S" value="00:31:09,201" />
Wie kies jy?
    <time id="T419E" value="00:31:11,481" />
  </s>
  <s id="501">
    <time id="T420S" value="00:31:11,897" />
Jy kan begin, maar hoe hou jy daarmee op?
    <time id="T420E" value="00:31:15,278" />
  </s>
  <s id="502">
    <time id="T421S" value="00:31:16,481" />
Jy is God nie.
    <time id="T421E" value="00:31:18,542" />
  </s>
  <s id="503">
    <time id="T422S" value="00:31:18,592" />
Hy wil daar nie aan deel te neem.
    <time id="T422E" value="00:31:20,665" />
  </s>
  <s id="504">
    <time id="T423S" value="00:31:21,225" />
Ek kan dit nie doen nie.
    <time id="T423E" value="00:31:23,813" />
  </s>
  <s id="505">
    <time id="T424S" value="00:31:25,335" />
Ek kan dit nie.
    <time id="T424E" value="00:31:27,549" />
  </s>
  <s id="506">
    <time id="T425S" value="00:31:38,029" />
Kalm aan, jy gaan die raamwerk stukkend slaan.
    <time id="T425E" value="00:31:40,357" />
  </s>
  <s id="507">
    <time id="T426S" value="00:31:42,068" />
Hulle is almal daar, baas.
    <time id="T426E" value="00:31:43,905" />
  </s>
  <s id="508">
    <time id="T427S" value="00:31:44,105" />
Het jy die lek gevind?
  </s>
  <s id="509">
- Nee.
    <time id="T427E" value="00:31:45,982" />
  </s>
  <s id="510">
    <time id="T428S" value="00:31:46,032" />
Ek dink dat Catherine gelyk het.
    <time id="T428E" value="00:31:47,839" />
  </s>
  <s id="511">
    <time id="T429S" value="00:31:47,889" />
Hierdie vroue sou mekaar nooit verraai.
    <time id="T429E" value="00:31:50,254" />
  </s>
  <s id="512">
    <time id="T430S" value="00:31:54,190" />
Die meisie waar ek mee gepraat het, is byna doodgeslaan deur haar vader, omdat sy 'n seun gesoen het.
    <time id="T431E" value="00:31:58,678" />
  </s>
  <s id="513">
    <time id="T432S" value="00:31:58,728" />
Die meisie regs agter hardloop weg van 'n huwelik toe sy 13 was.
    <time id="T432E" value="00:32:02,753" />
  </s>
  <s id="514">
    <time id="T433S" value="00:32:02,953" />
13, baas.
  </s>
  <s id="515">
- Ja. 
  </s>
  <s id="516">
Ja, ek verstaan dit.
    <time id="T433E" value="00:32:06,022" />
  </s>
  <s id="517">
    <time id="T434S" value="00:32:06,222" />
Andersyds, as hulle die enigstes is wat die inligting het, moet 't lek hier is.
    <time id="T434E" value="00:32:10,364" />
  </s>
  <s id="518">
    <time id="T435S" value="00:32:12,439" />
Ons moet verlaat, nou.
  </s>
  <s id="519">
- Wat is daar gaande?
    <time id="T435E" value="00:32:15,458" />
  </s>
  <s id="520">
    <time id="T436S" value="00:32:15,508" />
My offisier gevang inligting op dat 'n groep inwoners vanaand iets van plan is.
    <time id="T436E" value="00:32:19,834" />
  </s>
  <s id="521">
    <time id="T437S" value="00:32:20,099" />
Dat is zowat rondom hierdie tyd.
  </s>
  <s id="522">
- Wat van plan?
    <time id="T437E" value="00:32:22,516" />
  </s>
  <s id="523">
    <time id="T438S" value="00:32:22,616" />
Een of ander vreugdevuur, hulle kom meestal te naby vir die veiligheid.
    <time id="T438E" value="00:32:26,105" />
  </s>
  <s id="524">
    <time id="T439S" value="00:32:26,751" />
Dan moet ons die polisie bel.
  </s>
  <s id="525">
- Dat is geen goed idee.
    <time id="T439E" value="00:32:29,425" />
  </s>
  <s id="526">
    <time id="T440S" value="00:32:29,475" />
Hulle bring gewoonlik die petrol mee.
  </s>
  <s id="527">
- My offisier gestuur al 'n dringend versoek aan die VN gewapende magte in die buurt.
    <time id="T441E" value="00:32:34,407" />
  </s>
  <s id="528">
    <time id="T442S" value="00:32:34,507" />
Maar ons het die bevel om na die basis terug te keer.
    <time id="T442E" value="00:32:36,601" />
  </s>
  <s id="529">
    <time id="T443S" value="00:32:37,336" />
Miskien kan jy meisies uit voorsorgmaatreël beter iewers anders heen.
    <time id="T443E" value="00:32:40,590" />
  </s>
  <s id="530">
    <time id="T444S" value="00:32:40,640" />
Jy weet so goed soos ek dat hulle nêrens heen kan.
    <time id="T444E" value="00:32:43,762" />
  </s>
  <s id="531">
    <time id="T445S" value="00:32:44,279" />
Ons wag op versterking.
    <time id="T445E" value="00:32:45,901" />
  </s>
  <s id="532">
    <time id="T446S" value="00:32:45,951" />
Agent Gibbs, dit is verbode deur ons reëls om hulp te verleen in sulke omstandighede.
    <time id="T447E" value="00:32:50,333" />
  </s>
  <s id="533">
    <time id="T448S" value="00:32:50,383" />
Dit is politiek gesien erg lastig.
  </s>
  <s id="534">
Ons het ons beveel.
    <time id="T448E" value="00:32:53,854" />
  </s>
  <s id="535">
    <time id="T449S" value="00:32:53,904" />
Ons moet vertrek.
    <time id="T449E" value="00:32:55,809" />
  </s>
  <s id="536">
    <time id="T450S" value="00:33:09,883" />
Ek bly.
    <time id="T450E" value="00:33:11,465" />
  </s>
  <s id="537">
    <time id="T451S" value="00:33:11,565" />
Luister, dit is nie die eerste keer dat ons sulke inligting kry.
    <time id="T451E" value="00:33:14,423" />
  </s>
  <s id="538">
    <time id="T452S" value="00:33:14,473" />
Met die meisies kom dit wel goed.
  </s>
  <s id="539">
Maar as ons voortgaan dan draai dit gewaarborg op geweld uit.
  </s>
  <s id="540">
Ons moet nou vertrek.
    <time id="T453E" value="00:33:19,583" />
  </s>
  <s id="541">
    <time id="T454S" value="00:33:20,814" />
Kom op, McGee.
  </s>
  <s id="542">
Maak dat jy wegkom.
    <time id="T454E" value="00:33:23,473" />
  </s>
  <s id="543">
    <time id="T455S" value="00:33:23,684" />
Baas?
  </s>
  <s id="544">
- Nou.
    <time id="T455E" value="00:33:26,182" />
  </s>
  <s id="545">
    <time id="T456S" value="00:33:26,582" />
Ga.
    <time id="T456E" value="00:33:28,278" />
  </s>
  <s id="546">
    <time id="T457S" value="00:33:55,486" />
Dankie dat u met NCIS gevlieg het.
    <time id="T457E" value="00:33:57,383" />
  </s>
  <s id="547">
    <time id="T458S" value="00:33:57,433" />
Ons weet dat u kan kies uit overheidsagentschappen.
    <time id="T458E" value="00:34:00,576" />
  </s>
  <s id="548">
    <time id="T459S" value="00:34:00,676" />
Ons hoop dat u vreugde beleef aan die Amerikaanse paspoort.
    <time id="T459E" value="00:34:03,929" />
  </s>
  <s id="549">
    <time id="T460S" value="00:34:04,029" />
Of die groen kaart.
    <time id="T460E" value="00:34:06,082" />
  </s>
  <s id="550">
    <time id="T461S" value="00:34:07,209" />
Moenie bekommerd wees nie, alles kom goed.
    <time id="T461E" value="00:34:10,052" />
  </s>
  <s id="551">
    <time id="T462S" value="00:34:22,947" />
Graag gedaan.
    <time id="T462E" value="00:34:24,809" />
  </s>
  <s id="552">
    <time id="T463S" value="00:34:36,133" />
Tony DiNozzo, vriend van die dames.
  </s>
  <s id="553">
- Tony, ons sit met 'n probleem.
    <time id="T463E" value="00:34:39,731" />
  </s>
  <s id="554">
    <time id="T464S" value="00:34:40,348" />
Ons het inligting dat daar 'n aanval op die skuiling sou kom en ons het die bevel om op te krap. maar...
    <time id="T465E" value="00:34:43,995" />
  </s>
  <s id="555">
    <time id="T466S" value="00:34:44,095" />
Laat my raai.
  </s>
  <s id="556">
Eintlik is dit nie nodig.
    <time id="T466E" value="00:34:46,544" />
  </s>
  <s id="557">
    <time id="T467S" value="00:34:46,594" />
Agent McGee, ons het ons beveel, ons moet nou vertrek.
    <time id="T467E" value="00:34:50,068" />
  </s>
  <s id="558">
    <time id="T468S" value="00:34:51,772" />
Gaan dan.
  </s>
  <s id="559">
Ek bly.
    <time id="T468E" value="00:34:53,954" />
  </s>
  <s id="560">
    <time id="T469S" value="00:34:56,423" />
Wat is daar met hierdie kêrels van die NCIS?
  </s>
  <s id="561">
- Wat het jy nodig?
    <time id="T469E" value="00:34:59,091" />
  </s>
  <s id="562">
    <time id="T470S" value="00:34:59,141" />
Daar sou versterking onderweg is, maar...
  </s>
  <s id="563">
- Ek kyk wat ons in die buurt het.
    <time id="T470E" value="00:35:03,510" />
  </s>
  <s id="564">
    <time id="T471S" value="00:35:03,560" />
As jy klaar is, gaan dan na MTAC en kyk of daar satellietbereik van ons plek is.
    <time id="T471E" value="00:35:07,910" />
  </s>
  <s id="565">
    <time id="T472S" value="00:35:08,110" />
Miskien kan jy iets sien wat ons nie sien nie.
    <time id="T472E" value="00:35:09,898" />
  </s>
  <s id="566">
    <time id="T473S" value="00:35:09,948" />
Goed, dit doen ek.
  </s>
  <s id="567">
Wees versigtig, Tim.
    <time id="T473E" value="00:35:12,644" />
  </s>
  <s id="568">
    <time id="T474S" value="00:35:13,461" />
Ja.
    <time id="T474E" value="00:35:15,441" />
  </s>
  <s id="569">
    <time id="T475S" value="00:35:23,879" />
Maak wat komberse nat.
  </s>
  <s id="570">
Ons kan hulle voor die deure stop, as ons die rook wil buite hou.
    <time id="T476E" value="00:35:27,845" />
  </s>
  <s id="571">
    <time id="T477S" value="00:35:28,526" />
Die agterkant is beskerm.
  </s>
  <s id="572">
Iets waarmee ek kan help, baas?
    <time id="T477E" value="00:35:31,610" />
  </s>
  <s id="573">
    <time id="T478S" value="00:35:32,178" />
Identifiseer alle sighoeke.
    <time id="T478E" value="00:35:34,112" />
  </s>
  <s id="574">
    <time id="T479S" value="00:35:34,162" />
Dek alle benadering moontlikhede, McGee.
    <time id="T479E" value="00:35:36,416" />
  </s>
  <s id="575">
    <time id="T480S" value="00:35:38,550" />
Waarom gaan ons nie rondom die blok, tot die kavallerie daar aankom.
    <time id="T480E" value="00:35:42,324" />
  </s>
  <s id="576">
    <time id="T481S" value="00:35:42,424" />
Dat is te riskant, dit is miskien opgestel om ons die skuiling te doen verlaat.
    <time id="T481E" value="00:35:46,287" />
  </s>
  <s id="577">
    <time id="T482S" value="00:35:46,487" />
Ons is binne veiliger.
    <time id="T482E" value="00:35:48,578" />
  </s>
  <s id="578">
    <time id="T483S" value="00:35:50,080" />
McGee, ammunisie.
  </s>
  <s id="579">
- Een vol pakhuis in my SIG en twee ekstra in my sak.
    <time id="T484E" value="00:35:54,647" />
  </s>
  <s id="580">
    <time id="T485S" value="00:35:55,833" />
Het jy wapens?
    <time id="T485E" value="00:35:57,779" />
  </s>
  <s id="581">
    <time id="T486S" value="00:35:58,117" />
Ek is nie so dol op wapens, maar ek het daar 'n by die hand.
    <time id="T486E" value="00:36:01,845" />
  </s>
  <s id="582">
    <time id="T487S" value="00:36:08,305" />
Skiet nie op jouself.
    <time id="T487E" value="00:36:09,797" />
  </s>
  <s id="583">
    <time id="T488S" value="00:36:11,529" />
Almal teen die grond.
  </s>
  <s id="584">
McGee.
    <time id="T488E" value="00:36:13,912" />
  </s>
  <s id="585">
    <time id="T489S" value="00:36:26,226" />
Hier is niks te sien.
    <time id="T489E" value="00:36:28,042" />
  </s>
  <s id="586">
    <time id="T490S" value="00:36:31,618" />
Tony, dit is nou 'n slegte tyd.
    <time id="T490E" value="00:36:33,591" />
  </s>
  <s id="587">
    <time id="T491S" value="00:36:33,641" />
Ek het net die VN bevelvoerder aan die lyn, hy stuur 'n span in julle rigting.
    <time id="T491E" value="00:36:36,740" />
  </s>
  <s id="588">
    <time id="T492S" value="00:36:36,790" />
Hulle mag haastig, ons was geskaafde.
  </s>
  <s id="589">
- Die satelliet kom aanlyn.
    <time id="T492E" value="00:36:40,042" />
  </s>
  <s id="590">
    <time id="T493S" value="00:36:41,215" />
Goed, hier gaan ons.
  </s>
  <s id="591">
Daar is vyf inkomende boemannen, McGee.
    <time id="T493E" value="00:36:43,628" />
  </s>
  <s id="592">
    <time id="T494S" value="00:36:43,678" />
Te voet, beweeg stadig.
    <time id="T494E" value="00:36:45,690" />
  </s>
  <s id="593">
    <time id="T495S" value="00:36:47,380" />
Ek sien hulle nie.
    <time id="T495E" value="00:36:49,308" />
  </s>
  <s id="594">
    <time id="T496S" value="00:36:52,592" />
Ek het hulle.
    <time id="T496E" value="00:36:54,275" />
  </s>
  <s id="595">
    <time id="T497S" value="00:36:58,024" />
Is jy daar nog, McGee?
  </s>
  <s id="596">
- Ons is daar, Tony.
    <time id="T497E" value="00:37:00,869" />
  </s>
  <s id="597">
    <time id="T498S" value="00:37:06,856" />
Hulle het molotovcocktails.
  </s>
  <s id="598">
Hulle planne geen vreugdevuur.
    <time id="T498E" value="00:37:10,545" />
  </s>
  <s id="599">
    <time id="T499S" value="00:37:10,770" />
Jy gaan jou hier nie kan uitpraat en as jy gaan skiet ontstaan daar 'n oproer.
    <time id="T499E" value="00:37:15,367" />
  </s>
  <s id="600">
    <time id="T500S" value="00:37:15,653" />
Die plaaslike bevolking is nie baie gestel op Amerikaners.
    <time id="T500E" value="00:37:18,663" />
  </s>
  <s id="601">
    <time id="T501S" value="00:37:24,133" />
Net buite Kaboel ontplof 'n bomauto.
    <time id="T501E" value="00:37:26,653" />
  </s>
  <s id="602">
    <time id="T502S" value="00:37:27,024" />
Die doel was 'n skuiling vir vroue, gelei deur 'n Franse groep genaamd,
    <time id="T502E" value="00:37:30,549" />
  </s>
  <s id="603">
    <time id="T503S" value="00:37:30,599" />
"Les Femmes Determinee".
    <time id="T503E" value="00:37:32,377" />
  </s>
  <s id="604">
    <time id="T504S" value="00:37:32,427" />
Na bewering sy ses Afghaanse vroue gedood deur die ontploffing.
    <time id="T504E" value="00:37:35,976" />
  </s>
  <s id="605">
    <time id="T505S" value="00:37:36,026" />
Die enigste oorlewende is 'n Franse, Catherine Tavier, wat die opvang gelei het.
    <time id="T505E" value="00:37:40,775" />
  </s>
  <s id="606">
    <time id="T506S" value="00:37:41,212" />
Ek kon hulle daaruit gehaal het, probie.
    <time id="T506E" value="00:37:43,747" />
  </s>
  <s id="607">
    <time id="T507S" value="00:37:44,531" />
Sommige van hulle was nog kinders.
    <time id="T507E" value="00:37:47,231" />
  </s>
  <s id="608">
    <time id="T508S" value="00:37:49,247" />
Ons kan nie vlug, kan ons nie onderhandel en nie veg.
    <time id="T508E" value="00:37:51,820" />
  </s>
  <s id="609">
    <time id="T509S" value="00:37:51,870" />
Wat doen ons dan?
    <time id="T509E" value="00:37:53,626" />
  </s>
  <s id="610">
    <time id="T510S" value="00:37:57,977" />
Goed, hulle kom, McGee.
    <time id="T510E" value="00:38:00,065" />
  </s>
  <s id="611">
    <time id="T511S" value="00:38:03,250" />
Ons hou stand.
  </s>
  <s id="612">
- Wat beteken dat eintlik?
    <time id="T511E" value="00:38:06,880" />
  </s>
  <s id="613">
    <time id="T512S" value="00:38:09,999" />
Die ouens is boelies.
    <time id="T512E" value="00:38:11,917" />
  </s>
  <s id="614">
    <time id="T513S" value="00:38:11,967" />
Jy kom op teen boelies, nietwaar, McGee?
    <time id="T513E" value="00:38:14,618" />
  </s>
  <s id="615">
    <time id="T514S" value="00:38:14,818" />
Dek me.
  </s>
  <s id="616">
- Wat?
    <time id="T514E" value="00:38:16,690" />
  </s>
  <s id="617">
    <time id="T515S" value="00:38:16,790" />
Baas gaan jy na buite?
    <time id="T515E" value="00:38:18,892" />
  </s>
  <s id="618">
    <time id="T516S" value="00:38:31,643" />
McGee, wat doen hy daar buite?
  </s>
  <s id="619">
- Hy doen wat hy doen, Tony.
    <time id="T516E" value="00:38:35,290" />
  </s>
  <s id="620">
    <time id="T517S" value="00:38:35,340" />
Waar bly ons versterking?
  </s>
  <s id="621">
- Ek werk daaraan.
    <time id="T517E" value="00:38:37,874" />
  </s>
  <s id="622">
    <time id="T518S" value="00:38:37,924" />
Wel, werk dan vinniger.
    <time id="T518E" value="00:38:40,054" />
  </s>
  <s id="623">
    <time id="T519S" value="00:39:21,461" />
Hy gaan homself laat doodmaak.
    <time id="T519E" value="00:39:23,626" />
  </s>
  <s id="624">
    <time id="T520S" value="00:39:23,676" />
Ek dink dat ek eers sterf deur 'n hartaanval.
    <time id="T520E" value="00:39:26,392" />
  </s>
  <s id="625">
    <time id="T521S" value="00:39:36,906" />
Raster 097...
  </s>
  <s id="626">
- Waar bly die lug- en grondsteun?
    <time id="T521E" value="00:39:39,739" />
  </s>
  <s id="627">
    <time id="T522S" value="00:39:39,789" />
Ons het hulle nou nodig, daar is geen tyd meer.
    <time id="T522E" value="00:39:42,123" />
  </s>
  <s id="628">
    <time id="T523S" value="00:39:42,173" />
Hulle is met teveel.
    <time id="T523E" value="00:39:43,922" />
  </s>
  <s id="629">
    <time id="T524S" value="00:39:43,972" />
As ek daar 'n neerskiet, dan is Gibbs dood.
    <time id="T524E" value="00:39:46,455" />
  </s>
  <s id="630">
    <time id="T525S" value="00:39:47,580" />
Hy is al dood.
    <time id="T525E" value="00:39:49,827" />
  </s>
  <s id="631">
    <time id="T526S" value="00:39:57,186" />
Wat is daar gaande, situasie verslag, McGee.
    <time id="T526E" value="00:39:59,636" />
  </s>
  <s id="632">
    <time id="T527S" value="00:39:59,686" />
Jy was al aan die ander kant van die blik, Tony.
    <time id="T527E" value="00:40:01,899" />
  </s>
  <s id="633">
    <time id="T528S" value="00:40:01,999" />
Raad eens.
    <time id="T528E" value="00:40:03,900" />
  </s>
  <s id="634">
    <time id="T529S" value="00:40:46,888" />
He, gunny, het jy hulp nodig?
    <time id="T529E" value="00:40:50,047" />
  </s>
  <s id="635">
    <time id="T530S" value="00:40:51,157" />
Dankie.
    <time id="T530E" value="00:40:52,723" />
  </s>
  <s id="636">
    <time id="T531S" value="00:40:56,351" />
Ek kan dit nie glo nie.
  </s>
  <s id="637">
- Dat was, ongelooflik.
    <time id="T531E" value="00:41:00,209" />
  </s>
  <s id="638">
    <time id="T532S" value="00:41:00,259" />
Baas, jy het die skuiling gered.
    <time id="T532E" value="00:41:02,456" />
  </s>
  <s id="639">
    <time id="T533S" value="00:41:02,506" />
Voorlopig, McGee.
    <time id="T533E" value="00:41:04,571" />
  </s>
  <s id="640">
    <time id="T534S" value="00:41:05,187" />
Maar hoe is dit môre?
    <time id="T534E" value="00:41:07,804" />
  </s>
  <s id="641">
    <time id="T535S" value="00:41:15,181" />
Agent Gibbs het nogal 'n risiko met wat hy gedoen het.
    <time id="T535E" value="00:41:18,135" />
  </s>
  <s id="642">
    <time id="T536S" value="00:41:18,185" />
Dit is sy styl.
    <time id="T536E" value="00:41:19,993" />
  </s>
  <s id="643">
    <time id="T537S" value="00:41:20,643" />
Ek het gehoor dat hulle die lek gevind het.
    <time id="T537E" value="00:41:22,942" />
  </s>
  <s id="644">
    <time id="T538S" value="00:41:24,256" />
Ja, een van die meisies wat die opvang verlaat en bedreig is.
    <time id="T538E" value="00:41:29,733" />
  </s>
  <s id="645">
    <time id="T539S" value="00:41:30,033" />
Sy het geen keuse nie.
  </s>
  <s id="646">
- Julle gee regtig om die werk, maar ook vir mekaar.
    <time id="T540E" value="00:41:39,208" />
  </s>
  <s id="647">
    <time id="T541S" value="00:41:39,407" />
Wel, soms is dit 'n last.
    <time id="T541E" value="00:41:41,905" />
  </s>
  <s id="648">
    <time id="T542S" value="00:41:44,439" />
Waarom dink jy dat Gibbs dit gedoen het?
    <time id="T542E" value="00:41:46,609" />
  </s>
  <s id="649">
    <time id="T543S" value="00:41:47,815" />
Ek weet dit nie.
    <time id="T543E" value="00:41:49,515" />
  </s>
  <s id="650">
    <time id="T544S" value="00:41:50,106" />
Omdat hy graag die reëls oortree, miskien.
    <time id="T544E" value="00:41:52,454" />
  </s>
  <s id="651">
    <time id="T545S" value="00:41:52,504" />
Ek hoop dat hy 'n goeie antwoord voor die immigrasie het.
    <time id="T545E" value="00:41:55,086" />
  </s>
  <s id="652">
    <time id="T546S" value="00:41:55,386" />
Want hy gaan na dit tog een en ander moet verduidelik.
    <time id="T546E" value="00:41:59,191" />
  </s>
  <s id="653">
    <time id="T547S" value="00:42:32,850" />
Mike sou so trots op jou wees.
    <time id="T547E" value="00:42:36,364" />
  </s>
  <s id="654">
    <time id="T548S" value="00:42:45,498" />
Vertaling en sync deur: 
  </s>
  <s id="655">
Rie van die Buggy's
    <time id="T548E" value="00:42:51,633" />
  </s>
  <meta>
    <conversion>
      <tokens>5646</tokens>
      <encoding>windows-1252</encoding>
      <corrected_words>0</corrected_words>
      <truecased_words>0</truecased_words>
      <unknown_words>0</unknown_words>
      <sentences>655</sentences>
      <ignored_blocks>0</ignored_blocks>
    </conversion>
    <subtitle>
      <machine_translated>0</machine_translated>
      <date>2013-11-26</date>
      <language>Afrikaans</language>
      <confidence>1.0</confidence>
      <duration>00:42:51,633</duration>
      <blocks>548</blocks>
      <version>1</version>
      <rating>1.0</rating>
    </subtitle>
    <source>
      <year>2013</year>
      <duration>44</duration>
      <cds>1/1</cds>
      <genre>Action,Comedy,Crime</genre>
      <HD>1</HD>
    </source>
  </meta>
</document>
