<?xml version="1.0" encoding="utf-8"?>
<document id="5509748">
  <s id="1">
    <time id="T1S" value="00:00:38,000" />
Die Skepping
    <time id="T1E" value="00:00:58,000" />
  </s>
  <s id="2">
    <time id="T2S" value="00:02:30,671" />
Voorstelling van die chaos
    <time id="T2E" value="00:03:26,363" />
  </s>
  <s id="3">
    <time id="T3S" value="00:09:35,000" />
In die begin het God   hemel en aarde geskep.
    <time id="T4E" value="00:09:54,010" />
  </s>
  <s id="4">
    <time id="T5S" value="00:10:09,997" />
En die aarde was   sonder form   en leeg,
    <time id="T7E" value="00:10:24,645" />
  </s>
  <s id="5">
    <time id="T8S" value="00:10:37,208" />
... en duisternis was op ... .. die oppervlak van die dieptes.
    <time id="T9E" value="00:10:53,282" />
  </s>
  <s id="6">
    <time id="T10S" value="00:11:00,524" />
En die Gees van God het gesweef   oor die oppervlakte   van die water.
    <time id="T12E" value="00:11:24,004" />
  </s>
  <s id="7">
    <time id="T13S" value="00:11:26,473" />
En God het gespreek:
    <time id="T13E" value="00:11:34,208" />
  </s>
  <s id="8">
    <time id="T14S" value="00:11:40,737" />
Laat daar lig wees.
    <time id="T14E" value="00:11:48,033" />
  </s>
  <s id="9">
    <time id="T15S" value="00:11:50,776" />
En daar was lig.
    <time id="T15E" value="00:12:05,095" />
  </s>
  <s id="10">
    <time id="T16S" value="00:12:18,646" />
En God het die lig gesien   dat dit goed was, ... en God skei die lig   van die duisternis.
    <time id="T19E" value="00:12:37,957" />
  </s>
  <s id="11">
    <time id="T20S" value="00:13:13,671" />
Nou wyk voor die heilige strale ..
    <time id="T20E" value="00:13:20,858" />
  </s>
  <s id="12">
    <time id="T21S" value="00:13:20,868" />
... die swart donker se skadu's:
    <time id="T21E" value="00:13:27,331" />
  </s>
  <s id="13">
    <time id="T22S" value="00:13:28,922" />
Nou wyk voor die heilige strale ..
    <time id="T22E" value="00:13:38,523" />
  </s>
  <s id="14">
    <time id="T23S" value="00:13:38,533" />
... die swart donker se skadu's:
    <time id="T23E" value="00:13:46,368" />
  </s>
  <s id="15">
    <time id="T24S" value="00:13:46,378" />
Die eerste dag ontstaan!
    <time id="T24E" value="00:13:55,365" />
  </s>
  <s id="16">
    <time id="T25S" value="00:13:58,218" />
Wanorde wyk ... .. en orde kom te voorskyn.
    <time id="T26E" value="00:14:09,355" />
  </s>
  <s id="17">
    <time id="T27S" value="00:14:09,365" />
Wanorde wyk ... .. en orde kom te voorskyn.
    <time id="T28E" value="00:14:25,703" />
  </s>
  <s id="18">
    <time id="T29S" value="00:14:31,628" />
Verstard vlug die skare bose geeste ..
    <time id="T29E" value="00:14:36,456" />
  </s>
  <s id="19">
    <time id="T30S" value="00:14:36,466" />
.. in die onderwêreld se diepte af ..
    <time id="T30E" value="00:14:43,094" />
  </s>
  <s id="20">
    <time id="T31S" value="00:14:43,313" />
.. na die ewige nag.
    <time id="T31E" value="00:14:47,757" />
  </s>
  <s id="21">
    <time id="T32S" value="00:14:47,767" />
.. in die onderwêreld se diepte af ..
    <time id="T32E" value="00:14:54,341" />
  </s>
  <s id="22">
    <time id="T33S" value="00:14:54,450" />
.. na die ewige nag.
    <time id="T33E" value="00:15:05,203" />
  </s>
  <s id="23">
    <time id="T34S" value="00:15:05,213" />
Vertwyfeling, woede en skrik ..
    <time id="T34E" value="00:15:21,936" />
  </s>
  <s id="24">
    <time id="T35S" value="00:15:21,946" />
.. begelei hulle val.
    <time id="T35E" value="00:15:32,249" />
  </s>
  <s id="25">
    <time id="T36S" value="00:15:32,259" />
En 'n nuwe wêreld ..
    <time id="T36E" value="00:15:39,271" />
  </s>
  <s id="26">
    <time id="T37S" value="00:15:39,281" />
.. ontstaan op God se Woord.
    <time id="T37E" value="00:15:45,635" />
  </s>
  <s id="27">
    <time id="T38S" value="00:15:45,745" />
En 'n nuwe wêreld ... .. ontstaan op God se Woord.
    <time id="T39E" value="00:15:57,650" />
  </s>
  <s id="28">
    <time id="T40S" value="00:15:57,660" />
Verstard vlug die skare bose geeste ..
    <time id="T40E" value="00:16:03,520" />
  </s>
  <s id="29">
    <time id="T41S" value="00:16:03,530" />
.. in die onderwêreld se diepte af ..
    <time id="T41E" value="00:16:05,769" />
  </s>
  <s id="30">
    <time id="T42S" value="00:16:05,779" />
.. na die ewige nag.
    <time id="T42E" value="00:16:09,555" />
  </s>
  <s id="31">
    <time id="T43S" value="00:16:09,565" />
in die onderwêreld se diepte af ..
    <time id="T43E" value="00:16:12,188" />
  </s>
  <s id="32">
    <time id="T44S" value="00:16:12,198" />
.. na die ewige nag.
    <time id="T44E" value="00:16:17,400" />
  </s>
  <s id="33">
    <time id="T45S" value="00:16:17,410" />
En 'n nuwe wêreld ... .. ontstaan op God se Woord.
    <time id="T46E" value="00:16:31,444" />
  </s>
  <s id="34">
    <time id="T47S" value="00:16:31,454" />
En 'n nuwe wêreld ..
    <time id="T47E" value="00:16:37,369" />
  </s>
  <s id="35">
    <time id="T48S" value="00:16:37,589" />
.. ontstaan op God se Woord.
    <time id="T48E" value="00:16:52,950" />
  </s>
  <s id="36">
    <time id="T49S" value="00:16:52,960" />
En God skep die uitspansel ... .. en deel die water wat ... .. onder die uitspansel was ... .. van die waters wat   bo-oor die uitspansel was.
    <time id="T53E" value="00:17:14,071" />
  </s>
  <s id="37">
    <time id="T54S" value="00:17:14,081" />
.. en dit was so.
    <time id="T54E" value="00:17:20,490" />
  </s>
  <s id="38">
    <time id="T55S" value="00:17:28,280" />
Daar woed heftige storms ...
    <time id="T55E" value="00:17:33,053" />
  </s>
  <s id="39">
    <time id="T56S" value="00:17:40,075" />
Wolke vlieg soos strooi voor die wind,
    <time id="T56E" value="00:17:43,586" />
  </s>
  <s id="40">
    <time id="T57S" value="00:17:48,908" />
Vurige blitse deurklief die lug,
    <time id="T57E" value="00:17:52,693" />
  </s>
  <s id="41">
    <time id="T58S" value="00:17:58,618" />
en verskriklik rol die donder rond ..
    <time id="T58E" value="00:18:03,775" />
  </s>
  <s id="42">
    <time id="T59S" value="00:18:11,949" />
Die weer bring op Sy bevel,
    <time id="T59E" value="00:18:16,448" />
  </s>
  <s id="43">
    <time id="T60S" value="00:18:16,458" />
.. die aller-verkwikkende rëen,
    <time id="T60E" value="00:18:21,879" />
  </s>
  <s id="44">
    <time id="T61S" value="00:18:29,724" />
.. die verwoestende stortbui,
    <time id="T61E" value="00:18:36,143" />
  </s>
  <s id="45">
    <time id="T62S" value="00:18:52,930" />
.. die ligte vlokkige sneeu.
    <time id="T62E" value="00:18:59,513" />
  </s>
  <s id="46">
    <time id="T63S" value="00:19:11,528" />
Versteend sien hulle die wonderwerk,
    <time id="T63E" value="00:19:18,166" />
  </s>
  <s id="47">
    <time id="T64S" value="00:19:18,176" />
.. die blye hemelburgers.
    <time id="T64E" value="00:19:22,445" />
  </s>
  <s id="48">
    <time id="T65S" value="00:19:22,455" />
.. en luid weerklink uit hulle kele ...
    <time id="T65E" value="00:19:27,712" />
  </s>
  <s id="49">
    <time id="T66S" value="00:19:30,016" />
Die Skepper se lof,
    <time id="T66E" value="00:19:34,734" />
  </s>
  <s id="50">
    <time id="T67S" value="00:19:34,744" />
.. die lof van die tweede dag.
    <time id="T67E" value="00:19:40,549" />
  </s>
  <s id="51">
    <time id="T68S" value="00:19:40,659" />
.. en luid weerklink uit hulle kele ...
    <time id="T68E" value="00:19:44,719" />
  </s>
  <s id="52">
    <time id="T69S" value="00:19:44,729" />
Die Skepper se lof,
    <time id="T69E" value="00:19:50,479" />
  </s>
  <s id="53">
    <time id="T70S" value="00:19:50,489" />
.. die lof van die tweede dag.
    <time id="T70E" value="00:20:12,808" />
  </s>
  <s id="54">
    <time id="T71S" value="00:20:14,508" />
Versteend sien hulle die wonderwerk, ... die blye hemelburgers.
    <time id="T72E" value="00:20:25,919" />
  </s>
  <s id="55">
    <time id="T73S" value="00:20:25,929" />
.. en luid weerklink uit hulle kele ..
    <time id="T73E" value="00:20:33,819" />
  </s>
  <s id="56">
    <time id="T74S" value="00:20:33,829" />
Die Skepper se lof.
    <time id="T74E" value="00:20:37,989" />
  </s>
  <s id="57">
    <time id="T75S" value="00:20:37,999" />
.. die lof van die tweede dag!
    <time id="T75E" value="00:20:57,574" />
  </s>
  <s id="58">
    <time id="T76S" value="00:20:57,584" />
En God het gespreek:
    <time id="T76E" value="00:21:03,115" />
  </s>
  <s id="59">
    <time id="T77S" value="00:21:03,125" />
Laat die water onder die hemel ..
    <time id="T77E" value="00:21:10,137" />
  </s>
  <s id="60">
    <time id="T78S" value="00:21:10,147" />
.. versamel op een plek.
    <time id="T78E" value="00:21:13,374" />
  </s>
  <s id="61">
    <time id="T79S" value="00:21:13,384" />
.. en laat daar droë land verskyn.
    <time id="T79E" value="00:21:18,695" />
  </s>
  <s id="62">
    <time id="T80S" value="00:21:18,705" />
En dit was so.
    <time id="T80E" value="00:21:25,608" />
  </s>
  <s id="63">
    <time id="T81S" value="00:21:25,618" />
En God noem die droë land "Aarde"
    <time id="T81E" value="00:21:32,795" />
  </s>
  <s id="64">
    <time id="T82S" value="00:21:32,805" />
En die waters noem Hy "See".
    <time id="T82E" value="00:21:39,872" />
  </s>
  <s id="65">
    <time id="T83S" value="00:21:39,882" />
En God het gesien dat dit goed was.
    <time id="T83E" value="00:21:48,814" />
  </s>
  <s id="66">
    <time id="T84S" value="00:22:08,674" />
Rollend in skuimende golwe ..
    <time id="T84E" value="00:22:13,611" />
  </s>
  <s id="67">
    <time id="T85S" value="00:22:13,621" />
.. beweeg die see heftig.
    <time id="T85E" value="00:22:18,549" />
  </s>
  <s id="68">
    <time id="T86S" value="00:22:18,559" />
Rollend in skuimende golwe ..
    <time id="T86E" value="00:22:21,840" />
  </s>
  <s id="69">
    <time id="T87S" value="00:22:21,850" />
.. beweeg die see heftig.
    <time id="T87E" value="00:22:32,483" />
  </s>
  <s id="70">
    <time id="T88S" value="00:22:32,493" />
Heuwels en kranse verskyn.
    <time id="T88E" value="00:22:36,872" />
  </s>
  <s id="71">
    <time id="T89S" value="00:22:36,882" />
Die bergpieke styg te voorskyn.
    <time id="T89E" value="00:22:46,802" />
  </s>
  <s id="72">
    <time id="T90S" value="00:22:46,812" />
Heuwels en kranse verskyn,
    <time id="T90E" value="00:22:49,929" />
  </s>
  <s id="73">
    <time id="T91S" value="00:22:49,939" />
Die bergpieke styg te voorskyn.
    <time id="T91E" value="00:23:03,918" />
  </s>
  <s id="74">
    <time id="T92S" value="00:23:10,392" />
Die wye vlakte ... .. word deur 'n brëe stroom deursny ... .. met vele kronkels.
    <time id="T94E" value="00:23:21,145" />
  </s>
  <s id="75">
    <time id="T95S" value="00:23:21,155" />
Die wye vlakte ... .. word deur 'n brëe stroom deursny ... .. met vele kronkels.
    <time id="T97E" value="00:23:32,062" />
  </s>
  <s id="76">
    <time id="T98S" value="00:23:32,072" />
.. word deur 'n brëe stroom deursny ..
    <time id="T98E" value="00:23:42,486" />
  </s>
  <s id="77">
    <time id="T99S" value="00:23:42,496" />
.. met vele kronkels.
    <time id="T99E" value="00:23:46,491" />
  </s>
  <s id="78">
    <time id="T100S" value="00:23:53,348" />
Sag-ruisend gly ..
    <time id="T100E" value="00:23:59,877" />
  </s>
  <s id="79">
    <time id="T101S" value="00:23:59,887" />
.. in die stil dal, 'n helder stroom.
    <time id="T101E" value="00:24:07,722" />
  </s>
  <s id="80">
    <time id="T102S" value="00:24:09,258" />
Sag-ruisend gly ... .. in die stil dal ..
    <time id="T103E" value="00:24:26,703" />
  </s>
  <s id="81">
    <time id="T104S" value="00:24:26,713" />
.. 'n helder stroom.
    <time id="T104E" value="00:24:32,793" />
  </s>
  <s id="82">
    <time id="T105S" value="00:24:32,803" />
Sag-ruisend gly ... .. in die stil dal, 'n helder stroom.
    <time id="T106E" value="00:24:47,221" />
  </s>
  <s id="83">
    <time id="T107S" value="00:24:47,231" />
Sag-ruisend gly ... .. in die stil dal ..
    <time id="T108E" value="00:25:11,141" />
  </s>
  <s id="84">
    <time id="T109S" value="00:25:11,151" />
.. 'n helder stroom.
    <time id="T109E" value="00:25:18,821" />
  </s>
  <s id="85">
    <time id="T110S" value="00:25:21,290" />
.. in die stil dal ..
    <time id="T110E" value="00:25:27,325" />
  </s>
  <s id="86">
    <time id="T111S" value="00:25:27,335" />
.. 'n helder stroom.
    <time id="T111E" value="00:25:37,145" />
  </s>
  <s id="87">
    <time id="T112S" value="00:25:44,796" />
En God het gespreek:
    <time id="T112E" value="00:25:49,682" />
  </s>
  <s id="88">
    <time id="T113S" value="00:25:49,692" />
Laat die aarde gras voortbring.
    <time id="T113E" value="00:25:55,500" />
  </s>
  <s id="89">
    <time id="T114S" value="00:25:55,510" />
Plante wat saad dra ... .. en vrugtebome wat vrugte dra ..
    <time id="T115E" value="00:26:03,412" />
  </s>
  <s id="90">
    <time id="T116S" value="00:26:03,422" />
.. eie aan hulle aard ... .. wat hulle saad daarbinne het ..
    <time id="T117E" value="00:26:12,603" />
  </s>
  <s id="91">
    <time id="T118S" value="00:26:12,613" />
.. op die aarde.
    <time id="T118E" value="00:26:14,969" />
  </s>
  <s id="92">
    <time id="T119S" value="00:26:14,979" />
En dit was so.
    <time id="T119E" value="00:26:21,911" />
  </s>
  <s id="93">
    <time id="T120S" value="00:26:39,829" />
Nou word die velde vars-groen ..
    <time id="T120E" value="00:26:47,546" />
  </s>
  <s id="94">
    <time id="T121S" value="00:26:47,585" />
.. om die oë te verbly.
    <time id="T121E" value="00:26:55,419" />
  </s>
  <s id="95">
    <time id="T122S" value="00:26:55,429" />
Die heerlike gesig ... .. verhoog die blomme se sagte geur.
    <time id="T123E" value="00:27:25,204" />
  </s>
  <s id="96">
    <time id="T124S" value="00:27:33,155" />
Hier adem plante balsem uit.
    <time id="T124E" value="00:27:39,283" />
  </s>
  <s id="97">
    <time id="T125S" value="00:27:39,293" />
Hier spruit genesing uit.
    <time id="T125E" value="00:28:49,790" />
  </s>
  <s id="98">
    <time id="T126S" value="00:28:52,892" />
Die takke buig onder ... .. die goue vrugte-las.
    <time id="T127E" value="00:29:03,015" />
  </s>
  <s id="99">
    <time id="T128S" value="00:29:08,018" />
.. hier oorkoepel die woud ..
    <time id="T128E" value="00:29:12,090" />
  </s>
  <s id="100">
    <time id="T129S" value="00:29:12,100" />
.. hulle met koele beskerming.
    <time id="T129E" value="00:29:19,381" />
  </s>
  <s id="101">
    <time id="T130S" value="00:29:19,420" />
Die steil berge ..
    <time id="T130E" value="00:29:24,617" />
  </s>
  <s id="102">
    <time id="T131S" value="00:29:24,627" />
.. bekroon 'n digte woud.
    <time id="T131E" value="00:29:37,299" />
  </s>
  <s id="103">
    <time id="T132S" value="00:29:52,540" />
Nou word die velde vars-groen ..
    <time id="T132E" value="00:29:59,987" />
  </s>
  <s id="104">
    <time id="T133S" value="00:29:59,997" />
.. om die oë te verbly.
    <time id="T133E" value="00:30:08,015" />
  </s>
  <s id="105">
    <time id="T134S" value="00:30:08,025" />
Die heerlike gesig ..
    <time id="T134E" value="00:30:16,469" />
  </s>
  <s id="106">
    <time id="T135S" value="00:30:16,479" />
.. verhoog die blomme se sagte geur.
    <time id="T135E" value="00:30:38,886" />
  </s>
  <s id="107">
    <time id="T136S" value="00:30:45,401" />
Hier adem plante balsem uit.
    <time id="T136E" value="00:30:52,343" />
  </s>
  <s id="108">
    <time id="T137S" value="00:30:52,353" />
Hier spruit genesing uit.
    <time id="T137E" value="00:31:18,250" />
  </s>
  <s id="109">
    <time id="T138S" value="00:31:18,260" />
Hier adem plante balsem uit.
    <time id="T138E" value="00:31:26,899" />
  </s>
  <s id="110">
    <time id="T139S" value="00:31:26,909" />
Hier spruit genesing uit.
    <time id="T139E" value="00:32:21,350" />
  </s>
  <s id="111">
    <time id="T140S" value="00:32:21,360" />
En die Hemelse lëerskare ..
    <time id="T140E" value="00:32:26,896" />
  </s>
  <s id="112">
    <time id="T141S" value="00:32:26,906" />
.. verkondig die derde dag ..
    <time id="T141E" value="00:32:30,929" />
  </s>
  <s id="113">
    <time id="T142S" value="00:32:30,939" />
en prys God met:
    <time id="T142E" value="00:32:37,057" />
  </s>
  <s id="114">
    <time id="T143S" value="00:32:37,067" />
Stel in die harpe, gryp die Liere!
    <time id="T143E" value="00:32:41,982" />
  </s>
  <s id="115">
    <time id="T144S" value="00:32:41,992" />
Laat julle lofgesang weerklink!
    <time id="T144E" value="00:32:46,442" />
  </s>
  <s id="116">
    <time id="T145S" value="00:32:46,452" />
Verbly jul in die Heer, die Ewige God!
    <time id="T145E" value="00:33:00,520" />
  </s>
  <s id="117">
    <time id="T146S" value="00:33:00,530" />
Hy beklee die aarde in heerlike prag!
    <time id="T146E" value="00:34:45,699" />
  </s>
  <s id="118">
    <time id="T147S" value="00:34:45,709" />
En God het gespreek:
    <time id="T147E" value="00:34:51,090" />
  </s>
  <s id="119">
    <time id="T148S" value="00:34:51,100" />
Laat daar ligte wees aan die hemel.
    <time id="T148E" value="00:34:56,946" />
  </s>
  <s id="120">
    <time id="T149S" value="00:34:56,956" />
.. om die dag van die nag te skei ..
    <time id="T149E" value="00:35:01,794" />
  </s>
  <s id="121">
    <time id="T150S" value="00:35:01,804" />
.. en lig op die aarde te gee ..
    <time id="T150E" value="00:35:08,000" />
  </s>
  <s id="122">
    <time id="T151S" value="00:35:08,010" />
.. en vir tekens en seisoene ..
    <time id="T151E" value="00:35:14,942" />
  </s>
  <s id="123">
    <time id="T152S" value="00:35:14,952" />
.. en vir dae en vir jare.
    <time id="T152E" value="00:35:20,177" />
  </s>
  <s id="124">
    <time id="T153S" value="00:35:20,187" />
Hy het die sterre ook geskep.
    <time id="T153E" value="00:35:34,023" />
  </s>
  <s id="125">
    <time id="T154S" value="00:36:35,144" />
In volle glans ...
    <time id="T154E" value="00:36:38,402" />
  </s>
  <s id="126">
    <time id="T155S" value="00:36:38,412" />
Styg die son nou stralend op!
    <time id="T155E" value="00:36:45,461" />
  </s>
  <s id="127">
    <time id="T156S" value="00:36:51,394" />
'n Wonderlike bruidegom -
    <time id="T156E" value="00:36:57,134" />
  </s>
  <s id="128">
    <time id="T157S" value="00:37:02,293" />
'n Reus, trots en bly!
    <time id="T157E" value="00:37:07,412" />
  </s>
  <s id="129">
    <time id="T158S" value="00:37:09,351" />
Om op sy baan te hardloop.
    <time id="T158E" value="00:37:15,750" />
  </s>
  <s id="130">
    <time id="T159S" value="00:37:29,440" />
Met stille gang en ..
    <time id="T159E" value="00:37:37,546" />
  </s>
  <s id="131">
    <time id="T160S" value="00:37:37,556" />
.. sagte glimmer ..
    <time id="T160E" value="00:37:48,483" />
  </s>
  <s id="132">
    <time id="T161S" value="00:37:48,493" />
.. gly die maan deur die stil nag.
    <time id="T161E" value="00:38:13,381" />
  </s>
  <s id="133">
    <time id="T162S" value="00:38:16,484" />
Die uitgestrekte hemelruim ..
    <time id="T162E" value="00:38:23,387" />
  </s>
  <s id="134">
    <time id="T163S" value="00:38:23,397" />
.. versier deur ontelbare goue sterre.
    <time id="T163E" value="00:38:32,889" />
  </s>
  <s id="135">
    <time id="T164S" value="00:38:32,899" />
En die Seuns van God ..
    <time id="T164E" value="00:38:37,853" />
  </s>
  <s id="136">
    <time id="T165S" value="00:38:37,863" />
.. verkondig die vierde dag ..
    <time id="T165E" value="00:38:43,360" />
  </s>
  <s id="137">
    <time id="T166S" value="00:38:43,370" />
met hemelse gesang,
    <time id="T166E" value="00:38:47,006" />
  </s>
  <s id="138">
    <time id="T167S" value="00:38:47,016" />
.. wat Sy mag uitroep:
    <time id="T167E" value="00:38:54,258" />
  </s>
  <s id="139">
    <time id="T168S" value="00:38:54,268" />
Die hemel vertel die eer van God!
    <time id="T168E" value="00:39:02,829" />
  </s>
  <s id="140">
    <time id="T169S" value="00:39:08,530" />
En Sy handewerk ... .. pryk aan die firmament!
    <time id="T170E" value="00:39:17,916" />
  </s>
  <s id="141">
    <time id="T171S" value="00:39:18,769" />
En Sy handewerk ..
    <time id="T171E" value="00:39:23,850" />
  </s>
  <s id="142">
    <time id="T172S" value="00:39:23,860" />
.. pryk aan die firmament!
    <time id="T172E" value="00:39:28,232" />
  </s>
  <s id="143">
    <time id="T173S" value="00:39:34,360" />
Die komende dae ..
    <time id="T173E" value="00:39:38,820" />
  </s>
  <s id="144">
    <time id="T174S" value="00:39:38,936" />
.. vertel aan die dag.
    <time id="T174E" value="00:39:44,172" />
  </s>
  <s id="145">
    <time id="T175S" value="00:39:49,640" />
Die kwynende nag vertel ... .. aan die volgende nag:
    <time id="T176E" value="00:40:03,874" />
  </s>
  <s id="146">
    <time id="T177S" value="00:40:03,884" />
Die hemel vertel die eer van God, en Sy handewerk pryk aan die firmament!
    <time id="T177E" value="00:40:32,573" />
  </s>
  <s id="147">
    <time id="T178S" value="00:40:35,986" />
Deur die wêreld gaan die woord,
    <time id="T178E" value="00:40:46,030" />
  </s>
  <s id="148">
    <time id="T179S" value="00:40:46,040" />
.. weerklink in elke oor,
    <time id="T179E" value="00:40:49,443" />
  </s>
  <s id="149">
    <time id="T180S" value="00:40:49,453" />
.. vir almal verstaanbaar:
    <time id="T180E" value="00:41:06,546" />
  </s>
  <s id="150">
    <time id="T181S" value="00:41:06,556" />
Deur die hele wêreld gaan die woord,
    <time id="T181E" value="00:41:16,359" />
  </s>
  <s id="151">
    <time id="T182S" value="00:41:16,369" />
.. weerklink in elke oor,
    <time id="T182E" value="00:41:19,694" />
  </s>
  <s id="152">
    <time id="T183S" value="00:41:19,704" />
.. vir almal verstaanbaar:
    <time id="T183E" value="00:41:52,931" />
  </s>
  <s id="153">
    <time id="T184S" value="00:41:52,941" />
Die hemel vertel die eer van God, en Sy handewerk pryk aan die firmament!
    <time id="T184E" value="00:44:01,224" />
  </s>
  <s id="154">
    <time id="T185S" value="00:44:26,929" />
En God het gespreek:
    <time id="T185E" value="00:44:32,262" />
  </s>
  <s id="155">
    <time id="T186S" value="00:44:32,272" />
Laat die waters oorvloedig voortbring:
    <time id="T186E" value="00:44:36,311" />
  </s>
  <s id="156">
    <time id="T187S" value="00:44:36,321" />
Skepsels wat leef en beweeg,
    <time id="T187E" value="00:44:41,082" />
  </s>
  <s id="157">
    <time id="T188S" value="00:44:41,092" />
.. en voëls om oor die aarde te vlieg ..
    <time id="T188E" value="00:44:47,217" />
  </s>
  <s id="158">
    <time id="T189S" value="00:44:47,227" />
.. in die oop hemelruim.
    <time id="T189E" value="00:44:54,954" />
  </s>
  <s id="159">
    <time id="T190S" value="00:46:00,787" />
Op sterk vleuels ..
    <time id="T190E" value="00:46:04,636" />
  </s>
  <s id="160">
    <time id="T191S" value="00:46:04,646" />
sweef die arend trots ..
    <time id="T191E" value="00:46:14,178" />
  </s>
  <s id="161">
    <time id="T192S" value="00:46:14,188" />
.. en sny deur die lug ..
    <time id="T192E" value="00:46:18,909" />
  </s>
  <s id="162">
    <time id="T193S" value="00:46:18,919" />
.. in snelle vlug na die son.
    <time id="T193E" value="00:46:33,222" />
  </s>
  <s id="163">
    <time id="T194S" value="00:46:39,957" />
.. die môre word begroet deur die ..
    <time id="T194E" value="00:46:44,007" />
  </s>
  <s id="164">
    <time id="T195S" value="00:46:44,017" />
.. lewerik se vrolike lied.
    <time id="T195E" value="00:46:49,780" />
  </s>
  <s id="165">
    <time id="T196S" value="00:46:49,790" />
.. die môre word begroet deur die ..
    <time id="T196E" value="00:46:55,193" />
  </s>
  <s id="166">
    <time id="T197S" value="00:46:55,203" />
.. lewerik se vrolike lied.
    <time id="T197E" value="00:46:58,360" />
  </s>
  <s id="167">
    <time id="T198S" value="00:46:59,803" />
En liefies koer die tere duiwepaar.
    <time id="T198E" value="00:47:40,618" />
  </s>
  <s id="168">
    <time id="T199S" value="00:47:42,422" />
Op sterke vleuels ..
    <time id="T199E" value="00:47:46,271" />
  </s>
  <s id="169">
    <time id="T200S" value="00:47:46,281" />
sweef die arend trots ..
    <time id="T200E" value="00:47:54,049" />
  </s>
  <s id="170">
    <time id="T201S" value="00:47:54,059" />
.. die môre word begroet deur die ..
    <time id="T201E" value="00:47:59,181" />
  </s>
  <s id="171">
    <time id="T202S" value="00:47:59,191" />
.. lewerik se vrolike lied.
    <time id="T202E" value="00:48:02,308" />
  </s>
  <s id="172">
    <time id="T203S" value="00:48:03,952" />
En liefies koer die tere duiwepaar.
    <time id="T203E" value="00:49:04,572" />
  </s>
  <s id="173">
    <time id="T204S" value="00:49:16,720" />
Uit elke bos weerklink dit uit ..
    <time id="T204E" value="00:49:21,772" />
  </s>
  <s id="174">
    <time id="T205S" value="00:49:21,782" />
.. die nagtigaal se soete keel.
    <time id="T205E" value="00:49:37,528" />
  </s>
  <s id="175">
    <time id="T206S" value="00:49:46,188" />
Nog nie geraak deur leed,
    <time id="T206E" value="00:49:55,089" />
  </s>
  <s id="176">
    <time id="T207S" value="00:49:55,099" />
Sy bors nog nie gestem vir klae,
    <time id="T207E" value="00:50:03,789" />
  </s>
  <s id="177">
    <time id="T208S" value="00:50:03,799" />
Sy vrolike lied.
    <time id="T208E" value="00:50:53,985" />
  </s>
  <s id="178">
    <time id="T209S" value="00:50:55,629" />
Nog nie geraak deur leed,
    <time id="T209E" value="00:51:02,485" />
  </s>
  <s id="179">
    <time id="T210S" value="00:51:03,888" />
Sy bors nog nie gestem vir klae,
    <time id="T210E" value="00:51:09,661" />
  </s>
  <s id="180">
    <time id="T211S" value="00:51:11,666" />
Sy vrolike lied.
    <time id="T211E" value="00:52:15,895" />
  </s>
  <s id="181">
    <time id="T212S" value="00:52:33,495" />
En God het groot walvisse geskep ..
    <time id="T212E" value="00:52:42,275" />
  </s>
  <s id="182">
    <time id="T213S" value="00:52:42,285" />
.. en elke lewende wese wat beweeg,
    <time id="T213E" value="00:52:49,492" />
  </s>
  <s id="183">
    <time id="T214S" value="00:52:49,502" />
En God het hulle gesëen deur te sê:
    <time id="T214E" value="00:53:00,117" />
  </s>
  <s id="184">
    <time id="T215S" value="00:53:06,131" />
Almal, wees vrugbaar, en vermenigvuldig ..
    <time id="T216E" value="00:53:20,243" />
  </s>
  <s id="185">
    <time id="T217S" value="00:53:20,253" />
.. bewoners van die lug ..
    <time id="T217E" value="00:53:25,936" />
  </s>
  <s id="186">
    <time id="T218S" value="00:53:25,946" />
.. vermeerder en sing op elke tak!
    <time id="T218E" value="00:53:38,847" />
  </s>
  <s id="187">
    <time id="T219S" value="00:53:38,857" />
Vermeerder, waterbewoners,
    <time id="T219E" value="00:53:49,391" />
  </s>
  <s id="188">
    <time id="T220S" value="00:53:51,877" />
.. en vul elke diepte!
    <time id="T220E" value="00:54:00,497" />
  </s>
  <s id="189">
    <time id="T221S" value="00:54:03,223" />
Wees vrugbaar, groei, vermeerder,
    <time id="T221E" value="00:54:15,411" />
  </s>
  <s id="190">
    <time id="T222S" value="00:54:15,421" />
Verheug jul in julle God!
    <time id="T222E" value="00:54:51,414" />
  </s>
  <s id="191">
    <time id="T223S" value="00:54:51,424" />
En die engele neem hulle harpe,
    <time id="T223E" value="00:55:00,355" />
  </s>
  <s id="192">
    <time id="T224S" value="00:55:00,365" />
..en sing die wonder van die vyfde dag:
    <time id="T224E" value="00:55:14,027" />
  </s>
  <s id="193">
    <time id="T225S" value="00:56:09,194" />
In pragtige skoonheid staan ..
    <time id="T225E" value="00:56:13,685" />
  </s>
  <s id="194">
    <time id="T226S" value="00:56:13,695" />
.. met jong groenheid verfraai ..
    <time id="T226E" value="00:56:18,215" />
  </s>
  <s id="195">
    <time id="T227S" value="00:56:18,225" />
.. die golwende heuwels daar.
    <time id="T227E" value="00:56:27,437" />
  </s>
  <s id="196">
    <time id="T228S" value="00:56:28,639" />
Uit hulle are vloei ..
    <time id="T228E" value="00:56:34,493" />
  </s>
  <s id="197">
    <time id="T229S" value="00:56:34,503" />
.. soos vloeiende kristal ..
    <time id="T229E" value="00:56:40,868" />
  </s>
  <s id="198">
    <time id="T230S" value="00:56:40,878" />
.. die koelende fontein.
    <time id="T230E" value="00:56:52,855" />
  </s>
  <s id="199">
    <time id="T231S" value="00:56:52,865" />
Uit hulle are vloei ..
    <time id="T231E" value="00:56:58,308" />
  </s>
  <s id="200">
    <time id="T232S" value="00:56:58,318" />
.. soos vloeiende kristal ..
    <time id="T232E" value="00:57:02,718" />
  </s>
  <s id="201">
    <time id="T233S" value="00:57:02,728" />
.. die koelende fontein.
    <time id="T233E" value="00:57:09,614" />
  </s>
  <s id="202">
    <time id="T234S" value="00:57:12,902" />
In vrolike kringe sweef ..
    <time id="T234E" value="00:57:16,670" />
  </s>
  <s id="203">
    <time id="T235S" value="00:57:16,680" />
.. wiegend in die lug ..
    <time id="T235E" value="00:57:21,682" />
  </s>
  <s id="204">
    <time id="T236S" value="00:57:21,692" />
.. die vrolike voël-skare.
    <time id="T236E" value="00:57:31,224" />
  </s>
  <s id="205">
    <time id="T237S" value="00:57:31,866" />
Die bonte vere-glans ..
    <time id="T237E" value="00:57:36,637" />
  </s>
  <s id="206">
    <time id="T238S" value="00:57:36,647" />
.. verhelder in wisselvlug ..
    <time id="T238E" value="00:57:42,851" />
  </s>
  <s id="207">
    <time id="T239S" value="00:57:42,861" />
.. die goue sonlig.
    <time id="T239E" value="00:57:52,754" />
  </s>
  <s id="208">
    <time id="T240S" value="00:57:54,799" />
Die bonte vere-glans ..
    <time id="T240E" value="00:57:59,289" />
  </s>
  <s id="209">
    <time id="T241S" value="00:57:59,299" />
.. verhelder in wisselvlug ..
    <time id="T241E" value="00:58:03,619" />
  </s>
  <s id="210">
    <time id="T242S" value="00:58:03,629" />
.. die goue sonlig.
    <time id="T242E" value="00:58:09,713" />
  </s>
  <s id="211">
    <time id="T243S" value="00:58:09,723" />
Die helder water word deur deurklief ..
    <time id="T243E" value="00:58:13,843" />
  </s>
  <s id="212">
    <time id="T244S" value="00:58:13,853" />
.. deur vis-gewoel ..
    <time id="T244E" value="00:58:29,519" />
  </s>
  <s id="213">
    <time id="T245S" value="00:58:30,602" />
Van die diepste seebodem ..
    <time id="T245E" value="00:58:36,455" />
  </s>
  <s id="214">
    <time id="T246S" value="00:58:36,465" />
.. verreis die leviatan ..
    <time id="T246E" value="00:58:41,667" />
  </s>
  <s id="215">
    <time id="T247S" value="00:58:41,677" />
.. uit skuimende golwe te voorskyn.
    <time id="T247E" value="00:58:53,294" />
  </s>
  <s id="216">
    <time id="T248S" value="00:58:53,304" />
Hoe veel is u werke, o God?
  </s>
  <s id="217">
Wie begryp hulle aantal?
    <time id="T248E" value="01:00:30,840" />
  </s>
  <s id="218">
    <time id="T249S" value="01:00:30,850" />
Die Heer is groot in sy mag, en ewig bly Sy roem!
    <time id="T249E" value="01:02:49,641" />
  </s>
  <s id="219">
    <time id="T250S" value="01:02:52,688" />
En God het gespreek:
    <time id="T250E" value="01:02:58,261" />
  </s>
  <s id="220">
    <time id="T251S" value="01:02:58,271" />
Laat die aarde voortbring ..
    <time id="T251E" value="01:03:02,270" />
  </s>
  <s id="221">
    <time id="T252S" value="01:03:02,280" />
.. lewende skepsels na hulle aard:
    <time id="T252E" value="01:03:07,763" />
  </s>
  <s id="222">
    <time id="T253S" value="01:03:07,773" />
Vee en kruipende wurms en ..
    <time id="T253E" value="01:03:12,694" />
  </s>
  <s id="223">
    <time id="T254S" value="01:03:12,704" />
.. landdiere,
    <time id="T254E" value="01:03:17,625" />
  </s>
  <s id="224">
    <time id="T255S" value="01:03:17,635" />
.. volgens hulle soorte.
    <time id="T255E" value="01:03:23,559" />
  </s>
  <s id="225">
    <time id="T256S" value="01:03:26,606" />
Toe open die aarde se skoot, en ..
    <time id="T256E" value="01:03:31,698" />
  </s>
  <s id="226">
    <time id="T257S" value="01:03:31,708" />
.. word gebore, op God se woord ..
    <time id="T257E" value="01:03:37,151" />
  </s>
  <s id="227">
    <time id="T258S" value="01:03:37,161" />
.. skepsel van elke soort,
    <time id="T258E" value="01:03:41,481" />
  </s>
  <s id="228">
    <time id="T259S" value="01:03:41,491" />
.. volgroeid en ontelbaar.
    <time id="T259E" value="01:03:45,690" />
  </s>
  <s id="229">
    <time id="T260S" value="01:03:51,023" />
Vol vreugde brul die leeu.
    <time id="T260E" value="01:04:01,046" />
  </s>
  <s id="230">
    <time id="T261S" value="01:04:11,791" />
Hier spring 'n ratse tier uit,
    <time id="T261E" value="01:04:15,118" />
  </s>
  <s id="231">
    <time id="T262S" value="01:04:22,897" />
Die wakker wildsbok tel sy kop op.
    <time id="T262E" value="01:04:26,665" />
  </s>
  <s id="232">
    <time id="T263S" value="01:04:35,967" />
Met wuiwende maanhare spring ..
    <time id="T263E" value="01:04:39,816" />
  </s>
  <s id="233">
    <time id="T264S" value="01:04:39,896" />
.. met moed en krag ..
    <time id="T264E" value="01:04:45,549" />
  </s>
  <s id="234">
    <time id="T265S" value="01:04:45,559" />
.. die edele perd.
    <time id="T265E" value="01:04:51,563" />
  </s>
  <s id="235">
    <time id="T266S" value="01:05:05,635" />
Op groen grasveld wei reeds ..
    <time id="T266E" value="01:05:15,458" />
  </s>
  <s id="236">
    <time id="T267S" value="01:05:15,468" />
.. beeste in hulle troppe gedeel.
    <time id="T267E" value="01:05:23,637" />
  </s>
  <s id="237">
    <time id="T268S" value="01:05:40,196" />
Die weiveld is oortrek,
    <time id="T268E" value="01:05:45,849" />
  </s>
  <s id="238">
    <time id="T269S" value="01:05:45,859" />
.. asof daar uitgepak ..
    <time id="T269E" value="01:05:48,895" />
  </s>
  <s id="239">
    <time id="T270S" value="01:05:48,905" />
.. met die wollerige,
    <time id="T270E" value="01:05:55,511" />
  </s>
  <s id="240">
    <time id="T271S" value="01:05:55,521" />
.. sagte skape.
    <time id="T271E" value="01:06:01,284" />
  </s>
  <s id="241">
    <time id="T272S" value="01:06:01,294" />
Soos stof versprei, in swerms en ..
    <time id="T272E" value="01:06:06,536" />
  </s>
  <s id="242">
    <time id="T273S" value="01:06:06,546" />
.. warboel, die massas insekte.
    <time id="T273E" value="01:06:11,788" />
  </s>
  <s id="243">
    <time id="T274S" value="01:06:29,509" />
In lange toue kruip ..
    <time id="T274E" value="01:06:46,789" />
  </s>
  <s id="244">
    <time id="T275S" value="01:06:46,799" />
.. op die grond, die wurms.
    <time id="T275E" value="01:07:05,833" />
  </s>
  <s id="245">
    <time id="T276S" value="01:07:29,127" />
Nou skyn die hemel in sy glorie.
    <time id="T276E" value="01:07:36,584" />
  </s>
  <s id="246">
    <time id="T277S" value="01:07:39,551" />
Nou pryk die aarde in sy prag.
    <time id="T277E" value="01:07:47,450" />
  </s>
  <s id="247">
    <time id="T278S" value="01:07:53,544" />
Die lug gevul met ligte geveerdes.
    <time id="T278E" value="01:08:00,961" />
  </s>
  <s id="248">
    <time id="T279S" value="01:08:01,322" />
Die water swel van vis-gewemel.
    <time id="T279E" value="01:08:08,458" />
  </s>
  <s id="249">
    <time id="T280S" value="01:08:09,741" />
Die grond swaar gelaai met diere.
    <time id="T280E" value="01:08:26,981" />
  </s>
  <s id="250">
    <time id="T281S" value="01:08:30,870" />
Tog was alles nie afgehandel nie.
    <time id="T281E" value="01:08:38,367" />
  </s>
  <s id="251">
    <time id="T282S" value="01:08:38,377" />
Die gemis in die skepping:
    <time id="T282E" value="01:08:51,037" />
  </s>
  <s id="252">
    <time id="T283S" value="01:08:51,047" />
Iemand wat God se werke dankbaar sien..
    <time id="T283E" value="01:08:58,614" />
  </s>
  <s id="253">
    <time id="T284S" value="01:08:58,624" />
.. en God se goedheid sal prys.
    <time id="T284E" value="01:09:07,034" />
  </s>
  <s id="254">
    <time id="T285S" value="01:09:09,520" />
Tog was alles nie afgehandel nie.
    <time id="T285E" value="01:09:12,607" />
  </s>
  <s id="255">
    <time id="T286S" value="01:09:12,617" />
Die gemis in die skepping:
    <time id="T286E" value="01:09:18,741" />
  </s>
  <s id="256">
    <time id="T287S" value="01:09:18,751" />
Iemand wat God se werke dankbaar sien,.
    <time id="T287E" value="01:09:31,049" />
  </s>
  <s id="257">
    <time id="T288S" value="01:09:31,059" />
Die Heer se goedheid prys.
    <time id="T288E" value="01:10:19,040" />
  </s>
  <s id="258">
    <time id="T289S" value="01:10:31,830" />
En God skep die mens na sy ewebeeld.
    <time id="T289E" value="01:10:40,931" />
  </s>
  <s id="259">
    <time id="T290S" value="01:10:40,941" />
Na God se ewebeeld het Hy hulle geskep.
    <time id="T290E" value="01:10:48,188" />
  </s>
  <s id="260">
    <time id="T291S" value="01:10:48,198" />
Man en vrou het Hy hulle geskep.
    <time id="T291E" value="01:10:56,647" />
  </s>
  <s id="261">
    <time id="T292S" value="01:10:56,657" />
Die asem van die Lewe het Hy ..
    <time id="T292E" value="01:11:06,229" />
  </s>
  <s id="262">
    <time id="T293S" value="01:11:06,239" />
.. in hulle gesig geblaas,
    <time id="T293E" value="01:11:12,284" />
  </s>
  <s id="263">
    <time id="T294S" value="01:11:12,294" />
.. en die mens word 'n lewende siel.
    <time id="T294E" value="01:11:24,352" />
  </s>
  <s id="264">
    <time id="T295S" value="01:11:55,023" />
Met waarde en hoogheid beklee ..
    <time id="T295E" value="01:11:59,513" />
  </s>
  <s id="265">
    <time id="T296S" value="01:11:59,523" />
..met skoonheid, krag en moed begaaf, regop na die hemel gerig, staan hy,
    <time id="T297E" value="01:12:11,340" />
  </s>
  <s id="266">
    <time id="T298S" value="01:12:11,350" />
.. 'n man en koning van die natuur.
    <time id="T298E" value="01:12:20,080" />
  </s>
  <s id="267">
    <time id="T299S" value="01:12:23,328" />
Die breë, geboë voorhoof,
    <time id="T299E" value="01:12:30,063" />
  </s>
  <s id="268">
    <time id="T300S" value="01:12:32,589" />
.. verklap sy wysheid en sinne,
    <time id="T300E" value="01:12:38,122" />
  </s>
  <s id="269">
    <time id="T301S" value="01:12:38,132" />
.. en uit sy helder blik, straal ..
    <time id="T301E" value="01:12:44,377" />
  </s>
  <s id="270">
    <time id="T302S" value="01:12:44,387" />
.. die gees, die Skepper se asem ..
    <time id="T302E" value="01:12:51,032" />
  </s>
  <s id="271">
    <time id="T303S" value="01:12:51,042" />
.. en ewebeeld.
    <time id="T303E" value="01:12:57,407" />
  </s>
  <s id="272">
    <time id="T304S" value="01:13:00,093" />
En uit sy helder blik, straal ..
    <time id="T304E" value="01:13:06,748" />
  </s>
  <s id="273">
    <time id="T305S" value="01:13:06,758" />
.. die gees, die Skepper se asem ..
    <time id="T305E" value="01:13:13,404" />
  </s>
  <s id="274">
    <time id="T306S" value="01:13:13,414" />
.. en ewebeeld.
    <time id="T306E" value="01:13:19,097" />
  </s>
  <s id="275">
    <time id="T307S" value="01:13:24,750" />
Van sy rib maak Hy ..
    <time id="T307E" value="01:13:29,160" />
  </s>
  <s id="276">
    <time id="T308S" value="01:13:29,170" />
.. vir hom - uit hom gevorm,
    <time id="T308E" value="01:13:33,089" />
  </s>
  <s id="277">
    <time id="T309S" value="01:13:33,099" />
.. die vrou, lieflik en vol grasie.
    <time id="T309E" value="01:13:44,516" />
  </s>
  <s id="278">
    <time id="T310S" value="01:13:44,526" />
Met vrolike onskuld glimlag sy,
    <time id="T310E" value="01:13:51,412" />
  </s>
  <s id="279">
    <time id="T311S" value="01:13:51,422" />
Skone lentebeeld wens hom ..
    <time id="T311E" value="01:14:00,112" />
  </s>
  <s id="280">
    <time id="T312S" value="01:14:00,122" />
.. liefde, geluk en vreugde toe.
    <time id="T312E" value="01:14:19,958" />
  </s>
  <s id="281">
    <time id="T313S" value="01:14:19,968" />
Met vrolike onskuld glimlag sy,
    <time id="T313E" value="01:14:26,974" />
  </s>
  <s id="282">
    <time id="T314S" value="01:14:26,984" />
Skone lentebeeld wens hom ..
    <time id="T314E" value="01:14:36,236" />
  </s>
  <s id="283">
    <time id="T315S" value="01:14:36,246" />
.. liefde, geluk en vreugde toe.
    <time id="T315E" value="01:14:57,044" />
  </s>
  <s id="284">
    <time id="T316S" value="01:14:57,054" />
Vir hom liefde, geluk en vreugde toe.
    <time id="T316E" value="01:15:25,429" />
  </s>
  <s id="285">
    <time id="T317S" value="01:15:28,877" />
En God sien alles wat Hy gemaak het.
    <time id="T317E" value="01:15:38,941" />
  </s>
  <s id="286">
    <time id="T318S" value="01:15:38,951" />
En dit was baie goed.
    <time id="T318E" value="01:15:44,874" />
  </s>
  <s id="287">
    <time id="T319S" value="01:15:44,884" />
En die hemelse koor vier die sesde dag ..
    <time id="T319E" value="01:15:52,572" />
  </s>
  <s id="288">
    <time id="T320S" value="01:15:52,582" />
.. met luide gesang:
    <time id="T320E" value="01:15:59,708" />
  </s>
  <s id="289">
    <time id="T321S" value="01:16:11,656" />
Voltooi is die groot werk!
    <time id="T321E" value="01:16:17,750" />
  </s>
  <s id="290">
    <time id="T322S" value="01:16:17,760" />
Die Skepper sien dit, en verheug Hom.
    <time id="T322E" value="01:16:32,104" />
  </s>
  <s id="291">
    <time id="T323S" value="01:16:32,114" />
Ook ons vreugde weerklink luid, Die Heer se lof, is ons lied!
    <time id="T323E" value="01:17:27,552" />
  </s>
  <s id="292">
    <time id="T324S" value="01:17:39,941" />
Tot U, o Heer kyk alles op,
    <time id="T324E" value="01:17:56,018" />
  </s>
  <s id="293">
    <time id="T325S" value="01:17:59,265" />
Vir spyse wag alles op U.
    <time id="T325E" value="01:18:11,052" />
  </s>
  <s id="294">
    <time id="T326S" value="01:18:16,826" />
U open U hand,
    <time id="T326E" value="01:18:32,462" />
  </s>
  <s id="295">
    <time id="T327S" value="01:18:32,622" />
.. en hulle word versadig.
    <time id="T327E" value="01:18:49,341" />
  </s>
  <s id="296">
    <time id="T328S" value="01:18:49,351" />
Tot U, o Heer kyk alles op.
    <time id="T328E" value="01:19:01,760" />
  </s>
  <s id="297">
    <time id="T329S" value="01:19:01,770" />
Vir spyse wag alles op U.
    <time id="T329E" value="01:19:08,746" />
  </s>
  <s id="298">
    <time id="T330S" value="01:19:08,756" />
U open U hand.
    <time id="T330E" value="01:19:16,003" />
  </s>
  <s id="299">
    <time id="T331S" value="01:19:16,013" />
.. en hulle word versadig.
    <time id="T331E" value="01:19:30,837" />
  </s>
  <s id="300">
    <time id="T332S" value="01:19:34,806" />
As U U aangesig wegdraai,
    <time id="T332E" value="01:19:47,115" />
  </s>
  <s id="301">
    <time id="T333S" value="01:19:51,605" />
Dan beef en verstar alles.
    <time id="T333E" value="01:20:03,312" />
  </s>
  <s id="302">
    <time id="T334S" value="01:20:05,277" />
As U die asem wegneem,
    <time id="T334E" value="01:20:15,180" />
  </s>
  <s id="303">
    <time id="T335S" value="01:20:16,262" />
.. verval hulle in stof.
    <time id="T335E" value="01:20:23,920" />
  </s>
  <s id="304">
    <time id="T336S" value="01:20:23,930" />
As U die asem wegneem,
    <time id="T336E" value="01:20:34,424" />
  </s>
  <s id="305">
    <time id="T337S" value="01:20:34,434" />
.. verval hulle in stof.
    <time id="T337E" value="01:20:44,888" />
  </s>
  <s id="306">
    <time id="T338S" value="01:20:52,666" />
As u die die asem weer inblaas,
    <time id="T338E" value="01:21:02,128" />
  </s>
  <s id="307">
    <time id="T339S" value="01:21:12,553" />
.. en nuwe lewe spruit uit.
    <time id="T339E" value="01:21:28,349" />
  </s>
  <s id="308">
    <time id="T340S" value="01:21:28,359" />
Die aarde word vernuwe, aan krag en voorkoms.
    <time id="T340E" value="01:23:06,015" />
  </s>
  <s id="309">
    <time id="T341S" value="01:23:15,878" />
Voltooi is die groot werk.
  </s>
  <s id="310">
Ons lied is die Heer se lof!
    <time id="T341E" value="01:23:34,882" />
  </s>
  <s id="311">
    <time id="T342S" value="01:23:34,892" />
Alles, loof Sy Naam, want Hy alleen is hoog verhewe!
    <time id="T342E" value="01:24:58,475" />
  </s>
  <s id="312">
    <time id="T343S" value="01:24:58,485" />
Want Hy alleen is hoog verhewe!
  </s>
  <s id="313">
Halleluja, Halleluja!
    <time id="T343E" value="01:26:11,845" />
  </s>
  <s id="314">
    <time id="T344S" value="01:29:41,169" />
Deur rose-wolke breek,
    <time id="T344E" value="01:29:49,348" />
  </s>
  <s id="315">
    <time id="T345S" value="01:29:49,358" />
.. gewek deur 'n soete klank,
    <time id="T345E" value="01:30:01,777" />
  </s>
  <s id="316">
    <time id="T346S" value="01:30:01,787" />
.. die môre, jonk en mooi.
    <time id="T346E" value="01:30:15,328" />
  </s>
  <s id="317">
    <time id="T347S" value="01:30:36,978" />
Van die hemelse gewelf ..
    <time id="T347E" value="01:30:44,957" />
  </s>
  <s id="318">
    <time id="T348S" value="01:30:44,967" />
.. stroom reine harmonie.
    <time id="T348E" value="01:31:00,192" />
  </s>
  <s id="319">
    <time id="T349S" value="01:31:00,202" />
.. af na die aarde.
    <time id="T349E" value="01:31:10,215" />
  </s>
  <s id="320">
    <time id="T350S" value="01:31:26,292" />
Sien die gelukkige paar,
    <time id="T350E" value="01:31:32,306" />
  </s>
  <s id="321">
    <time id="T351S" value="01:31:32,316" />
.. wat hand in hand loop.
    <time id="T351E" value="01:31:41,487" />
  </s>
  <s id="322">
    <time id="T352S" value="01:31:45,336" />
.. Uit hulle gesigte straal ..
    <time id="T352E" value="01:31:54,397" />
  </s>
  <s id="323">
    <time id="T353S" value="01:31:54,407" />
.. 'n warme dankgevoel.
    <time id="T353E" value="01:32:07,147" />
  </s>
  <s id="324">
    <time id="T354S" value="01:32:11,878" />
Hulle sing luid met hulle ..
    <time id="T354E" value="01:32:18,052" />
  </s>
  <s id="325">
    <time id="T355S" value="01:32:18,062" />
.. mond die Skepper se lof;
    <time id="T355E" value="01:32:22,663" />
  </s>
  <s id="326">
    <time id="T356S" value="01:32:25,990" />
.. laat ons stemme dan ..
    <time id="T356E" value="01:32:29,839" />
  </s>
  <s id="327">
    <time id="T357S" value="01:32:29,960" />
.. meng met hulle lied.
    <time id="T357E" value="01:32:34,610" />
  </s>
  <s id="328">
    <time id="T358S" value="01:32:42,422" />
ADAM en EVA:
    <time id="T358E" value="01:32:53,765" />
  </s>
  <s id="329">
    <time id="T359S" value="01:32:53,775" />
Van U goedheid,
    <time id="T359E" value="01:33:01,593" />
  </s>
  <s id="330">
    <time id="T360S" value="01:33:01,603" />
.. O Heer en God, is ..
    <time id="T360E" value="01:33:10,373" />
  </s>
  <s id="331">
    <time id="T361S" value="01:33:10,383" />
.. die aarde en hemel vol.
    <time id="T361E" value="01:33:20,677" />
  </s>
  <s id="332">
    <time id="T362S" value="01:33:20,687" />
Die wêreld, so groot, so wonderlik,
    <time id="T362E" value="01:33:33,106" />
  </s>
  <s id="333">
    <time id="T363S" value="01:33:33,116" />
.. is U handewerk.
    <time id="T363E" value="01:33:43,851" />
  </s>
  <s id="334">
    <time id="T364S" value="01:33:43,861" />
Die wêreld, so groot, so wonderlik,
    <time id="T364E" value="01:33:56,881" />
  </s>
  <s id="335">
    <time id="T365S" value="01:33:56,891" />
.. is U handewerk.
    <time id="T365E" value="01:34:08,187" />
  </s>
  <s id="336">
    <time id="T366S" value="01:34:08,197" />
Van U goedheid,
    <time id="T366E" value="01:34:15,403" />
  </s>
  <s id="337">
    <time id="T367S" value="01:34:15,413" />
.. O Heer en God, is
    <time id="T367E" value="01:34:24,264" />
  </s>
  <s id="338">
    <time id="T368S" value="01:34:24,274" />
.. die aarde en hemel vol.
    <time id="T368E" value="01:34:34,929" />
  </s>
  <s id="339">
    <time id="T369S" value="01:34:34,939" />
Die wêreld, so groot, so wonderlik,
    <time id="T369E" value="01:34:45,834" />
  </s>
  <s id="340">
    <time id="T370S" value="01:34:45,844" />
.. is U handewerk.
    <time id="T370E" value="01:34:57,741" />
  </s>
  <s id="341">
    <time id="T371S" value="01:34:57,751" />
Die wêreld, so groot, so wonderlik,
    <time id="T371E" value="01:35:09,288" />
  </s>
  <s id="342">
    <time id="T372S" value="01:35:09,298" />
.. is U handewerk.
    <time id="T372E" value="01:35:43,688" />
  </s>
  <s id="343">
    <time id="T373S" value="01:35:52,308" />
Die sterre, helder en so skoon,
    <time id="T373E" value="01:35:58,362" />
  </s>
  <s id="344">
    <time id="T374S" value="01:35:58,372" />
.. verkondig die dag.
    <time id="T374E" value="01:36:02,612" />
  </s>
  <s id="345">
    <time id="T375S" value="01:36:05,699" />
Hoe versier jy, o son, die dag - die siel en oog van die wêreld!
    <time id="T376E" value="01:36:17,366" />
  </s>
  <s id="346">
    <time id="T377S" value="01:36:22,217" />
Hoe versier jy, o son, die dag - die siel en oog van die wêreld!
    <time id="T378E" value="01:36:34,806" />
  </s>
  <s id="347">
    <time id="T379S" value="01:36:34,816" />
Verkondig op jou wye baan Die Heer se mag, en Sy roem!
    <time id="T379E" value="01:36:52,366" />
  </s>
  <s id="348">
    <time id="T380S" value="01:36:52,376" />
En jy, wat die nag versier en troos,
    <time id="T380E" value="01:36:57,739" />
  </s>
  <s id="349">
    <time id="T381S" value="01:36:57,749" />
Met die stralende skare,
    <time id="T381E" value="01:37:04,034" />
  </s>
  <s id="350">
    <time id="T382S" value="01:37:04,044" />
.. versprei oral Sy lof ..
    <time id="T382E" value="01:37:10,769" />
  </s>
  <s id="351">
    <time id="T383S" value="01:37:10,779" />
.. in julle koorsang.
    <time id="T383E" value="01:37:17,465" />
  </s>
  <s id="352">
    <time id="T384S" value="01:37:17,475" />
Versprei oral Sy lof ..
    <time id="T384E" value="01:37:24,160" />
  </s>
  <s id="353">
    <time id="T385S" value="01:37:24,170" />
.. in julle koorsang.
    <time id="T385E" value="01:37:30,174" />
  </s>
  <s id="354">
    <time id="T386S" value="01:37:30,184" />
Jou elemente en krag,
    <time id="T386E" value="01:37:35,025" />
  </s>
  <s id="355">
    <time id="T387S" value="01:37:35,035" />
Wat steeds nuwe vorms vertoon.
    <time id="T387E" value="01:37:40,478" />
  </s>
  <s id="356">
    <time id="T388S" value="01:37:40,488" />
Jou wolke en mis,
    <time id="T388E" value="01:37:46,532" />
  </s>
  <s id="357">
    <time id="T389S" value="01:37:46,542" />
.. wat die wind versamel en verstrooi.
    <time id="T389E" value="01:37:52,626" />
  </s>
  <s id="358">
    <time id="T390S" value="01:37:52,636" />
Sing almal lof aan God, die Heer, Groot, soos Sy Naam, is Sy mag!
    <time id="T390E" value="01:38:15,479" />
  </s>
  <s id="359">
    <time id="T391S" value="01:38:19,969" />
Loof Hom sag-ruisend, o fonteine!
    <time id="T391E" value="01:38:27,386" />
  </s>
  <s id="360">
    <time id="T392S" value="01:38:27,396" />
Buig die toppe, julle bome!
    <time id="T392E" value="01:38:32,759" />
  </s>
  <s id="361">
    <time id="T393S" value="01:38:34,443" />
Plante en blomme, adem julle ..
    <time id="T393E" value="01:38:40,337" />
  </s>
  <s id="362">
    <time id="T394S" value="01:38:40,347" />
.. heerlike geure vir Hom uit!
    <time id="T394E" value="01:38:45,589" />
  </s>
  <s id="363">
    <time id="T395S" value="01:38:48,836" />
Plante en blomme, adem julle ..
    <time id="T395E" value="01:38:53,126" />
  </s>
  <s id="364">
    <time id="T396S" value="01:38:53,136" />
.. heerlike geure vir Hom uit!
    <time id="T396E" value="01:38:58,460" />
  </s>
  <s id="365">
    <time id="T397S" value="01:38:58,470" />
Julle wie se pad hoog opklim,
    <time id="T397E" value="01:39:02,144" />
  </s>
  <s id="366">
    <time id="T398S" value="01:39:02,154" />
.. en julle wat nederig kruip.
    <time id="T398E" value="01:39:07,457" />
  </s>
  <s id="367">
    <time id="T399S" value="01:39:07,467" />
Julle wie se vlug die lug deurklief,
    <time id="T399E" value="01:39:14,283" />
  </s>
  <s id="368">
    <time id="T400S" value="01:39:14,293" />
.. en julle in die diep kuile:
    <time id="T400E" value="01:39:19,131" />
  </s>
  <s id="369">
    <time id="T401S" value="01:39:19,141" />
Diere, prys almal God!
  </s>
  <s id="370">
Loof Hom, almal wat asem het!
    <time id="T401E" value="01:39:38,911" />
  </s>
  <s id="371">
    <time id="T402S" value="01:39:44,573" />
Jy, donker woud, julle, berg en dal,
    <time id="T402E" value="01:39:51,515" />
  </s>
  <s id="372">
    <time id="T403S" value="01:39:51,525" />
Betuig ons almal se dank,
    <time id="T403E" value="01:39:56,052" />
  </s>
  <s id="373">
    <time id="T404S" value="01:39:58,922" />
.. verklank julle vrolik ..
    <time id="T404E" value="01:40:04,158" />
  </s>
  <s id="374">
    <time id="T405S" value="01:40:04,168" />
.. ons lofgesang.
    <time id="T405E" value="01:40:09,704" />
  </s>
  <s id="375">
    <time id="T406S" value="01:40:09,714" />
Verklank julle vrolik ons lofgesang!
    <time id="T406E" value="01:40:25,876" />
  </s>
  <s id="376">
    <time id="T407S" value="01:40:25,886" />
Loof God, die Skepper, Loof!
  </s>
  <s id="377">
Op Sy Woord het die wêreld ontstaan!
    <time id="T407E" value="01:40:42,049" />
  </s>
  <s id="378">
    <time id="T408S" value="01:40:42,059" />
Aarde en Hemel aanbid U.
    <time id="T408E" value="01:40:59,452" />
  </s>
  <s id="379">
    <time id="T409S" value="01:40:59,462" />
Ons prys U in ewigheid!
    <time id="T409E" value="01:41:48,057" />
  </s>
  <s id="380">
    <time id="T410S" value="01:41:48,067" />
Aarde en hemel aanbid U.
    <time id="T410E" value="01:41:58,141" />
  </s>
  <s id="381">
    <time id="T411S" value="01:41:58,151" />
Ons prys U in ewigheid!
    <time id="T411E" value="01:42:27,189" />
  </s>
  <s id="382">
    <time id="T412S" value="01:42:27,199" />
Aarde en hemel aanbid U.
    <time id="T412E" value="01:42:32,812" />
  </s>
  <s id="383">
    <time id="T413S" value="01:42:32,822" />
Ons prys U in ewigheid!
    <time id="T413E" value="01:42:53,833" />
  </s>
  <s id="384">
    <time id="T414S" value="01:42:55,578" />
Nou is die eerste plig vervul:
    <time id="T414E" value="01:43:02,985" />
  </s>
  <s id="385">
    <time id="T415S" value="01:43:02,995" />
Die Skepper het ons gedank.
    <time id="T415E" value="01:43:10,432" />
  </s>
  <s id="386">
    <time id="T416S" value="01:43:12,797" />
Volg my nou, gesellin van my lewe.
    <time id="T416E" value="01:43:22,183" />
  </s>
  <s id="387">
    <time id="T417S" value="01:43:22,193" />
Ek lei jou, en elke tree ..
    <time id="T417E" value="01:43:28,155" />
  </s>
  <s id="388">
    <time id="T418S" value="01:43:28,165" />
.. wek nuwe vreugde in ons,
    <time id="T418E" value="01:43:33,818" />
  </s>
  <s id="389">
    <time id="T419S" value="01:43:33,828" />
.. die wonder word vir ons groter.
    <time id="T419E" value="01:43:42,971" />
  </s>
  <s id="390">
    <time id="T420S" value="01:43:44,948" />
Jy behoort te erken,
    <time id="T420E" value="01:43:50,223" />
  </s>
  <s id="391">
    <time id="T421S" value="01:43:50,233" />
.. watter onuitspreeklike geluk ..
    <time id="T421E" value="01:43:53,675" />
  </s>
  <s id="392">
    <time id="T422S" value="01:43:53,685" />
.. die Heer ons toebedeel het.
    <time id="T422E" value="01:43:58,134" />
  </s>
  <s id="393">
    <time id="T423S" value="01:43:58,144" />
Hom prys ons altyd.
    <time id="T423E" value="01:44:03,176" />
  </s>
  <s id="394">
    <time id="T424S" value="01:44:03,186" />
Aan Hom wy ons hart en verstand.
    <time id="T424E" value="01:44:08,218" />
  </s>
  <s id="395">
    <time id="T425S" value="01:44:08,228" />
Kom, volg my,
    <time id="T425E" value="01:44:18,961" />
  </s>
  <s id="396">
    <time id="T426S" value="01:44:18,971" />
Ek lei jou.
    <time id="T426E" value="01:44:24,041" />
  </s>
  <s id="397">
    <time id="T427S" value="01:44:24,051" />
O jy, vir wie ek bestaan,
    <time id="T427E" value="01:44:34,435" />
  </s>
  <s id="398">
    <time id="T428S" value="01:44:34,445" />
My skerm, my skild, my alles!
    <time id="T428E" value="01:44:44,829" />
  </s>
  <s id="399">
    <time id="T429S" value="01:44:44,839" />
Jou wil is my bevel,
    <time id="T429E" value="01:44:51,577" />
  </s>
  <s id="400">
    <time id="T430S" value="01:44:51,587" />
.. so het die Heer bestem.
    <time id="T430E" value="01:44:58,713" />
  </s>
  <s id="401">
    <time id="T431S" value="01:44:58,723" />
Om aan jou te behoort, bring ..
    <time id="T431E" value="01:45:14,614" />
  </s>
  <s id="402">
    <time id="T432S" value="01:45:14,624" />
.. vir my vreugde, geluk en roem.
    <time id="T432E" value="01:45:28,770" />
  </s>
  <s id="403">
    <time id="T433S" value="01:46:05,109" />
Lieflike vrou, aan jou sy ..
    <time id="T433E" value="01:46:27,021" />
  </s>
  <s id="404">
    <time id="T434S" value="01:46:27,031" />
.. vloei die ure sag verby.
    <time id="T434E" value="01:46:37,299" />
  </s>
  <s id="405">
    <time id="T435S" value="01:46:37,309" />
Elke oomblik is wonderlik.
    <time id="T435E" value="01:46:56,729" />
  </s>
  <s id="406">
    <time id="T436S" value="01:46:56,739" />
Geen sorg vertroebel ons saamwees.
    <time id="T436E" value="01:47:13,095" />
  </s>
  <s id="407">
    <time id="T437S" value="01:47:17,982" />
Lieflike vrou,
    <time id="T437E" value="01:47:23,295" />
  </s>
  <s id="408">
    <time id="T438S" value="01:47:23,305" />
Elke oomblik is wonderlik.
    <time id="T438E" value="01:47:33,379" />
  </s>
  <s id="409">
    <time id="T439S" value="01:47:33,389" />
Geen sorg vertroebel ons saamwees.
    <time id="T439E" value="01:47:41,718" />
  </s>
  <s id="410">
    <time id="T440S" value="01:47:44,704" />
Dierbare man, aan jou sy ..
    <time id="T440E" value="01:48:03,979" />
  </s>
  <s id="411">
    <time id="T441S" value="01:48:03,989" />
.. swem my hart in vreugde.
    <time id="T441E" value="01:48:15,691" />
  </s>
  <s id="412">
    <time id="T442S" value="01:48:15,701" />
Ons samesyn is my lewe,
    <time id="T442E" value="01:48:32,988" />
  </s>
  <s id="413">
    <time id="T443S" value="01:48:32,998" />
Jou liefde is my loon.
    <time id="T443E" value="01:48:51,100" />
  </s>
  <s id="414">
    <time id="T444S" value="01:48:54,125" />
Dierbare man, ons samesyn is my lewe.
    <time id="T444E" value="01:49:07,970" />
  </s>
  <s id="415">
    <time id="T445S" value="01:49:07,980" />
Jou liefde is my loon.
    <time id="T445E" value="01:49:13,904" />
  </s>
  <s id="416">
    <time id="T446S" value="01:50:42,251" />
Hoe verkwikkend is die dou van die môre
    <time id="T446E" value="01:50:48,224" />
  </s>
  <s id="417">
    <time id="T447S" value="01:50:51,520" />
Hoe verkwikkend is die koel aand.
    <time id="T447E" value="01:50:57,493" />
  </s>
  <s id="418">
    <time id="T448S" value="01:51:00,208" />
Hoe lawend is die sagte vrugte.
    <time id="T448E" value="01:51:05,948" />
  </s>
  <s id="419">
    <time id="T449S" value="01:51:07,072" />
Hoe heerlik die blomme se sagte geur.
    <time id="T449E" value="01:51:11,842" />
  </s>
  <s id="420">
    <time id="T450S" value="01:51:11,852" />
Maar sonder jou sou ek niks hê aan:
    <time id="T450E" value="01:51:19,716" />
  </s>
  <s id="421">
    <time id="T451S" value="01:51:19,726" />
die môredou ... die aandlug ... die vrugesap ..
    <time id="T453E" value="01:51:27,433" />
  </s>
  <s id="422">
    <time id="T454S" value="01:51:27,443" />
die blommegeur.
    <time id="T454E" value="01:51:33,677" />
  </s>
  <s id="423">
    <time id="T455S" value="01:51:33,687" />
Met jou verhoog elke vreugde.
    <time id="T455E" value="01:51:40,425" />
  </s>
  <s id="424">
    <time id="T456S" value="01:51:40,435" />
Met jou geniet ek alles dubbel.
    <time id="T456E" value="01:51:47,755" />
  </s>
  <s id="425">
    <time id="T457S" value="01:51:47,765" />
Met jou is die lewe saligheid.
    <time id="T457E" value="01:51:57,024" />
  </s>
  <s id="426">
    <time id="T458S" value="01:51:57,034" />
Aan jou is my lewe gewy.
    <time id="T458E" value="01:52:06,837" />
  </s>
  <s id="427">
    <time id="T459S" value="01:52:08,892" />
Met jou is die lewe saligheid.
    <time id="T459E" value="01:52:26,887" />
  </s>
  <s id="428">
    <time id="T460S" value="01:52:26,897" />
Aan jou is my lewe gewy.
    <time id="T460E" value="01:52:49,226" />
  </s>
  <s id="429">
    <time id="T461S" value="01:52:50,583" />
Hoe verkwikkend is die dou van die môre
    <time id="T461E" value="01:52:55,470" />
  </s>
  <s id="430">
    <time id="T462S" value="01:52:58,767" />
Hoe verkwikkend is die koel aand.
    <time id="T462E" value="01:53:04,274" />
  </s>
  <s id="431">
    <time id="T463S" value="01:53:07,144" />
Hoe lawend is die sagte vrugte.
    <time id="T463E" value="01:53:13,155" />
  </s>
  <s id="432">
    <time id="T464S" value="01:53:13,775" />
Hoe heerlik die blomme se sagte geur.
    <time id="T464E" value="01:53:18,313" />
  </s>
  <s id="433">
    <time id="T465S" value="01:53:18,323" />
Maar sonder jou sou ek niks hê aan:
    <time id="T465E" value="01:53:25,178" />
  </s>
  <s id="434">
    <time id="T466S" value="01:53:25,188" />
die môredou ... die aandlug ... die vrugesap ..
    <time id="T468E" value="01:53:32,081" />
  </s>
  <s id="435">
    <time id="T469S" value="01:53:33,244" />
die blommegeur.
    <time id="T469E" value="01:53:41,195" />
  </s>
  <s id="436">
    <time id="T470S" value="01:53:41,205" />
Met jou verhoog elke vreugde.
    <time id="T470E" value="01:53:47,167" />
  </s>
  <s id="437">
    <time id="T471S" value="01:53:48,990" />
Met jou geniet ek alles dubbel.
    <time id="T471E" value="01:53:54,575" />
  </s>
  <s id="438">
    <time id="T472S" value="01:53:54,585" />
Met jou is die lewe saligheid.
    <time id="T472E" value="01:54:04,038" />
  </s>
  <s id="439">
    <time id="T473S" value="01:54:04,048" />
Aan jou is my lewe gewy.
    <time id="T473E" value="01:54:11,019" />
  </s>
  <s id="440">
    <time id="T474S" value="01:54:15,208" />
Met jou is die lewe saligheid.
    <time id="T474E" value="01:54:33,086" />
  </s>
  <s id="441">
    <time id="T475S" value="01:54:33,096" />
Aan jou is my lewe gewy.
    <time id="T475E" value="01:55:05,509" />
  </s>
  <s id="442">
    <time id="T476S" value="01:55:07,293" />
O gelukkige paar, en geluk vir altyd.
    <time id="T476E" value="01:55:15,049" />
  </s>
  <s id="443">
    <time id="T477S" value="01:55:15,059" />
As begeerte jul nie verlei ..
    <time id="T477E" value="01:55:20,130" />
  </s>
  <s id="444">
    <time id="T478S" value="01:55:20,140" />
.. om meer te wens as wat julle het ..
    <time id="T478E" value="01:55:25,521" />
  </s>
  <s id="445">
    <time id="T479S" value="01:55:25,531" />
.. en meer te weet as wat jul moes.
    <time id="T479E" value="01:55:32,851" />
  </s>
  <s id="446">
    <time id="T480S" value="01:55:35,798" />
Sing vir die Heer, alle stemme!
    <time id="T480E" value="01:55:49,178" />
  </s>
  <s id="447">
    <time id="T481S" value="01:55:49,188" />
Dank Hom, al Sy werke!
    <time id="T481E" value="01:56:01,511" />
  </s>
  <s id="448">
    <time id="T482S" value="01:56:01,521" />
Eer Sy Naam!
    <time id="T482E" value="01:56:14,348" />
  </s>
  <s id="449">
    <time id="T483S" value="01:56:14,358" />
Kom saam in lofgesang!
    <time id="T483E" value="01:56:34,787" />
  </s>
  <s id="450">
    <time id="T484S" value="01:56:34,797" />
Die Heer se roem is ewig, Amen.
    <time id="T484E" value="01:59:14,106" />
  </s>
  <meta>
    <conversion>
      <tokens>3178</tokens>
      <encoding>utf-8</encoding>
      <corrected_words>0</corrected_words>
      <truecased_words>2</truecased_words>
      <unknown_words>0</unknown_words>
      <sentences>450</sentences>
      <ignored_blocks>0</ignored_blocks>
    </conversion>
    <subtitle>
      <machine_translated>0</machine_translated>
      <date>2014-01-24</date>
      <language>Afrikaans</language>
      <confidence>1.0</confidence>
      <duration>01:59:14,106</duration>
      <blocks>484</blocks>
      <version>1</version>
      <rating>3.0</rating>
    </subtitle>
    <source>
      <duration>132</duration>
      <genre>Music</genre>
      <country>West Germany</country>
      <year>1986</year>
      <HD>0</HD>
      <cds>1/1</cds>
      <original>German</original>
    </source>
  </meta>
</document>
