<?xml version="1.0" encoding="utf-8"?>
<document id="7000435">
  <s id="1">
    <time id="T1S" value="00:00:27,636" />
DIE GEVOLGE VAN DIE LIEFDE
    <time id="T1E" value="00:00:33,520" />
  </s>
  <s id="2">
    <time id="T2S" value="00:02:50,707" />
Die slegste vir 'n man wat alleen is, is verbeeldingloosheid
    <time id="T3E" value="00:02:57,144" />
  </s>
  <s id="3">
    <time id="T4S" value="00:03:00,003" />
Sy vervelige lewe word nog verveliger sonder verbeelding
    <time id="T5E" value="00:03:08,154" />
  </s>
  <s id="4">
    <time id="T6S" value="00:03:10,727" />
Kyk na die man met die strikdas, mens kan gis oor sy professie, sy verhouding met daardie vroue... ek sien egter net 'n ligsinnige man
    <time id="T9E" value="00:03:28,784" />
  </s>
  <s id="5">
    <time id="T10S" value="00:03:32,392" />
Ek is nie ligsinnig nie, net my naam is ligsinnig...
    <time id="T11E" value="00:03:37,754" />
  </s>
  <s id="6">
    <time id="T12S" value="00:03:37,898" />
Titta Di Girolamo
    <time id="T12E" value="00:03:39,820" />
  </s>
  <s id="7">
    <time id="T13S" value="00:04:42,267" />
Niks nie, meneer
    <time id="T13E" value="00:04:43,830" />
  </s>
  <s id="8">
    <time id="T14S" value="00:04:43,890" />
Mnr Di Girolamo
    <time id="T14E" value="00:04:45,098" />
  </s>
  <s id="9">
    <time id="T15S" value="00:04:45,158" />
Meneer
    <time id="T15E" value="00:04:46,525" />
  </s>
  <s id="10">
    <time id="T16S" value="00:05:52,864" />
Goeie dag
    <time id="T16E" value="00:05:54,376" />
  </s>
  <s id="11">
    <time id="T17S" value="00:06:54,973" />
Totsiens
    <time id="T17E" value="00:06:56,586" />
  </s>
  <s id="12">
    <time id="T18S" value="00:07:04,351" />
Totsiens, Sofia
    <time id="T18E" value="00:07:05,981" />
  </s>
  <s id="13">
    <time id="T19S" value="00:07:06,154" />
Wil jy speel?
    <time id="T19E" value="00:07:07,946" />
  </s>
  <s id="14">
    <time id="T20S" value="00:07:10,867" />
Nee, ek voel nie so nie
    <time id="T20E" value="00:07:12,839" />
  </s>
  <s id="15">
    <time id="T21S" value="00:07:12,899" />
Ek vul net blokraaisels in
    <time id="T21E" value="00:07:15,556" />
  </s>
  <s id="16">
    <time id="T22S" value="00:07:18,033" />
Jammer, ek raak so verveeld op hierdie besigheidsreise
    <time id="T22E" value="00:07:21,808" />
  </s>
  <s id="17">
    <time id="T23S" value="00:07:22,673" />
Ek is pas terug van 'n konvensie aan die Meksikaanse kus
    <time id="T24E" value="00:07:27,506" />
  </s>
  <s id="18">
    <time id="T25S" value="00:07:27,867" />
En nou is ek weer in die koue!
    <time id="T25E" value="00:07:31,697" />
  </s>
  <s id="19">
    <time id="T26S" value="00:07:33,277" />
Ek is Letizia
    <time id="T26E" value="00:07:36,659" />
  </s>
  <s id="20">
    <time id="T27S" value="00:07:40,924" />
Di Girolamo
    <time id="T27E" value="00:07:42,616" />
  </s>
  <s id="21">
    <time id="T28S" value="00:07:50,181" />
Besigheid?
    <time id="T28E" value="00:07:52,344" />
  </s>
  <s id="22">
    <time id="T29S" value="00:07:53,379" />
Ja
    <time id="T29E" value="00:07:54,605" />
  </s>
  <s id="23">
    <time id="T30S" value="00:07:55,615" />
Wat 'n lewe!
    <time id="T30E" value="00:07:56,890" />
  </s>
  <s id="24">
    <time id="T31S" value="00:07:57,323" />
Wat'se besigheid?
    <time id="T31E" value="00:07:59,146" />
  </s>
  <s id="25">
    <time id="T32S" value="00:08:00,040" />
Ek werk vir makelaars
    <time id="T32E" value="00:08:03,142" />
  </s>
  <s id="26">
    <time id="T33S" value="00:08:03,202" />
Regtig? 
  </s>
  <s id="27">
Wie?
    <time id="T33E" value="00:08:04,936" />
  </s>
  <s id="28">
    <time id="T34S" value="00:08:07,710" />
Moulinex
    <time id="T34E" value="00:08:09,461" />
  </s>
  <s id="29">
    <time id="T35S" value="00:08:12,014" />
Jy speel!
  </s>
  <s id="30">
Hulle maak net mengers
    <time id="T35E" value="00:08:16,858" />
  </s>
  <s id="31">
    <time id="T36S" value="00:08:17,737" />
Kom nou!
  </s>
  <s id="32">
vertel die waarheid!
    <time id="T36E" value="00:08:21,704" />
  </s>
  <s id="33">
    <time id="T37S" value="00:08:21,764" />
Die waarheid is vervelig, my vriend
    <time id="T37E" value="00:08:24,178" />
  </s>
  <s id="34">
    <time id="T38S" value="00:08:39,258" />
Ek was gemeen en immoreel, en het jou lewe verwoes
    <time id="T38E" value="00:08:43,538" />
  </s>
  <s id="35">
    <time id="T39S" value="00:08:43,598" />
Jy was altyd eerlik, en dis goed genoeg vir my
    <time id="T39E" value="00:08:47,497" />
  </s>
  <s id="36">
    <time id="T40S" value="00:08:48,515" />
Weet jy wat vrees ek die meeste?
    <time id="T40E" value="00:08:51,826" />
  </s>
  <s id="37">
    <time id="T41S" value="00:08:54,190" />
Om van ouderdom dood te gaan, ek wil nie!
    <time id="T41E" value="00:08:56,570" />
  </s>
  <s id="38">
    <time id="T42S" value="00:08:56,630" />
Ek wil 'n besondere dood sterf
    <time id="T42E" value="00:08:58,999" />
  </s>
  <s id="39">
    <time id="T43S" value="00:08:59,059" />
Jy moet hierdie nou vat, Carlo
    <time id="T43E" value="00:09:01,218" />
  </s>
  <s id="40">
    <time id="T44S" value="00:09:06,813" />
Al klaar?
    <time id="T44E" value="00:09:09,343" />
  </s>
  <s id="41">
    <time id="T45S" value="00:09:09,819" />
Ek het my eetlus verloor
    <time id="T45E" value="00:09:11,500" />
  </s>
  <s id="42">
    <time id="T46S" value="00:09:27,204" />
Wat gebeur buite?
    <time id="T46E" value="00:09:29,777" />
  </s>
  <s id="43">
    <time id="T47S" value="00:09:33,840" />
Niks
    <time id="T47E" value="00:09:35,216" />
  </s>
  <s id="44">
    <time id="T48S" value="00:09:44,709" />
Jy het verloor
    <time id="T48E" value="00:09:46,899" />
  </s>
  <s id="45">
    <time id="T49S" value="00:09:49,334" />
Wat skuld ek?
    <time id="T49E" value="00:09:52,038" />
  </s>
  <s id="46">
    <time id="T50S" value="00:09:52,307" />
Tien Frank. 
  </s>
  <s id="47">
Dankie
    <time id="T50E" value="00:09:55,822" />
  </s>
  <s id="48">
    <time id="T51S" value="00:10:00,864" />
As ek 'n kasino ingestap het, het dit stil geword,
    <time id="T51E" value="00:10:04,823" />
  </s>
  <s id="49">
    <time id="T52S" value="00:10:05,114" />
Hulle fluister dan: "Hy's hier"
    <time id="T52E" value="00:10:07,194" />
  </s>
  <s id="50">
    <time id="T53S" value="00:10:07,254" />
"Ons gaan alles by hom vat" en hulle het!
    <time id="T53E" value="00:10:10,760" />
  </s>
  <s id="51">
    <time id="T54S" value="00:10:10,820" />
Dit was nie heeltemal so nie
    <time id="T54E" value="00:10:12,632" />
  </s>
  <s id="52">
    <time id="T55S" value="00:10:12,692" />
Ja dit was
    <time id="T55E" value="00:10:13,910" />
  </s>
  <s id="53">
    <time id="T56S" value="00:10:13,970" />
Waarom bly ons in 'n hotelkamer wat eers ons s'n was?
    <time id="T56E" value="00:10:17,921" />
  </s>
  <s id="54">
    <time id="T57S" value="00:10:21,992" />
Is "Grabber" 'n spel van Napels?
    <time id="T57E" value="00:10:25,261" />
  </s>
  <s id="55">
    <time id="T58S" value="00:10:28,144" />
Ek weet nie ek's van Salerno Dis al wat ek ken
    <time id="T58E" value="00:10:32,155" />
  </s>
  <s id="56">
    <time id="T59S" value="00:10:32,215" />
Dis 'n hopelose speletjie Grabber is 'n kinderspel ek het dit as kind gespeel, dit hoekom ek daarvan hou
    <time id="T60E" value="00:10:40,060" />
  </s>
  <s id="57">
    <time id="T61S" value="00:10:40,120" />
Ons moet nooit ons kinderdae vergeet nie
    <time id="T61E" value="00:10:43,685" />
  </s>
  <s id="58">
    <time id="T62S" value="00:10:43,745" />
Reg, meneer?
    <time id="T62E" value="00:10:45,112" />
  </s>
  <s id="59">
    <time id="T63S" value="00:10:45,172" />
Nooit!
    <time id="T63E" value="00:10:49,271" />
  </s>
  <s id="60">
    <time id="T64S" value="00:10:49,331" />
Ja
    <time id="T64E" value="00:10:51,056" />
  </s>
  <s id="61">
    <time id="T65S" value="00:10:52,719" />
Wel, ek bedoel...
    <time id="T65E" value="00:10:54,580" />
  </s>
  <s id="62">
    <time id="T66S" value="00:10:56,939" />
Nee, ons moet nie
    <time id="T66E" value="00:10:58,781" />
  </s>
  <s id="63">
    <time id="T67S" value="00:11:04,933" />
Dit verg moed
    <time id="T67E" value="00:11:06,359" />
  </s>
  <s id="64">
    <time id="T68S" value="00:11:06,419" />
Waarvoor?
    <time id="T68E" value="00:11:08,231" />
  </s>
  <s id="65">
    <time id="T69S" value="00:11:08,677" />
Om 'n buitengewone dood te sterf
    <time id="T69E" value="00:11:11,263" />
  </s>
  <s id="66">
    <time id="T70S" value="00:11:33,015" />
Daar is 'n geloof wat uit mans en vroue van alle stande, klasse, gelowe bestaan
    <time id="T71E" value="00:11:42,316" />
  </s>
  <s id="67">
    <time id="T72S" value="00:11:43,920" />
Dis die slapeloses, waarvan ek al 10 jaar lid is
    <time id="T73E" value="00:11:50,145" />
  </s>
  <s id="68">
    <time id="T74S" value="00:11:50,993" />
Nie-lede sê altyd:
    <time id="T74E" value="00:11:55,336" />
  </s>
  <s id="69">
    <time id="T75S" value="00:11:55,569" />
"As jy nie kan slaap nie, lees of kyk TV of
    <time id="T75E" value="00:11:58,749" />
  </s>
  <s id="70">
    <time id="T76S" value="00:11:58,809" />
"studeer of iets!"
    <time id="T76E" value="00:12:01,661" />
  </s>
  <s id="71">
    <time id="T77S" value="00:12:02,463" />
Sulke woorde is baie irriterend vir ons sekte
    <time id="T77E" value="00:12:07,702" />
  </s>
  <s id="72">
    <time id="T78S" value="00:12:07,902" />
Want, slapeloses het nie obsessies nie, ons wil net slaap
    <time id="T79E" value="00:12:15,506" />
  </s>
  <s id="73">
    <time id="T80S" value="00:12:19,758" />
D‪ie ivoor en die goue beeldjies uit die 18de eeu, die soliede Venisiese okkerneuthout kis, die 6 Lodewyk XV stoele,
    <time id="T82E" value="00:12:32,785" />
  </s>
  <s id="74">
    <time id="T83S" value="00:12:33,487" />
Die stel Franse heilige kewers
    <time id="T83E" value="00:12:37,083" />
  </s>
  <s id="75">
    <time id="T84S" value="00:12:37,143" />
Ek onthou dit nie
    <time id="T84E" value="00:12:38,780" />
  </s>
  <s id="76">
    <time id="T85S" value="00:12:38,947" />
Dit was witgoud, met smarag, diamant en klein pêrels
    <time id="T85E" value="00:12:42,075" />
  </s>
  <s id="77">
    <time id="T86S" value="00:12:42,135" />
Dis 'n skande!
    <time id="T86E" value="00:12:43,561" />
  </s>
  <s id="78">
    <time id="T87S" value="00:12:43,621" />
Ons sal dit eendag nog terugkoop
    <time id="T87E" value="00:12:46,087" />
  </s>
  <s id="79">
    <time id="T88S" value="00:12:46,147" />
Stop, Carlo!
    <time id="T88E" value="00:12:48,137" />
  </s>
  <s id="80">
    <time id="T89S" value="00:12:48,197" />
Ek kannie ophou hoop nie
    <time id="T89E" value="00:12:51,317" />
  </s>
  <s id="81">
    <time id="T90S" value="00:12:51,377" />
Jy moet ophou verneuk met die kaarte!
    <time id="T90E" value="00:12:53,784" />
  </s>
  <s id="82">
    <time id="T91S" value="00:12:53,844" />
Ek begin bedrewe raak, moenie bekommerd wees nie
    <time id="T91E" value="00:12:57,339" />
  </s>
  <s id="83">
    <time id="T92S" value="00:12:58,152" />
Ja, ja...
    <time id="T92E" value="00:13:00,219" />
  </s>
  <s id="84">
    <time id="T93S" value="00:13:00,291" />
Nag, Carlo
    <time id="T93E" value="00:13:01,896" />
  </s>
  <s id="85">
    <time id="T94S" value="00:13:02,490" />
Nag Isabella
    <time id="T94E" value="00:13:04,630" />
  </s>
  <s id="86">
    <time id="T95S" value="00:13:11,376" />
Goeie môre
    <time id="T95E" value="00:13:13,485" />
  </s>
  <s id="87">
    <time id="T96S" value="00:13:14,377" />
- Goeie môre
    <time id="T96E" value="00:13:15,655" />
  </s>
  <s id="88">
    <time id="T97S" value="00:13:15,715" />
- Hoe gaan dit?
  </s>
  <s id="89">
- Goed
    <time id="T97E" value="00:13:17,883" />
  </s>
  <s id="90">
    <time id="T98S" value="00:13:17,943" />
Goed geslaap?
    <time id="T98E" value="00:13:19,421" />
  </s>
  <s id="91">
    <time id="T99S" value="00:14:19,188" />
'n Rukkie, ja
    <time id="T99E" value="00:14:20,906" />
  </s>
  <s id="92">
    <time id="T100S" value="00:14:22,576" />
- Ons is in Switzerland, dan nie?
  </s>
  <s id="93">
- Mh mh
    <time id="T100E" value="00:14:25,216" />
  </s>
  <s id="94">
    <time id="T101S" value="00:14:30,064" />
Is daar 'n probleem?
    <time id="T101E" value="00:14:31,986" />
  </s>
  <s id="95">
    <time id="T102S" value="00:14:32,680" />
Een van die gaste het gesê:
    <time id="T102E" value="00:14:35,205" />
  </s>
  <s id="96">
    <time id="T103S" value="00:14:35,681" />
"Daardie gas, Di Girolamo"
    <time id="T103E" value="00:14:38,147" />
  </s>
  <s id="97">
    <time id="T104S" value="00:14:38,415" />
"dis nie waar dat hy 'n makelaar is nie"
    <time id="T104E" value="00:14:41,713" />
  </s>
  <s id="98">
    <time id="T105S" value="00:14:41,773" />
Ek sê toe: "Wat bedoel jy?"
    <time id="T105E" value="00:14:43,377" />
  </s>
  <s id="99">
    <time id="T106S" value="00:14:43,437" />
Hy het gesê: "Dis iets om te ondersoek"
    <time id="T106E" value="00:14:47,217" />
  </s>
  <s id="100">
    <time id="T107S" value="00:14:47,657" />
Ek het hom toe geantwoord, en dit moet enige hotelbestuurder trots maak...
    <time id="T108E" value="00:14:54,696" />
  </s>
  <s id="101">
    <time id="T109S" value="00:14:58,206" />
Wil jy hoor?
    <time id="T109E" value="00:14:59,816" />
  </s>
  <s id="102">
    <time id="T110S" value="00:15:03,733" />
Ek luister
    <time id="T110E" value="00:15:05,182" />
  </s>
  <s id="103">
    <time id="T111S" value="00:15:05,784" />
Ek het gesê:
    <time id="T111E" value="00:15:07,336" />
  </s>
  <s id="104">
    <time id="T112S" value="00:15:07,864" />
"Meneer, meneer Di Girolamo het vir sy kamer betaal,
    <time id="T112E" value="00:15:12,143" />
  </s>
  <s id="105">
    <time id="T113S" value="00:15:12,203" />
"elke maand stiptelik vir 8 jaar al"
    <time id="T113E" value="00:15:15,385" />
  </s>
  <s id="106">
    <time id="T114S" value="00:15:15,445" />
"Hy betaal nie net vir
    <time id="T114E" value="00:15:18,294" />
  </s>
  <s id="107">
    <time id="T115S" value="00:15:19,215" />
"die kamer nie, maar ook vir 'n diens:"
    <time id="T115E" value="00:15:22,692" />
  </s>
  <s id="108">
    <time id="T116S" value="00:15:22,960" />
"ons diskresie"
    <time id="T116E" value="00:15:24,706" />
  </s>
  <s id="109">
    <time id="T117S" value="00:15:25,099" />
Dis wat ek geantwoord het
    <time id="T117E" value="00:15:27,145" />
  </s>
  <s id="110">
    <time id="T118S" value="00:15:28,368" />
Dit was uitstekend
    <time id="T118E" value="00:15:30,329" />
  </s>
  <s id="111">
    <time id="T119S" value="00:15:30,389" />
Ja, dit was verseker!
    <time id="T119E" value="00:15:32,736" />
  </s>
  <s id="112">
    <time id="T120S" value="00:15:32,796" />
Nogtans...is ek nuuskierig
    <time id="T120E" value="00:15:37,705" />
  </s>
  <s id="113">
    <time id="T121S" value="00:15:38,769" />
Wel...
    <time id="T121E" value="00:15:40,301" />
  </s>
  <s id="114">
    <time id="T122S" value="00:15:41,206" />
Wat is jou ware professie?
    <time id="T122E" value="00:15:44,500" />
  </s>
  <s id="115">
    <time id="T123S" value="00:15:49,199" />
U is te intelligent om nie te weet dat elke man 'n onnoembare geheim het
    <time id="T124E" value="00:15:54,381" />
  </s>
  <s id="116">
    <time id="T125S" value="00:15:54,756" />
Kom ons maak so:
    <time id="T125E" value="00:15:56,216" />
  </s>
  <s id="117">
    <time id="T126S" value="00:15:56,628" />
Jy vertel my jou diepste geheim, en ek vertel jou myne
    <time id="T127E" value="00:16:01,918" />
  </s>
  <s id="118">
    <time id="T128S" value="00:16:02,096" />
Jy sal 'n goeie pokerspeler wees, jou gesig verklap niks nie
    <time id="T128E" value="00:16:06,142" />
  </s>
  <s id="119">
    <time id="T129S" value="00:16:06,202" />
Jy probeer tyd wen
    <time id="T129E" value="00:16:07,939" />
  </s>
  <s id="120">
    <time id="T130S" value="00:16:14,161" />
Ek het 'n paar sneeuskaatse gesteel, jare gelede, in die berge buite 'n hut. 
  </s>
  <s id="121">
Later toe ek teruggaan, sien ek iemand wat met die ski-hyser afgaan
    <time id="T132E" value="00:16:27,206" />
  </s>
  <s id="122">
    <time id="T133S" value="00:16:27,266" />
Hy was woedend
    <time id="T133E" value="00:16:29,021" />
  </s>
  <s id="123">
    <time id="T134S" value="00:16:29,613" />
Hy het sneeuskoene aangehad, maar geen skaatse nie
    <time id="T134E" value="00:16:34,015" />
  </s>
  <s id="124">
    <time id="T135S" value="00:16:36,270" />
Hy was ontsteld,
    <time id="T135E" value="00:16:38,936" />
  </s>
  <s id="125">
    <time id="T136S" value="00:16:39,568" />
Ek het nie sleg gevoel nie.
  </s>
  <s id="126">
Dis nou jou beurt
    <time id="T136E" value="00:16:44,340" />
  </s>
  <s id="127">
    <time id="T137S" value="00:16:49,672" />
Ek was 20, in die kombuis met my jaaroue stiefbroer
    <time id="T137E" value="00:16:54,858" />
  </s>
  <s id="128">
    <time id="T138S" value="00:16:54,987" />
Ek moet toets of sy kos te warm was,
    <time id="T138E" value="00:16:58,184" />
  </s>
  <s id="129">
    <time id="T139S" value="00:16:59,449" />
Ek het... dit was lou, ek het ontdek dat dit baie lekker was, 'n lekker tamatiesous
    <time id="T141E" value="00:17:10,905" />
  </s>
  <s id="130">
    <time id="T142S" value="00:17:11,989" />
Ek het alles opge-eet, en hy het sit en skree maar hy het darem oorleef
    <time id="T143E" value="00:17:20,874" />
  </s>
  <s id="131">
    <time id="T144S" value="00:17:24,618" />
Ek het dit geniet
    <time id="T144E" value="00:17:26,104" />
  </s>
  <s id="132">
    <time id="T145S" value="00:17:26,164" />
Ek ook
    <time id="T145E" value="00:17:28,065" />
  </s>
  <s id="133">
    <time id="T146S" value="00:17:41,913" />
'n Vername finansier het gesê, dat as iemand 'n geheim vertel het, dan is dit nie meer 'n geheim nie
    <time id="T147E" value="00:17:49,178" />
  </s>
  <s id="134">
    <time id="T148S" value="00:17:51,512" />
Dis my onnoembare geheim en dis nie die enigste nie
    <time id="T149E" value="00:17:57,545" />
  </s>
  <s id="135">
    <time id="T150S" value="00:17:59,803" />
Die samelewing oorvereenvoudig dinge soos dwelmiddels en verdeel die wêreld in verslaafdes en nie-verslaafdes
    <time id="T151E" value="00:18:09,625" />
  </s>
  <s id="136">
    <time id="T152S" value="00:18:12,194" />
sonder om iets tussenin te sien
    <time id="T152E" value="00:18:17,538" />
  </s>
  <s id="137">
    <time id="T153S" value="00:18:18,137" />
Soos myne,
    <time id="T153E" value="00:18:20,142" />
  </s>
  <s id="138">
    <time id="T154S" value="00:18:24,645" />
ek gebruikt heroine, eenmaal per week vir 24 jaar al
    <time id="T154E" value="00:18:28,717" />
  </s>
  <s id="139">
    <time id="T155S" value="00:18:28,777" />
Net op Woensdagoggend, 10 uur
    <time id="T155E" value="00:18:32,728" />
  </s>
  <s id="140">
    <time id="T156S" value="00:18:35,522" />
Ek het nooit afgewyk van my reël nie
    <time id="T156E" value="00:18:40,225" />
  </s>
  <s id="141">
    <time id="T157S" value="00:18:40,285" />
Ek is nie 'n verslaafde nie
    <time id="T157E" value="00:18:43,262" />
  </s>
  <s id="142">
    <time id="T158S" value="00:18:43,322" />
Ek kan nie sê dat ek totaal dwelmvry is nie,
    <time id="T158E" value="00:18:47,224" />
  </s>
  <s id="143">
    <time id="T159S" value="00:19:28,001" />
Eenmaal per jaar gaan ek vir 'n skoonmaak-behandeling
    <time id="T159E" value="00:19:32,216" />
  </s>
  <s id="144">
    <time id="T160S" value="00:19:32,458" />
Dit kos nogal baie,
    <time id="T160E" value="00:19:35,222" />
  </s>
  <s id="145">
    <time id="T161S" value="00:19:38,580" />
Hoe lank al is Nitto Lo Riccio op vlug?
    <time id="T161E" value="00:19:41,866" />
  </s>
  <s id="146">
    <time id="T162S" value="00:19:42,502" />
25, 26 jaar
    <time id="T162E" value="00:19:44,938" />
  </s>
  <s id="147">
    <time id="T163S" value="00:19:48,713" />
Ek het nooit die man ontmoet wat my heroine voorsien nie
    <time id="T163E" value="00:19:52,577" />
  </s>
  <s id="148">
    <time id="T164S" value="00:19:52,637" />
Ek het net een maal met hom telefonies gepraat
    <time id="T164E" value="00:19:55,577" />
  </s>
  <s id="149">
    <time id="T165S" value="00:19:55,637" />
Sy naam is Ludovico
    <time id="T165E" value="00:19:57,580" />
  </s>
  <s id="150">
    <time id="T166S" value="00:19:58,163" />
Ek dink dis onvanpas vir 'n dwelmhandelaar
    <time id="T166E" value="00:20:01,738" />
  </s>
  <s id="151">
    <time id="T167S" value="00:20:30,286" />
Het u hierdie tafel bespreek?
    <time id="T167E" value="00:20:32,937" />
  </s>
  <s id="152">
    <time id="T168S" value="00:20:34,922" />
Verskoon ons, maar ons is so lief vir hierdie hoek
    <time id="T168E" value="00:20:39,255" />
  </s>
  <s id="153">
    <time id="T169S" value="00:20:43,718" />
Wil u hê ons moet skuif?
    <time id="T169E" value="00:20:45,780" />
  </s>
  <s id="154">
    <time id="T170S" value="00:20:46,363" />
Ek weet nie
    <time id="T170E" value="00:20:48,016" />
  </s>
  <s id="155">
    <time id="T171S" value="00:20:49,513" />
Ek het 'n plan, die tafel is groot genoeg vir ons 3
    <time id="T172E" value="00:20:54,499" />
  </s>
  <s id="156">
    <time id="T173S" value="00:20:54,559" />
Ja, maar ek moet in die hoek sit
    <time id="T173E" value="00:20:58,304" />
  </s>
  <s id="157">
    <time id="T174S" value="00:21:08,739" />
Maria, luister hier
    <time id="T174E" value="00:21:11,019" />
  </s>
  <s id="158">
    <time id="T175S" value="00:21:11,079" />
Wat hy ookal wil, sal gebeur!
  </s>
  <s id="159">
'n Mooi gemors!
    <time id="T175E" value="00:21:14,029" />
  </s>
  <s id="160">
    <time id="T176S" value="00:21:14,089" />
Dis die voordeel as jy net jou herinneringe het
    <time id="T176E" value="00:21:18,100" />
  </s>
  <s id="161">
    <time id="T177S" value="00:21:18,160" />
Jy kan herinneringe besit jy kan selfs nog nuwes bykry
    <time id="T178E" value="00:21:23,657" />
  </s>
  <s id="162">
    <time id="T179S" value="00:21:23,717" />
Maar die lewe is ingewikkelder, veral menslike lewe 'n Vreesaanjaende, desperate avontuur
    <time id="T180E" value="00:21:31,145" />
  </s>
  <s id="163">
    <time id="T181S" value="00:21:31,205" />
In vergelyking met formele perfeksionisme...
    <time id="T181E" value="00:21:34,236" />
  </s>
  <s id="164">
    <time id="T182S" value="00:21:34,296" />
Kokaïen is maar net 'n tydverdryf, nogal lekker!
    <time id="T182E" value="00:21:38,039" />
  </s>
  <s id="165">
    <time id="T183S" value="00:21:38,099" />
Maar laat ons terugkeer na Sophie
    <time id="T183E" value="00:21:40,119" />
  </s>
  <s id="166">
    <time id="T184S" value="00:21:40,179" />
Ons was poëties as ons haar bewonder het, beeldskoon en roekeloos
    <time id="T184E" value="00:21:46,390" />
  </s>
  <s id="167">
    <time id="T185S" value="00:21:46,450" />
Die ritme van haar lewe het gevloei uit ander fonteine as ons s'n
    <time id="T185E" value="00:21:50,491" />
  </s>
  <s id="168">
    <time id="T186S" value="00:21:50,551" />
Ons s'n kon net aankruip, jaloers
    <time id="T186E" value="00:21:53,730" />
  </s>
  <s id="169">
    <time id="T187S" value="00:21:53,790" />
Hierdie krag van geluk, veeleisend en ook heerlik wat haar laat beweeg, van kop tot tone, het ons ontstel ontstel op 'n verrassende manier, maar tog ontstel
    <time id="T189E" value="00:22:04,190" />
  </s>
  <s id="170">
    <time id="T190S" value="00:22:04,250" />
Dis die woord
    <time id="T190E" value="00:22:05,861" />
  </s>
  <s id="171">
    <time id="T191S" value="00:22:15,107" />
As jy niks het om te sê nie, waarom praat ons?
    <time id="T191E" value="00:22:17,860" />
  </s>
  <s id="172">
    <time id="T192S" value="00:22:17,920" />
Ek het baie om te doen
    <time id="T192E" value="00:22:19,585" />
  </s>
  <s id="173">
    <time id="T193S" value="00:22:19,645" />
- Hoe gaan dit met die kinders?
  </s>
  <s id="174">
- Goed
    <time id="T193E" value="00:22:22,895" />
  </s>
  <s id="175">
    <time id="T194S" value="00:22:22,955" />
Kan ek met hulle praat?
    <time id="T194E" value="00:22:24,308" />
  </s>
  <s id="176">
    <time id="T195S" value="00:22:24,368" />
Ek kyk gou wie's hier
    <time id="T195E" value="00:22:26,150" />
  </s>
  <s id="177">
    <time id="T196S" value="00:22:34,798" />
Pappa?
    <time id="T196E" value="00:22:35,986" />
  </s>
  <s id="178">
    <time id="T197S" value="00:22:36,254" />
Hoe gaan dit?
    <time id="T197E" value="00:22:37,561" />
  </s>
  <s id="179">
    <time id="T198S" value="00:22:37,621" />
Goed
    <time id="T198E" value="00:22:38,542" />
  </s>
  <s id="180">
    <time id="T199S" value="00:22:38,602" />
- Wat doen jy?
  </s>
  <s id="181">
- Niks nie
    <time id="T199E" value="00:22:40,206" />
  </s>
  <s id="182">
    <time id="T200S" value="00:22:40,266" />
Goed
    <time id="T200E" value="00:22:41,068" />
  </s>
  <s id="183">
    <time id="T201S" value="00:22:41,128" />
Wat bedoel Pa?
    <time id="T201E" value="00:22:42,731" />
  </s>
  <s id="184">
    <time id="T202S" value="00:22:42,791" />
Ek doen dit ook
    <time id="T202E" value="00:22:44,545" />
  </s>
  <s id="185">
    <time id="T203S" value="00:22:44,605" />
Ek gee vir Ma Baie dankie vir die aanmoediging
    <time id="T203E" value="00:22:47,932" />
  </s>
  <s id="186">
    <time id="T204S" value="00:22:48,378" />
Titta?
    <time id="T204E" value="00:22:49,567" />
  </s>
  <s id="187">
    <time id="T205S" value="00:22:49,627" />
Liliana raak gevat
    <time id="T205E" value="00:22:51,498" />
  </s>
  <s id="188">
    <time id="T206S" value="00:22:51,558" />
Sy is sarkasties as sy verveeld is
    <time id="T206E" value="00:22:53,400" />
  </s>
  <s id="189">
    <time id="T207S" value="00:22:53,460" />
En as sy nie is nie?
    <time id="T207E" value="00:22:55,926" />
  </s>
  <s id="190">
    <time id="T208S" value="00:22:55,986" />
Dan's sy ondraaglik.
  </s>
  <s id="191">
Ek moet nou gaan
    <time id="T208E" value="00:22:59,284" />
  </s>
  <s id="192">
    <time id="T209S" value="00:22:59,344" />
- Giulia...
  </s>
  <s id="193">
- Wat?
    <time id="T209E" value="00:23:01,180" />
  </s>
  <s id="194">
    <time id="T210S" value="00:23:05,108" />
Niks. 
  </s>
  <s id="195">
Totsiens
    <time id="T210E" value="00:23:06,982" />
  </s>
  <s id="196">
    <time id="T211S" value="00:23:11,081" />
Het jy jou lithium gedrink?
    <time id="T211E" value="00:23:12,835" />
  </s>
  <s id="197">
    <time id="T212S" value="00:23:13,251" />
Nog nie
    <time id="T212E" value="00:23:15,271" />
  </s>
  <s id="198">
    <time id="T213S" value="00:23:16,282" />
Wat sal ons doen vir ons goue herdenking?
    <time id="T213E" value="00:23:19,313" />
  </s>
  <s id="199">
    <time id="T214S" value="00:23:19,373" />
Verkoop die skildery van die barones dan gaan ons na Cambodia soos ons nog altyd wou
    <time id="T215E" value="00:23:25,434" />
  </s>
  <s id="200">
    <time id="T216S" value="00:23:25,494" />
Ons kan Della Rocca gaan besoek
    <time id="T216E" value="00:23:27,782" />
  </s>
  <s id="201">
    <time id="T217S" value="00:23:27,842" />
Nooit! 
  </s>
  <s id="202">
dis die laaste wat ek van my ma oorhet!
    <time id="T217E" value="00:23:31,538" />
  </s>
  <s id="203">
    <time id="T218S" value="00:23:31,598" />
Jou materialisme walg my
    <time id="T218E" value="00:23:34,141" />
  </s>
  <s id="204">
    <time id="T219S" value="00:23:34,201" />
Drink jou litium!
    <time id="T219E" value="00:23:37,231" />
  </s>
  <s id="205">
    <time id="T220S" value="00:23:37,291" />
Jy's net walglik kleinburgerlik!
    <time id="T220E" value="00:23:39,876" />
  </s>
  <s id="206">
    <time id="T221S" value="00:23:39,936" />
Eendag sal daardie prent net weg wees
    <time id="T221E" value="00:23:42,967" />
  </s>
  <s id="207">
    <time id="T222S" value="00:23:43,027" />
Ek sal dit verkoop en gaan dobbel in Monte Carlo
    <time id="T222E" value="00:23:45,820" />
  </s>
  <s id="208">
    <time id="T223S" value="00:23:45,880" />
Probeer dit, en jy slaap onder die brug
    <time id="T223E" value="00:23:48,583" />
  </s>
  <s id="209">
    <time id="T224S" value="00:23:48,643" />
Ek sal jou skei
    <time id="T224E" value="00:23:49,950" />
  </s>
  <s id="210">
    <time id="T225S" value="00:23:50,010" />
Ek wil nie hier doodgaan nie
    <time id="T225E" value="00:23:52,624" />
  </s>
  <s id="211">
    <time id="T226S" value="00:23:52,684" />
Ek wil iets opsienbarend doen
    <time id="T226E" value="00:23:55,617" />
  </s>
  <s id="212">
    <time id="T227S" value="00:23:55,983" />
Enigiets
    <time id="T227E" value="00:23:57,496" />
  </s>
  <s id="213">
    <time id="T228S" value="00:23:58,479" />
My lewe was spektakulêr
    <time id="T228E" value="00:24:02,536" />
  </s>
  <s id="214">
    <time id="T229S" value="00:24:03,531" />
Die vertoning is verby, Raak nou gewoond daaraan
    <time id="T229E" value="00:24:07,695" />
  </s>
  <s id="215">
    <time id="T230S" value="00:24:14,793" />
Ons is oud, ons sal hier doodgaan
    <time id="T230E" value="00:24:18,299" />
  </s>
  <s id="216">
    <time id="T231S" value="00:24:19,815" />
As jy eerste sterf, sal ek jou met 'n gebroke hart volg
    <time id="T231E" value="00:24:23,916" />
  </s>
  <s id="217">
    <time id="T232S" value="00:24:25,075" />
En omgekeerd, Nou, drink jou lithium
    <time id="T232E" value="00:24:29,620" />
  </s>
  <s id="218">
    <time id="T233S" value="00:29:17,811" />
Mnr Di Girolamo
    <time id="T233E" value="00:29:19,706" />
  </s>
  <s id="219">
    <time id="T235S" value="00:29:23,041" />
Ja?
    <time id="T235E" value="00:29:25,834" />
  </s>
  <s id="220">
    <time id="T236S" value="00:29:25,894" />
Mag ek u iets vra?
  </s>
  <s id="221">
Ek is nuuskierig...
    <time id="T236E" value="00:29:29,499" />
  </s>
  <s id="222">
    <time id="T237S" value="00:29:32,520" />
Gaan voort
    <time id="T237E" value="00:29:33,896" />
  </s>
  <s id="223">
    <time id="T238S" value="00:29:34,719" />
Waarom wil u dat ons die geld per hand tel, en nie deur die outomaat nie?
    <time id="T239E" value="00:29:41,736" />
  </s>
  <s id="224">
    <time id="T240S" value="00:29:44,615" />
Ons mag nooit geloof verloor in ons medemens nie,
    <time id="T240E" value="00:29:48,657" />
  </s>
  <s id="225">
    <time id="T241S" value="00:29:50,766" />
Die dag as dit gebeur, sal 'n bose dag wees
    <time id="T241E" value="00:29:53,985" />
  </s>
  <s id="226">
    <time id="T242S" value="00:31:44,788" />
- TOEKOMSPLANNE:
  </s>
  <s id="227">
MOET NOOIT DIE GEVOLGE VAN DIE
    <time id="T242E" value="00:31:47,781" />
  </s>
  <s id="228">
    <time id="T243S" value="00:31:47,987" />
LIEFDE ONDERSKAT NIE
    <time id="T243E" value="00:31:51,266" />
  </s>
  <s id="229">
    <time id="T244S" value="00:32:18,427" />
Dag!
    <time id="T244E" value="00:32:19,816" />
  </s>
  <s id="230">
    <time id="T245S" value="00:33:10,906" />
Dis u broer, meneer
    <time id="T245E" value="00:33:12,570" />
  </s>
  <s id="231">
    <time id="T246S" value="00:33:12,630" />
Sit hom deur
    <time id="T246E" value="00:33:14,220" />
  </s>
  <s id="232">
    <time id="T247S" value="00:33:14,280" />
Nee, hy is self hier
    <time id="T247E" value="00:33:16,656" />
  </s>
  <s id="233">
    <time id="T248S" value="00:33:33,906" />
Groot broer!
    <time id="T248E" value="00:33:35,222" />
  </s>
  <s id="234">
    <time id="T249S" value="00:33:36,551" />
Jy lyk goed!
    <time id="T249E" value="00:33:38,334" />
  </s>
  <s id="235">
    <time id="T250S" value="00:33:38,394" />
Moenie aan my gesig vat nie!
    <time id="T250E" value="00:33:40,770" />
  </s>
  <s id="236">
    <time id="T251S" value="00:33:40,830" />
Ek is jammer
    <time id="T251E" value="00:33:42,405" />
  </s>
  <s id="237">
    <time id="T252S" value="00:33:49,923" />
Wat moet ek sê?
    <time id="T252E" value="00:33:51,350" />
  </s>
  <s id="238">
    <time id="T253S" value="00:33:51,410" />
Enigiets, sommer enigiets
    <time id="T253E" value="00:33:54,619" />
  </s>
  <s id="239">
    <time id="T254S" value="00:33:54,797" />
Ek het nie baie verbeelding nie
    <time id="T254E" value="00:33:57,380" />
  </s>
  <s id="240">
    <time id="T255S" value="00:33:57,679" />
Verdomp, dis nie maklik met jou nie
    <time id="T255E" value="00:34:00,621" />
  </s>
  <s id="241">
    <time id="T256S" value="00:34:00,681" />
Ek is altyd alleen Ek is nie gewoond aan praat nie
    <time id="T256E" value="00:34:02,909" />
  </s>
  <s id="242">
    <time id="T257S" value="00:34:02,969" />
So, oefen op my
    <time id="T257E" value="00:34:05,263" />
  </s>
  <s id="243">
    <time id="T258S" value="00:34:08,585" />
Wanneer gaan jy weg?
    <time id="T258E" value="00:34:10,745" />
  </s>
  <s id="244">
    <time id="T259S" value="00:34:12,627" />
Alreeds moeg vir my?
    <time id="T259E" value="00:34:14,231" />
  </s>
  <s id="245">
    <time id="T260S" value="00:34:14,499" />
Ek probeer praatjies maak
    <time id="T260E" value="00:34:16,846" />
  </s>
  <s id="246">
    <time id="T261S" value="00:34:17,768" />
Ek gaan môre Maldives toe
    <time id="T261E" value="00:34:20,303" />
  </s>
  <s id="247">
    <time id="T262S" value="00:34:20,363" />
Hulle benodig 'n branderplank- instrukteur vir 3 weke
    <time id="T262E" value="00:34:24,017" />
  </s>
  <s id="248">
    <time id="T263S" value="00:34:24,543" />
Hoe gaan dit met Pa?
    <time id="T263E" value="00:34:26,207" />
  </s>
  <s id="249">
    <time id="T264S" value="00:34:26,267" />
Hy's dood, maar hy weet dit nog nie
    <time id="T264E" value="00:34:28,702" />
  </s>
  <s id="250">
    <time id="T265S" value="00:34:28,762" />
Hy gaan vir altyd lewe
    <time id="T265E" value="00:34:30,278" />
  </s>
  <s id="251">
    <time id="T266S" value="00:34:30,338" />
Jy bel hom nooit nie
    <time id="T266E" value="00:34:31,985" />
  </s>
  <s id="252">
    <time id="T267S" value="00:34:32,045" />
Waarom moet ek?
    <time id="T267E" value="00:34:33,725" />
  </s>
  <s id="253">
    <time id="T268S" value="00:34:34,052" />
Sodat hy my 'n krimineel kan noem?
    <time id="T268E" value="00:34:37,226" />
  </s>
  <s id="254">
    <time id="T269S" value="00:34:37,321" />
Jy's maar net ongelukkig
    <time id="T269E" value="00:34:38,807" />
  </s>
  <s id="255">
    <time id="T270S" value="00:34:38,867" />
Ongeluk bestaan nie,
    <time id="T270E" value="00:34:40,625" />
  </s>
  <s id="256">
    <time id="T271S" value="00:34:40,685" />
Dis 'n uitvindsel van verloorders, en armes
    <time id="T272E" value="00:34:45,302" />
  </s>
  <s id="257">
    <time id="T273S" value="00:34:45,701" />
Dit gaan in elk geval maar sleg met hom
    <time id="T273E" value="00:34:47,900" />
  </s>
  <s id="258">
    <time id="T274S" value="00:34:47,960" />
Hy wil teruggaan na Salerno,
    <time id="T274E" value="00:34:51,466" />
  </s>
  <s id="259">
    <time id="T275S" value="00:34:51,585" />
Maar my Ma wil nie uit Rome weg nie
    <time id="T275E" value="00:34:53,665" />
  </s>
  <s id="260">
    <time id="T276S" value="00:34:53,725" />
Ek het altyd van jou ma gehou
    <time id="T276E" value="00:35:00,053" />
  </s>
  <s id="261">
    <time id="T277S" value="00:35:00,113" />
Dankie
    <time id="T277E" value="00:35:01,456" />
  </s>
  <s id="262">
    <time id="T278S" value="00:35:02,372" />
Jy is pragtig, weet jy?
    <time id="T278E" value="00:35:04,393" />
  </s>
  <s id="263">
    <time id="T279S" value="00:35:04,838" />
Ek gaan na die Maldives, wil jy nie saamgaan nie?
    <time id="T279E" value="00:35:07,958" />
  </s>
  <s id="264">
    <time id="T280S" value="00:35:08,018" />
Ek lyk maar sleg in swemklere
    <time id="T280E" value="00:35:10,497" />
  </s>
  <s id="265">
    <time id="T281S" value="00:35:10,960" />
Goeie antwoord
    <time id="T281E" value="00:35:13,184" />
  </s>
  <s id="266">
    <time id="T282S" value="00:35:18,181" />
As hulle so praat, wil hulle eintlik saamgaan
    <time id="T282E" value="00:35:20,947" />
  </s>
  <s id="267">
    <time id="T283S" value="00:35:22,698" />
Het jy 'n meisie?
    <time id="T283E" value="00:35:25,575" />
  </s>
  <s id="268">
    <time id="T284S" value="00:35:27,512" />
O, ek sien, jy het nie
    <time id="T284E" value="00:35:29,459" />
  </s>
  <s id="269">
    <time id="T285S" value="00:35:33,633" />
Onthou jy Dino Giuffrè, ons buurman?
    <time id="T285E" value="00:35:37,299" />
  </s>
  <s id="270">
    <time id="T286S" value="00:35:42,578" />
Natuurlik
    <time id="T286E" value="00:35:44,659" />
  </s>
  <s id="271">
    <time id="T287S" value="00:35:44,777" />
Julle was vriende as kinders
    <time id="T287E" value="00:35:46,798" />
  </s>
  <s id="272">
    <time id="T288S" value="00:35:46,858" />
Hy is my beste vriend
    <time id="T288E" value="00:35:48,759" />
  </s>
  <s id="273">
    <time id="T289S" value="00:35:48,819" />
Sien jy hom nog?
    <time id="T289E" value="00:35:50,215" />
  </s>
  <s id="274">
    <time id="T290S" value="00:35:50,275" />
Nee, 20 jaar laas
    <time id="T290E" value="00:35:52,295" />
  </s>
  <s id="275">
    <time id="T291S" value="00:35:52,355" />
Nou hoe kan hy jou beste vriend wees?
    <time id="T291E" value="00:35:55,772" />
  </s>
  <s id="276">
    <time id="T292S" value="00:35:55,832" />
Maar hy is!
    <time id="T292E" value="00:35:57,406" />
  </s>
  <s id="277">
    <time id="T293S" value="00:35:57,466" />
Ek sien, jou verbeeldingsvriend
    <time id="T293E" value="00:36:02,726" />
  </s>
  <s id="278">
    <time id="T294S" value="00:36:02,786" />
Jy praat met hom in jou kop soos jy nie met my praat nie
    <time id="T294E" value="00:36:05,876" />
  </s>
  <s id="279">
    <time id="T295S" value="00:36:05,936" />
Dino Giuffrè is my beste vriend, en dis al
    <time id="T295E" value="00:36:08,701" />
  </s>
  <s id="280">
    <time id="T296S" value="00:36:10,422" />
As mens ooit vriende was, bly jy vir altyd vriende
    <time id="T296E" value="00:36:13,156" />
  </s>
  <s id="281">
    <time id="T297S" value="00:36:13,947" />
Dis nonsens! 
  </s>
  <s id="282">
Elk geval... ek het sy suster weer gesien
    <time id="T298E" value="00:36:18,178" />
  </s>
  <s id="283">
    <time id="T299S" value="00:36:18,238" />
Hm
    <time id="T299E" value="00:36:19,248" />
  </s>
  <s id="284">
    <time id="T300S" value="00:36:19,308" />
- Weet jy wat sy sê?
  </s>
  <s id="285">
- Mh
    <time id="T300E" value="00:36:20,674" />
  </s>
  <s id="286">
    <time id="T301S" value="00:36:20,734" />
Hy bly nie meer in Salerno nie Hy werk vir 'n elektrisiteitsverskaffer
    <time id="T301E" value="00:36:24,003" />
  </s>
  <s id="287">
    <time id="T302S" value="00:36:24,151" />
Op die kraglyne, in die berge in die noorde
    <time id="T302E" value="00:36:27,864" />
  </s>
  <s id="288">
    <time id="T303S" value="00:36:28,252" />
As daar 'n onderbreking is, klim hy op en maak dit reg
    <time id="T304E" value="00:36:33,455" />
  </s>
  <s id="289">
    <time id="T305S" value="00:36:33,515" />
Selfs in die nag, en dis koud en winderig
    <time id="T305E" value="00:36:36,301" />
  </s>
  <s id="290">
    <time id="T306S" value="00:36:36,361" />
So?
    <time id="T306E" value="00:36:37,613" />
  </s>
  <s id="291">
    <time id="T307S" value="00:36:37,673" />
Is dit nie 'n vrot werk nie?
    <time id="T307E" value="00:36:41,268" />
  </s>
  <s id="292">
    <time id="T308S" value="00:36:41,446" />
Dis maar werk soos ander
    <time id="T308E" value="00:36:43,467" />
  </s>
  <s id="293">
    <time id="T309S" value="00:36:43,527" />
Nee, dis nie, sy lewe is 'n gemors!
    <time id="T309E" value="00:36:47,098" />
  </s>
  <s id="294">
    <time id="T310S" value="00:36:48,905" />
Wil jy dit vergelyk met branderplank-instrukteur?
    <time id="T310E" value="00:36:51,862" />
  </s>
  <s id="295">
    <time id="T311S" value="00:36:51,922" />
In die Karibiese eilande?
    <time id="T311E" value="00:36:53,541" />
  </s>
  <s id="296">
    <time id="T312S" value="00:36:53,601" />
Jy was maar altyd oppervlakkig
    <time id="T312E" value="00:36:57,730" />
  </s>
  <s id="297">
    <time id="T313S" value="00:36:57,790" />
Jy is nie 'n regte man nie, jy is maar nog steeds 'n seun
    <time id="T313E" value="00:37:02,618" />
  </s>
  <s id="298">
    <time id="T314S" value="00:37:03,496" />
Totsiens almal
    <time id="T314E" value="00:37:05,457" />
  </s>
  <s id="299">
    <time id="T315S" value="00:37:05,517" />
Totsiens liefie!
    <time id="T315E" value="00:37:08,428" />
  </s>
  <s id="300">
    <time id="T316S" value="00:37:08,488" />
Totsiens
    <time id="T316E" value="00:37:10,021" />
  </s>
  <s id="301">
    <time id="T317S" value="00:37:22,752" />
Ek werk al hier vir 2 jaar, en ek groet elke dag.
  </s>
  <s id="302">
Jy antwoord nooit nie
    <time id="T318E" value="00:37:27,893" />
  </s>
  <s id="303">
    <time id="T319S" value="00:37:27,953" />
Is jy bewus van my bestaan?
    <time id="T319E" value="00:37:30,502" />
  </s>
  <s id="304">
    <time id="T320S" value="00:38:09,704" />
Hello?
    <time id="T320E" value="00:38:11,381" />
  </s>
  <s id="305">
    <time id="T321S" value="00:38:15,558" />
Titta, is dit jy?
    <time id="T321E" value="00:38:18,262" />
  </s>
  <s id="306">
    <time id="T322S" value="00:40:27,261" />
Jy moet meer bedagsaam wees met daardie meisie, sy is regtig 'n goeie meisie
    <time id="T323E" value="00:40:32,780" />
  </s>
  <s id="307">
    <time id="T324S" value="00:40:33,620" />
Sy het ook haar probleme, soos ek soos jy, soos almal
    <time id="T324E" value="00:40:37,577" />
  </s>
  <s id="308">
    <time id="T325S" value="00:40:38,672" />
Dink jy jy is die enigste met probleme?
    <time id="T325E" value="00:40:42,424" />
  </s>
  <s id="309">
    <time id="T326S" value="00:40:45,417" />
Wel, is jy bly ek het gekom?
    <time id="T326E" value="00:40:48,508" />
  </s>
  <s id="310">
    <time id="T327S" value="00:40:48,568" />
Baie
    <time id="T327E" value="00:40:50,558" />
  </s>
  <s id="311">
    <time id="T328S" value="00:40:52,193" />
Leuenaar! 
  </s>
  <s id="312">
Jy was maar altyd 'n leuenaar
    <time id="T328E" value="00:40:55,584" />
  </s>
  <s id="313">
    <time id="T329S" value="00:41:37,837" />
Miskien is dit die gevaarlikste ding wat ek ooit gedoen het, om hier te kom sit
    <time id="T330E" value="00:41:43,097" />
  </s>
  <s id="314">
    <time id="T331S" value="00:42:23,957" />
Is jy Di Girolamo?
    <time id="T331E" value="00:42:26,663" />
  </s>
  <s id="315">
    <time id="T332S" value="00:42:31,356" />
Het ek iets verbrou?
    <time id="T332E" value="00:42:34,939" />
  </s>
  <s id="316">
    <time id="T333S" value="00:42:51,088" />
Miskien 'n fout gemaak sonder om dit te besef?
    <time id="T334E" value="00:42:57,699" />
  </s>
  <s id="317">
    <time id="T335S" value="00:43:17,327" />
Wel?
    <time id="T335E" value="00:43:18,856" />
  </s>
  <s id="318">
    <time id="T336S" value="00:43:20,388" />
Het julle my kom haal?
    <time id="T336E" value="00:43:22,061" />
  </s>
  <s id="319">
    <time id="T337S" value="00:43:24,786" />
Ek wil graag weet
    <time id="T337E" value="00:43:26,506" />
  </s>
  <s id="320">
    <time id="T338S" value="00:43:26,896" />
Jy vly jouself, Di Girolamo
    <time id="T338E" value="00:43:30,857" />
  </s>
  <s id="321">
    <time id="T339S" value="00:43:31,027" />
Ons het 1,500 km gery, en is moeg
    <time id="T339E" value="00:43:34,584" />
  </s>
  <s id="322">
    <time id="T340S" value="00:43:36,792" />
Wat bedoel jy?
    <time id="T340E" value="00:43:38,381" />
  </s>
  <s id="323">
    <time id="T341S" value="00:43:40,566" />
Jy het al 4 vrae gevra, en in ons besigheid is een al te veel
    <time id="T342E" value="00:43:46,664" />
  </s>
  <s id="324">
    <time id="T343S" value="00:43:47,668" />
Hierdie is nie 'n vasvra nie
    <time id="T343E" value="00:43:53,176" />
  </s>
  <s id="325">
    <time id="T344S" value="00:43:53,908" />
So, wees nou soet en kalmeer
    <time id="T344E" value="00:44:00,746" />
  </s>
  <s id="326">
    <time id="T345S" value="00:45:11,646" />
Dis hy!
    <time id="T345E" value="00:45:13,296" />
  </s>
  <s id="327">
    <time id="T346S" value="00:45:51,852" />
Martusciello
    <time id="T346E" value="00:45:53,939" />
  </s>
  <s id="328">
    <time id="T347S" value="00:47:55,175" />
Die televisie werk nie
    <time id="T347E" value="00:47:57,698" />
  </s>
  <s id="329">
    <time id="T348S" value="00:47:58,266" />
Wat doen jy sonder TV?
    <time id="T348E" value="00:48:01,056" />
  </s>
  <s id="330">
    <time id="T349S" value="00:48:17,314" />
Vra eers wie dit is
    <time id="T349E" value="00:48:19,385" />
  </s>
  <s id="331">
    <time id="T350S" value="00:48:25,961" />
Wie is daar?
    <time id="T350E" value="00:48:27,576" />
  </s>
  <s id="332">
    <time id="T351S" value="00:48:28,250" />
Ek
    <time id="T351E" value="00:48:29,576" />
  </s>
  <s id="333">
    <time id="T352S" value="00:48:43,286" />
Hoe het dit gegaan?
    <time id="T352E" value="00:48:44,861" />
  </s>
  <s id="334">
    <time id="T353S" value="00:48:45,277" />
Wel...
    <time id="T353E" value="00:48:46,941" />
  </s>
  <s id="335">
    <time id="T354S" value="00:48:49,348" />
Komplikasies?
    <time id="T354E" value="00:48:51,100" />
  </s>
  <s id="336">
    <time id="T355S" value="00:48:55,173" />
Ja, ek het honger geword
    <time id="T355E" value="00:48:57,862" />
  </s>
  <s id="337">
    <time id="T356S" value="00:49:24,116" />
Verwag jy iemand?
    <time id="T356E" value="00:49:25,946" />
  </s>
  <s id="338">
    <time id="T357S" value="00:49:36,508" />
Moenie vra wie dit is nie
    <time id="T357E" value="00:49:39,540" />
  </s>
  <s id="339">
    <time id="T358S" value="00:50:22,004" />
Toemaar, dis net my koffer
    <time id="T358E" value="00:50:25,060" />
  </s>
  <s id="340">
    <time id="T359S" value="00:50:32,910" />
Niccol, besef jy, waar al ons werk heen gaan?
    <time id="T359E" value="00:50:36,896" />
  </s>
  <s id="341">
    <time id="T360S" value="00:50:36,956" />
Daarin
    <time id="T360E" value="00:50:38,899" />
  </s>
  <s id="342">
    <time id="T361S" value="00:50:40,874" />
Kom ons gaan
    <time id="T361E" value="00:50:42,381" />
  </s>
  <s id="343">
    <time id="T362S" value="00:50:55,167" />
Kom een van jou kêrels jou weer vandag oplaai?
    <time id="T362E" value="00:50:58,258" />
  </s>
  <s id="344">
    <time id="T363S" value="00:50:58,318" />
Watse kêrels?
    <time id="T363E" value="00:51:00,266" />
  </s>
  <s id="345">
    <time id="T364S" value="00:51:01,646" />
Hulle wat altyd buite wag as jy klaarmaak
    <time id="T364E" value="00:51:05,582" />
  </s>
  <s id="346">
    <time id="T365S" value="00:51:05,895" />
Dis nie kêrels nie, dis instrukteurs
    <time id="T365E" value="00:51:09,584" />
  </s>
  <s id="347">
    <time id="T366S" value="00:51:09,817" />
Ek neem bestuurslesse na werk
    <time id="T366E" value="00:51:12,178" />
  </s>
  <s id="348">
    <time id="T367S" value="00:51:12,238" />
Ek gaan my lisensie kry
    <time id="T367E" value="00:51:13,502" />
  </s>
  <s id="349">
    <time id="T368S" value="00:51:13,562" />
O!
    <time id="T368E" value="00:51:15,285" />
  </s>
  <s id="350">
    <time id="T369S" value="00:51:15,345" />
Dis hoekom jy altyd agter die wiel inklim?
    <time id="T369E" value="00:51:18,380" />
  </s>
  <s id="351">
    <time id="T370S" value="00:51:18,440" />
Ek het nie gedink jy is so oplettend nie
    <time id="T370E" value="00:51:22,184" />
  </s>
  <s id="352">
    <time id="T371S" value="00:51:22,625" />
Skaam mense merk alles op, maar hulle word nie opgemerk nie
    <time id="T371E" value="00:51:26,782" />
  </s>
  <s id="353">
    <time id="T372S" value="00:51:28,123" />
Merk hulle net alles van my op?
    <time id="T372E" value="00:51:30,459" />
  </s>
  <s id="354">
    <time id="T373S" value="00:52:16,233" />
- Die laaste een!
  </s>
  <s id="355">
- Die laaste een!
    <time id="T373E" value="00:52:18,140" />
  </s>
  <s id="356">
    <time id="T374S" value="00:53:10,198" />
Ons het 'n probleem
    <time id="T374E" value="00:53:12,738" />
  </s>
  <s id="357">
    <time id="T375S" value="00:53:12,798" />
Die geld balanseer nie, daar kort 100,000
    <time id="T375E" value="00:53:16,782" />
  </s>
  <s id="358">
    <time id="T376S" value="00:53:32,872" />
Kan ons weer tel - met die outomaat?
    <time id="T376E" value="00:53:36,782" />
  </s>
  <s id="359">
    <time id="T377S" value="00:53:44,580" />
Wat dink u?
    <time id="T377E" value="00:53:46,215" />
  </s>
  <s id="360">
    <time id="T378S" value="00:53:47,938" />
Sit die geld terug in die tas asseblief
    <time id="T378E" value="00:53:51,326" />
  </s>
  <s id="361">
    <time id="T379S" value="00:53:51,386" />
Moenie so sê nie, dis verseker ons fout
    <time id="T379E" value="00:53:55,417" />
  </s>
  <s id="362">
    <time id="T380S" value="00:53:55,872" />
Daar is verseker nou 'n gebrek aan vertroue tussen ons
    <time id="T380E" value="00:54:00,022" />
  </s>
  <s id="363">
    <time id="T381S" value="00:54:01,548" />
Pak die geld in
    <time id="T381E" value="00:54:03,747" />
  </s>
  <s id="364">
    <time id="T382S" value="00:54:04,579" />
Sluit my rekening dadelik
    <time id="T382E" value="00:54:07,699" />
  </s>
  <s id="365">
    <time id="T383S" value="00:54:07,759" />
Moenie haastig wees nie, ons sal dit regmaak
    <time id="T383E" value="00:54:11,145" />
  </s>
  <s id="366">
    <time id="T384S" value="00:54:11,563" />
Meneer?
    <time id="T384E" value="00:54:13,056" />
  </s>
  <s id="367">
    <time id="T385S" value="00:54:17,268" />
Kom ons maak so:
    <time id="T385E" value="00:54:18,992" />
  </s>
  <s id="368">
    <time id="T386S" value="00:54:19,497" />
Ons tel nog 'n keer, en as ons dieselfde kry, sal die bank die ontbrekende voorsien
    <time id="T387E" value="00:54:27,985" />
  </s>
  <s id="369">
    <time id="T388S" value="00:54:28,887" />
Wat dink u?
    <time id="T388E" value="00:54:30,615" />
  </s>
  <s id="370">
    <time id="T389S" value="00:54:37,564" />
Ek sou minder beledig gevoel het as jy my ma vermoor het
    <time id="T389E" value="00:54:41,064" />
  </s>
  <s id="371">
    <time id="T390S" value="00:54:43,300" />
Jy stel voor dat ek 'n donasie van jou bank aanvaar?
    <time id="T391E" value="00:54:50,097" />
  </s>
  <s id="372">
    <time id="T392S" value="00:54:51,115" />
Om te verloor in Grabber teen 'n skelm amateur beteken nie dat jy nie in staat is om 'n blufspel te speel nie
    <time id="T393E" value="00:54:58,377" />
  </s>
  <s id="373">
    <time id="T394S" value="00:54:59,614" />
Om suksesvol te wees, moet jy dit enduit voer
    <time id="T394E" value="00:55:04,042" />
  </s>
  <s id="374">
    <time id="T395S" value="00:55:04,102" />
Tot die hoogste graad
    <time id="T395E" value="00:55:06,139" />
  </s>
  <s id="375">
    <time id="T396S" value="00:55:07,370" />
Geen kompromis
    <time id="T396E" value="00:55:09,226" />
  </s>
  <s id="376">
    <time id="T397S" value="00:55:09,286" />
Jy kan nooit net halpad bluf nie
    <time id="T397E" value="00:55:12,944" />
  </s>
  <s id="377">
    <time id="T398S" value="00:55:13,004" />
Jy moet reg wees om die risiko te neem om belaglik voor te kom
    <time id="T399E" value="00:55:18,900" />
  </s>
  <s id="378">
    <time id="T400S" value="00:55:18,960" />
Ek wag nog dat julle die geld terugpak
    <time id="T400E" value="00:55:23,346" />
  </s>
  <s id="379">
    <time id="T401S" value="00:55:46,804" />
Meneer, ons het per abuis nog 4 bondels van 25,000 in die tas gelos
    <time id="T402E" value="00:55:52,382" />
  </s>
  <s id="380">
    <time id="T403S" value="00:55:55,986" />
Ons moet nooit geloof in ons medemens verloor nie
    <time id="T403E" value="00:56:00,460" />
  </s>
  <s id="381">
    <time id="T404S" value="00:56:01,959" />
Dit was vandag 'n slegte dag vir jou
    <time id="T404E" value="00:56:05,027" />
  </s>
  <s id="382">
    <time id="T405S" value="00:56:15,004" />
Gaan sit die geld in die kluis
    <time id="T405E" value="00:56:18,897" />
  </s>
  <s id="383">
    <time id="T406S" value="00:57:21,183" />
Hoe lyk dit?
    <time id="T406E" value="00:57:22,502" />
  </s>
  <s id="384">
    <time id="T407S" value="00:57:30,989" />
Ek sien, jy verkies die ander
    <time id="T407E" value="00:57:34,742" />
  </s>
  <s id="385">
    <time id="T408S" value="00:57:35,714" />
- Hier 
  </s>
  <s id="386">
- Dankie
    <time id="T408E" value="00:57:37,944" />
  </s>
  <s id="387">
    <time id="T409S" value="00:58:49,143" />
Wat beteken dit?
    <time id="T409E" value="00:58:50,940" />
  </s>
  <s id="388">
    <time id="T410S" value="00:58:52,174" />
Dat ek ophou verloor het
    <time id="T410E" value="00:58:54,464" />
  </s>
  <s id="389">
    <time id="T411S" value="00:59:40,909" />
Ek wil jou iets wys
    <time id="T411E" value="00:59:43,907" />
  </s>
  <s id="390">
    <time id="T412S" value="00:59:49,111" />
Ek wil jou ook iets wys
    <time id="T412E" value="00:59:51,617" />
  </s>
  <s id="391">
    <time id="T413S" value="01:00:06,346" />
Dis pragtig,
    <time id="T413E" value="01:00:07,776" />
  </s>
  <s id="392">
    <time id="T414S" value="01:00:08,010" />
Hoeveel kos so'n speelding?
    <time id="T414E" value="01:00:10,776" />
  </s>
  <s id="393">
    <time id="T415S" value="01:00:11,517" />
100,000 dollar
    <time id="T415E" value="01:00:13,121" />
  </s>
  <s id="394">
    <time id="T416S" value="01:00:13,389" />
Dis oulik, dit gaan jou jonger laat lyk
    <time id="T416E" value="01:00:17,876" />
  </s>
  <s id="395">
    <time id="T417S" value="01:00:21,798" />
Dis nie myne nie, dis joune
    <time id="T417E" value="01:00:24,384" />
  </s>
  <s id="396">
    <time id="T418S" value="01:00:24,444" />
Jy speel seker?
    <time id="T418E" value="01:00:27,058" />
  </s>
  <s id="397">
    <time id="T419S" value="01:00:29,198" />
Ek het al een
    <time id="T419E" value="01:00:31,026" />
  </s>
  <s id="398">
    <time id="T420S" value="01:00:32,140" />
Ek kan dit nie aanvaar nie
    <time id="T420E" value="01:00:34,280" />
  </s>
  <s id="399">
    <time id="T421S" value="01:00:34,517" />
Dis wat mens altyd sê
    <time id="T421E" value="01:00:36,984" />
  </s>
  <s id="400">
    <time id="T422S" value="01:00:37,044" />
Jy verstaan nie, dit sal ons verhouding totaal verander
    <time id="T422E" value="01:00:42,296" />
  </s>
  <s id="401">
    <time id="T423S" value="01:00:45,245" />
Ek wil ons verhouding totaal verander
    <time id="T423E" value="01:00:48,579" />
  </s>
  <s id="402">
    <time id="T424S" value="01:00:53,209" />
Koop jy my?
    <time id="T424E" value="01:00:54,986" />
  </s>
  <s id="403">
    <time id="T425S" value="01:00:57,934" />
Jy kan nie so-iets vir iemand gee wat jy nie eers ken nie
    <time id="T425E" value="01:01:01,498" />
  </s>
  <s id="404">
    <time id="T426S" value="01:01:01,856" />
Ek ken jou
    <time id="T426E" value="01:01:03,402" />
  </s>
  <s id="405">
    <time id="T427S" value="01:01:03,462" />
Ken jy my?
    <time id="T427E" value="01:01:05,006" />
  </s>
  <s id="406">
    <time id="T428S" value="01:01:05,363" />
Wat weet jy van my?
    <time id="T428E" value="01:01:07,220" />
  </s>
  <s id="407">
    <time id="T429S" value="01:01:08,037" />
Laat ek hoor
    <time id="T429E" value="01:01:09,376" />
  </s>
  <s id="408">
    <time id="T430S" value="01:01:13,951" />
Wat wil jy van my hê?
    <time id="T430E" value="01:01:15,900" />
  </s>
  <s id="409">
    <time id="T431S" value="01:01:18,497" />
Stop met jou stom vertoning
    <time id="T431E" value="01:01:21,469" />
  </s>
  <s id="410">
    <time id="T432S" value="01:01:21,529" />
Dit sal nie altyd werk nie
    <time id="T432E" value="01:01:23,620" />
  </s>
  <s id="411">
    <time id="T433S" value="01:01:25,243" />
Jy moet IETS sê!
    <time id="T433E" value="01:01:27,339" />
  </s>
  <s id="412">
    <time id="T434S" value="01:01:28,868" />
Praat!
    <time id="T434E" value="01:01:30,146" />
  </s>
  <s id="413">
    <time id="T435S" value="01:01:30,206" />
Wat kan ek nou eintlik sê?
    <time id="T435E" value="01:01:32,464" />
  </s>
  <s id="414">
    <time id="T436S" value="01:01:32,524" />
Ek is 'n besigheidskonsultant
    <time id="T436E" value="01:01:34,585" />
  </s>
  <s id="415">
    <time id="T437S" value="01:01:37,724" />
Ek sal nooit hierdie geskenk aanvaar nie
    <time id="T437E" value="01:01:40,423" />
  </s>
  <s id="416">
    <time id="T438S" value="01:01:40,993" />
Hoekom?
    <time id="T438E" value="01:01:42,216" />
  </s>
  <s id="417">
    <time id="T439S" value="01:01:45,004" />
Hoekom?
    <time id="T439E" value="01:01:46,296" />
  </s>
  <s id="418">
    <time id="T440S" value="01:05:33,167" />
Ek wou sien waar jy woon
    <time id="T440E" value="01:05:35,622" />
  </s>
  <s id="419">
    <time id="T441S" value="01:05:54,414" />
Hou jy van my kamer?
    <time id="T441E" value="01:05:56,226" />
  </s>
  <s id="420">
    <time id="T442S" value="01:05:56,375" />
Dis 'n kamer
    <time id="T442E" value="01:05:58,277" />
  </s>
  <s id="421">
    <time id="T443S" value="01:05:59,287" />
Dis my kamer
    <time id="T443E" value="01:06:00,941" />
  </s>
  <s id="422">
    <time id="T444S" value="01:06:04,785" />
Kan jy die lig aanskakel?
    <time id="T444E" value="01:06:07,258" />
  </s>
  <s id="423">
    <time id="T445S" value="01:06:17,087" />
Waarom het jy gekom?
    <time id="T445E" value="01:06:18,740" />
  </s>
  <s id="424">
    <time id="T446S" value="01:06:24,041" />
Ek het skuldig gevoel
    <time id="T446E" value="01:06:25,702" />
  </s>
  <s id="425">
    <time id="T447S" value="01:06:33,907" />
Jy voel dat jy benodig word daarom het jy gekom,
    <time id="T448E" value="01:06:38,580" />
  </s>
  <s id="426">
    <time id="T449S" value="01:06:40,385" />
maar ek benodig niemand nie
    <time id="T449E" value="01:06:42,539" />
  </s>
  <s id="427">
    <time id="T450S" value="01:06:43,356" />
Om 'n geskenk te aanvaar, moet ek weet van wie dit kom
    <time id="T450E" value="01:06:47,615" />
  </s>
  <s id="428">
    <time id="T451S" value="01:06:57,234" />
My naam is Titta Di Girolamo
    <time id="T451E" value="01:07:02,059" />
  </s>
  <s id="429">
    <time id="T452S" value="01:07:04,544" />
Vir 24 jaar, elke Woensdagoggend om 10 uur gebruik ek heroin
    <time id="T454E" value="01:07:13,178" />
  </s>
  <s id="430">
    <time id="T455S" value="01:07:14,648" />
Vandag is die eerste uitsondering
    <time id="T455E" value="01:07:18,986" />
  </s>
  <s id="431">
    <time id="T456S" value="01:07:21,156" />
Ek was 'n besigheidskonsultant 10 jaar gelede
    <time id="T456E" value="01:07:24,335" />
  </s>
  <s id="432">
    <time id="T457S" value="01:07:24,989" />
Toe 'n beleggingskonsultant by die aandelemark
    <time id="T458E" value="01:07:32,702" />
  </s>
  <s id="433">
    <time id="T459S" value="01:07:36,430" />
Ek het al die aankoop van 'n olie-tenkskip gefasiliteer
    <time id="T459E" value="01:07:40,303" />
  </s>
  <s id="434">
    <time id="T460S" value="01:07:42,373" />
Dis nie 'n eenvoudige transaksie nie
    <time id="T460E" value="01:07:45,979" />
  </s>
  <s id="435">
    <time id="T461S" value="01:07:48,554" />
Ek het biljoene belê vir kliënte
    <time id="T461E" value="01:07:50,586" />
  </s>
  <s id="436">
    <time id="T462S" value="01:07:55,240" />
Vir die Mafia ook
    <time id="T462E" value="01:07:57,902" />
  </s>
  <s id="437">
    <time id="T463S" value="01:08:01,926" />
Ek het 250 biljoen van hulle in 2 ure verloor
    <time id="T463E" value="01:08:06,420" />
  </s>
  <s id="438">
    <time id="T464S" value="01:08:09,266" />
Hulle het besef daar was geen gemene spel nie
    <time id="T464E" value="01:08:12,659" />
  </s>
  <s id="439">
    <time id="T465S" value="01:08:13,397" />
Ek is verskoon, maar hulle het my lewe oorgeneem,
    <time id="T466E" value="01:08:18,259" />
  </s>
  <s id="440">
    <time id="T467S" value="01:08:21,896" />
my hier ingeboek, en elke week lewer ek 'n tas met miljoene dollar af by die bank
    <time id="T469E" value="01:08:33,226" />
  </s>
  <s id="441">
    <time id="T470S" value="01:08:34,377" />
Maar verder het ek niks met hulle te doen nie
    <time id="T470E" value="01:08:37,136" />
  </s>
  <s id="442">
    <time id="T471S" value="01:08:37,913" />
Hulle het my 'n pistool gegee, maar ek gebruik dit nie
    <time id="T471E" value="01:08:40,576" />
  </s>
  <s id="443">
    <time id="T472S" value="01:08:41,509" />
Ek ly aan slaaploosheid
    <time id="T472E" value="01:08:43,545" />
  </s>
  <s id="444">
    <time id="T473S" value="01:08:44,926" />
Ek is 10 jaar geskei van my vrou
    <time id="T473E" value="01:08:47,975" />
  </s>
  <s id="445">
    <time id="T474S" value="01:08:48,670" />
Ek het 3 kinders Ek bel hul gereeld maar hulle wil nie met my praat nie
    <time id="T475E" value="01:08:54,218" />
  </s>
  <s id="446">
    <time id="T476S" value="01:08:59,220" />
Ek is môre 50 ek verjaar môre
    <time id="T477E" value="01:09:04,706" />
  </s>
  <s id="447">
    <time id="T478S" value="01:09:07,213" />
En ek voel nie moeg nie
    <time id="T478E" value="01:09:09,145" />
  </s>
  <s id="448">
    <time id="T479S" value="01:09:15,266" />
Môre gaan ons buite die stad jou verjaardag vier
    <time id="T479E" value="01:09:19,779" />
  </s>
  <s id="449">
    <time id="T480S" value="01:09:20,824" />
In die berge
    <time id="T480E" value="01:09:22,382" />
  </s>
  <s id="450">
    <time id="T481S" value="01:09:23,320" />
Ek kom jou oplaai, 3 uur
    <time id="T481E" value="01:09:26,500" />
  </s>
  <s id="451">
    <time id="T482S" value="01:09:30,986" />
Slaap nou, jy is moeg
    <time id="T482E" value="01:09:33,498" />
  </s>
  <s id="452">
    <time id="T483S" value="01:10:15,620" />
As jy na my kyk, skiet ek jou
    <time id="T483E" value="01:10:19,343" />
  </s>
  <s id="453">
    <time id="T484S" value="01:10:22,158" />
Mooi, vertel my nou 'n paar dinge
    <time id="T484E" value="01:10:25,625" />
  </s>
  <s id="454">
    <time id="T485S" value="01:10:26,021" />
Waar is jou karsleutels?
    <time id="T485E" value="01:10:28,658" />
  </s>
  <s id="455">
    <time id="T486S" value="01:10:29,320" />
en wat is die alarmkode?
    <time id="T486E" value="01:10:31,817" />
  </s>
  <s id="456">
    <time id="T487S" value="01:10:33,450" />
In die boonste laai van die lessenaar
    <time id="T487E" value="01:10:36,660" />
  </s>
  <s id="457">
    <time id="T488S" value="01:10:36,927" />
Die kode is 2250
    <time id="T488E" value="01:10:38,786" />
  </s>
  <s id="458">
    <time id="T489S" value="01:10:39,869" />
Goed
    <time id="T489E" value="01:10:41,136" />
  </s>
  <s id="459">
    <time id="T490S" value="01:10:41,771" />
As ons weg is, bel vir Pippo, en probeer hom oortuig dit was nie jy nie
    <time id="T491E" value="01:10:48,865" />
  </s>
  <s id="460">
    <time id="T492S" value="01:11:11,130" />
Pippo, dis Di Girolamo
    <time id="T492E" value="01:11:13,151" />
  </s>
  <s id="461">
    <time id="T493S" value="01:11:13,211" />
Wat kan ek vir jou doen?
    <time id="T493E" value="01:11:15,202" />
  </s>
  <s id="462">
    <time id="T494S" value="01:11:15,707" />
Hulle het die tas gevat
    <time id="T494E" value="01:11:17,282" />
  </s>
  <s id="463">
    <time id="T495S" value="01:11:17,342" />
Wat de hel sê jy nou?
    <time id="T495E" value="01:11:19,024" />
  </s>
  <s id="464">
    <time id="T496S" value="01:11:19,084" />
Die twee Siciliane wat hier was
    <time id="T496E" value="01:11:21,442" />
  </s>
  <s id="465">
    <time id="T497S" value="01:11:21,502" />
Is jy gek?
    <time id="T497E" value="01:11:23,136" />
  </s>
  <s id="466">
    <time id="T498S" value="01:11:23,196" />
Hulle is my neefs!
    <time id="T498E" value="01:11:25,008" />
  </s>
  <s id="467">
    <time id="T499S" value="01:11:25,068" />
Hulle het ingekom en my aangehou
    <time id="T499E" value="01:11:28,069" />
  </s>
  <s id="468">
    <time id="T500S" value="01:11:28,129" />
Moenie twak praat nie, kom hiernatoe!
    <time id="T500E" value="01:11:31,932" />
  </s>
  <s id="469">
    <time id="T501S" value="01:11:31,992" />
Waarom?
    <time id="T501E" value="01:11:33,239" />
  </s>
  <s id="470">
    <time id="T502S" value="01:11:33,299" />
Kom oortuig Nitto dat dit nie jy was nie
    <time id="T502E" value="01:11:37,024" />
  </s>
  <s id="471">
    <time id="T503S" value="01:11:37,084" />
Ek? 
  </s>
  <s id="472">
Wat het ek daarmee te doen?
    <time id="T503E" value="01:11:39,183" />
  </s>
  <s id="473">
    <time id="T504S" value="01:11:39,243" />
Kom verduidelik vir Nitto
    <time id="T504E" value="01:11:41,538" />
  </s>
  <s id="474">
    <time id="T505S" value="01:11:41,598" />
Ni...
    <time id="T505E" value="01:11:42,976" />
  </s>
  <s id="475">
    <time id="T506S" value="01:11:43,730" />
Nitto Lo Riccio?
    <time id="T506E" value="01:11:45,156" />
  </s>
  <s id="476">
    <time id="T507S" value="01:11:45,216" />
Dis reg, jou gek - noem name!
    <time id="T507E" value="01:11:47,503" />
  </s>
  <s id="477">
    <time id="T508S" value="01:11:47,563" />
As jy jou nek wil red, kom vertel vir Nitto
    <time id="T508E" value="01:11:50,742" />
  </s>
  <s id="478">
    <time id="T509S" value="01:11:50,802" />
Ek het 'n afspraak, ek kom oor 2 dae
    <time id="T509E" value="01:11:52,852" />
  </s>
  <s id="479">
    <time id="T510S" value="01:11:52,912" />
Dit sal die bleddie dag wees!
    <time id="T510E" value="01:11:57,102" />
  </s>
  <s id="480">
    <time id="T511S" value="01:11:57,162" />
As jy nie dadelik kom nie...
    <time id="T511E" value="01:11:59,539" />
  </s>
  <s id="481">
    <time id="T512S" value="01:11:59,599" />
Ek kom oor 2 dae
    <time id="T512E" value="01:12:01,024" />
  </s>
  <s id="482">
    <time id="T513S" value="01:14:14,361" />
Maar vandag is nie die begin van die maand nie
    <time id="T513E" value="01:14:17,452" />
  </s>
  <s id="483">
    <time id="T514S" value="01:14:18,997" />
Niemand het my nog ooit oorgesien nie
    <time id="T514E" value="01:14:21,662" />
  </s>
  <s id="484">
    <time id="T515S" value="01:14:23,484" />
Dis Di Girolamo, Ek vertrek 6:30 namiddag
    <time id="T515E" value="01:14:26,984" />
  </s>
  <s id="485">
    <time id="T516S" value="01:14:27,585" />
Ons kry jou by die lughawe
    <time id="T516E" value="01:14:28,923" />
  </s>
  <s id="486">
    <time id="T517S" value="01:14:28,983" />
Goed
    <time id="T517E" value="01:14:30,646" />
  </s>
  <s id="487">
    <time id="T518S" value="01:14:30,706" />
Hoe sal ek jou herken?
  </s>
  <s id="488">
Ek het jou jare laas gesien
    <time id="T518E" value="01:14:34,104" />
  </s>
  <s id="489">
    <time id="T519S" value="01:14:34,164" />
Ek het niks verander nie
    <time id="T519E" value="01:14:35,661" />
  </s>
  <s id="490">
    <time id="T520S" value="01:14:54,479" />
Dis vir jou,
    <time id="T520E" value="01:14:56,659" />
  </s>
  <s id="491">
    <time id="T521S" value="01:14:56,719" />
Dis die totaal van wat jy verloor het die laaste paar maande
    <time id="T521E" value="01:15:00,064" />
  </s>
  <s id="492">
    <time id="T522S" value="01:15:00,630" />
Ek moes iets van my ma verkoop
    <time id="T522E" value="01:15:03,456" />
  </s>
  <s id="493">
    <time id="T523S" value="01:15:03,929" />
Ek wou ook nog sê
    <time id="T523E" value="01:15:06,139" />
  </s>
  <s id="494">
    <time id="T524S" value="01:15:06,335" />
Dit was nie nodig om my man so te verneder nie
    <time id="T524E" value="01:15:10,455" />
  </s>
  <s id="495">
    <time id="T525S" value="01:15:10,852" />
Jy kon maar net ophou speel het
    <time id="T525E" value="01:15:13,462" />
  </s>
  <s id="496">
    <time id="T526S" value="01:15:13,735" />
Jy is 'n bose man, totsiens!
    <time id="T526E" value="01:15:17,782" />
  </s>
  <s id="497">
    <time id="T527S" value="01:15:20,777" />
Het iemand my gesoek?
    <time id="T527E" value="01:15:22,501" />
  </s>
  <s id="498">
    <time id="T528S" value="01:15:22,561" />
Nee, meneer
    <time id="T528E" value="01:15:24,254" />
  </s>
  <s id="499">
    <time id="T529S" value="01:15:25,621" />
Boodskappe?
    <time id="T529E" value="01:15:27,136" />
  </s>
  <s id="500">
    <time id="T530S" value="01:15:27,969" />
Niks
    <time id="T530E" value="01:15:29,216" />
  </s>
  <s id="501">
    <time id="T531S" value="01:16:32,691" />
Pippo
    <time id="T531E" value="01:16:34,096" />
  </s>
  <s id="502">
    <time id="T532S" value="01:16:34,831" />
Dis Di Girolamo
    <time id="T532E" value="01:16:36,901" />
  </s>
  <s id="503">
    <time id="T533S" value="01:16:38,248" />
Ek het jou toe nie herken nie
    <time id="T533E" value="01:16:40,299" />
  </s>
  <s id="504">
    <time id="T534S" value="01:16:57,861" />
Waar gaan ons?
    <time id="T534E" value="01:16:59,198" />
  </s>
  <s id="505">
    <time id="T535S" value="01:16:59,258" />
Ons is al hier
    <time id="T535E" value="01:17:01,070" />
  </s>
  <s id="506">
    <time id="T536S" value="01:18:10,696" />
Waarvoor lag jy, Di Girolamo?
    <time id="T536E" value="01:18:13,616" />
  </s>
  <s id="507">
    <time id="T537S" value="01:18:14,678" />
Niks, ek dink net
    <time id="T537E" value="01:18:16,193" />
  </s>
  <s id="508">
    <time id="T538S" value="01:18:16,253" />
Waaroor?
    <time id="T538E" value="01:18:18,006" />
  </s>
  <s id="509">
    <time id="T539S" value="01:18:18,600" />
Ek kan nie wegkom van hotelle nie, is dit nie gek nie?
    <time id="T539E" value="01:18:22,701" />
  </s>
  <s id="510">
    <time id="T540S" value="01:18:22,939" />
Gek? 
  </s>
  <s id="511">
Nee, dis gek dat jy 'n tas met 9 miljoen dollar verloor! 
  </s>
  <s id="512">
Dis gek!
    <time id="T541E" value="01:18:30,543" />
  </s>
  <s id="513">
    <time id="T542S" value="01:18:45,761" />
Hy's hier!
    <time id="T542E" value="01:18:47,462" />
  </s>
  <s id="514">
    <time id="T543S" value="01:21:57,194" />
Vertel my, baie kortliks, wat het gebeur?
    <time id="T543E" value="01:22:01,536" />
  </s>
  <s id="515">
    <time id="T544S" value="01:22:03,048" />
Wel, twee mense het my kamer ingekom en my aangehou, en die tas gevat
    <time id="T545E" value="01:22:12,905" />
  </s>
  <s id="516">
    <time id="T546S" value="01:22:14,043" />
Maar eers het hulle die karsleutels en die alarmkode gekry
    <time id="T547E" value="01:22:19,938" />
  </s>
  <s id="517">
    <time id="T548S" value="01:22:20,432" />
Ek het dit gegee
    <time id="T548E" value="01:22:22,619" />
  </s>
  <s id="518">
    <time id="T549S" value="01:22:23,463" />
Toe sê een van hulle:
    <time id="T549E" value="01:22:25,466" />
  </s>
  <s id="519">
    <time id="T550S" value="01:22:25,811" />
"Bel nou vir Pippo en oortuig hom dit was nie jy nie"
    <time id="T550E" value="01:22:30,060" />
  </s>
  <s id="520">
    <time id="T551S" value="01:22:30,120" />
"as jy kan"
    <time id="T551E" value="01:22:32,384" />
  </s>
  <s id="521">
    <time id="T552S" value="01:22:35,023" />
Ek was bang, maar toe dink ek ek moet en ek bel Pippo
    <time id="T553E" value="01:22:41,743" />
  </s>
  <s id="522">
    <time id="T554S" value="01:22:43,046" />
Ek vertel hom alles en hy sê ek moet dadelik hier kom
    <time id="T555E" value="01:22:48,937" />
  </s>
  <s id="523">
    <time id="T556S" value="01:22:50,624" />
Hy het ook gesê dit gaan nie maklik wees nie
    <time id="T556E" value="01:22:56,903" />
  </s>
  <s id="524">
    <time id="T557S" value="01:22:58,647" />
Ek het toe nog banger geword en toe dink ek
    <time id="T558E" value="01:23:06,347" />
  </s>
  <s id="525">
    <time id="T559S" value="01:23:07,919" />
ek moet die tas dadelik terugkry
    <time id="T559E" value="01:23:11,577" />
  </s>
  <s id="526">
    <time id="T560S" value="01:23:11,871" />
En toe doen ek dit ek het die tas
    <time id="T561E" value="01:23:17,026" />
  </s>
  <s id="527">
    <time id="T562S" value="01:23:17,874" />
Nou waarom is jy dan nou hier?
    <time id="T562E" value="01:23:21,219" />
  </s>
  <s id="528">
    <time id="T563S" value="01:23:21,618" />
Jy kon mos maar net gaan bank het en ons gebel het en vertel het alles is reg
    <time id="T564E" value="01:23:29,576" />
  </s>
  <s id="529">
    <time id="T565S" value="01:23:30,503" />
Dit was mos maar net 'n oponthoud
    <time id="T565E" value="01:23:32,539" />
  </s>
  <s id="530">
    <time id="T566S" value="01:23:34,842" />
Daar's nog iets
    <time id="T566E" value="01:23:38,662" />
  </s>
  <s id="531">
    <time id="T567S" value="01:23:39,150" />
Wat is dit?
    <time id="T567E" value="01:23:40,941" />
  </s>
  <s id="532">
    <time id="T568S" value="01:23:45,866" />
Ek gaan die tas nie teruggee nie
    <time id="T568E" value="01:23:48,497" />
  </s>
  <s id="533">
    <time id="T569S" value="01:23:56,951" />
Gaan sluit onmiddelik Di Girolamo se rekening dra dit oor na iemand anders
    <time id="T570E" value="01:24:02,702" />
  </s>
  <s id="534">
    <time id="T571S" value="01:24:03,161" />
Het ons Di Girolamo daarvoor nodig?
    <time id="T571E" value="01:24:06,175" />
  </s>
  <s id="535">
    <time id="T572S" value="01:24:06,235" />
Gee my 'n foon, ek wil met die Switser praat
    <time id="T572E" value="01:24:11,177" />
  </s>
  <s id="536">
    <time id="T573S" value="01:24:11,237" />
Goed
    <time id="T573E" value="01:24:12,616" />
  </s>
  <s id="537">
    <time id="T574S" value="01:24:13,532" />
Goed
    <time id="T574E" value="01:24:15,016" />
  </s>
  <s id="538">
    <time id="T575S" value="01:24:18,554" />
Laat ons nou aangaan
    <time id="T575E" value="01:24:20,619" />
  </s>
  <s id="539">
    <time id="T576S" value="01:24:21,051" />
Waarom gaan jy nie die tas vir ons gee nie?
    <time id="T576E" value="01:24:23,896" />
  </s>
  <s id="540">
    <time id="T577S" value="01:24:26,994" />
Julle het my hele lewe van my gesteel, so, nou steel ek julle tas
    <time id="T578E" value="01:24:32,423" />
  </s>
  <s id="541">
    <time id="T579S" value="01:24:33,680" />
Ek sien maar sonder die tas is daar geen lewe vir jou nie
    <time id="T580E" value="01:24:38,936" />
  </s>
  <s id="542">
    <time id="T581S" value="01:24:41,852" />
Ek weet dit
    <time id="T581E" value="01:24:43,336" />
  </s>
  <s id="543">
    <time id="T582S" value="01:24:47,528" />
Jy sal ons vertel waar die tas is
    <time id="T582E" value="01:24:50,541" />
  </s>
  <s id="544">
    <time id="T583S" value="01:24:53,501" />
Nee, ek dink nie so nie
    <time id="T584E" value="01:24:59,336" />
  </s>
  <s id="545">
    <time id="T585S" value="01:25:00,276" />
Weet jy hoekom sal jy?
    <time id="T585E" value="01:25:01,986" />
  </s>
  <s id="546">
    <time id="T586S" value="01:25:05,120" />
Want jy's 'n goeie man, en ons is slimmer as jy
    <time id="T587E" value="01:25:12,696" />
  </s>
  <s id="547">
    <time id="T588S" value="01:25:14,213" />
Dis waar, ek was nooit baie intelligent nie
    <time id="T589E" value="01:25:19,101" />
  </s>
  <s id="548">
    <time id="T590S" value="01:25:33,410" />
Watter restaurant het jy vir vannaand bespreek?
    <time id="T590E" value="01:25:37,137" />
  </s>
  <s id="549">
    <time id="T591S" value="01:25:37,197" />
Restelli
    <time id="T591E" value="01:25:38,789" />
  </s>
  <s id="550">
    <time id="T592S" value="01:25:38,849" />
Goed!
    <time id="T592E" value="01:25:40,303" />
  </s>
  <s id="551">
    <time id="T593S" value="01:25:40,363" />
Hulle kos is goed
    <time id="T593E" value="01:25:42,066" />
  </s>
  <s id="552">
    <time id="T594S" value="01:26:04,196" />
Jy benodig passie, baie geduld,
    <time id="T595E" value="01:26:09,700" />
  </s>
  <s id="553">
    <time id="T596S" value="01:26:11,328" />
aarbeistroop en 'n knippie roekeloosheid
    <time id="T597E" value="01:26:17,302" />
  </s>
  <s id="554">
    <time id="T598S" value="01:26:18,907" />
Jy benodig 'n pond van jou eie vermoë,
    <time id="T599E" value="01:26:25,019" />
  </s>
  <s id="555">
    <time id="T600S" value="01:26:26,662" />
Latynse sensualiteit en 'n bietjie afstand
    <time id="T600E" value="01:26:32,544" />
  </s>
  <s id="556">
    <time id="T601S" value="01:26:33,794" />
Dis soos jy dit voorberei, lipstiffie en sjokolade, en om dit nie te eet nie, sou 'n skade wees!
    <time id="T602E" value="01:26:41,377" />
  </s>
  <s id="557">
    <time id="T603S" value="01:26:41,437" />
Dis soos jy dit gaarmaak, met net sagte hitte roer met baie gevoel
    <time id="T604E" value="01:26:49,182" />
  </s>
  <s id="558">
    <time id="T605S" value="01:27:04,847" />
Verdomp!
    <time id="T605E" value="01:27:06,660" />
  </s>
  <s id="559">
    <time id="T606S" value="01:27:40,804" />
Ek kom oor twee dae
    <time id="T606E" value="01:27:42,619" />
  </s>
  <s id="560">
    <time id="T607S" value="01:27:57,831" />
Jy weet, Nitto hou baie van jou
    <time id="T607E" value="01:28:00,001" />
  </s>
  <s id="561">
    <time id="T608S" value="01:28:00,061" />
Wat?
    <time id="T608E" value="01:28:01,486" />
  </s>
  <s id="562">
    <time id="T609S" value="01:28:02,318" />
Nitto hou van jou toe hy uitvind van die vermiste 100,000 dollar het hy gesê dis niks nie,
    <time id="T611E" value="01:28:10,899" />
  </s>
  <s id="563">
    <time id="T612S" value="01:28:11,947" />
en hy het jou selfs geglo oor die twee ouens wat die tas gevat het
    <time id="T613E" value="01:28:18,295" />
  </s>
  <s id="564">
    <time id="T614S" value="01:28:18,355" />
En hoe beloon jy hom?
    <time id="T614E" value="01:28:20,544" />
  </s>
  <s id="565">
    <time id="T615S" value="01:28:21,129" />
Met vyandigheid!
    <time id="T615E" value="01:28:23,269" />
  </s>
  <s id="566">
    <time id="T616S" value="01:28:23,329" />
Het hy my geglo?
    <time id="T616E" value="01:28:24,991" />
  </s>
  <s id="567">
    <time id="T617S" value="01:28:25,051" />
Natuurlik, anders sou Pippo nog geleef het
    <time id="T618E" value="01:28:33,943" />
  </s>
  <s id="568">
    <time id="T619S" value="01:28:38,513" />
Dis al 'n tydjie dat Pippo probeer het om onafhanklik te raak
    <time id="T620E" value="01:28:43,456" />
  </s>
  <s id="569">
    <time id="T621S" value="01:28:45,229" />
Nou is hy onafhanklik
    <time id="T621E" value="01:28:46,980" />
  </s>
  <s id="570">
    <time id="T622S" value="01:28:47,547" />
Maar Nitto kan nie voorgee als is reg as 9 miljoen wegraak nie Verstaan jy?
    <time id="T623E" value="01:28:54,857" />
  </s>
  <s id="571">
    <time id="T624S" value="01:28:57,205" />
Vertel ons waar daardie verdomde tas is, en jy kan 'n nuwe lewe begin
    <time id="T625E" value="01:29:03,185" />
  </s>
  <s id="572">
    <time id="T626S" value="01:31:25,222" />
Die hele kommittee was besorgd oor jou, en daardie eer moes jou laat praat het, maar nou...
    <time id="T627E" value="01:31:34,706" />
  </s>
  <s id="573">
    <time id="T628S" value="01:31:35,771" />
Hier is die reëls:
  </s>
  <s id="574">
Die kraan laat jou in die sement sak,
    <time id="T628E" value="01:31:39,776" />
  </s>
  <s id="575">
    <time id="T629S" value="01:31:40,021" />
As jy praat stop hy, so nie, stop hy nie
    <time id="T629E" value="01:31:45,177" />
  </s>
  <s id="576">
    <time id="T630S" value="01:34:43,905" />
Van een ding is ek seker:
  </s>
  <s id="577">
Ek weet dit
    <time id="T630E" value="01:34:47,234" />
  </s>
  <s id="578">
    <time id="T631S" value="01:34:49,581" />
Nou en dan, bo-op 'n elektriese paal in die sneeu en wind, stop Dino Giuffrè, en hy word treurig, en hy dink daaraan
    <time id="T634E" value="01:35:08,017" />
  </s>
  <s id="579">
    <time id="T635S" value="01:35:09,283" />
dat ek, Titta Di Girolamo... sy beste vriend is
    <time id="T636E" value="01:35:17,188" />
  </s>
  <meta>
    <conversion>
      <tokens>4076</tokens>
      <encoding>utf-8</encoding>
      <corrected_words>0</corrected_words>
      <truecased_words>16</truecased_words>
      <unknown_words>0</unknown_words>
      <sentences>579</sentences>
      <ignored_blocks>1</ignored_blocks>
    </conversion>
    <subtitle>
      <machine_translated>0</machine_translated>
      <date>2017-06-02</date>
      <language>Afrikaans</language>
      <confidence>1.0</confidence>
      <duration>01:35:17,188</duration>
      <blocks>636</blocks>
      <version>2</version>
      <rating>8.0</rating>
    </subtitle>
    <source>
      <duration>100</duration>
      <genre>Crime,Drama,Romance</genre>
      <country>Italy</country>
      <year>2004</year>
      <HD>0</HD>
      <cds>1/1</cds>
      <original>Italian</original>
    </source>
  </meta>
</document>
